#VRML V2.0 utf8
# generated by schgen part add
Shape{appearance Appearance{material Material{diffuseColor 0.7529411764705882 0.7529411764705882 0.7529411764705882 transparency 0.0}}geometry IndexedFaceSet{ccw TRUE solid FALSE coord Coordinate{point [-1.0748 0.7173 0.5531, -1.0748 0.6988 0.5433, -1.0748 0.7382 0.5879, -1.0748 -0.9469 0.1654, -1.0748 0.4823 0.1654, -1.0748 -0.2403 0.0551, -1.0748 0.6988 0.0551, -1.0748 -0.9733 0.0266, -1.0748 -0.9744 0.036, -1.0748 -0.9384 0.0, -1.0748 0.7382 1.0586, -1.0748 -0.3917 0.0, -1.0748 -0.9567 0.0045, -1.0748 -0.9645 0.0099, -1.0748 -0.9699 0.0177, -1.0748 0.7346 0.5714, -1.0748 0.7302 0.5641, -1.0748 0.7243 0.5579, -1.0748 -0.9731 0.1317, -1.0748 -0.9691 0.1412, -1.0748 -0.9629 0.1493, -1.0748 -0.9478 0.0011, -1.0748 -0.9744 0.1215, -1.0748 0.6694 1.117, -1.0748 0.6782 1.1137, -1.0748 0.7373 0.5795, -1.0748 0.4823 1.1181, -1.0748 0.66 1.1181, -1.0748 0.717 1.0935, -1.0748 0.7241 1.0888, -1.0748 0.7373 1.0671, -1.0748 0.73 1.0826, -1.0748 0.7345 1.0752, -0.9764 0.6594 0.0748, -0.9764 0.4626 0.0748, -0.9764 0.4626 0.0551, -0.9764 0.6988 0.0551, -0.9764 0.6988 0.5433, -0.9764 0.6594 1.1181, -0.9764 0.7173 0.5531, -0.9764 0.66 1.1181, -0.9764 0.6694 1.117, -0.9764 0.7382 0.5879, -0.9764 0.7373 0.5795, -0.9764 0.7243 0.5579, -0.9764 0.7346 0.5714, -0.9764 0.7302 0.5641, -0.9764 0.7382 1.0586, -0.9764 0.717 1.0935, -0.9764 0.7373 1.0671, -0.9764 0.6782 1.1137, -0.9764 0.7345 1.0752, -0.9764 0.73 1.0826, -0.9764 0.7241 1.0888, -0.9764 -0.9384 0.0, -0.9764 -0.3917 0.0, -0.9764 -0.2944 0.0354, -0.9764 -0.9744 0.0354, -0.9764 -0.9733 0.0266, -0.9764 -0.9699 0.0177, -0.9764 -0.9645 0.0099, -0.9764 -0.9567 0.0045, -0.9764 -0.9478 0.0011, -0.9764 -0.9629 0.1493, -0.9764 -0.8618 0.2504, -1.0748 -0.8618 0.2504, -0.9764 0.1476 0.9591, -0.9764 0.3864 0.9591, -1.0748 0.1476 0.9591, -1.0748 0.3864 0.9591, -1.0748 0.3864 1.0394, -0.9764 0.3864 1.0394, -1.0748 0.4651 1.1181, -0.9764 0.4651 1.1181, -0.6417 0.5913 1.1181, -0.6811 0.6594 1.1181, -0.6417 0.4626 1.1181, -0.9419 0.4626 1.1181, -1.1378 0.4626 1.1181, -1.0748 0.4626 1.1181, -1.1378 0.4823 1.1181, -0.9764 0.4626 1.1181, -0.9764 -0.2403 0.0551, -0.9764 -0.9744 0.1215, -0.9764 -0.9744 0.036, -0.9764 -0.9731 0.1317, -0.9764 -0.9691 0.1412]} coordIndex [0,1,2,-1,3,4,5,-1,5,4,6,-1,7,8,9,-1,2,1,10,-1,9,8,11,-1,12,13,14,-1,15,16,17,-1,18,19,5,-1,5,19,20,-1,5,20,3,-1,7,9,14,-1,14,9,21,-1,14,21,12,-1,11,8,5,-1,5,8,22,-1,5,22,18,-1,23,24,10,-1,0,2,17,-1,17,2,25,-1,17,25,15,-1,6,4,1,-1,1,4,26,-1,1,26,10,-1,10,26,27,-1,10,27,23,-1,24,28,10,-1,10,28,29,-1,10,29,30,-1,30,29,31,-1,30,31,32,-1,33,34,35,-1,35,36,33,-1,33,36,37,-1,33,37,38,-1,38,37,39,-1,38,39,40,-1,40,39,41,-1,42,39,43,-1,43,39,44,-1,43,44,45,-1,45,44,46,-1,42,47,48,-1,48,47,49,-1,42,48,39,-1,39,48,50,-1,39,50,41,-1,49,51,48,-1,48,51,52,-1,48,52,53,-1,54,55,56,-1,56,57,54,-1,54,57,58,-1,54,58,59,-1,60,61,59,-1,59,61,62,-1,59,62,54,-1,20,63,3,-1,3,63,64,-1,3,64,65,-1,66,67,68,-1,68,67,69,-1,70,69,71,-1,71,69,67,-1,72,70,73,-1,73,70,71,-1,38,40,27,-1,74,75,38,-1,76,74,77,-1,77,74,38,-1,77,38,26,-1,26,38,27,-1,78,79,80,-1,80,79,72,-1,80,72,26,-1,26,72,73,-1,26,73,77,-1,77,73,81,-1,50,48,24,-1,24,48,28,-1,47,42,10,-1,10,42,2,-1,39,37,0,-1,0,37,1,-1,6,1,36,-1,36,1,37,-1,82,5,35,-1,35,5,6,-1,35,6,36,-1,55,11,56,-1,56,11,5,-1,56,5,82,-1,9,11,54,-1,54,11,55,-1,22,8,83,-1,83,8,84,-1,27,40,41,-1,27,41,23,-1,23,41,50,-1,23,50,24,-1,28,48,53,-1,28,53,29,-1,29,53,52,-1,29,52,31,-1,31,52,51,-1,31,51,32,-1,32,51,49,-1,32,49,30,-1,30,49,47,-1,30,47,10,-1,2,42,43,-1,2,43,25,-1,25,43,45,-1,25,45,15,-1,15,45,46,-1,15,46,16,-1,16,46,44,-1,16,44,17,-1,17,44,39,-1,17,39,0,-1,22,83,85,-1,22,85,18,-1,18,85,86,-1,18,86,19,-1,19,86,63,-1,19,63,20,-1,9,54,62,-1,9,62,21,-1,21,62,61,-1,21,61,12,-1,12,61,60,-1,12,60,13,-1,84,8,57,-1,57,8,7,-1,57,7,58,-1,58,7,14,-1,58,14,59,-1,59,14,13,-1,59,13,60,-1]}}
Shape{appearance Appearance{material Material{diffuseColor 1.0 0.9764705882352941 0.9058823529411765 transparency 0.0}}geometry IndexedFaceSet{ccw TRUE solid FALSE coord Coordinate{point [-1.0748 -0.9744 0.1654, -1.0748 -0.9469 0.1654, -1.0748 -0.9744 1.189, -1.0748 -0.8618 0.2504, -1.0748 0.4651 1.1181, -1.0748 0.4626 1.1181, -1.0748 0.3864 1.0394, -1.0748 0.4626 1.189, -1.0748 0.3864 0.9591, -1.0748 0.1476 0.9591, -1.0748 0.1476 0.6219, -1.0748 0.1476 0.2936, -1.0748 0.1476 0.2504, -0.9764 -0.9744 1.189, -0.9764 0.4626 1.189, -0.9764 0.4626 1.1181, -0.9764 0.1476 0.9591, -0.9764 0.1476 0.9114, -0.9764 -0.935 0.9114, -0.9764 0.3864 1.0394, -0.9764 0.3864 0.9591, -0.9764 -0.9744 0.9508, -0.9764 0.4651 1.1181, -0.9764 0.1476 0.2936, -0.9764 0.1476 0.2504, -0.9764 -0.8618 0.2504, -0.9764 -0.935 0.6358, -0.9764 0.1476 0.6358, -0.9764 0.1476 0.6219, -0.9764 -0.9691 0.1412, -0.9764 -0.9941 0.1654, -0.9764 -0.9629 0.1493, -0.9764 -0.9744 0.1654, -0.9764 -0.9731 0.1317, -0.9764 -0.9744 0.1215, -0.9764 -0.9941 0.0354, -0.9764 -0.9744 0.036, -0.9764 -0.9744 0.0354, -0.9764 -0.9744 0.5965, -0.9764 0.4626 0.0551, -0.9764 0.4626 0.0354, -0.9764 -0.2403 0.0551, -0.9764 -0.2944 0.0354, 0.9724 -0.2403 0.0551, 0.9724 -0.2944 0.0354, 0.9724 0.4626 0.0551, 0.9724 0.4626 0.0354, 0.9724 0.3864 1.0394, 0.9724 0.4651 1.1181, 0.9724 0.4626 1.1181, 0.9724 0.1476 0.9591, 0.9724 0.3864 0.9591, 0.9724 0.4626 1.189, 0.9724 -0.9744 1.189, 0.9724 -0.9744 0.9508, 0.9724 0.1476 0.9114, 0.9724 -0.935 0.9114, 1.248 0.4626 1.0628, 1.248 0.4626 1.0703, 1.248 0.0389 1.0703, 1.248 -0.405 1.0551, 1.248 -0.3847 1.0018, 1.248 0.0389 1.0013, 1.248 -0.4842 0.1654, 1.248 -0.4342 0.1654, 1.248 -0.4342 0.9802, 1.248 -0.6322 1.0979, 1.248 -0.6331 1.1, 1.248 -0.6331 1.086, 1.248 -0.4592 1.0864, 1.248 -0.4646 1.101, 1.248 -0.4842 1.101, 1.248 -0.5755 1.0014, 1.248 -0.5761 1.0013, 1.248 -0.5635 1.0013, 1.248 -0.5179 1.0551, 1.248 -0.5011 1.0551, 1.248 -0.5011 1.0703, 1.248 -0.7339 1.0982, 1.248 -0.7236 1.0895, 1.248 -0.6876 1.1403, 1.248 -0.6876 1.086, 1.248 -0.7828 1.1449, 1.248 -0.7761 1.1403, 1.248 -0.7676 1.1344, 1.248 -0.7547 1.1194, 1.248 -0.7471 1.1044, 1.248 -0.7452 1.1038, 1.248 -0.8544 1.1456, 1.248 -0.8368 1.1521, 1.248 -0.9941 1.2362, 1.248 -0.6876 1.2362, 1.248 -0.8192 1.1541, 1.248 -0.8017 1.1521, 1.248 -0.9941 1.1403, 1.248 -0.9051 1.1215, 1.248 -0.8901 1.1234, 1.248 -0.9941 1.086, 1.248 -0.9462 1.086, 1.248 -0.9429 1.0935, 1.248 -0.9338 1.1052, 1.248 -0.8632 1.1403, 1.248 -0.8647 1.1393, 1.248 -0.8736 1.1317, 1.248 -0.8858 1.1232, 1.248 -0.8814 1.1226, 1.248 -0.9312 1.1076, 1.248 -0.9192 1.1161, 1.248 -0.9053 1.0023, 1.248 -0.9101 1.0038, 1.248 -0.9941 1.0013, 1.248 -0.9238 1.0104, 1.248 -0.9357 1.0205, 1.248 -0.9444 1.0329, 1.248 -0.9498 1.047, 1.248 -0.9941 1.0703, 1.248 -0.9516 1.0619, 1.248 -0.9515 1.0656, 1.248 -0.9507 1.0703, 1.248 -0.949 1.0798, 1.248 -0.8885 0.9816, 1.248 -0.8959 0.9872, 1.248 -0.9941 0.9802, 1.248 -0.9015 0.9942, 1.248 -0.9049 1.0013, 1.248 -0.6876 0.1654, 1.248 -0.6876 0.9802, 1.248 -0.8536 0.9802, 1.248 -0.9941 0.1654, 1.248 -0.8797 0.9779, 1.248 -0.885 0.9802, 1.248 -0.8601 0.9777, 1.248 -0.8693 0.9765, 1.248 -0.8707 0.9765, 1.248 -0.6876 1.0013, 1.248 -0.8337 1.0013, 1.248 -0.8338 1.0011, 1.248 -0.8382 0.9927, 1.248 -0.8441 0.9862, 1.248 -0.8516 0.9809, 1.248 -0.7112 1.0671, 1.248 -0.7095 1.0547, 1.248 -0.6876 1.0703, 1.248 -0.7853 1.0237, 1.248 -0.7826 1.0247, 1.248 -0.7782 1.0464, 1.248 -0.7235 1.0186, 1.248 -0.7339 1.0099, 1.248 -0.8408 1.0399, 1.248 -0.79 1.0665, 1.248 -0.8474 1.0459, 1.248 -0.8555 1.0503, 1.248 -0.7876 1.022, 1.248 -0.716 1.0291, 1.248 -0.7332 1.0577, 1.248 -0.735 1.0649, 1.248 -0.7379 1.0703, 1.248 -0.9268 1.0703, 1.248 -0.7112 1.0412, 1.248 -0.7797 1.0251, 1.248 -0.7793 1.0251, 1.248 -0.7782 1.0248, 1.248 -0.9245 1.0475, 1.248 -0.92 1.0398, 1.248 -0.9008 1.0359, 1.248 -0.9132 1.0328, 1.248 -0.9049 1.0278, 1.248 -0.8867 1.0485, 1.248 -0.8945 1.0431, 1.248 -0.9277 1.0627, 1.248 -0.9273 1.0568, 1.248 -0.8783 1.0517, 1.248 -0.8693 1.0528, 1.248 -0.8647 1.0525, 1.248 -0.7915 1.0133, 1.248 -0.7914 1.0148, 1.248 -0.8313 1.0183, 1.248 -0.7906 1.0177, 1.248 -0.7892 1.0203, 1.248 -0.7407 1.0342, 1.248 -0.7366 1.0402, 1.248 -0.7339 1.0469, 1.248 -0.733 1.0543, 1.248 -0.7826 1.0019, 1.248 -0.7851 1.0029, 1.248 -0.7876 1.0046, 1.248 -0.7885 1.0055, 1.248 -0.7901 1.0079, 1.248 -0.7911 1.0105, 1.248 -0.8315 1.0105, 1.248 -0.8313 1.0145, 1.248 -0.7454 1.0042, 1.248 -0.7581 1.0016, 1.248 -0.7805 1.0016, 1.248 -0.7774 1.0247, 1.248 -0.7604 1.0247, 1.248 -0.7535 1.026, 1.248 -0.7468 1.0291, 1.248 -0.7412 1.0337, 1.248 -0.7657 1.0839, 1.248 -0.9233 1.0803, 1.248 -0.9266 1.0719, 1.248 -0.7626 1.0839, 1.248 -0.7385 1.0715, 1.248 -0.7429 1.0764, 1.248 -0.7488 1.0805, 1.248 -0.7554 1.083, 1.248 -0.7738 1.1067, 1.248 -0.7824 1.117, 1.248 -0.8697 1.0949, 1.248 -0.7834 1.1178, 1.248 -0.794 1.1252, 1.248 -0.8639 1.1069, 1.248 -0.9194 1.086, 1.248 -0.8724 1.0964, 1.248 -0.7661 1.086, 1.248 -0.768 1.0945, 1.248 -0.8809 1.0995, 1.248 -0.8898 1.1006, 1.248 -0.8937 1.1004, 1.248 -0.8553 1.1171, 1.248 -0.8059 1.1298, 1.248 -0.8452 1.1245, 1.248 -0.8188 1.1314, 1.248 -0.8328 1.1296, 1.248 -0.9031 1.0982, 1.248 -0.9116 1.0937, 1.248 -0.9181 1.0879, 1.248 -0.7211 1.086, 1.248 -0.7159 1.0787, 1.248 -0.7125 1.0703, 1.248 -0.492 1.0319, 1.248 -0.492 1.0258, 1.248 -0.4842 1.0013, 1.248 -0.4842 1.0703, 1.248 -0.4905 1.0551, 1.248 -0.4905 1.049, 1.248 -0.5111 1.049, 1.248 -0.5111 1.0319, 1.248 -0.5011 1.049, 1.248 -0.5011 1.0319, 1.248 -0.5443 1.0112, 1.248 -0.5435 1.0081, 1.248 -0.5433 1.0081, 1.248 -0.5111 1.0258, 1.248 -0.5111 1.0078, 1.248 -0.5011 1.0258, 1.248 -0.5011 1.0078, 1.248 -0.4892 1.0078, 1.248 -0.4892 1.0018, 1.248 -0.5011 1.0013, 1.248 -0.5011 1.0018, 1.248 -0.5179 1.0018, 1.248 -0.5252 1.0399, 1.248 -0.551 1.0703, 1.248 -0.5321 1.0399, 1.248 -0.551 1.0306, 1.248 -0.5425 1.0112, 1.248 -0.543 1.0094, 1.248 -0.591 1.01, 1.248 -0.5978 1.0703, 1.248 -0.5978 1.0013, 1.248 -0.5884 1.0084, 1.248 -0.5879 1.0082, 1.248 -0.5879 1.0224, 1.248 -0.589 1.0236, 1.248 -0.5899 1.025, 1.248 -0.5906 1.027, 1.248 -0.5909 1.0296, 1.248 -0.5907 1.032, 1.248 -0.5879 1.0224, 1.248 -0.5846 1.0013, 1.248 -0.5868 1.0016, 1.248 -0.5879 1.0013, 1.248 -0.5879 1.002, 1.248 -0.591 1.0031, 1.248 -0.5671 1.0391, 1.248 -0.5671 1.0326, 1.248 -0.5866 1.0377, 1.248 -0.5846 1.0389, 1.248 -0.5879 1.0703, 1.248 -0.5655 1.0094, 1.248 -0.5664 1.0073, 1.248 -0.5676 1.0056, 1.248 -0.5899 1.0341, 1.248 -0.5886 1.0359, 1.248 -0.5879 1.0366, 1.248 -0.5809 1.0402, 1.248 -0.5761 1.0407, 1.248 -0.5635 1.0703, 1.248 -0.5715 1.0404, 1.248 -0.5675 1.0184, 1.248 -0.5662 1.0166, 1.248 -0.5655 1.0146, 1.248 -0.5652 1.0121, 1.248 -0.5695 1.0039, 1.248 -0.5717 1.0026, 1.248 -0.5767 1.0353, 1.248 -0.5787 1.0352, 1.248 -0.584 1.0302, 1.248 -0.5805 1.0347, 1.248 -0.582 1.0339, 1.248 -0.584 1.0293, 1.248 -0.5837 1.0283, 1.248 -0.5832 1.0274, 1.248 -0.5826 1.0266, 1.248 -0.5802 1.0252, 1.248 -0.5723 1.0348, 1.248 -0.5761 1.0234, 1.248 -0.5686 1.0334, 1.248 -0.5735 1.0223, 1.248 -0.5691 1.0198, 1.248 -0.583 1.033, 1.248 -0.5836 1.0322, 1.248 -0.5839 1.0313, 1.248 -0.5842 1.0068, 1.248 -0.5808 1.0185, 1.248 -0.5848 1.0203, 1.248 -0.58 1.0063, 1.248 -0.5797 1.0063, 1.248 -0.5764 1.0167, 1.248 -0.5763 1.0067, 1.248 -0.5721 1.0115, 1.248 -0.5722 1.0123, 1.248 -0.5745 1.0073, 1.248 -0.5739 1.0077, 1.248 -0.5732 1.0084, 1.248 -0.5726 1.0092, 1.248 -0.5722 1.0102, 1.248 -0.5725 1.0133, 1.248 -0.573 1.0142, 1.248 -0.5738 1.0151, 1.248 -0.4719 1.1398, 1.248 -0.4515 1.0864, 1.248 -0.4342 1.086, 1.248 -0.4842 1.086, 1.248 -0.4868 1.101, 1.248 -0.492 1.0864, 1.248 -0.5011 1.086, 1.248 -0.4996 1.0864, 1.248 -0.5011 1.1403, 1.248 -0.4842 1.1268, 1.248 -0.4842 1.1403, 1.248 -0.551 1.1403, 1.248 -0.5635 1.1403, 1.248 -0.5573 1.1398, 1.248 -0.5635 1.1398, 1.248 -0.5779 1.1105, 1.248 -0.5779 1.0925, 1.248 -0.5635 1.1105, 1.248 -0.5635 1.0925, 1.248 -0.5588 1.1105, 1.248 -0.5561 1.0925, 1.248 -0.5588 1.1166, 1.248 -0.5573 1.1337, 1.248 -0.5635 1.1166, 1.248 -0.5635 1.1337, 1.248 -0.5779 1.1166, 1.248 -0.5779 1.1337, 1.248 -0.5848 1.0864, 1.248 -0.5879 1.086, 1.248 -0.5635 1.086, 1.248 -0.551 1.086, 1.248 -0.5561 1.0864, 1.248 -0.5635 1.0864, 1.248 -0.5848 1.1398, 1.248 -0.5879 1.1403, 1.248 -0.6081 1.1345, 1.248 -0.6105 1.1344, 1.248 -0.5978 1.0942, 1.248 -0.6015 1.1337, 1.248 -0.5955 1.1313, 1.248 -0.5955 1.0952, 1.248 -0.5961 1.1316, 1.248 -0.5978 1.1323, 1.248 -0.6151 1.1334, 1.248 -0.6192 1.1314, 1.248 -0.6226 1.1286, 1.248 -0.623 1.1282, 1.248 -0.6256 1.1244, 1.248 -0.6273 1.1198, 1.248 -0.6282 1.1125, 1.248 -0.6281 1.1103, 1.248 -0.6007 1.0929, 1.248 -0.6068 1.0918, 1.248 -0.6093 1.0917, 1.248 -0.6272 1.105, 1.248 -0.6255 1.1007, 1.248 -0.623 1.0973, 1.248 -0.6215 1.0959, 1.248 -0.614 1.0922, 1.248 -0.618 1.0935, 1.248 -0.6024 1.1403, 1.248 -0.6011 1.1402, 1.248 -0.5978 1.1403, 1.248 -0.5978 1.1392, 1.248 -0.5955 1.1385, 1.248 -0.6081 1.1407, 1.248 -0.5978 1.2362, 1.248 -0.6118 1.1403, 1.248 -0.6331 1.2362, 1.248 -0.6331 1.1403, 1.248 -0.6316 1.1278, 1.248 -0.6277 1.1329, 1.248 -0.6264 1.1341, 1.248 -0.6214 1.1376, 1.248 -0.6158 1.1398, 1.248 -0.6363 1.1403, 1.248 -0.6341 1.1219, 1.248 -0.6331 1.1244, 1.248 -0.6344 1.1035, 1.248 -0.6363 1.086, 1.248 -0.6354 1.1121, 1.248 -0.6354 1.1149, 1.248 -0.62 1.0871, 1.248 -0.6249 1.0897, 1.248 -0.6286 1.0928, 1.248 -0.6291 1.0933, 1.248 -0.6152 1.086, 1.248 -0.6331 1.0703, 1.248 -0.6144 1.0858, 1.248 -0.6103 1.0855, 1.248 -0.6055 1.086, 1.248 -0.5955 1.0886, 1.248 -0.5964 1.0882, 1.248 -0.5978 1.086, 1.248 -0.5978 1.0877, 1.248 -0.6021 1.0863, 1.248 -0.6279 1.02, 1.248 -0.6269 1.0307, 1.248 -0.6293 1.0181, 1.248 -0.6302 1.0157, 1.248 -0.6331 1.0013, 1.248 -0.6295 1.0067, 1.248 -0.6303 1.0089, 1.248 -0.6098 1.0404, 1.248 -0.607 1.0395, 1.248 -0.6259 1.0217, 1.248 -0.623 1.0232, 1.248 -0.6229 1.0333, 1.248 -0.618 1.0244, 1.248 -0.6122 1.0351, 1.248 -0.6144 1.0353, 1.248 -0.6187 1.0348, 1.248 -0.6251 1.0023, 1.248 -0.6274 1.0039, 1.248 -0.6281 1.0046, 1.248 -0.6047 1.0383, 1.248 -0.603 1.0365, 1.248 -0.6016 1.0344, 1.248 -0.6067 1.0076, 1.248 -0.6069 1.0076, 1.248 -0.6067 1.0018, 1.248 -0.608 1.006, 1.248 -0.6101 1.0038, 1.248 -0.6269 1.0372, 1.248 -0.6255 1.038, 1.248 -0.6206 1.0399, 1.248 -0.6138 1.0407, 1.248 -0.6307 1.012, 1.248 -0.6306 1.0129, 1.248 -0.6067 1.026, 1.248 -0.607 1.0289, 1.248 -0.6076 1.0313, 1.248 -0.6084 1.0327, 1.248 -0.6005 1.0313, 1.248 -0.6 1.0263, 1.248 -0.6 1.0018, 1.248 -0.6094 1.0338, 1.248 -0.6106 1.0345, 1.248 -0.6149 1.0013, 1.248 -0.6151 1.0012, 1.248 -0.5978 0.9802, 1.248 -0.6331 0.9802, 1.248 -0.6186 1.0009, 1.248 -0.6225 1.0013, 1.248 -0.6226 1.0013, 1.248 -0.551 1.0013, 1.248 -0.551 1.0126, 1.248 -0.5617 1.0399, 1.248 -0.5543 1.0399, 1.248 -0.5468 1.0018, 1.248 -0.547 1.0013, 1.248 -0.5497 0.9949, 1.248 -0.5635 0.9802, 1.248 -0.5604 0.9843, 1.248 -0.5604 0.9903, 1.248 -0.5523 0.9911, 1.248 -0.551 0.9925, 1.248 -0.551 0.9925, 1.248 -0.5806 1.0009, 1.248 -0.5879 0.9802, 1.248 -0.559 0.9898, 1.248 -0.5566 0.9895, 1.248 -0.551 0.985, 1.248 -0.5534 0.9841, 1.248 -0.551 0.9802, 1.248 -0.5561 0.9838, 1.248 -0.5575 0.9838, 1.248 -0.5549 0.9897, 1.248 -0.5535 0.9903, 1.248 -0.5425 0.996, 1.248 -0.5455 0.9901, 1.248 -0.5011 0.9802, 1.248 -0.5404 1.0013, 1.248 -0.5479 0.9872, 1.248 -0.5484 0.9867, 1.248 -0.5507 0.9851, 1.248 -0.4842 0.9802, 1.248 -0.5011 0.1654, 1.248 -0.551 0.1654, 1.248 -0.5635 0.1654, 1.248 -0.5879 0.1654, 1.248 -0.5978 0.1654, 1.248 -0.6331 0.1654, 1.248 0.0389 0.1654, 1.248 0.0389 0.9802, 1.248 0.4626 0.1654, 1.248 0.4626 0.1654, 1.248 -0.6124 1.0022, 1.248 0.4626 0.9802, 1.248 0.4626 1.0013, 1.248 -0.6658 1.0551, 1.248 -0.6658 1.0018, 1.248 -0.6363 1.0013, 1.248 -0.6363 0.9802, 1.248 -0.6363 0.1654, 1.248 -0.6383 1.0551, 1.248 -0.6363 1.0703, 1.248 -0.6383 1.049, 1.248 -0.6589 1.0258, 1.248 -0.6589 1.0078, 1.248 -0.6398 1.0258, 1.248 -0.6371 1.0078, 1.248 -0.6398 1.0319, 1.248 -0.6589 1.049, 1.248 -0.6589 1.0319, 1.248 -0.6371 1.0018, 1.248 -0.4342 1.0013, 1.248 -0.4645 1.0018, 1.248 -0.4792 1.0018, 1.248 -0.4371 1.0195, 1.248 -0.4398 1.0139, 1.248 -0.4437 1.0092, 1.248 -0.4493 1.0052, 1.248 -0.4554 1.0028, 1.248 -0.4792 1.0551, 1.248 -0.4639 1.0551, 1.248 -0.4342 1.0703, 1.248 -0.4558 1.0542, 1.248 -0.4493 1.0519, 1.248 -0.4437 1.0481, 1.248 -0.4418 1.0462, 1.248 -0.4385 1.0415, 1.248 -0.4366 1.0365, 1.248 -0.4357 1.0291, 1.248 -0.4359 1.0257, 1.248 -0.3978 1.0164, 1.248 -0.42 1.0164, 1.248 -0.3923 1.0018, 1.248 -0.4251 1.0018, 1.248 -0.4327 1.0018, 1.248 -0.4124 1.0551, 1.248 0.4626 1.086, 1.248 0.0389 1.086, 1.248 -0.6589 1.1398, 1.248 -0.6589 1.0925, 1.248 -0.6376 1.0925, 1.248 -0.6658 1.0864, 1.248 -0.6658 1.1398, 1.248 -0.6376 1.0864, 1.248 -0.504 1.1042, 1.248 -0.5066 1.0986, 1.248 -0.5106 1.0939, 1.248 -0.5162 1.0899, 1.248 -0.5308 1.1398, 1.248 -0.5226 1.1389, 1.248 -0.5162 1.1366, 1.248 -0.5223 1.0875, 1.248 -0.5313 1.0864, 1.248 -0.546 1.0864, 1.248 -0.546 1.1398, 1.248 -0.5106 1.1327, 1.248 -0.5087 1.1309, 1.248 -0.5054 1.1262, 1.248 -0.5034 1.1211, 1.248 -0.5025 1.1138, 1.248 -0.5027 1.1104, 1.248 0.4626 1.1403, 1.248 0.0389 1.1403, 1.248 -0.4342 1.1403, 1.248 -0.4792 1.1398, 1.248 -0.6363 1.2362, 1.248 0.4626 1.2362, 1.248 0.0389 1.2362, 1.248 -0.4342 1.2362, 1.248 -0.4842 1.2362, 1.248 -0.5011 1.2362, 1.248 -0.551 1.2362, 1.248 -0.5635 1.2362, 1.248 -0.5879 1.2362, -1.252 0.4626 0.1654, -1.252 -0.9941 0.1654, -1.252 0.4626 0.1654, -1.252 -0.9941 1.2362, -1.252 0.4626 1.0628, -1.252 0.4626 1.2362, -1.1378 0.4823 0.1654, -1.0748 0.4823 0.1654, -1.1378 0.4626 0.1654, -0.9075 -0.935 0.9114, -0.9075 0.1476 0.9114, -0.9075 -0.935 1.0295, -0.9075 0.1476 1.0295, 0.9035 0.1476 0.2421, 0.9035 -0.935 0.2421, 0.9035 0.1476 0.2936, 0.9035 -0.935 0.6358, 0.9035 0.1476 0.6219, 0.9035 0.1476 0.6358, 0.9724 -0.9941 0.1654, 0.9724 -0.9744 0.1654, 1.0709 -0.9744 0.1654, 1.0709 -0.9469 0.1654, 1.0709 0.4823 0.1654, 1.1339 0.4626 0.1654, 1.1339 0.4823 0.1654, 1.0709 0.4823 1.1181, 1.1339 0.4823 1.1181, 0.1063 0.6594 1.1181, 0.1063 0.6594 0.0748, -0.1102 0.6594 1.1181, -0.1102 0.6594 0.0748, 0.5 0.6594 1.1181, 0.5 0.6594 0.0748, 0.2835 0.6594 1.1181, 0.2835 0.6594 0.0748, 0.9724 0.6594 1.1181, 0.9724 0.6594 0.0748, 0.6772 0.6594 1.1181, 0.6772 0.6594 0.0748, -0.1496 0.5913 0.0748, 0.1457 0.5913 0.0748, -0.1496 0.4626 0.0748, 0.1457 0.4626 0.0748, 0.2441 0.5913 0.0748, 0.5394 0.5913 0.0748, 0.2441 0.4626 0.0748, 0.5394 0.4626 0.0748, 0.6378 0.5913 0.0748, 0.9724 0.4626 0.0748, 0.6378 0.4626 0.0748, -0.2874 0.6594 1.1181, -0.2874 0.6594 0.0748, -0.5039 0.6594 1.1181, -0.5039 0.6594 0.0748, -0.5433 0.5913 0.0748, -0.248 0.5913 0.0748, -0.5433 0.4626 0.0748, -0.248 0.4626 0.0748, -0.9419 0.4626 0.0354, -0.5482 0.4626 0.0354, -0.2431 0.4626 0.0354, -0.1545 0.4626 0.0354, 0.9724 -0.9941 0.0354, 0.1506 0.4626 0.0354, 0.5443 0.4626 0.0354, 0.2392 0.4626 0.0354, 0.9724 -0.9744 0.0354, -0.6811 0.6594 1.1181, -0.6811 0.6594 0.0748, -0.9764 0.6594 1.1181, -0.9764 0.6594 0.0748, -0.9419 0.4626 1.2362, 0.5443 0.4626 1.2362, 0.2392 0.4626 1.2362, 0.1506 0.4626 1.2362, -0.1545 0.4626 1.2362, -0.2431 0.4626 1.2362, -0.5482 0.4626 1.2362, -0.9665 -0.9941 0.1831, -0.9665 -0.9941 0.5768, -1.0846 -0.9941 0.5768, -1.0846 -0.9941 0.9705, 0.9626 -0.9941 0.1831, 0.9626 -0.9941 1.0886, 0.9626 -0.9941 0.9705, 1.0807 -0.9941 0.9705, 1.0807 -0.9941 0.5768, 0.9626 -0.9941 0.5768, -0.9665 -0.9941 0.9705, -0.9665 -0.9941 1.0886, -1.1378 0.4823 1.1181, -1.0748 0.4823 1.1181, 0.9724 0.1476 0.6219, 0.9724 0.1476 0.6358, 0.9724 -0.935 0.6358, 0.9724 -0.8618 0.2504, 0.9724 0.1476 0.2504, 0.9724 0.1476 0.2936, 0.9724 -0.9744 0.1215, 0.9724 -0.9731 0.1317, 0.9724 -0.9691 0.1412, 0.9724 -0.9629 0.1493, 0.9724 -0.9744 0.5965, 0.9724 -0.9744 0.036, -0.9419 0.4626 0.0748, -0.9764 0.4626 0.0748, -0.6417 0.5913 0.0748, -0.6417 0.4626 0.0748, -0.2431 0.4626 0.1654, 0.1506 0.4626 0.1654, -0.248 0.4626 0.1654, -0.248 0.4626 1.0628, 1.1339 0.4626 0.1654, 0.6378 0.4626 1.1181, 0.6378 0.4626 1.0628, 0.5443 0.4626 1.0628, -0.5482 0.4626 0.1654, -0.6417 0.4626 0.1654, 0.5443 0.4626 0.1654, 0.6378 0.4626 0.1654, 0.5492 0.4626 1.0075, 0.5492 0.4626 0.2559, 1.1339 0.4626 1.1181, 1.0709 0.4626 1.1181, 1.1339 0.4626 1.0628, 1.0709 0.4626 1.189, -1.1378 0.4626 0.1654, -0.9419 0.4626 1.1181, -1.1378 0.4626 1.1181, -1.1378 0.4626 1.0628, -0.6417 0.4626 1.1181, -0.6417 0.4626 1.0628, -0.6319 0.4626 1.0075, -0.6319 0.4626 0.2559, -0.5531 0.4626 1.0075, -0.5482 0.4626 1.0628, -0.5531 0.4626 0.2559, 0.5394 0.4626 1.1181, 0.628 0.4626 1.0075, 0.628 0.4626 0.2559, 0.5394 0.4626 1.0628, 0.2441 0.4626 1.1181, 0.2441 0.4626 1.0628, 0.2392 0.4626 1.0628, 0.2441 0.4626 0.1654, 0.2392 0.4626 0.1654, 0.1457 0.4626 1.1181, -0.1496 0.4626 1.1181, -0.1496 0.4626 1.0628, -0.1545 0.4626 1.0628, -0.1496 0.4626 0.1654, -0.1545 0.4626 0.1654, -0.248 0.4626 1.1181, -0.5433 0.4626 1.1181, -0.5433 0.4626 1.0628, -0.5433 0.4626 0.1654, 0.5394 0.4626 0.1654, 0.1457 0.4626 0.1654, 0.1457 0.4626 1.0628, 0.1506 0.4626 1.0628, 0.1555 0.4626 0.2559, 0.2343 0.4626 0.2559, 0.2343 0.4626 1.0075, 0.1555 0.4626 1.0075, -0.2431 0.4626 1.0628, -0.2382 0.4626 0.2559, -0.1594 0.4626 0.2559, -0.1594 0.4626 1.0075, -0.2382 0.4626 1.0075, -0.5433 0.5913 1.1181, -0.6417 0.5913 1.1181, 0.6378 0.5913 1.1181, 0.5394 0.5913 1.1181, 0.2441 0.5913 1.1181, 0.1457 0.5913 1.1181, -0.1496 0.5913 1.1181, -0.248 0.5913 1.1181, -1.065 -0.9744 0.5965, -1.065 -0.9744 0.9508, 1.061 -0.9744 0.9508, 1.0709 -0.9744 1.189, 1.061 -0.9744 0.5965, 1.0709 0.1476 0.2936, 1.0709 0.1476 0.2504, 1.0709 -0.8618 0.2504, 1.0709 0.4651 1.1181, 1.0709 0.3864 1.0394, 1.0709 0.1476 0.6219, 1.0709 0.1476 0.9591, 1.0709 0.3864 0.9591, -0.9075 0.1476 0.6219, -0.9075 0.1476 0.6358, -0.9075 -0.935 0.6358, -0.9075 0.1476 0.2936, -0.9075 -0.935 0.2421, -0.9075 0.1476 0.2421, 0.8002 0.1476 1.0295, 0.9035 0.1476 1.0295, 0.9035 -0.935 1.0295, -0.3957 0.1476 1.0295, -0.002 0.1476 1.0295, 0.3917 0.1476 1.0295, 0.9035 -0.935 0.9114, 0.9035 0.1476 0.9114, -0.3957 0.1476 0.2421, 0.8002 0.1476 0.2421, 0.3917 0.1476 0.2421, -0.002 0.1476 0.2421, 0.8494 0.1476 1.0295, 0.8494 0.1476 0.6219, 0.8494 0.1476 0.2936, -0.3957 0.1476 0.2936, -0.5531 0.1476 0.345, -0.6319 0.1476 0.345, -0.5531 0.1476 0.5235, -0.3957 0.1476 0.6219, -0.6319 0.1476 0.5235, -0.6319 0.1476 0.8778, -0.6319 0.1476 0.7203, -0.5531 0.1476 0.7203, -0.5531 0.1476 0.8778, 0.8494 0.1476 0.2421, 0.3917 0.1476 0.2936, -0.002 0.1476 0.2936, -0.1594 0.1476 0.5235, -0.002 0.1476 0.6219, -0.2382 0.1476 0.5235, -0.2382 0.1476 0.345, -0.1594 0.1476 0.345, 0.2343 0.1476 0.5235, 0.3917 0.1476 0.6219, 0.1555 0.1476 0.5235, 0.1555 0.1476 0.345, 0.2343 0.1476 0.345, 0.628 0.1476 0.5235, 0.5492 0.1476 0.5235, 0.5492 0.1476 0.345, 0.628 0.1476 0.345, -0.1594 0.1476 0.8778, -0.2382 0.1476 0.8778, -0.2382 0.1476 0.7203, -0.1594 0.1476 0.7203, 0.2343 0.1476 0.8778, 0.1555 0.1476 0.8778, 0.1555 0.1476 0.7203, 0.2343 0.1476 0.7203, 0.628 0.1476 0.8778, 0.5492 0.1476 0.8778, 0.5492 0.1476 0.7203, 0.628 0.1476 0.7203]} coordIndex [0,1,2,-1,2,1,3,-1,4,5,6,-1,6,5,7,-1,6,7,2,-1,8,6,9,-1,9,6,2,-1,9,2,10,-1,10,2,3,-1,10,3,11,-1,11,3,12,-1,13,14,15,-1,16,17,18,-1,19,20,16,-1,18,21,16,-1,16,21,13,-1,16,13,19,-1,19,13,15,-1,19,15,22,-1,23,24,25,-1,26,27,28,-1,29,30,31,-1,31,30,32,-1,31,32,25,-1,29,33,30,-1,30,33,34,-1,30,34,35,-1,35,34,36,-1,35,36,37,-1,28,23,26,-1,26,23,25,-1,26,25,38,-1,38,25,32,-1,39,40,41,-1,41,40,42,-1,43,44,45,-1,45,44,46,-1,47,48,49,-1,50,51,47,-1,49,52,47,-1,47,52,53,-1,47,53,50,-1,50,53,54,-1,50,54,55,-1,55,54,56,-1,57,58,59,-1,60,61,62,-1,63,64,65,-1,66,67,68,-1,69,70,71,-1,72,73,74,-1,75,76,77,-1,78,79,80,-1,80,79,81,-1,82,83,80,-1,80,83,84,-1,80,84,85,-1,85,86,80,-1,80,86,87,-1,80,87,78,-1,88,89,90,-1,90,89,91,-1,91,89,92,-1,91,92,93,-1,94,95,96,-1,97,98,94,-1,94,98,99,-1,94,99,100,-1,88,90,101,-1,101,90,94,-1,101,94,102,-1,102,94,96,-1,102,96,103,-1,103,96,104,-1,103,104,105,-1,100,106,94,-1,94,106,107,-1,94,107,95,-1,108,109,110,-1,110,109,111,-1,110,111,112,-1,112,113,110,-1,110,113,114,-1,110,114,115,-1,115,114,116,-1,116,117,115,-1,115,117,118,-1,115,118,97,-1,97,118,119,-1,97,119,98,-1,120,121,122,-1,122,121,123,-1,122,123,110,-1,110,123,124,-1,110,124,108,-1,125,126,127,-1,128,129,122,-1,122,129,130,-1,122,130,120,-1,127,131,125,-1,125,131,132,-1,125,132,128,-1,128,132,133,-1,128,133,129,-1,134,135,126,-1,126,135,136,-1,126,136,137,-1,137,138,126,-1,126,138,139,-1,126,139,127,-1,140,141,142,-1,143,144,145,-1,146,147,134,-1,148,149,150,-1,150,149,151,-1,143,145,152,-1,146,134,153,-1,154,155,149,-1,149,155,156,-1,149,156,157,-1,142,141,134,-1,134,141,158,-1,134,158,153,-1,144,159,145,-1,145,159,160,-1,145,160,161,-1,162,163,164,-1,164,163,165,-1,164,165,166,-1,167,157,168,-1,168,157,169,-1,168,169,164,-1,164,169,170,-1,164,170,162,-1,167,171,157,-1,157,171,172,-1,157,172,149,-1,149,172,173,-1,149,173,151,-1,174,175,176,-1,176,175,177,-1,176,177,145,-1,145,177,178,-1,145,178,152,-1,179,180,145,-1,145,180,181,-1,145,181,149,-1,149,181,182,-1,149,182,154,-1,183,184,135,-1,135,184,185,-1,135,185,186,-1,186,187,135,-1,135,187,188,-1,135,188,189,-1,189,188,174,-1,189,174,190,-1,190,174,176,-1,147,191,134,-1,134,191,192,-1,134,192,135,-1,135,192,193,-1,135,193,183,-1,161,194,145,-1,145,194,195,-1,145,195,196,-1,196,197,145,-1,145,197,198,-1,145,198,179,-1,199,200,201,-1,201,157,199,-1,199,157,156,-1,199,156,202,-1,202,156,203,-1,203,204,202,-1,202,204,205,-1,202,205,206,-1,207,208,209,-1,208,210,209,-1,209,210,211,-1,209,211,212,-1,213,209,214,-1,200,199,213,-1,213,199,215,-1,213,215,209,-1,209,215,216,-1,209,216,207,-1,214,217,213,-1,213,217,218,-1,213,218,219,-1,212,211,220,-1,220,211,221,-1,220,221,222,-1,222,221,223,-1,222,223,224,-1,225,226,219,-1,219,226,227,-1,219,227,213,-1,79,228,81,-1,81,228,229,-1,81,229,142,-1,142,229,230,-1,142,230,140,-1,231,232,233,-1,77,76,234,-1,234,76,235,-1,234,235,236,-1,237,238,239,-1,239,238,240,-1,239,240,236,-1,241,242,243,-1,244,245,246,-1,246,245,247,-1,246,247,232,-1,232,247,248,-1,232,248,233,-1,233,248,249,-1,233,249,250,-1,250,249,251,-1,250,251,252,-1,253,254,255,-1,255,254,256,-1,255,256,257,-1,257,256,241,-1,257,241,258,-1,258,241,243,-1,259,260,261,-1,262,263,264,-1,265,266,259,-1,266,267,259,-1,259,267,268,-1,259,268,260,-1,260,268,269,-1,262,264,259,-1,259,264,270,-1,259,270,265,-1,271,272,273,-1,273,272,274,-1,273,274,261,-1,261,274,275,-1,261,275,259,-1,276,277,74,-1,278,279,280,-1,281,282,74,-1,74,282,283,-1,269,284,260,-1,260,284,285,-1,260,285,280,-1,280,285,286,-1,280,286,278,-1,279,287,280,-1,280,287,288,-1,280,288,289,-1,289,288,290,-1,289,290,276,-1,291,292,277,-1,277,292,293,-1,277,293,74,-1,74,293,294,-1,74,294,281,-1,283,295,74,-1,74,295,296,-1,74,296,72,-1,297,298,299,-1,299,298,300,-1,299,300,301,-1,299,302,297,-1,297,302,303,-1,297,303,304,-1,304,305,297,-1,297,305,306,-1,297,306,307,-1,307,306,308,-1,307,308,309,-1,309,308,310,-1,309,310,277,-1,277,310,311,-1,277,311,291,-1,312,313,301,-1,301,313,314,-1,301,314,299,-1,315,316,263,-1,263,316,317,-1,263,317,264,-1,315,318,316,-1,316,318,319,-1,316,319,320,-1,320,319,321,-1,320,322,323,-1,321,324,320,-1,320,324,325,-1,320,325,326,-1,326,327,320,-1,320,327,328,-1,320,328,322,-1,323,329,320,-1,320,329,330,-1,320,330,331,-1,332,333,334,-1,334,333,69,-1,334,69,335,-1,335,69,71,-1,71,336,335,-1,335,336,337,-1,335,337,338,-1,338,337,339,-1,338,339,340,-1,340,339,341,-1,340,341,342,-1,343,344,345,-1,345,344,346,-1,347,348,349,-1,349,348,350,-1,349,350,351,-1,351,350,352,-1,351,352,353,-1,353,352,354,-1,353,354,355,-1,355,354,356,-1,355,356,357,-1,357,356,358,-1,359,360,361,-1,345,354,343,-1,343,354,352,-1,343,352,362,-1,362,352,363,-1,362,363,361,-1,361,363,364,-1,361,364,359,-1,346,344,365,-1,365,344,366,-1,365,366,359,-1,367,368,369,-1,367,369,370,-1,359,366,360,-1,360,366,371,-1,360,371,372,-1,372,371,373,-1,372,373,369,-1,369,373,374,-1,369,374,370,-1,368,375,369,-1,369,375,376,-1,369,376,377,-1,377,378,369,-1,369,378,379,-1,369,379,380,-1,380,381,369,-1,369,381,382,-1,369,382,383,-1,383,382,384,-1,384,382,385,-1,385,382,386,-1,385,386,387,-1,387,388,385,-1,385,388,389,-1,385,389,390,-1,390,389,391,-1,392,393,394,-1,394,393,395,-1,394,395,366,-1,366,395,396,-1,366,396,371,-1,397,398,399,-1,399,398,400,-1,401,402,403,-1,403,404,401,-1,401,404,405,-1,401,405,406,-1,407,408,401,-1,401,408,409,-1,401,409,402,-1,67,410,411,-1,411,410,412,-1,411,412,407,-1,407,412,413,-1,407,413,408,-1,68,414,415,-1,415,416,68,-1,68,416,417,-1,68,417,66,-1,414,68,418,-1,418,68,419,-1,418,419,420,-1,420,419,421,-1,421,419,260,-1,421,260,422,-1,372,423,360,-1,360,423,424,-1,360,424,425,-1,425,424,426,-1,425,426,427,-1,428,429,430,-1,430,429,431,-1,432,433,434,-1,435,436,260,-1,428,437,429,-1,429,437,438,-1,429,438,439,-1,439,438,440,-1,441,442,440,-1,440,442,443,-1,440,443,439,-1,444,445,432,-1,432,445,446,-1,432,446,433,-1,436,447,260,-1,260,447,448,-1,260,448,449,-1,450,451,452,-1,452,451,453,-1,452,453,454,-1,455,456,419,-1,419,456,457,-1,419,457,260,-1,260,457,458,-1,260,458,435,-1,434,459,432,-1,432,459,460,-1,432,460,419,-1,419,460,431,-1,419,431,455,-1,455,431,429,-1,461,462,440,-1,440,462,463,-1,440,463,464,-1,449,465,260,-1,260,465,466,-1,260,466,261,-1,261,466,467,-1,261,467,452,-1,464,468,440,-1,440,468,469,-1,440,469,441,-1,470,471,472,-1,472,471,473,-1,471,474,473,-1,473,474,475,-1,473,475,432,-1,432,475,476,-1,432,476,444,-1,477,478,74,-1,74,478,479,-1,276,74,289,-1,289,74,479,-1,289,479,254,-1,254,479,480,-1,254,480,256,-1,481,478,482,-1,482,478,477,-1,482,477,483,-1,484,485,486,-1,487,488,477,-1,477,488,489,-1,477,489,483,-1,490,491,73,-1,73,491,484,-1,73,484,74,-1,74,484,486,-1,74,486,477,-1,477,486,492,-1,477,492,493,-1,494,495,496,-1,496,495,497,-1,496,497,484,-1,484,497,498,-1,484,498,485,-1,493,499,477,-1,477,499,500,-1,477,500,487,-1,501,502,503,-1,501,503,504,-1,502,505,503,-1,503,505,506,-1,503,506,496,-1,496,506,507,-1,496,507,494,-1,63,508,509,-1,509,508,503,-1,509,503,510,-1,510,503,496,-1,510,496,511,-1,511,496,484,-1,511,484,512,-1,512,484,491,-1,512,491,513,-1,513,491,472,-1,513,472,514,-1,514,472,473,-1,64,515,516,-1,516,515,517,-1,516,517,518,-1,490,271,491,-1,491,271,273,-1,491,273,472,-1,472,273,261,-1,472,261,470,-1,470,261,452,-1,470,452,519,-1,519,452,454,-1,508,233,503,-1,503,233,250,-1,503,250,504,-1,504,250,252,-1,504,252,253,-1,253,252,75,-1,253,75,254,-1,254,75,77,-1,518,520,516,-1,516,520,521,-1,516,521,62,-1,522,142,523,-1,523,142,134,-1,523,134,524,-1,524,134,126,-1,524,126,525,-1,525,126,125,-1,525,125,526,-1,522,527,528,-1,528,527,529,-1,530,531,532,-1,532,531,533,-1,532,533,534,-1,535,536,529,-1,529,536,534,-1,529,534,528,-1,528,534,533,-1,528,533,524,-1,524,533,537,-1,524,537,523,-1,63,65,508,-1,508,65,538,-1,508,538,233,-1,233,538,539,-1,233,539,540,-1,240,231,236,-1,236,231,233,-1,236,233,234,-1,234,233,540,-1,541,542,538,-1,538,542,543,-1,543,544,538,-1,538,544,545,-1,538,545,539,-1,540,546,234,-1,234,546,547,-1,234,547,548,-1,548,547,549,-1,548,549,550,-1,550,551,548,-1,548,551,552,-1,548,552,553,-1,553,554,548,-1,548,554,555,-1,548,555,538,-1,538,555,556,-1,538,556,541,-1,557,558,559,-1,559,558,560,-1,559,560,538,-1,538,560,561,-1,538,561,548,-1,64,516,65,-1,65,516,62,-1,65,62,538,-1,538,62,61,-1,538,61,559,-1,521,57,62,-1,62,57,59,-1,62,59,60,-1,60,59,548,-1,60,548,562,-1,562,548,561,-1,67,411,68,-1,68,411,528,-1,68,528,419,-1,419,528,524,-1,419,524,432,-1,432,524,525,-1,432,525,473,-1,473,525,526,-1,473,526,514,-1,58,563,59,-1,59,563,564,-1,59,564,548,-1,548,564,334,-1,548,334,234,-1,234,334,335,-1,234,335,77,-1,77,335,338,-1,77,338,254,-1,254,338,362,-1,254,362,289,-1,289,362,361,-1,289,361,280,-1,280,361,360,-1,280,360,260,-1,260,360,425,-1,260,425,422,-1,422,425,427,-1,565,566,567,-1,522,528,142,-1,142,528,411,-1,142,411,81,-1,81,411,568,-1,81,568,80,-1,568,569,80,-1,80,569,565,-1,80,565,407,-1,407,565,567,-1,407,567,411,-1,411,567,570,-1,411,570,568,-1,571,572,338,-1,338,572,573,-1,338,573,574,-1,343,575,340,-1,340,575,576,-1,340,576,577,-1,574,578,338,-1,338,578,579,-1,338,579,362,-1,362,579,580,-1,362,580,343,-1,343,580,581,-1,343,581,575,-1,577,582,340,-1,340,582,583,-1,340,583,584,-1,584,585,340,-1,340,585,586,-1,340,586,338,-1,338,586,587,-1,338,587,571,-1,563,588,564,-1,564,588,589,-1,564,589,334,-1,334,589,590,-1,334,590,332,-1,332,590,342,-1,332,342,591,-1,591,342,341,-1,406,399,401,-1,401,399,400,-1,401,400,407,-1,407,400,592,-1,407,592,80,-1,80,592,91,-1,80,91,82,-1,82,91,93,-1,588,593,589,-1,589,593,594,-1,589,594,590,-1,590,594,595,-1,590,595,342,-1,342,595,596,-1,342,596,340,-1,340,596,597,-1,340,597,343,-1,343,597,598,-1,343,598,344,-1,344,598,599,-1,344,599,366,-1,366,599,600,-1,366,600,394,-1,394,600,398,-1,394,398,392,-1,392,398,397,-1,601,602,603,-1,603,602,604,-1,603,604,605,-1,605,604,606,-1,607,608,609,-1,609,608,1,-1,32,30,0,-1,0,30,602,-1,0,602,1,-1,1,602,601,-1,1,601,609,-1,610,611,612,-1,612,611,613,-1,614,615,616,-1,616,615,617,-1,616,617,618,-1,618,617,619,-1,620,621,622,-1,623,624,625,-1,625,624,626,-1,625,517,515,-1,625,515,623,-1,623,515,64,-1,623,64,63,-1,63,509,623,-1,623,509,510,-1,623,510,511,-1,511,512,623,-1,623,512,513,-1,623,513,514,-1,514,526,623,-1,623,526,125,-1,623,125,622,-1,622,125,128,-1,622,128,620,-1,624,627,626,-1,626,627,628,-1,629,630,631,-1,631,630,632,-1,633,634,635,-1,635,634,636,-1,637,638,639,-1,639,638,640,-1,632,630,641,-1,641,630,642,-1,641,642,643,-1,643,642,644,-1,636,634,645,-1,645,634,646,-1,645,646,647,-1,647,646,648,-1,640,638,649,-1,649,638,650,-1,649,650,651,-1,652,653,654,-1,654,653,655,-1,655,653,656,-1,656,653,657,-1,656,657,658,-1,658,657,659,-1,35,660,661,-1,35,37,660,-1,660,37,42,-1,660,42,40,-1,661,662,35,-1,35,662,663,-1,35,663,664,-1,664,663,665,-1,666,46,44,-1,665,667,664,-1,664,667,666,-1,664,666,668,-1,668,666,44,-1,669,670,671,-1,671,670,672,-1,673,606,604,-1,593,674,594,-1,594,674,675,-1,90,91,604,-1,604,91,592,-1,604,592,673,-1,673,592,400,-1,675,676,594,-1,594,676,677,-1,594,677,678,-1,400,398,673,-1,673,398,600,-1,673,600,599,-1,599,598,673,-1,673,598,597,-1,673,597,596,-1,678,679,594,-1,594,679,673,-1,594,673,595,-1,595,673,596,-1,35,664,620,-1,680,681,682,-1,683,604,682,-1,682,604,602,-1,682,602,680,-1,680,602,30,-1,680,30,684,-1,685,686,687,-1,688,689,684,-1,687,688,128,-1,128,688,684,-1,128,684,620,-1,620,684,30,-1,620,30,35,-1,128,122,687,-1,687,122,110,-1,687,110,115,-1,683,690,604,-1,604,690,691,-1,604,691,90,-1,90,691,685,-1,90,685,94,-1,94,685,687,-1,94,687,97,-1,97,687,115,-1,692,693,607,-1,607,693,608,-1,694,695,696,-1,697,698,699,-1,700,701,620,-1,620,701,702,-1,620,702,621,-1,621,702,703,-1,621,703,704,-1,704,703,697,-1,704,697,696,-1,696,697,699,-1,696,699,694,-1,700,620,705,-1,705,620,664,-1,705,664,668,-1,706,707,672,-1,672,670,706,-1,706,670,708,-1,706,708,709,-1,663,662,710,-1,667,665,711,-1,710,712,713,-1,517,625,714,-1,715,716,717,-1,39,707,706,-1,40,39,660,-1,660,39,706,-1,660,706,661,-1,661,706,709,-1,661,709,718,-1,718,709,719,-1,720,721,666,-1,666,721,651,-1,651,650,666,-1,666,650,45,-1,666,45,46,-1,717,722,723,-1,593,724,725,-1,593,588,724,-1,724,588,563,-1,724,563,726,-1,726,563,58,-1,726,58,57,-1,725,727,593,-1,593,727,52,-1,593,52,674,-1,674,52,49,-1,674,49,715,-1,57,521,726,-1,726,521,520,-1,726,520,714,-1,714,520,518,-1,714,518,517,-1,605,728,603,-1,603,728,609,-1,603,609,601,-1,673,729,15,-1,15,14,673,-1,673,14,7,-1,673,7,606,-1,7,5,606,-1,606,5,730,-1,606,730,605,-1,605,730,731,-1,605,731,728,-1,729,673,732,-1,732,673,679,-1,732,679,733,-1,733,734,735,-1,736,737,738,-1,738,737,718,-1,738,718,735,-1,735,718,719,-1,735,719,733,-1,715,717,674,-1,674,717,739,-1,674,739,675,-1,722,717,740,-1,740,717,716,-1,740,716,741,-1,741,716,721,-1,741,721,723,-1,723,721,720,-1,723,720,717,-1,717,720,742,-1,717,742,739,-1,743,744,745,-1,745,744,746,-1,745,746,747,-1,747,746,647,-1,677,676,748,-1,749,750,751,-1,751,750,752,-1,751,752,753,-1,753,752,643,-1,679,678,754,-1,754,755,679,-1,679,755,737,-1,679,737,733,-1,733,737,736,-1,733,736,734,-1,712,710,659,-1,659,710,662,-1,659,662,658,-1,755,756,737,-1,737,756,757,-1,737,757,718,-1,718,757,658,-1,718,658,661,-1,661,658,662,-1,711,747,667,-1,667,747,647,-1,667,647,666,-1,666,647,648,-1,666,648,720,-1,720,648,758,-1,720,758,742,-1,710,753,663,-1,663,753,643,-1,663,643,665,-1,665,643,644,-1,665,644,711,-1,711,644,759,-1,711,759,760,-1,760,761,711,-1,711,761,762,-1,711,762,747,-1,747,762,763,-1,747,763,745,-1,745,763,764,-1,745,764,761,-1,761,764,765,-1,761,765,762,-1,713,766,710,-1,710,766,767,-1,710,767,753,-1,753,767,768,-1,753,768,751,-1,751,768,769,-1,751,769,766,-1,766,769,770,-1,766,770,767,-1,760,748,761,-1,761,748,676,-1,761,676,745,-1,745,676,675,-1,745,675,743,-1,743,675,739,-1,713,754,766,-1,766,754,678,-1,766,678,751,-1,751,678,677,-1,751,677,749,-1,749,677,748,-1,656,658,757,-1,656,757,771,-1,771,757,756,-1,771,756,755,-1,719,709,708,-1,719,708,733,-1,733,708,772,-1,733,772,732,-1,655,656,654,-1,654,656,771,-1,708,670,772,-1,772,670,669,-1,649,651,721,-1,649,721,773,-1,773,721,716,-1,773,716,715,-1,758,648,646,-1,758,646,742,-1,742,646,774,-1,742,774,739,-1,645,647,746,-1,645,746,775,-1,775,746,744,-1,775,744,743,-1,759,644,642,-1,759,642,760,-1,760,642,776,-1,760,776,748,-1,641,643,752,-1,641,752,777,-1,777,752,750,-1,777,750,749,-1,712,659,657,-1,712,657,713,-1,713,657,778,-1,713,778,754,-1,632,641,631,-1,631,641,777,-1,657,653,778,-1,778,653,652,-1,636,645,635,-1,635,645,775,-1,642,630,776,-1,776,630,629,-1,640,649,639,-1,639,649,773,-1,646,634,774,-1,774,634,633,-1,779,38,32,-1,2,13,21,-1,21,780,2,-1,2,780,779,-1,2,779,0,-1,0,779,32,-1,13,2,14,-1,14,2,7,-1,54,53,781,-1,781,53,782,-1,781,782,783,-1,783,782,622,-1,783,622,704,-1,704,622,621,-1,784,785,786,-1,787,788,725,-1,725,788,782,-1,725,782,727,-1,623,622,786,-1,786,622,782,-1,784,786,789,-1,789,786,782,-1,789,782,790,-1,790,782,788,-1,790,788,791,-1,782,53,727,-1,727,53,52,-1,792,793,794,-1,792,794,795,-1,795,794,796,-1,795,796,797,-1,798,799,800,-1,613,801,612,-1,612,801,802,-1,612,802,800,-1,800,802,803,-1,800,803,798,-1,800,799,804,-1,804,799,805,-1,806,797,796,-1,614,807,615,-1,615,807,808,-1,615,808,796,-1,796,808,809,-1,796,809,806,-1,805,799,810,-1,55,805,619,-1,619,695,55,-1,55,695,789,-1,55,789,50,-1,50,789,790,-1,695,694,789,-1,789,694,699,-1,789,699,784,-1,784,699,698,-1,784,698,785,-1,805,810,619,-1,619,810,811,-1,619,811,618,-1,618,811,812,-1,618,812,616,-1,813,814,815,-1,814,813,816,-1,816,813,817,-1,816,817,818,-1,818,817,792,-1,818,792,815,-1,815,792,795,-1,815,795,813,-1,16,9,17,-1,17,9,10,-1,801,613,611,-1,819,793,820,-1,820,793,792,-1,820,792,821,-1,821,792,817,-1,821,817,822,-1,822,817,801,-1,822,801,819,-1,819,801,611,-1,819,611,793,-1,793,611,27,-1,611,17,27,-1,27,17,10,-1,27,10,28,-1,28,10,11,-1,28,11,23,-1,23,11,12,-1,23,12,24,-1,614,616,823,-1,823,616,812,-1,823,812,808,-1,808,812,824,-1,808,824,809,-1,809,824,825,-1,809,825,806,-1,806,825,813,-1,806,813,797,-1,797,813,795,-1,826,827,828,-1,828,827,817,-1,828,817,829,-1,829,817,813,-1,829,813,830,-1,830,813,825,-1,830,825,826,-1,826,825,827,-1,831,832,833,-1,833,832,827,-1,833,827,834,-1,834,827,825,-1,834,825,835,-1,835,825,824,-1,835,824,831,-1,831,824,832,-1,836,811,837,-1,837,811,832,-1,837,832,838,-1,838,832,824,-1,838,824,839,-1,839,824,812,-1,839,812,836,-1,836,812,811,-1,840,802,841,-1,841,802,801,-1,841,801,842,-1,842,801,817,-1,842,817,843,-1,843,817,827,-1,843,827,840,-1,840,827,802,-1,844,803,845,-1,845,803,802,-1,845,802,846,-1,846,802,827,-1,846,827,847,-1,847,827,832,-1,847,832,844,-1,844,832,803,-1,848,810,849,-1,849,810,803,-1,849,803,850,-1,850,803,832,-1,850,832,851,-1,851,832,811,-1,851,811,848,-1,848,811,810,-1,696,695,617,-1,617,695,619,-1,804,805,56,-1,56,805,55,-1,18,17,610,-1,610,17,611,-1,794,793,26,-1,26,793,27,-1,687,781,688,-1,688,781,783,-1,781,687,54,-1,54,687,686,-1,54,686,56,-1,56,686,804,-1,696,617,704,-1,704,617,689,-1,704,689,783,-1,783,689,688,-1,685,800,686,-1,686,800,804,-1,615,684,617,-1,617,684,689,-1,691,612,685,-1,685,612,800,-1,796,680,615,-1,615,680,684,-1,690,610,691,-1,691,610,612,-1,794,681,796,-1,796,681,680,-1,18,610,21,-1,21,610,690,-1,21,690,780,-1,780,690,683,-1,779,682,38,-1,38,682,681,-1,38,681,26,-1,26,681,794,-1,682,779,683,-1,683,779,780,-1]}}
Shape{appearance Appearance{material Material{diffuseColor 0.7529411764705882 0.7529411764705882 0.7529411764705882 transparency 0.0}}geometry IndexedFaceSet{ccw TRUE solid FALSE coord Coordinate{point [-0.1881 -0.6122 0.7489, -0.1881 -0.6122 0.8491, -0.2095 -0.6122 0.7489, -0.2095 -0.6122 0.8491, -0.1594 -0.5335 0.7203, -0.1594 0.1476 0.7203, -0.1594 -0.5335 0.8778, -0.1594 0.1476 0.8778, -0.2382 -0.5335 0.8778, -0.2382 0.1476 0.8778, -0.2382 -0.5335 0.7203, -0.2382 0.1476 0.7203, -0.2382 0.1079 0.5235, -0.2382 0.1079 0.345, -0.1594 0.1079 0.5235, -0.1594 0.1079 0.345, -0.2382 0.1476 0.345, -0.2382 0.1476 0.5235, -0.1594 0.1476 0.5235, -0.1594 0.1476 0.345, -0.2382 0.4626 1.0075, -0.1594 0.4626 1.0075, -0.1594 0.474 1.0208, -0.2382 0.474 1.0208, -0.1594 0.4882 1.0309, -0.2382 0.4882 1.0309, -0.1594 0.5045 1.0372, -0.2382 0.5045 1.0372, -0.1594 0.5218 1.0394, -0.2382 0.5218 1.0394, -0.1594 0.4702 0.2464, -0.1594 0.4626 0.2559, -0.2382 0.4702 0.2464, -0.2382 0.4626 0.2559, -0.2382 0.6083 0.2643, -0.2382 0.6105 0.2466, -0.2382 0.6083 0.9683, -0.2382 0.5372 1.0394, -0.2382 0.7197 0.0, -0.2382 0.7118 0.0008, -0.2382 0.7396 0.1016, -0.2382 0.5727 1.0299, -0.2382 0.5875 1.0186, -0.2382 0.5987 1.0038, -0.2382 0.6171 0.23, -0.2382 0.6277 0.2155, -0.2382 0.6911 0.0123, -0.2382 0.9941 0.0394, -0.2382 0.7552 0.0984, -0.2382 0.9941 0.0591, -0.2382 0.9547 0.0984, -0.2382 0.5556 1.0369, -0.2382 0.6058 0.9867, -0.2382 0.7041 0.0032, -0.2382 0.6972 0.0071, -0.2382 0.7326 0.1055, -0.2382 0.7265 0.1108, -0.2382 0.9744 0.0053, -0.2382 0.9826 0.0115, -0.2382 0.9928 0.0292, -0.2382 0.9888 0.0197, -0.2382 0.7472 0.0992, -0.2382 0.9547 0.0, -0.2382 0.9649 0.0013, -0.2382 0.9744 0.0932, -0.2382 0.9826 0.0869, -0.2382 0.9649 0.0971, -0.2382 0.9888 0.0787, -0.2382 0.9928 0.0692, -0.1594 0.7552 0.0984, -0.1594 0.7472 0.0992, -0.1594 0.7197 0.0, -0.1594 0.6083 0.2643, -0.1594 0.6105 0.2466, -0.1594 0.6171 0.23, -0.1594 0.7118 0.0008, -0.1594 0.5556 1.0369, -0.1594 0.5372 1.0394, -0.1594 0.6083 0.9683, -0.1594 0.6911 0.0123, -0.1594 0.6972 0.0071, -0.1594 0.7396 0.1016, -0.1594 0.9547 0.0984, -0.1594 0.9941 0.0591, -0.1594 0.9941 0.0394, -0.1594 0.7041 0.0032, -0.1594 0.5987 1.0038, -0.1594 0.5875 1.0186, -0.1594 0.5727 1.0299, -0.1594 0.9649 0.0013, -0.1594 0.9744 0.0053, -0.1594 0.9826 0.0115, -0.1594 0.9928 0.0292, -0.1594 0.9888 0.0197, -0.1594 0.7326 0.1055, -0.1594 0.7265 0.1108, -0.1594 0.6277 0.2155, -0.1594 0.6058 0.9867, -0.1594 0.9547 0.0, -0.1594 0.9928 0.0692, -0.1594 0.9888 0.0787, -0.1594 0.9649 0.0971, -0.1594 0.9826 0.0869, -0.1594 0.9744 0.0932, -0.5818 -0.6122 0.7489, -0.5818 -0.6122 0.8491, -0.6032 -0.6122 0.7489, -0.6032 -0.6122 0.8491, -0.5531 -0.5335 0.7203, -0.5531 0.1476 0.7203, -0.5531 -0.5335 0.8778, -0.5531 0.1476 0.8778, -0.6319 -0.5335 0.8778, -0.6319 0.1476 0.8778, -0.6319 -0.5335 0.7203, -0.6319 0.1476 0.7203, -0.6319 0.1079 0.5235, -0.6319 0.1079 0.345, -0.5531 0.1079 0.5235, -0.5531 0.1079 0.345, -0.6319 0.1476 0.345, -0.6319 0.1476 0.5235, -0.5531 0.1476 0.5235, -0.5531 0.1476 0.345, -0.6319 0.4626 1.0075, -0.5531 0.4626 1.0075, -0.5531 0.474 1.0208, -0.6319 0.474 1.0208, -0.5531 0.4882 1.0309, -0.6319 0.4882 1.0309, -0.5531 0.5045 1.0372, -0.6319 0.5045 1.0372, -0.5531 0.5218 1.0394, -0.6319 0.5218 1.0394, -0.5531 0.4702 0.2464, -0.5531 0.4626 0.2559, -0.6319 0.4702 0.2464, -0.6319 0.4626 0.2559, -0.6319 0.6083 0.2643, -0.6319 0.6105 0.2466, -0.6319 0.6083 0.9683, -0.6319 0.5372 1.0394, -0.6319 0.7197 0.0, -0.6319 0.7118 0.0008, -0.6319 0.7396 0.1016, -0.6319 0.5727 1.0299, -0.6319 0.5875 1.0186, -0.6319 0.5987 1.0038, -0.6319 0.6171 0.23, -0.6319 0.6277 0.2155, -0.6319 0.6911 0.0123, -0.6319 0.9941 0.0591, -0.6319 0.9941 0.0394, -0.6319 0.9547 0.0, -0.6319 0.9931 0.0306, -0.6319 0.9635 0.001, -0.6319 0.5556 1.0369, -0.6319 0.6058 0.9867, -0.6319 0.7041 0.0032, -0.6319 0.6972 0.0071, -0.6319 0.7326 0.1055, -0.6319 0.7265 0.1108, -0.6319 0.7472 0.0992, -0.6319 0.7552 0.0984, -0.6319 0.9547 0.0984, -0.6319 0.9902 0.0223, -0.6319 0.9855 0.0148, -0.6319 0.9793 0.0086, -0.6319 0.9744 0.0932, -0.6319 0.9826 0.0869, -0.6319 0.9649 0.0971, -0.6319 0.9888 0.0787, -0.6319 0.9928 0.0692, -0.6319 0.9718 0.0039, -0.5531 0.6083 0.2643, -0.5531 0.6105 0.2466, -0.5531 0.6171 0.23, -0.5531 0.5556 1.0369, -0.5531 0.5372 1.0394, -0.5531 0.6083 0.9683, -0.5531 0.7197 0.0, -0.5531 0.9547 0.0, -0.5531 0.9547 0.0984, -0.5531 0.7041 0.0032, -0.5531 0.7472 0.0992, -0.5531 0.6972 0.0071, -0.5531 0.7396 0.1016, -0.5531 0.6911 0.0123, -0.5531 0.7552 0.0984, -0.5531 0.7118 0.0008, -0.5531 0.5987 1.0038, -0.5531 0.5875 1.0186, -0.5531 0.5727 1.0299, -0.5531 0.7326 0.1055, -0.5531 0.7265 0.1108, -0.5531 0.6277 0.2155, -0.5531 0.6058 0.9867, -0.5531 0.9855 0.0148, -0.5531 0.9902 0.0223, -0.5531 0.9793 0.0086, -0.5531 0.9931 0.0306, -0.5531 0.9718 0.0039, -0.5531 0.9941 0.0591, -0.5531 0.9941 0.0394, -0.5531 0.9635 0.001, -0.5531 0.9928 0.0692, -0.5531 0.9888 0.0787, -0.5531 0.9649 0.0971, -0.5531 0.9826 0.0869, -0.5531 0.9744 0.0932, 0.2056 -0.6122 0.7489, 0.2056 -0.6122 0.8491, 0.1842 -0.6122 0.7489, 0.1842 -0.6122 0.8491, 0.2343 -0.5335 0.7203, 0.2343 0.1476 0.7203, 0.2343 -0.5335 0.8778, 0.2343 0.1476 0.8778, 0.1555 -0.5335 0.8778, 0.1555 0.1476 0.8778, 0.1555 -0.5335 0.7203, 0.1555 0.1476 0.7203, 0.1555 0.1079 0.5235, 0.1555 0.1079 0.345, 0.2343 0.1079 0.5235, 0.2343 0.1079 0.345, 0.1555 0.1476 0.345, 0.1555 0.1476 0.5235, 0.2343 0.1476 0.5235, 0.2343 0.1476 0.345, 0.1555 0.4626 1.0075, 0.2343 0.4626 1.0075, 0.2343 0.474 1.0208, 0.1555 0.474 1.0208, 0.2343 0.4882 1.0309, 0.1555 0.4882 1.0309, 0.2343 0.5045 1.0372, 0.1555 0.5045 1.0372, 0.2343 0.5218 1.0394, 0.1555 0.5218 1.0394, 0.2343 0.4702 0.2464, 0.2343 0.4626 0.2559, 0.1555 0.4702 0.2464, 0.1555 0.4626 0.2559, 0.1555 0.6083 0.2643, 0.1555 0.6105 0.2466, 0.1555 0.6083 0.9683, 0.1555 0.5372 1.0394, 0.1555 0.7197 0.0, 0.1555 0.7118 0.0008, 0.1555 0.7396 0.1016, 0.1555 0.5727 1.0299, 0.1555 0.5875 1.0186, 0.1555 0.5987 1.0038, 0.1555 0.6171 0.23, 0.1555 0.6277 0.2155, 0.1555 0.6911 0.0123, 0.1555 0.9941 0.0591, 0.1555 0.9941 0.0394, 0.1555 0.9547 0.0, 0.1555 0.9931 0.0306, 0.1555 0.9635 0.001, 0.1555 0.5556 1.0369, 0.1555 0.6058 0.9867, 0.1555 0.7041 0.0032, 0.1555 0.6972 0.0071, 0.1555 0.7326 0.1055, 0.1555 0.7265 0.1108, 0.1555 0.7472 0.0992, 0.1555 0.7552 0.0984, 0.1555 0.9547 0.0984, 0.1555 0.9902 0.0223, 0.1555 0.9855 0.0148, 0.1555 0.9793 0.0086, 0.1555 0.9744 0.0932, 0.1555 0.9826 0.0869, 0.1555 0.9649 0.0971, 0.1555 0.9888 0.0787, 0.1555 0.9928 0.0692, 0.1555 0.9718 0.0039, 0.2343 0.6083 0.2643, 0.2343 0.6105 0.2466, 0.2343 0.6171 0.23, 0.2343 0.5556 1.0369, 0.2343 0.5372 1.0394, 0.2343 0.6083 0.9683, 0.2343 0.7197 0.0, 0.2343 0.9547 0.0, 0.2343 0.9547 0.0984, 0.2343 0.7041 0.0032, 0.2343 0.7472 0.0992, 0.2343 0.6972 0.0071, 0.2343 0.7396 0.1016, 0.2343 0.6911 0.0123, 0.2343 0.7552 0.0984, 0.2343 0.7118 0.0008, 0.2343 0.5987 1.0038, 0.2343 0.5875 1.0186, 0.2343 0.5727 1.0299, 0.2343 0.7326 0.1055, 0.2343 0.7265 0.1108, 0.2343 0.6277 0.2155, 0.2343 0.6058 0.9867, 0.2343 0.9855 0.0148, 0.2343 0.9902 0.0223, 0.2343 0.9793 0.0086, 0.2343 0.9931 0.0306, 0.2343 0.9718 0.0039, 0.2343 0.9941 0.0591, 0.2343 0.9941 0.0394, 0.2343 0.9635 0.001, 0.2343 0.9928 0.0692, 0.2343 0.9888 0.0787, 0.2343 0.9649 0.0971, 0.2343 0.9826 0.0869, 0.2343 0.9744 0.0932, 0.5993 -0.6122 0.7489, 0.5993 -0.6122 0.8491, 0.5779 -0.6122 0.7489, 0.5779 -0.6122 0.8491, 0.628 -0.5335 0.7203, 0.628 0.1476 0.7203, 0.628 -0.5335 0.8778, 0.628 0.1476 0.8778, 0.5492 -0.5335 0.8778, 0.5492 0.1476 0.8778, 0.5492 -0.5335 0.7203, 0.5492 0.1476 0.7203, 0.5492 0.1079 0.5235, 0.5492 0.1079 0.345, 0.628 0.1079 0.5235, 0.628 0.1079 0.345, 0.5492 0.1476 0.345, 0.5492 0.1476 0.5235, 0.628 0.1476 0.5235, 0.628 0.1476 0.345, 0.5492 0.4626 1.0075, 0.628 0.4626 1.0075, 0.628 0.474 1.0208, 0.5492 0.474 1.0208, 0.628 0.4882 1.0309, 0.5492 0.4882 1.0309, 0.628 0.5045 1.0372, 0.5492 0.5045 1.0372, 0.628 0.5218 1.0394, 0.5492 0.5218 1.0394, 0.628 0.4702 0.2464, 0.628 0.4626 0.2559, 0.5492 0.4702 0.2464, 0.5492 0.4626 0.2559, 0.5492 0.6083 0.2643, 0.5492 0.6105 0.2466, 0.5492 0.6083 0.9683, 0.5492 0.5372 1.0394, 0.5492 0.7197 0.0, 0.5492 0.7118 0.0008, 0.5492 0.7396 0.1016, 0.5492 0.5727 1.0299, 0.5492 0.5875 1.0186, 0.5492 0.5987 1.0038, 0.5492 0.6171 0.23, 0.5492 0.6277 0.2155, 0.5492 0.6911 0.0123, 0.5492 0.9941 0.0591, 0.5492 0.9941 0.0394, 0.5492 0.9547 0.0, 0.5492 0.9931 0.0306, 0.5492 0.9635 0.001, 0.5492 0.5556 1.0369, 0.5492 0.6058 0.9867, 0.5492 0.7041 0.0032, 0.5492 0.6972 0.0071, 0.5492 0.7326 0.1055, 0.5492 0.7265 0.1108, 0.5492 0.7472 0.0992, 0.5492 0.7552 0.0984, 0.5492 0.9547 0.0984, 0.5492 0.9902 0.0223, 0.5492 0.9855 0.0148, 0.5492 0.9793 0.0086, 0.5492 0.9744 0.0932, 0.5492 0.9826 0.0869, 0.5492 0.9649 0.0971, 0.5492 0.9888 0.0787, 0.5492 0.9928 0.0692, 0.5492 0.9718 0.0039, 0.628 0.6083 0.2643, 0.628 0.6105 0.2466, 0.628 0.6171 0.23, 0.628 0.5556 1.0369, 0.628 0.5372 1.0394, 0.628 0.6083 0.9683, 0.628 0.7197 0.0, 0.628 0.9547 0.0, 0.628 0.9547 0.0984, 0.628 0.7041 0.0032, 0.628 0.7472 0.0992, 0.628 0.6972 0.0071, 0.628 0.7396 0.1016, 0.628 0.6911 0.0123, 0.628 0.7552 0.0984, 0.628 0.7118 0.0008, 0.628 0.5987 1.0038, 0.628 0.5875 1.0186, 0.628 0.5727 1.0299, 0.628 0.7326 0.1055, 0.628 0.7265 0.1108, 0.628 0.6277 0.2155, 0.628 0.6058 0.9867, 0.628 0.9855 0.0148, 0.628 0.9902 0.0223, 0.628 0.9793 0.0086, 0.628 0.9931 0.0306, 0.628 0.9718 0.0039, 0.628 0.9941 0.0591, 0.628 0.9941 0.0394, 0.628 0.9635 0.001, 0.628 0.9928 0.0692, 0.628 0.9888 0.0787, 0.628 0.9649 0.0971, 0.628 0.9826 0.0869, 0.628 0.9744 0.0932, 1.0709 0.4651 1.1181, 1.0709 0.4626 1.1181, 1.1339 0.4626 1.1181, 1.0709 0.4823 1.1181, 1.0709 0.66 1.1181, 0.9724 0.66 1.1181, 1.1339 0.4823 1.1181, 0.9724 0.4651 1.1181, 0.6378 0.4626 1.1181, 0.9724 0.4626 1.1181, 0.6378 0.5913 1.1181, 0.6772 0.6594 1.1181, 0.9724 0.6594 1.1181]} coordIndex [0,1,2,-1,2,1,3,-1,4,5,6,-1,6,5,7,-1,8,9,10,-1,10,9,11,-1,10,11,4,-1,4,11,5,-1,6,7,8,-1,8,7,9,-1,12,13,14,-1,14,13,15,-1,13,12,16,-1,16,12,17,-1,18,14,19,-1,19,14,15,-1,17,12,18,-1,18,12,14,-1,19,15,16,-1,16,15,13,-1,20,21,22,-1,20,22,23,-1,23,22,24,-1,23,24,25,-1,25,24,26,-1,25,26,27,-1,27,26,28,-1,27,28,29,-1,30,31,32,-1,32,31,33,-1,34,35,32,-1,36,34,37,-1,37,34,29,-1,32,33,34,-1,34,33,20,-1,34,20,23,-1,23,25,34,-1,34,25,27,-1,34,27,29,-1,38,39,40,-1,41,42,43,-1,35,44,32,-1,32,44,45,-1,32,45,46,-1,47,48,49,-1,49,48,50,-1,37,51,36,-1,36,51,41,-1,36,41,52,-1,52,41,43,-1,39,53,40,-1,40,53,54,-1,40,54,55,-1,55,54,46,-1,55,46,56,-1,56,46,45,-1,57,47,58,-1,58,47,59,-1,58,59,60,-1,40,61,38,-1,38,61,48,-1,38,48,62,-1,62,48,47,-1,62,47,63,-1,63,47,57,-1,64,65,66,-1,66,65,67,-1,66,67,50,-1,50,67,68,-1,50,68,49,-1,69,70,71,-1,72,31,73,-1,73,31,30,-1,73,30,74,-1,71,70,75,-1,76,77,78,-1,79,80,81,-1,78,77,72,-1,72,77,28,-1,72,28,26,-1,82,69,83,-1,83,69,84,-1,81,80,70,-1,70,80,85,-1,70,85,75,-1,86,87,88,-1,21,31,22,-1,22,31,72,-1,22,72,24,-1,24,72,26,-1,89,90,84,-1,84,90,91,-1,84,91,92,-1,92,91,93,-1,81,94,79,-1,79,94,95,-1,79,95,30,-1,30,95,96,-1,30,96,74,-1,76,78,88,-1,88,78,97,-1,88,97,86,-1,69,71,84,-1,84,71,98,-1,84,98,89,-1,83,99,82,-1,82,99,100,-1,82,100,101,-1,101,100,102,-1,101,102,103,-1,37,29,77,-1,77,29,28,-1,37,77,76,-1,37,76,51,-1,51,76,88,-1,51,88,41,-1,41,88,87,-1,41,87,42,-1,42,87,86,-1,42,86,43,-1,43,86,97,-1,43,97,52,-1,52,97,78,-1,52,78,36,-1,34,36,72,-1,72,36,78,-1,34,72,35,-1,35,72,73,-1,35,73,44,-1,44,73,74,-1,44,74,45,-1,45,74,96,-1,56,45,95,-1,95,45,96,-1,69,82,48,-1,48,82,50,-1,47,49,84,-1,84,49,83,-1,38,62,71,-1,71,62,98,-1,79,30,46,-1,46,30,32,-1,69,48,70,-1,70,48,61,-1,70,61,81,-1,81,61,40,-1,81,40,94,-1,94,40,55,-1,94,55,95,-1,95,55,56,-1,38,71,75,-1,38,75,39,-1,39,75,85,-1,39,85,53,-1,53,85,80,-1,53,80,54,-1,54,80,79,-1,54,79,46,-1,47,84,92,-1,47,92,59,-1,59,92,93,-1,59,93,60,-1,60,93,91,-1,60,91,58,-1,58,91,90,-1,58,90,57,-1,57,90,89,-1,57,89,63,-1,63,89,98,-1,63,98,62,-1,50,82,101,-1,50,101,66,-1,66,101,103,-1,66,103,64,-1,64,103,102,-1,64,102,65,-1,65,102,100,-1,65,100,67,-1,67,100,99,-1,67,99,68,-1,68,99,83,-1,68,83,49,-1,8,3,6,-1,6,3,1,-1,10,2,8,-1,8,2,3,-1,0,4,1,-1,1,4,6,-1,4,0,10,-1,10,0,2,-1,104,105,106,-1,106,105,107,-1,108,109,110,-1,110,109,111,-1,112,113,114,-1,114,113,115,-1,114,115,108,-1,108,115,109,-1,110,111,112,-1,112,111,113,-1,116,117,118,-1,118,117,119,-1,117,116,120,-1,120,116,121,-1,122,118,123,-1,123,118,119,-1,121,116,122,-1,122,116,118,-1,123,119,120,-1,120,119,117,-1,124,125,126,-1,124,126,127,-1,127,126,128,-1,127,128,129,-1,129,128,130,-1,129,130,131,-1,131,130,132,-1,131,132,133,-1,134,135,136,-1,136,135,137,-1,138,139,136,-1,140,138,141,-1,141,138,133,-1,136,137,138,-1,138,137,124,-1,138,124,127,-1,127,129,138,-1,138,129,131,-1,138,131,133,-1,142,143,144,-1,145,146,147,-1,139,148,136,-1,136,148,149,-1,136,149,150,-1,151,152,153,-1,153,152,154,-1,153,154,155,-1,141,156,140,-1,140,156,145,-1,140,145,157,-1,157,145,147,-1,143,158,144,-1,144,158,159,-1,144,159,160,-1,160,159,150,-1,160,150,161,-1,161,150,149,-1,144,162,142,-1,142,162,163,-1,142,163,153,-1,153,163,164,-1,153,164,151,-1,165,166,167,-1,168,169,170,-1,170,169,171,-1,170,171,164,-1,164,171,172,-1,164,172,151,-1,165,167,154,-1,154,167,173,-1,154,173,155,-1,174,135,175,-1,175,135,134,-1,175,134,176,-1,177,178,179,-1,179,178,174,-1,174,178,132,-1,174,132,130,-1,180,181,182,-1,183,184,185,-1,185,184,186,-1,185,186,187,-1,182,188,180,-1,180,188,184,-1,180,184,189,-1,189,184,183,-1,190,191,192,-1,125,135,126,-1,126,135,174,-1,126,174,128,-1,128,174,130,-1,186,193,187,-1,187,193,194,-1,187,194,134,-1,134,194,195,-1,134,195,176,-1,177,179,192,-1,192,179,196,-1,192,196,190,-1,197,198,199,-1,199,198,200,-1,199,200,201,-1,202,182,203,-1,203,182,181,-1,203,181,200,-1,200,181,204,-1,200,204,201,-1,202,205,182,-1,182,205,206,-1,182,206,207,-1,207,206,208,-1,207,208,209,-1,141,133,178,-1,178,133,132,-1,141,178,177,-1,141,177,156,-1,156,177,192,-1,156,192,145,-1,145,192,191,-1,145,191,146,-1,146,191,190,-1,146,190,147,-1,147,190,196,-1,147,196,157,-1,157,196,179,-1,157,179,140,-1,138,140,174,-1,174,140,179,-1,138,174,139,-1,139,174,175,-1,139,175,148,-1,148,175,176,-1,148,176,149,-1,149,176,195,-1,161,149,194,-1,194,149,195,-1,188,182,163,-1,163,182,164,-1,152,151,203,-1,203,151,202,-1,142,153,180,-1,180,153,181,-1,187,134,150,-1,150,134,136,-1,210,211,212,-1,212,211,213,-1,214,215,216,-1,216,215,217,-1,218,219,220,-1,220,219,221,-1,220,221,214,-1,214,221,215,-1,216,217,218,-1,218,217,219,-1,222,223,224,-1,224,223,225,-1,223,222,226,-1,226,222,227,-1,228,224,229,-1,229,224,225,-1,227,222,228,-1,228,222,224,-1,229,225,226,-1,226,225,223,-1,230,231,232,-1,230,232,233,-1,233,232,234,-1,233,234,235,-1,235,234,236,-1,235,236,237,-1,237,236,238,-1,237,238,239,-1,240,241,242,-1,242,241,243,-1,244,245,242,-1,246,244,247,-1,247,244,239,-1,242,243,244,-1,244,243,230,-1,244,230,233,-1,233,235,244,-1,244,235,237,-1,244,237,239,-1,248,249,250,-1,251,252,253,-1,245,254,242,-1,242,254,255,-1,242,255,256,-1,257,258,259,-1,259,258,260,-1,259,260,261,-1,247,262,246,-1,246,262,251,-1,246,251,263,-1,263,251,253,-1,249,264,250,-1,250,264,265,-1,250,265,266,-1,266,265,256,-1,266,256,267,-1,267,256,255,-1,250,268,248,-1,248,268,269,-1,248,269,259,-1,259,269,270,-1,259,270,257,-1,271,272,273,-1,274,275,276,-1,276,275,277,-1,276,277,270,-1,270,277,278,-1,270,278,257,-1,271,273,260,-1,260,273,279,-1,260,279,261,-1,280,241,281,-1,281,241,240,-1,281,240,282,-1,283,284,285,-1,285,284,280,-1,280,284,238,-1,280,238,236,-1,286,287,288,-1,289,290,291,-1,291,290,292,-1,291,292,293,-1,288,294,286,-1,286,294,290,-1,286,290,295,-1,295,290,289,-1,296,297,298,-1,231,241,232,-1,232,241,280,-1,232,280,234,-1,234,280,236,-1,292,299,293,-1,293,299,300,-1,293,300,240,-1,240,300,301,-1,240,301,282,-1,283,285,298,-1,298,285,302,-1,298,302,296,-1,303,304,305,-1,305,304,306,-1,305,306,307,-1,308,288,309,-1,309,288,287,-1,309,287,306,-1,306,287,310,-1,306,310,307,-1,308,311,288,-1,288,311,312,-1,288,312,313,-1,313,312,314,-1,313,314,315,-1,247,239,284,-1,284,239,238,-1,247,284,283,-1,247,283,262,-1,262,283,298,-1,262,298,251,-1,251,298,297,-1,251,297,252,-1,252,297,296,-1,252,296,253,-1,253,296,302,-1,253,302,263,-1,263,302,285,-1,263,285,246,-1,244,246,280,-1,280,246,285,-1,244,280,245,-1,245,280,281,-1,245,281,254,-1,254,281,282,-1,254,282,255,-1,255,282,301,-1,267,255,300,-1,300,255,301,-1,294,288,269,-1,269,288,270,-1,258,257,309,-1,309,257,308,-1,248,259,286,-1,286,259,287,-1,293,240,256,-1,256,240,242,-1,316,317,318,-1,318,317,319,-1,320,321,322,-1,322,321,323,-1,324,325,326,-1,326,325,327,-1,326,327,320,-1,320,327,321,-1,322,323,324,-1,324,323,325,-1,328,329,330,-1,330,329,331,-1,329,328,332,-1,332,328,333,-1,334,330,335,-1,335,330,331,-1,333,328,334,-1,334,328,330,-1,335,331,332,-1,332,331,329,-1,336,337,338,-1,336,338,339,-1,339,338,340,-1,339,340,341,-1,341,340,342,-1,341,342,343,-1,343,342,344,-1,343,344,345,-1,346,347,348,-1,348,347,349,-1,350,351,348,-1,352,350,353,-1,353,350,345,-1,348,349,350,-1,350,349,336,-1,350,336,339,-1,339,341,350,-1,350,341,343,-1,350,343,345,-1,354,355,356,-1,357,358,359,-1,351,360,348,-1,348,360,361,-1,348,361,362,-1,363,364,365,-1,365,364,366,-1,365,366,367,-1,353,368,352,-1,352,368,357,-1,352,357,369,-1,369,357,359,-1,355,370,356,-1,356,370,371,-1,356,371,372,-1,372,371,362,-1,372,362,373,-1,373,362,361,-1,356,374,354,-1,354,374,375,-1,354,375,365,-1,365,375,376,-1,365,376,363,-1,377,378,379,-1,380,381,382,-1,382,381,383,-1,382,383,376,-1,376,383,384,-1,376,384,363,-1,377,379,366,-1,366,379,385,-1,366,385,367,-1,386,347,387,-1,387,347,346,-1,387,346,388,-1,389,390,391,-1,391,390,386,-1,386,390,344,-1,386,344,342,-1,392,393,394,-1,395,396,397,-1,397,396,398,-1,397,398,399,-1,394,400,392,-1,392,400,396,-1,392,396,401,-1,401,396,395,-1,402,403,404,-1,337,347,338,-1,338,347,386,-1,338,386,340,-1,340,386,342,-1,398,405,399,-1,399,405,406,-1,399,406,346,-1,346,406,407,-1,346,407,388,-1,389,391,404,-1,404,391,408,-1,404,408,402,-1,409,410,411,-1,411,410,412,-1,411,412,413,-1,414,394,415,-1,415,394,393,-1,415,393,412,-1,412,393,416,-1,412,416,413,-1,414,417,394,-1,394,417,418,-1,394,418,419,-1,419,418,420,-1,419,420,421,-1,353,345,390,-1,390,345,344,-1,353,390,389,-1,353,389,368,-1,368,389,404,-1,368,404,357,-1,357,404,403,-1,357,403,358,-1,358,403,402,-1,358,402,359,-1,359,402,408,-1,359,408,369,-1,369,408,391,-1,369,391,352,-1,350,352,386,-1,386,352,391,-1,350,386,351,-1,351,386,387,-1,351,387,360,-1,360,387,388,-1,360,388,361,-1,361,388,407,-1,373,361,406,-1,406,361,407,-1,400,394,375,-1,375,394,376,-1,364,363,415,-1,415,363,414,-1,354,365,392,-1,392,365,393,-1,399,346,362,-1,362,346,348,-1,188,163,184,-1,184,163,162,-1,184,162,186,-1,186,162,144,-1,186,144,193,-1,193,144,160,-1,193,160,194,-1,194,160,161,-1,142,180,189,-1,142,189,143,-1,143,189,183,-1,143,183,158,-1,158,183,185,-1,158,185,159,-1,159,185,187,-1,159,187,150,-1,152,203,200,-1,152,200,154,-1,154,200,198,-1,154,198,165,-1,165,198,197,-1,165,197,166,-1,166,197,199,-1,166,199,167,-1,167,199,201,-1,167,201,173,-1,173,201,204,-1,173,204,155,-1,155,204,181,-1,155,181,153,-1,164,182,207,-1,164,207,170,-1,170,207,209,-1,170,209,168,-1,168,209,208,-1,168,208,169,-1,169,208,206,-1,169,206,171,-1,171,206,205,-1,171,205,172,-1,172,205,202,-1,172,202,151,-1,294,269,290,-1,290,269,268,-1,290,268,292,-1,292,268,250,-1,292,250,299,-1,299,250,266,-1,299,266,300,-1,300,266,267,-1,248,286,295,-1,248,295,249,-1,249,295,289,-1,249,289,264,-1,264,289,291,-1,264,291,265,-1,265,291,293,-1,265,293,256,-1,258,309,306,-1,258,306,260,-1,260,306,304,-1,260,304,271,-1,271,304,303,-1,271,303,272,-1,272,303,305,-1,272,305,273,-1,273,305,307,-1,273,307,279,-1,279,307,310,-1,279,310,261,-1,261,310,287,-1,261,287,259,-1,270,288,313,-1,270,313,276,-1,276,313,315,-1,276,315,274,-1,274,315,314,-1,274,314,275,-1,275,314,312,-1,275,312,277,-1,277,312,311,-1,277,311,278,-1,278,311,308,-1,278,308,257,-1,400,375,396,-1,396,375,374,-1,396,374,398,-1,398,374,356,-1,398,356,405,-1,405,356,372,-1,405,372,406,-1,406,372,373,-1,354,392,401,-1,354,401,355,-1,355,401,395,-1,355,395,370,-1,370,395,397,-1,370,397,371,-1,371,397,399,-1,371,399,362,-1,364,415,412,-1,364,412,366,-1,366,412,410,-1,366,410,377,-1,377,410,409,-1,377,409,378,-1,378,409,411,-1,378,411,379,-1,379,411,413,-1,379,413,385,-1,385,413,416,-1,385,416,367,-1,367,416,393,-1,367,393,365,-1,376,394,419,-1,376,419,382,-1,382,419,421,-1,382,421,380,-1,380,421,420,-1,380,420,381,-1,381,420,418,-1,381,418,383,-1,383,418,417,-1,383,417,384,-1,384,417,414,-1,384,414,363,-1,112,107,110,-1,110,107,105,-1,114,106,112,-1,112,106,107,-1,104,108,105,-1,105,108,110,-1,108,104,114,-1,114,104,106,-1,218,213,216,-1,216,213,211,-1,220,212,218,-1,218,212,213,-1,210,214,211,-1,211,214,216,-1,214,210,220,-1,220,210,212,-1,324,319,322,-1,322,319,317,-1,326,318,324,-1,324,318,319,-1,316,320,317,-1,317,320,322,-1,320,316,326,-1,326,316,318,-1,422,423,424,-1,425,426,427,-1,424,428,422,-1,422,428,425,-1,422,425,429,-1,430,431,432,-1,432,431,429,-1,432,429,433,-1,433,429,425,-1,433,425,434,-1,434,425,427,-1]}}
Shape{appearance Appearance{material Material{diffuseColor 1.0 0.9764705882352941 0.9058823529411765 transparency 0.0}}geometry IndexedFaceSet{ccw TRUE solid FALSE coord Coordinate{point [0.2441 0.4626 1.1181, 0.5394 0.4626 1.1181, 0.5394 0.5913 1.1181, 0.5 0.6594 1.1181, 0.2835 0.6594 1.1181, 0.2441 0.5913 1.1181, -0.1496 0.4626 1.1181, 0.1457 0.4626 1.1181, 0.1457 0.5913 1.1181, 0.1063 0.6594 1.1181, -0.1102 0.6594 1.1181, -0.1496 0.5913 1.1181, -0.2874 0.6594 1.1181, -0.5039 0.6594 1.1181, -0.248 0.5913 1.1181, -0.5433 0.5913 1.1181, -0.248 0.4626 1.1181, -0.5433 0.4626 1.1181, 1.1339 0.4626 0.1654, 1.1339 0.4626 0.1654, 1.1339 0.4823 0.1654, 1.1339 0.4626 1.0628, 1.1339 0.4823 1.1181, 1.1339 0.4626 1.1181, -1.1378 0.4823 0.1654, -1.1378 0.4626 0.1654, -1.1378 0.4626 0.1654, -1.1378 0.4823 1.1181, -1.1378 0.4626 1.0628, -1.1378 0.4626 1.1181]} coordIndex [0,1,2,-1,3,4,2,-1,2,4,5,-1,2,5,0,-1,6,7,8,-1,9,10,8,-1,8,10,11,-1,8,11,6,-1,12,13,14,-1,14,13,15,-1,14,15,16,-1,16,15,17,-1,18,19,20,-1,18,20,21,-1,21,20,22,-1,21,22,23,-1,24,25,26,-1,24,26,27,-1,27,26,28,-1,27,28,29,-1]}}
Shape{appearance Appearance{material Material{diffuseColor 0.0 0.0 0.0 transparency 0.0}}geometry IndexedFaceSet{ccw TRUE solid FALSE coord Coordinate{point [1.252 -0.6376 1.0925, 1.252 -0.6376 1.0864, 1.248 -0.6376 1.0925, 1.248 -0.6376 1.0864, 1.252 -0.6589 1.0925, 1.248 -0.6589 1.0925, 1.252 -0.6589 1.1398, 1.248 -0.6589 1.1398, 1.252 -0.6658 1.1398, 1.248 -0.6658 1.1398, 1.252 -0.6658 1.0864, 1.248 -0.6658 1.0864, 1.248 -0.5955 1.0886, 1.252 -0.5955 1.0886, 1.252 -0.5964 1.0882, 1.252 -0.6103 1.0855, 1.248 -0.6103 1.0855, 1.252 -0.6021 1.0863, 1.248 -0.6055 1.086, 1.248 -0.6021 1.0863, 1.248 -0.5978 1.0877, 1.248 -0.5964 1.0882, 1.252 -0.5955 1.0952, 1.248 -0.5955 1.0952, 1.248 -0.5978 1.0942, 1.252 -0.6007 1.0929, 1.248 -0.6007 1.0929, 1.248 -0.6068 1.0918, 1.252 -0.6068 1.0918, 1.248 -0.6093 1.0917, 1.252 -0.6093 1.0917, 1.248 -0.614 1.0922, 1.252 -0.614 1.0922, 1.248 -0.618 1.0935, 1.252 -0.618 1.0935, 1.248 -0.6215 1.0959, 1.252 -0.6215 1.0959, 1.248 -0.623 1.0973, 1.252 -0.623 1.0973, 1.248 -0.6255 1.1007, 1.252 -0.6255 1.1007, 1.248 -0.6272 1.105, 1.252 -0.6272 1.105, 1.248 -0.6281 1.1103, 1.252 -0.6281 1.1103, 1.248 -0.6282 1.1125, 1.252 -0.6282 1.1125, 1.248 -0.6273 1.1198, 1.252 -0.6273 1.1198, 1.248 -0.6256 1.1244, 1.252 -0.6256 1.1244, 1.248 -0.623 1.1282, 1.252 -0.623 1.1282, 1.248 -0.6226 1.1286, 1.252 -0.6226 1.1286, 1.248 -0.6192 1.1314, 1.252 -0.6192 1.1314, 1.248 -0.6151 1.1334, 1.252 -0.6151 1.1334, 1.248 -0.6105 1.1344, 1.252 -0.6105 1.1344, 1.248 -0.6081 1.1345, 1.252 -0.6081 1.1345, 1.248 -0.5955 1.1313, 1.252 -0.5955 1.1313, 1.252 -0.5961 1.1316, 1.248 -0.6015 1.1337, 1.252 -0.6015 1.1337, 1.248 -0.5978 1.1323, 1.248 -0.5961 1.1316, 1.252 -0.5955 1.1385, 1.248 -0.5955 1.1385, 1.248 -0.5978 1.1392, 1.252 -0.6011 1.1402, 1.248 -0.6081 1.1407, 1.252 -0.6081 1.1407, 1.248 -0.6024 1.1403, 1.248 -0.6011 1.1402, 1.248 -0.6118 1.1403, 1.252 -0.6158 1.1398, 1.248 -0.6158 1.1398, 1.248 -0.6214 1.1376, 1.252 -0.6214 1.1376, 1.248 -0.6264 1.1341, 1.252 -0.6264 1.1341, 1.248 -0.6277 1.1329, 1.252 -0.6277 1.1329, 1.248 -0.6316 1.1278, 1.248 -0.6331 1.1244, 1.252 -0.6341 1.1219, 1.252 -0.6316 1.1278, 1.248 -0.6341 1.1219, 1.248 -0.6354 1.1149, 1.252 -0.6354 1.1149, 1.248 -0.6354 1.1121, 1.252 -0.6354 1.1121, 1.248 -0.6344 1.1035, 1.248 -0.6331 1.1, 1.252 -0.6322 1.0979, 1.252 -0.6344 1.1035, 1.248 -0.6322 1.0979, 1.248 -0.6291 1.0933, 1.252 -0.6291 1.0933, 1.248 -0.6286 1.0928, 1.252 -0.6286 1.0928, 1.252 -0.6144 1.0858, 1.248 -0.6249 1.0897, 1.252 -0.6249 1.0897, 1.248 -0.62 1.0871, 1.252 -0.62 1.0871, 1.248 -0.6152 1.086, 1.248 -0.6144 1.0858, 1.252 -0.5561 1.0925, 1.252 -0.5561 1.0864, 1.248 -0.5561 1.0925, 1.248 -0.5561 1.0864, 1.248 -0.5779 1.0925, 1.252 -0.5779 1.0925, 1.248 -0.5635 1.0925, 1.252 -0.5779 1.1105, 1.248 -0.5779 1.1105, 1.252 -0.5588 1.1105, 1.248 -0.5635 1.1105, 1.248 -0.5588 1.1105, 1.252 -0.5588 1.1166, 1.248 -0.5588 1.1166, 1.248 -0.5779 1.1166, 1.252 -0.5779 1.1166, 1.248 -0.5635 1.1166, 1.252 -0.5779 1.1337, 1.248 -0.5779 1.1337, 1.252 -0.5573 1.1337, 1.248 -0.5635 1.1337, 1.248 -0.5573 1.1337, 1.252 -0.5573 1.1398, 1.248 -0.5573 1.1398, 1.248 -0.5848 1.1398, 1.252 -0.5848 1.1398, 1.248 -0.5635 1.1398, 1.252 -0.5848 1.0864, 1.248 -0.5848 1.0864, 1.248 -0.5635 1.0864, 1.252 -0.5129 1.1013, 1.252 -0.5155 1.0981, 1.252 -0.5106 1.0939, 1.252 -0.5161 1.0975, 1.252 -0.5162 1.0899, 1.252 -0.5196 1.0951, 1.252 -0.5223 1.0875, 1.252 -0.524 1.0934, 1.252 -0.5313 1.0864, 1.252 -0.5314 1.0925, 1.252 -0.546 1.0864, 1.252 -0.5391 1.0925, 1.252 -0.546 1.1398, 1.252 -0.5391 1.1337, 1.252 -0.5308 1.1398, 1.252 -0.531 1.1337, 1.252 -0.5226 1.1389, 1.252 -0.5238 1.1328, 1.252 -0.5162 1.1366, 1.252 -0.5192 1.1311, 1.252 -0.5106 1.1327, 1.252 -0.5156 1.1287, 1.252 -0.5087 1.1309, 1.252 -0.5141 1.1272, 1.252 -0.5054 1.1262, 1.252 -0.5121 1.1242, 1.252 -0.5034 1.1211, 1.252 -0.5106 1.1203, 1.252 -0.5025 1.1138, 1.252 -0.5098 1.1136, 1.252 -0.5027 1.1104, 1.252 -0.51 1.1101, 1.252 -0.504 1.1042, 1.252 -0.511 1.1052, 1.252 -0.5066 1.0986, 1.248 -0.5313 1.0864, 1.248 -0.546 1.0864, 1.248 -0.5223 1.0875, 1.248 -0.5162 1.0899, 1.248 -0.5106 1.0939, 1.248 -0.5066 1.0986, 1.248 -0.504 1.1042, 1.248 -0.5027 1.1104, 1.248 -0.5025 1.1138, 1.248 -0.5034 1.1211, 1.248 -0.5054 1.1262, 1.248 -0.5087 1.1309, 1.248 -0.5106 1.1327, 1.248 -0.5162 1.1366, 1.248 -0.5226 1.1389, 1.248 -0.5308 1.1398, 1.248 -0.546 1.1398, 1.248 -0.531 1.1337, 1.248 -0.5391 1.1337, 1.248 -0.5391 1.0925, 1.248 -0.5314 1.0925, 1.248 -0.5155 1.0981, 1.248 -0.5161 1.0975, 1.248 -0.5196 1.0951, 1.248 -0.524 1.0934, 1.248 -0.5098 1.1136, 1.248 -0.51 1.1101, 1.248 -0.511 1.1052, 1.248 -0.5129 1.1013, 1.248 -0.5156 1.1287, 1.248 -0.5141 1.1272, 1.248 -0.5121 1.1242, 1.248 -0.5106 1.1203, 1.248 -0.5238 1.1328, 1.248 -0.5192 1.1311]} coordIndex [0,1,2,-1,2,1,3,-1,4,0,5,-1,5,0,2,-1,6,4,7,-1,7,4,5,-1,8,6,9,-1,9,6,7,-1,10,8,11,-1,11,8,9,-1,1,10,3,-1,3,10,11,-1,6,8,4,-1,4,8,10,-1,4,10,0,-1,0,10,1,-1,12,13,14,-1,15,16,17,-1,17,16,18,-1,18,19,17,-1,17,19,20,-1,17,20,14,-1,14,20,21,-1,14,21,12,-1,22,13,23,-1,23,13,12,-1,22,23,24,-1,22,24,25,-1,24,26,25,-1,25,26,27,-1,25,27,28,-1,28,27,29,-1,28,29,30,-1,30,29,31,-1,30,31,32,-1,32,31,33,-1,32,33,34,-1,34,33,35,-1,34,35,36,-1,36,35,37,-1,36,37,38,-1,38,37,39,-1,38,39,40,-1,40,39,41,-1,40,41,42,-1,42,41,43,-1,42,43,44,-1,44,43,45,-1,44,45,46,-1,46,45,47,-1,46,47,48,-1,48,47,49,-1,48,49,50,-1,50,49,51,-1,50,51,52,-1,52,51,53,-1,52,53,54,-1,54,53,55,-1,54,55,56,-1,56,55,57,-1,56,57,58,-1,58,57,59,-1,58,59,60,-1,60,59,61,-1,60,61,62,-1,63,64,65,-1,62,61,66,-1,62,66,67,-1,67,66,68,-1,67,68,65,-1,65,68,69,-1,65,69,63,-1,70,64,71,-1,71,64,63,-1,70,71,72,-1,70,72,73,-1,74,75,76,-1,76,75,73,-1,76,73,77,-1,77,73,72,-1,75,74,78,-1,75,78,79,-1,78,80,79,-1,79,80,81,-1,79,81,82,-1,82,81,83,-1,82,83,84,-1,84,83,85,-1,84,85,86,-1,86,85,87,-1,88,89,87,-1,87,89,90,-1,87,90,86,-1,88,91,89,-1,89,91,92,-1,89,92,93,-1,93,92,94,-1,93,94,95,-1,95,94,96,-1,97,98,96,-1,96,98,99,-1,96,99,95,-1,97,100,98,-1,98,100,101,-1,98,101,102,-1,102,101,103,-1,102,103,104,-1,16,15,105,-1,104,103,106,-1,104,106,107,-1,107,106,108,-1,107,108,109,-1,109,108,110,-1,109,110,105,-1,105,110,111,-1,105,111,16,-1,86,54,84,-1,84,54,56,-1,84,56,82,-1,95,46,93,-1,93,46,48,-1,93,48,89,-1,89,48,90,-1,90,48,50,-1,90,50,86,-1,86,50,52,-1,86,52,54,-1,82,56,79,-1,79,56,58,-1,79,58,75,-1,13,22,14,-1,14,22,25,-1,14,25,17,-1,17,25,28,-1,17,28,15,-1,15,28,30,-1,15,30,105,-1,105,30,32,-1,105,32,109,-1,109,32,34,-1,109,34,107,-1,107,34,36,-1,107,36,104,-1,104,36,38,-1,104,38,102,-1,102,38,40,-1,102,40,98,-1,98,40,99,-1,99,40,42,-1,99,42,95,-1,95,42,44,-1,95,44,46,-1,58,60,75,-1,75,60,62,-1,75,62,73,-1,73,62,67,-1,73,67,70,-1,70,67,65,-1,70,65,64,-1,112,113,114,-1,114,113,115,-1,116,117,118,-1,118,117,112,-1,118,112,114,-1,119,117,120,-1,120,117,116,-1,119,120,121,-1,121,120,122,-1,121,122,123,-1,124,121,125,-1,125,121,123,-1,126,127,128,-1,128,127,124,-1,128,124,125,-1,129,127,130,-1,130,127,126,-1,129,130,131,-1,131,130,132,-1,131,132,133,-1,134,131,135,-1,135,131,133,-1,136,137,138,-1,138,137,134,-1,138,134,135,-1,139,137,140,-1,140,137,136,-1,139,140,113,-1,113,140,141,-1,113,141,115,-1,139,113,112,-1,112,117,139,-1,139,117,119,-1,139,119,137,-1,131,134,129,-1,129,134,137,-1,129,137,127,-1,127,137,119,-1,127,119,124,-1,124,119,121,-1,142,143,144,-1,144,143,145,-1,144,145,146,-1,146,145,147,-1,146,147,148,-1,148,147,149,-1,148,149,150,-1,150,149,151,-1,150,151,152,-1,152,151,153,-1,152,153,154,-1,154,153,155,-1,154,155,156,-1,156,155,157,-1,156,157,158,-1,158,157,159,-1,158,159,160,-1,160,159,161,-1,160,161,162,-1,162,161,163,-1,162,163,164,-1,164,163,165,-1,164,165,166,-1,166,165,167,-1,166,167,168,-1,168,167,169,-1,168,169,170,-1,170,169,171,-1,170,171,172,-1,172,171,173,-1,172,173,174,-1,174,173,175,-1,174,175,176,-1,176,175,142,-1,176,142,144,-1,150,152,177,-1,177,152,178,-1,150,177,179,-1,150,179,148,-1,148,179,180,-1,148,180,146,-1,146,180,181,-1,146,181,144,-1,144,181,182,-1,144,182,176,-1,176,182,183,-1,176,183,174,-1,174,183,184,-1,174,184,172,-1,172,184,185,-1,172,185,170,-1,170,185,186,-1,170,186,168,-1,168,186,187,-1,168,187,166,-1,166,187,188,-1,166,188,164,-1,164,188,189,-1,164,189,162,-1,162,189,190,-1,162,190,160,-1,160,190,191,-1,160,191,158,-1,158,191,192,-1,158,192,156,-1,154,156,193,-1,193,156,192,-1,152,154,178,-1,178,154,193,-1,157,155,194,-1,194,155,195,-1,155,153,195,-1,195,153,196,-1,153,151,196,-1,196,151,197,-1,143,198,199,-1,143,199,145,-1,145,199,200,-1,145,200,147,-1,147,200,201,-1,147,201,149,-1,149,201,197,-1,149,197,151,-1,171,202,203,-1,171,203,173,-1,173,203,204,-1,173,204,175,-1,175,204,205,-1,175,205,142,-1,142,205,198,-1,142,198,143,-1,163,206,207,-1,163,207,165,-1,165,207,208,-1,165,208,167,-1,167,208,209,-1,167,209,169,-1,169,209,202,-1,169,202,171,-1,157,194,210,-1,157,210,159,-1,159,210,211,-1,159,211,161,-1,161,211,206,-1,161,206,163,-1]}}
Shape{appearance Appearance{material Material{diffuseColor 1.0 0.9764705882352941 0.9058823529411765 transparency 0.0}}geometry IndexedFaceSet{ccw TRUE solid FALSE coord Coordinate{point [1.248 -0.5391 1.1337, 1.248 -0.5391 1.0925, 1.248 -0.531 1.1337, 1.248 -0.5314 1.0925, 1.248 -0.524 1.0934, 1.248 -0.5196 1.0951, 1.248 -0.5161 1.0975, 1.248 -0.5155 1.0981, 1.248 -0.5129 1.1013, 1.248 -0.511 1.1052, 1.248 -0.5098 1.1136, 1.248 -0.5156 1.1287, 1.248 -0.5192 1.1311, 1.248 -0.5106 1.1203, 1.248 -0.5121 1.1242, 1.248 -0.5141 1.1272, 1.248 -0.51 1.1101, 1.248 -0.5238 1.1328]} coordIndex [0,1,2,-1,2,1,3,-1,3,4,2,-1,2,4,5,-1,2,5,6,-1,6,7,2,-1,2,7,8,-1,2,8,9,-1,10,11,12,-1,13,14,10,-1,10,14,15,-1,10,15,11,-1,9,16,2,-1,2,16,10,-1,2,10,17,-1,17,10,12,-1]}}
Shape{appearance Appearance{material Material{diffuseColor 0.0 0.0 0.0 transparency 0.0}}geometry IndexedFaceSet{ccw TRUE solid FALSE coord Coordinate{point [1.252 -0.4847 1.1071, 1.252 -0.4868 1.101, 1.252 -0.4667 1.1071, 1.252 -0.4646 1.101, 1.252 -0.4767 1.1293, 1.252 -0.4792 1.1398, 1.252 -0.4996 1.0864, 1.252 -0.492 1.0864, 1.252 -0.4762 1.1308, 1.252 -0.4758 1.133, 1.252 -0.4719 1.1398, 1.252 -0.4756 1.133, 1.252 -0.4752 1.1307, 1.252 -0.4748 1.1293, 1.252 -0.4515 1.0864, 1.252 -0.4592 1.0864, 1.248 -0.4719 1.1398, 1.248 -0.4515 1.0864, 1.248 -0.4792 1.1398, 1.248 -0.4996 1.0864, 1.248 -0.4842 1.1268, 1.248 -0.492 1.0864, 1.248 -0.4868 1.101, 1.248 -0.4646 1.101, 1.248 -0.4842 1.101, 1.248 -0.4592 1.0864, 1.248 -0.4847 1.1071, 1.248 -0.4667 1.1071, 1.248 -0.4748 1.1293, 1.248 -0.4756 1.133, 1.248 -0.4752 1.1307, 1.248 -0.4758 1.133, 1.248 -0.4767 1.1293, 1.248 -0.4762 1.1308]} coordIndex [0,1,2,-1,2,1,3,-1,4,5,0,-1,0,5,6,-1,0,6,1,-1,1,6,7,-1,4,8,5,-1,5,8,9,-1,5,9,10,-1,10,9,11,-1,10,11,12,-1,12,13,10,-1,10,13,2,-1,10,2,14,-1,14,2,3,-1,14,3,15,-1,10,14,16,-1,16,14,17,-1,5,10,18,-1,18,10,16,-1,19,6,20,-1,20,6,5,-1,20,5,18,-1,7,6,21,-1,21,6,19,-1,1,7,22,-1,22,7,21,-1,23,3,24,-1,24,3,1,-1,24,1,22,-1,15,3,25,-1,25,3,23,-1,14,15,17,-1,17,15,25,-1,0,2,26,-1,26,2,27,-1,2,13,27,-1,27,13,28,-1,11,29,30,-1,11,30,12,-1,12,30,28,-1,12,28,13,-1,11,9,29,-1,29,9,31,-1,4,32,33,-1,4,33,8,-1,8,33,31,-1,8,31,9,-1,4,0,32,-1,32,0,26,-1]}}
Shape{appearance Appearance{material Material{diffuseColor 1.0 0.9764705882352941 0.9058823529411765 transparency 0.0}}geometry IndexedFaceSet{ccw TRUE solid FALSE coord Coordinate{point [1.248 -0.4756 1.133, 1.248 -0.4758 1.133, 1.248 -0.4752 1.1307, 1.248 -0.4762 1.1308, 1.248 -0.4748 1.1293, 1.248 -0.4767 1.1293, 1.248 -0.4667 1.1071, 1.248 -0.4847 1.1071]} coordIndex [0,1,2,-1,2,1,3,-1,2,3,4,-1,4,3,5,-1,4,5,6,-1,6,5,7,-1]}}
Shape{appearance Appearance{material Material{diffuseColor 0.0 0.0 0.0 transparency 0.0}}geometry IndexedFaceSet{ccw TRUE solid FALSE coord Coordinate{point [1.252 -0.6371 1.0078, 1.252 -0.6371 1.0018, 1.248 -0.6371 1.0078, 1.248 -0.6371 1.0018, 1.252 -0.6589 1.0078, 1.248 -0.6589 1.0078, 1.252 -0.6589 1.0258, 1.248 -0.6589 1.0258, 1.252 -0.6398 1.0258, 1.248 -0.6398 1.0258, 1.252 -0.6398 1.0319, 1.248 -0.6398 1.0319, 1.252 -0.6589 1.0319, 1.248 -0.6589 1.0319, 1.252 -0.6589 1.049, 1.248 -0.6589 1.049, 1.252 -0.6383 1.049, 1.248 -0.6383 1.049, 1.252 -0.6383 1.0551, 1.248 -0.6383 1.0551, 1.252 -0.6658 1.0551, 1.248 -0.6658 1.0551, 1.252 -0.6658 1.0018, 1.248 -0.6658 1.0018, 1.252 -0.6069 1.0076, 1.252 -0.6067 1.0076, 1.252 -0.6072 1.0138, 1.252 -0.6067 1.0168, 1.252 -0.6 1.0263, 1.252 -0.6067 1.0172, 1.252 -0.6067 1.0209, 1.252 -0.6067 1.0018, 1.252 -0.6 1.0018, 1.252 -0.6238 1.0136, 1.252 -0.6235 1.0151, 1.252 -0.6293 1.0181, 1.252 -0.6081 1.0114, 1.252 -0.6096 1.0094, 1.252 -0.608 1.006, 1.252 -0.6104 1.0086, 1.252 -0.6101 1.0038, 1.252 -0.6123 1.0074, 1.252 -0.6124 1.0022, 1.252 -0.6143 1.0066, 1.252 -0.6151 1.0012, 1.252 -0.6168 1.0063, 1.252 -0.6186 1.0009, 1.252 -0.6191 1.0066, 1.252 -0.6226 1.0013, 1.252 -0.6206 1.0071, 1.252 -0.6251 1.0023, 1.252 -0.6219 1.0081, 1.252 -0.6274 1.0039, 1.252 -0.6225 1.0086, 1.252 -0.6279 1.02, 1.252 -0.6229 1.0163, 1.252 -0.6259 1.0217, 1.252 -0.6221 1.0173, 1.252 -0.623 1.0232, 1.252 -0.6213 1.018, 1.252 -0.6197 1.0187, 1.252 -0.618 1.0244, 1.252 -0.6156 1.0197, 1.252 -0.6067 1.026, 1.252 -0.6302 1.0157, 1.252 -0.6306 1.0129, 1.252 -0.6239 1.0125, 1.252 -0.6307 1.012, 1.252 -0.6237 1.011, 1.252 -0.6303 1.0089, 1.252 -0.6233 1.0098, 1.252 -0.6295 1.0067, 1.252 -0.6281 1.0046, 1.252 -0.6269 1.0372, 1.252 -0.6269 1.0307, 1.252 -0.6255 1.038, 1.252 -0.6229 1.0333, 1.252 -0.6206 1.0399, 1.252 -0.6187 1.0348, 1.252 -0.6138 1.0407, 1.252 -0.6144 1.0353, 1.252 -0.6098 1.0404, 1.252 -0.6122 1.0351, 1.252 -0.607 1.0395, 1.252 -0.6106 1.0345, 1.252 -0.6047 1.0383, 1.252 -0.6094 1.0338, 1.252 -0.603 1.0365, 1.252 -0.6084 1.0327, 1.252 -0.6016 1.0344, 1.252 -0.6076 1.0313, 1.252 -0.6005 1.0313, 1.252 -0.607 1.0289, 1.248 -0.6138 1.0407, 1.248 -0.6206 1.0399, 1.248 -0.6255 1.038, 1.248 -0.6269 1.0372, 1.248 -0.6269 1.0307, 1.248 -0.6229 1.0333, 1.248 -0.6187 1.0348, 1.248 -0.6144 1.0353, 1.248 -0.6122 1.0351, 1.248 -0.6106 1.0345, 1.248 -0.6094 1.0338, 1.248 -0.6084 1.0327, 1.248 -0.6076 1.0313, 1.248 -0.607 1.0289, 1.248 -0.6067 1.026, 1.248 -0.618 1.0244, 1.248 -0.623 1.0232, 1.248 -0.6259 1.0217, 1.248 -0.6279 1.02, 1.248 -0.6293 1.0181, 1.248 -0.6302 1.0157, 1.248 -0.6306 1.0129, 1.248 -0.6307 1.012, 1.248 -0.6303 1.0089, 1.248 -0.6295 1.0067, 1.248 -0.6281 1.0046, 1.248 -0.6274 1.0039, 1.248 -0.6186 1.0009, 1.248 -0.6225 1.0013, 1.248 -0.6226 1.0013, 1.248 -0.6251 1.0023, 1.248 -0.6151 1.0012, 1.248 -0.6149 1.0013, 1.248 -0.6124 1.0022, 1.248 -0.6101 1.0038, 1.248 -0.608 1.006, 1.248 -0.6069 1.0076, 1.248 -0.6067 1.0076, 1.248 -0.6067 1.0018, 1.248 -0.6 1.0018, 1.248 -0.6 1.0263, 1.248 -0.6005 1.0313, 1.248 -0.6016 1.0344, 1.248 -0.603 1.0365, 1.248 -0.6047 1.0383, 1.248 -0.607 1.0395, 1.248 -0.6098 1.0404, 1.248 -0.6221 1.0173, 1.248 -0.6213 1.018, 1.248 -0.6197 1.0187, 1.248 -0.6156 1.0197, 1.248 -0.6239 1.0125, 1.248 -0.6238 1.0136, 1.248 -0.6235 1.0151, 1.248 -0.6229 1.0163, 1.248 -0.6219 1.0081, 1.248 -0.6225 1.0086, 1.248 -0.6233 1.0098, 1.248 -0.6237 1.011, 1.248 -0.6168 1.0063, 1.248 -0.6191 1.0066, 1.248 -0.6206 1.0071, 1.248 -0.6096 1.0094, 1.248 -0.6104 1.0086, 1.248 -0.6123 1.0074, 1.248 -0.6143 1.0066, 1.248 -0.6067 1.0172, 1.248 -0.6067 1.0168, 1.248 -0.6072 1.0138, 1.248 -0.6081 1.0114, 1.248 -0.6067 1.0209]} coordIndex [0,1,2,-1,2,1,3,-1,4,0,5,-1,5,0,2,-1,6,4,7,-1,7,4,5,-1,8,6,9,-1,9,6,7,-1,10,8,11,-1,11,8,9,-1,12,10,13,-1,13,10,11,-1,14,12,15,-1,15,12,13,-1,16,14,17,-1,17,14,15,-1,18,16,19,-1,19,16,17,-1,20,18,21,-1,21,18,19,-1,22,20,23,-1,23,20,21,-1,1,22,3,-1,3,22,23,-1,22,1,0,-1,0,4,22,-1,22,4,6,-1,22,6,20,-1,16,18,14,-1,14,18,20,-1,14,20,12,-1,12,20,6,-1,12,6,10,-1,10,6,8,-1,24,25,26,-1,27,28,29,-1,29,28,30,-1,31,32,25,-1,25,32,28,-1,25,28,26,-1,26,28,27,-1,33,34,35,-1,26,36,24,-1,24,36,37,-1,24,37,38,-1,38,37,39,-1,38,39,40,-1,40,39,41,-1,40,41,42,-1,42,41,43,-1,42,43,44,-1,44,43,45,-1,44,45,46,-1,46,45,47,-1,46,47,48,-1,48,47,49,-1,48,49,50,-1,50,49,51,-1,50,51,52,-1,52,51,53,-1,35,34,54,-1,54,34,55,-1,54,55,56,-1,56,55,57,-1,56,57,58,-1,57,59,58,-1,58,59,60,-1,58,60,61,-1,61,60,62,-1,61,62,63,-1,35,64,33,-1,33,64,65,-1,33,65,66,-1,66,65,67,-1,66,67,68,-1,68,67,69,-1,68,69,70,-1,70,69,71,-1,70,71,53,-1,53,71,72,-1,53,72,52,-1,73,74,75,-1,75,74,76,-1,75,76,77,-1,77,76,78,-1,77,78,79,-1,79,78,80,-1,79,80,81,-1,81,80,82,-1,81,82,83,-1,83,82,84,-1,83,84,85,-1,85,84,86,-1,85,86,87,-1,87,86,88,-1,87,88,89,-1,89,88,90,-1,89,90,91,-1,91,90,92,-1,91,92,28,-1,28,92,63,-1,28,63,30,-1,30,63,62,-1,79,93,94,-1,79,94,77,-1,77,94,95,-1,77,95,75,-1,75,95,96,-1,75,96,73,-1,74,73,97,-1,97,73,96,-1,74,97,98,-1,74,98,76,-1,76,98,99,-1,76,99,78,-1,78,99,100,-1,78,100,80,-1,80,100,101,-1,80,101,82,-1,82,101,102,-1,82,102,84,-1,84,102,103,-1,84,103,86,-1,86,103,104,-1,86,104,88,-1,88,104,105,-1,88,105,90,-1,90,105,106,-1,90,106,92,-1,92,106,107,-1,92,107,63,-1,61,63,108,-1,108,63,107,-1,61,108,109,-1,61,109,58,-1,58,109,110,-1,58,110,56,-1,56,110,111,-1,56,111,54,-1,54,111,112,-1,54,112,35,-1,35,112,113,-1,35,113,64,-1,64,113,114,-1,64,114,65,-1,65,114,115,-1,65,115,67,-1,67,115,116,-1,67,116,69,-1,69,116,117,-1,69,117,71,-1,71,117,118,-1,71,118,72,-1,72,118,119,-1,72,119,52,-1,120,46,121,-1,121,46,48,-1,121,48,122,-1,122,48,50,-1,122,50,123,-1,123,50,52,-1,123,52,119,-1,46,120,124,-1,46,124,44,-1,44,124,125,-1,44,125,42,-1,125,126,42,-1,42,126,127,-1,42,127,40,-1,40,127,128,-1,40,128,38,-1,38,128,129,-1,38,129,24,-1,25,24,130,-1,130,24,129,-1,31,25,131,-1,131,25,130,-1,32,31,132,-1,132,31,131,-1,28,32,133,-1,133,32,132,-1,28,133,134,-1,28,134,91,-1,91,134,135,-1,91,135,89,-1,89,135,136,-1,89,136,87,-1,87,136,137,-1,87,137,85,-1,85,137,138,-1,85,138,83,-1,83,138,139,-1,83,139,81,-1,81,139,93,-1,81,93,79,-1,57,140,141,-1,57,141,59,-1,59,141,142,-1,59,142,60,-1,60,142,143,-1,60,143,62,-1,66,144,145,-1,66,145,33,-1,33,145,146,-1,33,146,34,-1,34,146,147,-1,34,147,55,-1,55,147,140,-1,55,140,57,-1,51,148,149,-1,51,149,53,-1,53,149,150,-1,53,150,70,-1,70,150,151,-1,70,151,68,-1,68,151,144,-1,68,144,66,-1,45,152,153,-1,45,153,47,-1,47,153,154,-1,47,154,49,-1,49,154,148,-1,49,148,51,-1,37,155,156,-1,37,156,39,-1,39,156,157,-1,39,157,41,-1,41,157,158,-1,41,158,43,-1,43,158,152,-1,43,152,45,-1,29,159,160,-1,29,160,27,-1,27,160,161,-1,27,161,26,-1,26,161,162,-1,26,162,36,-1,36,162,155,-1,36,155,37,-1,29,30,159,-1,159,30,163,-1,30,62,163,-1,163,62,143,-1]}}
Shape{appearance Appearance{material Material{diffuseColor 1.0 0.9764705882352941 0.9058823529411765 transparency 0.0}}geometry IndexedFaceSet{ccw TRUE solid FALSE coord Coordinate{point [1.248 -0.6067 1.0168, 1.248 -0.6067 1.0172, 1.248 -0.6221 1.0173, 1.248 -0.6067 1.0209, 1.248 -0.6156 1.0197, 1.248 -0.6197 1.0187, 1.248 -0.6213 1.018, 1.248 -0.6072 1.0138, 1.248 -0.6229 1.0163, 1.248 -0.6081 1.0114, 1.248 -0.6225 1.0086, 1.248 -0.6219 1.0081, 1.248 -0.6104 1.0086, 1.248 -0.6233 1.0098, 1.248 -0.6123 1.0074, 1.248 -0.6143 1.0066, 1.248 -0.6168 1.0063, 1.248 -0.6235 1.0151, 1.248 -0.6238 1.0136, 1.248 -0.6096 1.0094, 1.248 -0.6239 1.0125, 1.248 -0.6237 1.011, 1.248 -0.6206 1.0071, 1.248 -0.6191 1.0066]} coordIndex [0,1,2,-1,1,3,4,-1,4,5,1,-1,1,5,6,-1,1,6,2,-1,0,2,7,-1,7,2,8,-1,7,8,9,-1,10,11,12,-1,10,12,13,-1,14,12,15,-1,15,12,16,-1,8,17,9,-1,9,17,18,-1,9,18,19,-1,19,18,20,-1,19,20,12,-1,12,20,21,-1,12,21,13,-1,11,22,12,-1,12,22,23,-1,12,23,16,-1]}}
Shape{appearance Appearance{material Material{diffuseColor 0.0 0.0 0.0 transparency 0.0}}geometry IndexedFaceSet{ccw TRUE solid FALSE coord Coordinate{point [1.248 -0.591 1.01, 1.252 -0.591 1.01, 1.252 -0.5884 1.0084, 1.252 -0.58 1.0063, 1.248 -0.58 1.0063, 1.248 -0.5842 1.0068, 1.252 -0.5842 1.0068, 1.248 -0.5879 1.0082, 1.248 -0.5884 1.0084, 1.252 -0.591 1.0031, 1.248 -0.591 1.0031, 1.248 -0.5879 1.002, 1.252 -0.5868 1.0016, 1.248 -0.5806 1.0009, 1.252 -0.5806 1.0009, 1.248 -0.5846 1.0013, 1.248 -0.5868 1.0016, 1.248 -0.5761 1.0013, 1.252 -0.5755 1.0014, 1.248 -0.5755 1.0014, 1.248 -0.5717 1.0026, 1.252 -0.5717 1.0026, 1.248 -0.5695 1.0039, 1.252 -0.5695 1.0039, 1.248 -0.5676 1.0056, 1.252 -0.5676 1.0056, 1.248 -0.5664 1.0073, 1.252 -0.5664 1.0073, 1.248 -0.5655 1.0094, 1.252 -0.5655 1.0094, 1.248 -0.5652 1.0121, 1.252 -0.5652 1.0121, 1.248 -0.5655 1.0146, 1.252 -0.5655 1.0146, 1.248 -0.5662 1.0166, 1.252 -0.5662 1.0166, 1.248 -0.5675 1.0184, 1.252 -0.5675 1.0184, 1.248 -0.5691 1.0198, 1.252 -0.5691 1.0198, 1.248 -0.5735 1.0223, 1.252 -0.5735 1.0223, 1.248 -0.5761 1.0234, 1.252 -0.5761 1.0234, 1.248 -0.5802 1.0252, 1.252 -0.5802 1.0252, 1.248 -0.5826 1.0266, 1.252 -0.5826 1.0266, 1.248 -0.5832 1.0274, 1.252 -0.5832 1.0274, 1.248 -0.5837 1.0283, 1.252 -0.5837 1.0283, 1.248 -0.584 1.0293, 1.252 -0.584 1.0293, 1.248 -0.584 1.0302, 1.252 -0.584 1.0302, 1.248 -0.5839 1.0313, 1.252 -0.5839 1.0313, 1.248 -0.5836 1.0322, 1.252 -0.5836 1.0322, 1.248 -0.583 1.033, 1.252 -0.583 1.033, 1.248 -0.582 1.0339, 1.252 -0.582 1.0339, 1.248 -0.5805 1.0347, 1.252 -0.5805 1.0347, 1.248 -0.5787 1.0352, 1.252 -0.5787 1.0352, 1.248 -0.5767 1.0353, 1.252 -0.5767 1.0353, 1.248 -0.5723 1.0348, 1.252 -0.5723 1.0348, 1.248 -0.5686 1.0334, 1.252 -0.5686 1.0334, 1.248 -0.5671 1.0326, 1.252 -0.5671 1.0326, 1.252 -0.5671 1.0391, 1.248 -0.5671 1.0391, 1.248 -0.5715 1.0404, 1.252 -0.5715 1.0404, 1.248 -0.5761 1.0407, 1.252 -0.5761 1.0407, 1.248 -0.5809 1.0402, 1.252 -0.5809 1.0402, 1.248 -0.5846 1.0389, 1.252 -0.5846 1.0389, 1.248 -0.5866 1.0377, 1.252 -0.5866 1.0377, 1.248 -0.5879 1.0366, 1.252 -0.5886 1.0359, 1.248 -0.5886 1.0359, 1.248 -0.5899 1.0341, 1.252 -0.5899 1.0341, 1.248 -0.5907 1.032, 1.252 -0.5907 1.032, 1.248 -0.5909 1.0296, 1.252 -0.5909 1.0296, 1.248 -0.5906 1.027, 1.252 -0.5906 1.027, 1.248 -0.5899 1.025, 1.252 -0.5899 1.025, 1.248 -0.589 1.0236, 1.252 -0.589 1.0236, 1.248 -0.5808 1.0185, 1.252 -0.5808 1.0185, 1.252 -0.5848 1.0203, 1.248 -0.5879 1.0224, 1.252 -0.5879 1.0224, 1.248 -0.5879 1.0224, 1.248 -0.5848 1.0203, 1.248 -0.5764 1.0167, 1.252 -0.5764 1.0167, 1.248 -0.5738 1.0151, 1.252 -0.5738 1.0151, 1.248 -0.573 1.0142, 1.252 -0.573 1.0142, 1.248 -0.5725 1.0133, 1.252 -0.5725 1.0133, 1.248 -0.5722 1.0123, 1.252 -0.5722 1.0123, 1.248 -0.5721 1.0115, 1.252 -0.5721 1.0115, 1.248 -0.5722 1.0102, 1.252 -0.5722 1.0102, 1.248 -0.5726 1.0092, 1.252 -0.5726 1.0092, 1.248 -0.5732 1.0084, 1.252 -0.5732 1.0084, 1.248 -0.5739 1.0077, 1.252 -0.5739 1.0077, 1.248 -0.5745 1.0073, 1.252 -0.5745 1.0073, 1.248 -0.5763 1.0067, 1.252 -0.5763 1.0067, 1.248 -0.5797 1.0063, 1.252 -0.5797 1.0063, 1.252 -0.5321 1.0399, 1.252 -0.5252 1.0399, 1.248 -0.5321 1.0399, 1.248 -0.5252 1.0399, 1.252 -0.5425 1.0112, 1.248 -0.5425 1.0112, 1.248 -0.543 1.0094, 1.252 -0.543 1.0094, 1.248 -0.5433 1.0081, 1.252 -0.5433 1.0081, 1.252 -0.5435 1.0081, 1.248 -0.5435 1.0081, 1.252 -0.5443 1.0112, 1.248 -0.5443 1.0112, 1.252 -0.5543 1.0399, 1.248 -0.551 1.0306, 1.248 -0.5543 1.0399, 1.252 -0.5617 1.0399, 1.248 -0.5617 1.0399, 1.252 -0.5468 1.0018, 1.248 -0.551 1.0126, 1.248 -0.5468 1.0018, 1.248 -0.5497 0.9949, 1.252 -0.5497 0.9949, 1.248 -0.547 1.0013, 1.248 -0.551 0.9925, 1.252 -0.551 0.9925, 1.248 -0.551 0.9925, 1.248 -0.5523 0.9911, 1.252 -0.5523 0.9911, 1.248 -0.5535 0.9903, 1.252 -0.5535 0.9903, 1.248 -0.5549 0.9897, 1.252 -0.5549 0.9897, 1.248 -0.5566 0.9895, 1.252 -0.5566 0.9895, 1.248 -0.559 0.9898, 1.252 -0.559 0.9898, 1.248 -0.5604 0.9903, 1.252 -0.5604 0.9903, 1.252 -0.5604 0.9843, 1.248 -0.5604 0.9843, 1.248 -0.5575 0.9838, 1.252 -0.5575 0.9838, 1.248 -0.5561 0.9838, 1.252 -0.5561 0.9838, 1.248 -0.5534 0.9841, 1.252 -0.5534 0.9841, 1.248 -0.551 0.985, 1.252 -0.5507 0.9851, 1.248 -0.5507 0.9851, 1.248 -0.5484 0.9867, 1.252 -0.5484 0.9867, 1.248 -0.5479 0.9872, 1.252 -0.5479 0.9872, 1.248 -0.5455 0.9901, 1.252 -0.5455 0.9901, 1.248 -0.5425 0.996, 1.252 -0.5425 0.996, 1.248 -0.5404 1.0013, 1.252 -0.4892 1.0078, 1.252 -0.4892 1.0018, 1.248 -0.4892 1.0078, 1.248 -0.4892 1.0018, 1.252 -0.5111 1.0078, 1.248 -0.5011 1.0078, 1.248 -0.5111 1.0078, 1.252 -0.5111 1.0258, 1.248 -0.5111 1.0258, 1.252 -0.492 1.0258, 1.248 -0.5011 1.0258, 1.248 -0.492 1.0258, 1.252 -0.492 1.0319, 1.248 -0.492 1.0319, 1.248 -0.5111 1.0319, 1.252 -0.5111 1.0319, 1.248 -0.5011 1.0319, 1.252 -0.5111 1.049, 1.248 -0.5111 1.049, 1.248 -0.4905 1.049, 1.252 -0.4905 1.049, 1.248 -0.5011 1.049, 1.252 -0.4905 1.0551, 1.248 -0.4905 1.0551, 1.248 -0.5179 1.0551, 1.252 -0.5179 1.0551, 1.248 -0.5011 1.0551, 1.252 -0.5179 1.0018, 1.248 -0.5179 1.0018, 1.248 -0.5011 1.0018, 1.252 -0.446 1.0166, 1.252 -0.4486 1.0134, 1.252 -0.4437 1.0092, 1.252 -0.4493 1.0128, 1.252 -0.4493 1.0052, 1.252 -0.4527 1.0104, 1.252 -0.4554 1.0028, 1.252 -0.4571 1.0087, 1.252 -0.4645 1.0018, 1.252 -0.4645 1.0078, 1.252 -0.4792 1.0018, 1.252 -0.4723 1.0078, 1.252 -0.4792 1.0551, 1.252 -0.4723 1.049, 1.252 -0.4639 1.0551, 1.252 -0.4642 1.049, 1.252 -0.4558 1.0542, 1.252 -0.457 1.0481, 1.252 -0.4493 1.0519, 1.252 -0.4524 1.0464, 1.252 -0.4437 1.0481, 1.252 -0.4488 1.044, 1.252 -0.4418 1.0462, 1.252 -0.4473 1.0425, 1.252 -0.4385 1.0415, 1.252 -0.4452 1.0395, 1.252 -0.4366 1.0365, 1.252 -0.4437 1.0356, 1.252 -0.4357 1.0291, 1.252 -0.4429 1.0289, 1.252 -0.4359 1.0257, 1.252 -0.4431 1.0254, 1.252 -0.4371 1.0195, 1.252 -0.4442 1.0206, 1.252 -0.4398 1.0139, 1.248 -0.4645 1.0018, 1.248 -0.4792 1.0018, 1.248 -0.4554 1.0028, 1.248 -0.4493 1.0052, 1.248 -0.4437 1.0092, 1.248 -0.4398 1.0139, 1.248 -0.4371 1.0195, 1.248 -0.4359 1.0257, 1.248 -0.4357 1.0291, 1.248 -0.4366 1.0365, 1.248 -0.4385 1.0415, 1.248 -0.4418 1.0462, 1.248 -0.4437 1.0481, 1.248 -0.4493 1.0519, 1.248 -0.4558 1.0542, 1.248 -0.4639 1.0551, 1.248 -0.4792 1.0551, 1.248 -0.4642 1.049, 1.248 -0.4723 1.049, 1.248 -0.4723 1.0078, 1.248 -0.4645 1.0078, 1.248 -0.4486 1.0134, 1.248 -0.4493 1.0128, 1.248 -0.4527 1.0104, 1.248 -0.4571 1.0087, 1.248 -0.4429 1.0289, 1.248 -0.4431 1.0254, 1.248 -0.4442 1.0206, 1.248 -0.446 1.0166, 1.248 -0.4488 1.044, 1.248 -0.4473 1.0425, 1.248 -0.4452 1.0395, 1.248 -0.4437 1.0356, 1.248 -0.457 1.0481, 1.248 -0.4524 1.0464]} coordIndex [0,1,2,-1,3,4,5,-1,3,5,6,-1,6,5,7,-1,6,7,2,-1,2,7,8,-1,2,8,0,-1,9,1,10,-1,10,1,0,-1,10,11,9,-1,9,11,12,-1,13,14,15,-1,15,14,12,-1,15,12,16,-1,16,12,11,-1,13,17,14,-1,14,17,18,-1,17,19,18,-1,18,19,20,-1,18,20,21,-1,21,20,22,-1,21,22,23,-1,23,22,24,-1,23,24,25,-1,25,24,26,-1,25,26,27,-1,27,26,28,-1,27,28,29,-1,29,28,30,-1,29,30,31,-1,31,30,32,-1,31,32,33,-1,33,32,34,-1,33,34,35,-1,35,34,36,-1,35,36,37,-1,37,36,38,-1,37,38,39,-1,39,38,40,-1,39,40,41,-1,41,40,42,-1,41,42,43,-1,43,42,44,-1,43,44,45,-1,45,44,46,-1,45,46,47,-1,47,46,48,-1,47,48,49,-1,49,48,50,-1,49,50,51,-1,51,50,52,-1,51,52,53,-1,53,52,54,-1,53,54,55,-1,55,54,56,-1,55,56,57,-1,57,56,58,-1,57,58,59,-1,59,58,60,-1,59,60,61,-1,61,60,62,-1,61,62,63,-1,63,62,64,-1,63,64,65,-1,65,64,66,-1,65,66,67,-1,67,66,68,-1,67,68,69,-1,69,68,70,-1,69,70,71,-1,71,70,72,-1,71,72,73,-1,73,72,74,-1,73,74,75,-1,76,75,77,-1,77,75,74,-1,76,77,78,-1,76,78,79,-1,79,78,80,-1,79,80,81,-1,81,80,82,-1,81,82,83,-1,83,82,84,-1,83,84,85,-1,85,84,86,-1,85,86,87,-1,86,88,87,-1,87,88,89,-1,88,90,89,-1,89,90,91,-1,89,91,92,-1,92,91,93,-1,92,93,94,-1,94,93,95,-1,94,95,96,-1,96,95,97,-1,96,97,98,-1,98,97,99,-1,98,99,100,-1,100,99,101,-1,100,101,102,-1,103,104,105,-1,102,101,106,-1,102,106,107,-1,107,106,108,-1,107,108,105,-1,105,108,109,-1,105,109,103,-1,104,103,110,-1,104,110,111,-1,111,110,112,-1,111,112,113,-1,113,112,114,-1,113,114,115,-1,115,114,116,-1,115,116,117,-1,117,116,118,-1,117,118,119,-1,119,118,120,-1,119,120,121,-1,121,120,122,-1,121,122,123,-1,123,122,124,-1,123,124,125,-1,125,124,126,-1,125,126,127,-1,127,126,128,-1,127,128,129,-1,129,128,130,-1,129,130,131,-1,131,130,132,-1,131,132,133,-1,133,132,134,-1,133,134,135,-1,135,134,4,-1,135,4,3,-1,61,63,85,-1,85,63,83,-1,45,104,43,-1,43,104,111,-1,43,111,41,-1,14,3,12,-1,12,3,6,-1,12,6,9,-1,9,6,2,-1,9,2,1,-1,63,65,83,-1,83,65,67,-1,83,67,81,-1,81,67,69,-1,81,69,79,-1,79,69,71,-1,79,71,76,-1,76,71,73,-1,76,73,75,-1,41,111,39,-1,39,111,113,-1,39,113,37,-1,37,113,115,-1,37,115,35,-1,35,115,117,-1,35,117,33,-1,33,117,119,-1,33,119,31,-1,31,119,121,-1,31,121,29,-1,29,121,123,-1,29,123,27,-1,27,123,125,-1,27,125,25,-1,25,125,127,-1,25,127,23,-1,23,127,129,-1,23,129,21,-1,21,129,131,-1,21,131,18,-1,18,131,133,-1,18,133,14,-1,14,133,135,-1,14,135,3,-1,85,87,61,-1,61,87,89,-1,61,89,59,-1,59,89,92,-1,59,92,57,-1,57,92,94,-1,57,94,55,-1,55,94,96,-1,55,96,53,-1,53,96,98,-1,53,98,51,-1,51,98,100,-1,51,100,49,-1,49,100,102,-1,49,102,47,-1,47,102,107,-1,47,107,45,-1,45,107,105,-1,45,105,104,-1,136,137,138,-1,138,137,139,-1,140,136,141,-1,141,136,138,-1,140,141,142,-1,140,142,143,-1,143,142,144,-1,143,144,145,-1,146,145,147,-1,147,145,144,-1,148,146,149,-1,149,146,147,-1,148,149,150,-1,150,149,151,-1,150,151,152,-1,153,150,154,-1,154,150,152,-1,153,154,155,-1,155,154,156,-1,155,156,157,-1,158,159,160,-1,160,159,155,-1,160,155,157,-1,158,161,159,-1,159,161,162,-1,161,163,162,-1,162,163,164,-1,162,164,165,-1,165,164,166,-1,165,166,167,-1,167,166,168,-1,167,168,169,-1,169,168,170,-1,169,170,171,-1,171,170,172,-1,171,172,173,-1,173,172,174,-1,173,174,175,-1,176,175,177,-1,177,175,174,-1,176,177,178,-1,176,178,179,-1,179,178,180,-1,179,180,181,-1,181,180,182,-1,181,182,183,-1,183,182,184,-1,183,184,185,-1,184,186,185,-1,185,186,187,-1,185,187,188,-1,188,187,189,-1,188,189,190,-1,190,189,191,-1,190,191,192,-1,192,191,193,-1,192,193,194,-1,139,137,195,-1,195,137,194,-1,195,194,193,-1,143,145,194,-1,137,136,194,-1,194,136,140,-1,194,140,143,-1,150,153,148,-1,148,153,155,-1,148,155,146,-1,175,176,173,-1,173,176,179,-1,173,179,171,-1,171,179,181,-1,171,181,169,-1,169,181,183,-1,169,183,167,-1,167,183,185,-1,167,185,165,-1,145,146,194,-1,194,146,155,-1,194,155,192,-1,155,159,192,-1,192,159,162,-1,192,162,190,-1,190,162,165,-1,190,165,188,-1,188,165,185,-1,196,197,198,-1,198,197,199,-1,196,198,200,-1,200,198,201,-1,200,201,202,-1,203,200,204,-1,204,200,202,-1,203,204,205,-1,205,204,206,-1,205,206,207,-1,208,205,209,-1,209,205,207,-1,210,211,212,-1,212,211,208,-1,212,208,209,-1,213,211,214,-1,214,211,210,-1,215,216,217,-1,217,216,213,-1,217,213,214,-1,218,216,219,-1,219,216,215,-1,220,221,222,-1,222,221,218,-1,222,218,219,-1,223,221,224,-1,224,221,220,-1,223,224,197,-1,197,224,225,-1,197,225,199,-1,223,197,196,-1,196,200,223,-1,223,200,203,-1,223,203,221,-1,216,218,213,-1,213,218,221,-1,213,221,211,-1,211,221,203,-1,211,203,208,-1,208,203,205,-1,226,227,228,-1,228,227,229,-1,228,229,230,-1,230,229,231,-1,230,231,232,-1,232,231,233,-1,232,233,234,-1,234,233,235,-1,234,235,236,-1,236,235,237,-1,236,237,238,-1,238,237,239,-1,238,239,240,-1,240,239,241,-1,240,241,242,-1,242,241,243,-1,242,243,244,-1,244,243,245,-1,244,245,246,-1,246,245,247,-1,246,247,248,-1,248,247,249,-1,248,249,250,-1,250,249,251,-1,250,251,252,-1,252,251,253,-1,252,253,254,-1,254,253,255,-1,254,255,256,-1,256,255,257,-1,256,257,258,-1,258,257,259,-1,258,259,260,-1,260,259,226,-1,260,226,228,-1,234,236,261,-1,261,236,262,-1,234,261,263,-1,234,263,232,-1,232,263,264,-1,232,264,230,-1,230,264,265,-1,230,265,228,-1,228,265,266,-1,228,266,260,-1,260,266,267,-1,260,267,258,-1,258,267,268,-1,258,268,256,-1,256,268,269,-1,256,269,254,-1,254,269,270,-1,254,270,252,-1,252,270,271,-1,252,271,250,-1,250,271,272,-1,250,272,248,-1,248,272,273,-1,248,273,246,-1,246,273,274,-1,246,274,244,-1,244,274,275,-1,244,275,242,-1,242,275,276,-1,242,276,240,-1,238,240,277,-1,277,240,276,-1,236,238,262,-1,262,238,277,-1,241,239,278,-1,278,239,279,-1,239,237,279,-1,279,237,280,-1,237,235,280,-1,280,235,281,-1,227,282,283,-1,227,283,229,-1,229,283,284,-1,229,284,231,-1,231,284,285,-1,231,285,233,-1,233,285,281,-1,233,281,235,-1,255,286,287,-1,255,287,257,-1,257,287,288,-1,257,288,259,-1,259,288,289,-1,259,289,226,-1,226,289,282,-1,226,282,227,-1,247,290,291,-1,247,291,249,-1,249,291,292,-1,249,292,251,-1,251,292,293,-1,251,293,253,-1,253,293,286,-1,253,286,255,-1,241,278,294,-1,241,294,243,-1,243,294,295,-1,243,295,245,-1,245,295,290,-1,245,290,247,-1]}}
Shape{appearance Appearance{material Material{diffuseColor 1.0 0.9764705882352941 0.9058823529411765 transparency 0.0}}geometry IndexedFaceSet{ccw TRUE solid FALSE coord Coordinate{point [1.248 -0.4723 1.049, 1.248 -0.4723 1.0078, 1.248 -0.4642 1.049, 1.248 -0.4645 1.0078, 1.248 -0.4571 1.0087, 1.248 -0.4527 1.0104, 1.248 -0.4493 1.0128, 1.248 -0.4486 1.0134, 1.248 -0.446 1.0166, 1.248 -0.4442 1.0206, 1.248 -0.4429 1.0289, 1.248 -0.4488 1.044, 1.248 -0.4524 1.0464, 1.248 -0.4437 1.0356, 1.248 -0.4452 1.0395, 1.248 -0.4473 1.0425, 1.248 -0.4431 1.0254, 1.248 -0.457 1.0481]} coordIndex [0,1,2,-1,2,1,3,-1,3,4,2,-1,2,4,5,-1,2,5,6,-1,6,7,2,-1,2,7,8,-1,2,8,9,-1,10,11,12,-1,13,14,10,-1,10,14,15,-1,10,15,11,-1,9,16,2,-1,2,16,10,-1,2,10,17,-1,17,10,12,-1]}}
Shape{appearance Appearance{material Material{diffuseColor 0.0 0.0 0.0 transparency 0.0}}geometry IndexedFaceSet{ccw TRUE solid FALSE coord Coordinate{point [1.252 -0.4178 1.0224, 1.252 -0.42 1.0164, 1.252 -0.3999 1.0224, 1.252 -0.3978 1.0164, 1.252 -0.4098 1.0446, 1.252 -0.4124 1.0551, 1.252 -0.4327 1.0018, 1.252 -0.4251 1.0018, 1.252 -0.4094 1.0462, 1.252 -0.4089 1.0483, 1.252 -0.405 1.0551, 1.252 -0.4088 1.0483, 1.252 -0.4084 1.0461, 1.252 -0.408 1.0446, 1.252 -0.3847 1.0018, 1.252 -0.3923 1.0018, 1.248 -0.405 1.0551, 1.248 -0.3847 1.0018, 1.248 -0.4124 1.0551, 1.248 -0.4327 1.0018, 1.248 -0.4251 1.0018, 1.248 -0.42 1.0164, 1.248 -0.3978 1.0164, 1.248 -0.3923 1.0018, 1.248 -0.4178 1.0224, 1.248 -0.3999 1.0224, 1.248 -0.408 1.0446, 1.248 -0.4088 1.0483, 1.248 -0.4084 1.0461, 1.248 -0.4089 1.0483, 1.248 -0.4098 1.0446, 1.248 -0.4094 1.0462]} coordIndex [0,1,2,-1,2,1,3,-1,4,5,0,-1,0,5,6,-1,0,6,1,-1,1,6,7,-1,4,8,5,-1,5,8,9,-1,5,9,10,-1,10,9,11,-1,10,11,12,-1,12,13,10,-1,10,13,2,-1,10,2,14,-1,14,2,3,-1,14,3,15,-1,10,14,16,-1,16,14,17,-1,5,10,18,-1,18,10,16,-1,6,5,19,-1,19,5,18,-1,7,6,20,-1,20,6,19,-1,1,7,21,-1,21,7,20,-1,3,1,22,-1,22,1,21,-1,15,3,23,-1,23,3,22,-1,14,15,17,-1,17,15,23,-1,0,2,24,-1,24,2,25,-1,2,13,25,-1,25,13,26,-1,11,27,28,-1,11,28,12,-1,12,28,26,-1,12,26,13,-1,11,9,27,-1,27,9,29,-1,4,30,31,-1,4,31,8,-1,8,31,29,-1,8,29,9,-1,4,0,30,-1,30,0,24,-1]}}
Shape{appearance Appearance{material Material{diffuseColor 1.0 0.9764705882352941 0.9058823529411765 transparency 0.0}}geometry IndexedFaceSet{ccw TRUE solid FALSE coord Coordinate{point [1.248 -0.4088 1.0483, 1.248 -0.4089 1.0483, 1.248 -0.4084 1.0461, 1.248 -0.4094 1.0462, 1.248 -0.408 1.0446, 1.248 -0.4098 1.0446, 1.248 -0.3999 1.0224, 1.248 -0.4178 1.0224]} coordIndex [0,1,2,-1,2,1,3,-1,2,3,4,-1,4,3,5,-1,4,5,6,-1,6,5,7,-1]}}
Shape{appearance Appearance{material Material{diffuseColor 0.0 0.0 0.0 transparency 0.0}}geometry IndexedFaceSet{ccw TRUE solid FALSE coord Coordinate{point [1.252 -0.9116 1.0937, 1.252 -0.9031 1.0982, 1.252 -0.9051 1.1215, 1.252 -0.8382 0.9927, 1.252 -0.8338 1.0011, 1.252 -0.8315 1.0105, 1.252 -0.8814 1.1226, 1.252 -0.8697 1.0949, 1.252 -0.8639 1.1069, 1.252 -0.8837 1.0094, 1.252 -0.8844 1.013, 1.252 -0.9049 1.0278, 1.252 -0.9053 1.0023, 1.252 -0.9101 1.0038, 1.252 -0.9132 1.0328, 1.252 -0.8901 1.1234, 1.252 -0.7782 1.0464, 1.252 -0.79 1.0665, 1.252 -0.8313 1.0183, 1.252 -0.8408 1.0399, 1.252 -0.8313 1.0145, 1.252 -0.8516 0.9809, 1.252 -0.8441 0.9862, 1.252 -0.856 1.0198, 1.252 -0.855 1.0163, 1.252 -0.8549 1.0126, 1.252 -0.8558 1.009, 1.252 -0.8575 1.0057, 1.252 -0.8822 1.0062, 1.252 -0.8959 0.9872, 1.252 -0.9015 0.9942, 1.252 -0.7657 1.0839, 1.252 -0.7626 1.0839, 1.252 -0.7471 1.1044, 1.252 -0.7554 1.083, 1.252 -0.7452 1.1038, 1.252 -0.7488 1.0805, 1.252 -0.7339 1.0982, 1.252 -0.7236 1.0895, 1.252 -0.8736 1.1317, 1.252 -0.8553 1.1171, 1.252 -0.8647 1.1393, 1.252 -0.8452 1.1245, 1.252 -0.8544 1.1456, 1.252 -0.8937 1.1004, 1.252 -0.8898 1.1006, 1.252 -0.8858 1.1232, 1.252 -0.8809 1.0995, 1.252 -0.8724 1.0964, 1.252 -0.8597 1.0031, 1.252 -0.8626 1.0011, 1.252 -0.8601 0.9777, 1.252 -0.8659 0.9998, 1.252 -0.8693 0.9765, 1.252 -0.8697 0.9993, 1.252 -0.8707 0.9765, 1.252 -0.8703 0.9993, 1.252 -0.8797 0.9779, 1.252 -0.8737 0.9999, 1.252 -0.8885 0.9816, 1.252 -0.8771 1.0013, 1.252 -0.88 1.0036, 1.252 -0.7235 1.0186, 1.252 -0.7412 1.0337, 1.252 -0.7339 1.0099, 1.252 -0.7468 1.0291, 1.252 -0.7454 1.0042, 1.252 -0.7535 1.026, 1.252 -0.7581 1.0016, 1.252 -0.7604 1.0247, 1.252 -0.7805 1.0016, 1.252 -0.7774 1.0247, 1.252 -0.7826 1.0019, 1.252 -0.7429 1.0764, 1.252 -0.7385 1.0715, 1.252 -0.7159 1.0787, 1.252 -0.735 1.0649, 1.252 -0.7112 1.0671, 1.252 -0.7332 1.0577, 1.252 -0.7095 1.0547, 1.252 -0.733 1.0543, 1.252 -0.7112 1.0412, 1.252 -0.7339 1.0469, 1.252 -0.716 1.0291, 1.252 -0.7366 1.0402, 1.252 -0.7407 1.0342, 1.252 -0.7676 1.1344, 1.252 -0.7824 1.117, 1.252 -0.7547 1.1194, 1.252 -0.7738 1.1067, 1.252 -0.768 1.0945, 1.252 -0.9266 1.0719, 1.252 -0.9515 1.0656, 1.252 -0.9277 1.0627, 1.252 -0.9516 1.0619, 1.252 -0.9273 1.0568, 1.252 -0.9498 1.047, 1.252 -0.9245 1.0475, 1.252 -0.9444 1.0329, 1.252 -0.92 1.0398, 1.252 -0.9357 1.0205, 1.252 -0.9238 1.0104, 1.252 -0.8842 1.0167, 1.252 -0.8831 1.0202, 1.252 -0.9008 1.0359, 1.252 -0.8812 1.0234, 1.252 -0.8945 1.0431, 1.252 -0.8796 1.025, 1.252 -0.8867 1.0485, 1.252 -0.8767 1.0271, 1.252 -0.8783 1.0517, 1.252 -0.8734 1.0284, 1.252 -0.8693 1.0528, 1.252 -0.8697 1.0289, 1.252 -0.8647 1.0525, 1.252 -0.8669 1.0286, 1.252 -0.8555 1.0503, 1.252 -0.8634 1.0275, 1.252 -0.8474 1.0459, 1.252 -0.8602 1.0255, 1.252 -0.8577 1.0228, 1.252 -0.8368 1.1521, 1.252 -0.8328 1.1296, 1.252 -0.8192 1.1541, 1.252 -0.8188 1.1314, 1.252 -0.8017 1.1521, 1.252 -0.8059 1.1298, 1.252 -0.7828 1.1449, 1.252 -0.794 1.1252, 1.252 -0.7834 1.1178, 1.252 -0.9192 1.1161, 1.252 -0.9312 1.1076, 1.252 -0.9181 1.0879, 1.252 -0.9338 1.1052, 1.252 -0.9233 1.0803, 1.252 -0.9429 1.0935, 1.252 -0.949 1.0798, 1.252 -0.7793 1.0251, 1.252 -0.7885 1.0055, 1.252 -0.7876 1.0046, 1.252 -0.7782 1.0248, 1.252 -0.7851 1.0029, 1.252 -0.7915 1.0133, 1.252 -0.7911 1.0105, 1.252 -0.7901 1.0079, 1.252 -0.7826 1.0247, 1.252 -0.7853 1.0237, 1.252 -0.7914 1.0148, 1.252 -0.7876 1.022, 1.252 -0.7892 1.0203, 1.252 -0.7906 1.0177, 1.252 -0.7797 1.0251, 1.248 -0.7211 1.086, 1.248 -0.7159 1.0787, 1.248 -0.7125 1.0703, 1.248 -0.7112 1.0671, 1.248 -0.7095 1.0547, 1.248 -0.7236 1.0895, 1.248 -0.7339 1.0982, 1.248 -0.7452 1.1038, 1.248 -0.7471 1.1044, 1.248 -0.7547 1.1194, 1.248 -0.7676 1.1344, 1.248 -0.7761 1.1403, 1.248 -0.7828 1.1449, 1.248 -0.8017 1.1521, 1.248 -0.8192 1.1541, 1.248 -0.8647 1.1393, 1.248 -0.8632 1.1403, 1.248 -0.8544 1.1456, 1.248 -0.8368 1.1521, 1.248 -0.8736 1.1317, 1.248 -0.8814 1.1226, 1.248 -0.8858 1.1232, 1.248 -0.8901 1.1234, 1.248 -0.9051 1.1215, 1.248 -0.9192 1.1161, 1.248 -0.9312 1.1076, 1.248 -0.9338 1.1052, 1.248 -0.9429 1.0935, 1.248 -0.9462 1.086, 1.248 -0.949 1.0798, 1.248 -0.9507 1.0703, 1.248 -0.9515 1.0656, 1.248 -0.9516 1.0619, 1.248 -0.9498 1.047, 1.248 -0.9444 1.0329, 1.248 -0.9357 1.0205, 1.248 -0.9238 1.0104, 1.248 -0.9101 1.0038, 1.248 -0.9053 1.0023, 1.248 -0.9049 1.0013, 1.248 -0.9015 0.9942, 1.248 -0.8959 0.9872, 1.248 -0.8885 0.9816, 1.248 -0.885 0.9802, 1.248 -0.8797 0.9779, 1.248 -0.8707 0.9765, 1.248 -0.8693 0.9765, 1.248 -0.8313 1.0145, 1.248 -0.8601 0.9777, 1.248 -0.8536 0.9802, 1.248 -0.8516 0.9809, 1.248 -0.8441 0.9862, 1.248 -0.8382 0.9927, 1.248 -0.8338 1.0011, 1.248 -0.8337 1.0013, 1.248 -0.8315 1.0105, 1.248 -0.8313 1.0183, 1.248 -0.7782 1.0464, 1.248 -0.79 1.0665, 1.248 -0.8408 1.0399, 1.248 -0.8474 1.0459, 1.248 -0.8555 1.0503, 1.248 -0.8647 1.0525, 1.248 -0.8693 1.0528, 1.248 -0.8783 1.0517, 1.248 -0.8867 1.0485, 1.248 -0.8945 1.0431, 1.248 -0.9008 1.0359, 1.248 -0.9049 1.0278, 1.248 -0.9132 1.0328, 1.248 -0.92 1.0398, 1.248 -0.9245 1.0475, 1.248 -0.9273 1.0568, 1.248 -0.9277 1.0627, 1.248 -0.9268 1.0703, 1.248 -0.9266 1.0719, 1.248 -0.9233 1.0803, 1.248 -0.9194 1.086, 1.248 -0.9181 1.0879, 1.248 -0.9116 1.0937, 1.248 -0.9031 1.0982, 1.248 -0.8937 1.1004, 1.248 -0.8898 1.1006, 1.248 -0.8809 1.0995, 1.248 -0.8724 1.0964, 1.248 -0.8697 1.0949, 1.248 -0.8639 1.1069, 1.248 -0.8553 1.1171, 1.248 -0.8452 1.1245, 1.248 -0.8328 1.1296, 1.248 -0.8188 1.1314, 1.248 -0.7657 1.0839, 1.248 -0.7661 1.086, 1.248 -0.768 1.0945, 1.248 -0.7738 1.1067, 1.248 -0.7824 1.117, 1.248 -0.7834 1.1178, 1.248 -0.794 1.1252, 1.248 -0.8059 1.1298, 1.248 -0.7626 1.0839, 1.248 -0.7554 1.083, 1.248 -0.7488 1.0805, 1.248 -0.7429 1.0764, 1.248 -0.7385 1.0715, 1.248 -0.7379 1.0703, 1.248 -0.735 1.0649, 1.248 -0.7332 1.0577, 1.248 -0.733 1.0543, 1.248 -0.7339 1.0469, 1.248 -0.7366 1.0402, 1.248 -0.7407 1.0342, 1.248 -0.7412 1.0337, 1.248 -0.7468 1.0291, 1.248 -0.7535 1.026, 1.248 -0.7604 1.0247, 1.248 -0.7774 1.0247, 1.248 -0.7782 1.0248, 1.248 -0.7793 1.0251, 1.248 -0.7797 1.0251, 1.248 -0.7826 1.0247, 1.248 -0.7853 1.0237, 1.248 -0.7876 1.022, 1.248 -0.7892 1.0203, 1.248 -0.7906 1.0177, 1.248 -0.7914 1.0148, 1.248 -0.7915 1.0133, 1.248 -0.7911 1.0105, 1.248 -0.7901 1.0079, 1.248 -0.7885 1.0055, 1.248 -0.7876 1.0046, 1.248 -0.7851 1.0029, 1.248 -0.7826 1.0019, 1.248 -0.7805 1.0016, 1.248 -0.7581 1.0016, 1.248 -0.7454 1.0042, 1.248 -0.7339 1.0099, 1.248 -0.7235 1.0186, 1.248 -0.716 1.0291, 1.248 -0.7112 1.0412, 1.248 -0.8697 1.0289, 1.248 -0.8669 1.0286, 1.248 -0.8634 1.0275, 1.248 -0.8602 1.0255, 1.248 -0.8577 1.0228, 1.248 -0.856 1.0198, 1.248 -0.855 1.0163, 1.248 -0.8549 1.0126, 1.248 -0.8558 1.009, 1.248 -0.8575 1.0057, 1.248 -0.8597 1.0031, 1.248 -0.8626 1.0011, 1.248 -0.8659 0.9998, 1.248 -0.8697 0.9993, 1.248 -0.8703 0.9993, 1.248 -0.8737 0.9999, 1.248 -0.8771 1.0013, 1.248 -0.88 1.0036, 1.248 -0.8822 1.0062, 1.248 -0.8837 1.0094, 1.248 -0.8844 1.013, 1.248 -0.8842 1.0167, 1.248 -0.8831 1.0202, 1.248 -0.8812 1.0234, 1.248 -0.8796 1.025, 1.248 -0.8767 1.0271, 1.248 -0.8734 1.0284]} coordIndex [0,1,2,-1,3,4,5,-1,6,7,8,-1,9,10,11,-1,12,11,13,-1,13,11,14,-1,2,1,15,-1,16,17,18,-1,18,17,19,-1,18,19,20,-1,20,19,21,-1,20,21,5,-1,5,21,22,-1,5,22,3,-1,23,24,19,-1,19,24,25,-1,19,25,21,-1,21,25,26,-1,21,26,27,-1,28,9,29,-1,29,9,11,-1,29,11,30,-1,30,11,12,-1,31,32,33,-1,33,32,34,-1,33,34,35,-1,35,34,36,-1,35,36,37,-1,37,36,38,-1,6,8,39,-1,39,8,40,-1,39,40,41,-1,41,40,42,-1,41,42,43,-1,1,44,15,-1,15,44,45,-1,15,45,46,-1,46,45,47,-1,46,47,6,-1,6,47,48,-1,6,48,7,-1,27,49,21,-1,21,49,50,-1,21,50,51,-1,51,50,52,-1,51,52,53,-1,53,52,54,-1,53,54,55,-1,55,54,56,-1,55,56,57,-1,57,56,58,-1,57,58,59,-1,59,58,60,-1,59,60,29,-1,29,60,61,-1,29,61,28,-1,62,63,64,-1,64,63,65,-1,64,65,66,-1,66,65,67,-1,66,67,68,-1,68,67,69,-1,68,69,70,-1,70,69,71,-1,70,71,72,-1,36,73,38,-1,38,73,74,-1,38,74,75,-1,75,74,76,-1,75,76,77,-1,77,76,78,-1,77,78,79,-1,79,78,80,-1,79,80,81,-1,81,80,82,-1,81,82,83,-1,83,82,84,-1,83,84,62,-1,62,84,85,-1,62,85,63,-1,86,87,88,-1,88,87,89,-1,88,89,33,-1,33,89,90,-1,33,90,31,-1,91,92,93,-1,93,92,94,-1,93,94,95,-1,95,94,96,-1,95,96,97,-1,97,96,98,-1,97,98,99,-1,99,98,100,-1,99,100,14,-1,14,100,101,-1,14,101,13,-1,10,102,11,-1,11,102,103,-1,11,103,104,-1,104,103,105,-1,104,105,106,-1,106,105,107,-1,106,107,108,-1,108,107,109,-1,108,109,110,-1,110,109,111,-1,110,111,112,-1,112,111,113,-1,112,113,114,-1,114,113,115,-1,114,115,116,-1,116,115,117,-1,116,117,118,-1,118,117,119,-1,118,119,19,-1,19,119,120,-1,19,120,23,-1,43,42,121,-1,121,42,122,-1,121,122,123,-1,123,122,124,-1,123,124,125,-1,125,124,126,-1,125,126,127,-1,127,126,128,-1,127,128,86,-1,86,128,129,-1,86,129,87,-1,2,130,0,-1,0,130,131,-1,0,131,132,-1,132,131,133,-1,132,133,134,-1,134,133,135,-1,134,135,91,-1,91,135,136,-1,91,136,92,-1,137,138,139,-1,71,140,72,-1,72,140,137,-1,72,137,141,-1,141,137,139,-1,142,143,137,-1,137,143,144,-1,137,144,138,-1,145,146,147,-1,146,148,147,-1,147,148,149,-1,147,149,150,-1,142,137,147,-1,147,137,151,-1,147,151,145,-1,152,38,153,-1,153,38,75,-1,153,75,154,-1,154,75,77,-1,154,77,155,-1,155,77,79,-1,155,79,156,-1,152,157,38,-1,38,157,158,-1,38,158,37,-1,37,158,159,-1,37,159,35,-1,35,159,160,-1,35,160,33,-1,33,160,161,-1,33,161,88,-1,88,161,162,-1,88,162,86,-1,86,162,127,-1,127,162,163,-1,163,164,127,-1,127,164,165,-1,127,165,125,-1,125,165,166,-1,125,166,123,-1,167,41,168,-1,168,41,43,-1,168,43,169,-1,169,43,121,-1,169,121,170,-1,170,121,123,-1,170,123,166,-1,41,167,171,-1,41,171,39,-1,39,171,172,-1,39,172,6,-1,6,172,173,-1,6,173,46,-1,46,173,174,-1,46,174,15,-1,15,174,175,-1,15,175,2,-1,2,175,176,-1,2,176,130,-1,130,176,177,-1,130,177,131,-1,131,177,178,-1,131,178,133,-1,136,135,179,-1,179,135,133,-1,179,133,178,-1,179,180,136,-1,136,180,181,-1,136,181,92,-1,92,181,182,-1,182,183,92,-1,92,183,184,-1,92,184,94,-1,94,184,185,-1,94,185,96,-1,96,185,186,-1,96,186,98,-1,98,186,187,-1,98,187,100,-1,100,187,188,-1,100,188,101,-1,101,188,189,-1,101,189,13,-1,13,189,190,-1,13,190,12,-1,12,190,191,-1,12,191,30,-1,191,192,30,-1,30,192,193,-1,30,193,29,-1,29,193,194,-1,29,194,59,-1,59,194,195,-1,59,195,57,-1,195,196,57,-1,57,196,197,-1,57,197,55,-1,55,197,198,-1,55,198,53,-1,199,20,5,-1,53,198,200,-1,53,200,51,-1,51,200,201,-1,51,201,21,-1,201,202,21,-1,21,202,203,-1,21,203,22,-1,22,203,204,-1,22,204,3,-1,3,204,205,-1,3,205,4,-1,4,205,206,-1,4,206,5,-1,5,206,207,-1,5,207,199,-1,18,20,208,-1,208,20,199,-1,16,18,209,-1,209,18,208,-1,17,16,210,-1,210,16,209,-1,19,17,211,-1,211,17,210,-1,19,211,212,-1,19,212,118,-1,118,212,213,-1,118,213,116,-1,116,213,214,-1,116,214,114,-1,114,214,215,-1,114,215,112,-1,112,215,216,-1,112,216,110,-1,110,216,217,-1,110,217,108,-1,108,217,218,-1,108,218,106,-1,106,218,219,-1,106,219,104,-1,104,219,220,-1,104,220,11,-1,11,220,221,-1,11,221,14,-1,14,221,222,-1,14,222,99,-1,99,222,223,-1,99,223,97,-1,97,223,224,-1,97,224,95,-1,95,224,225,-1,95,225,93,-1,93,225,226,-1,93,226,91,-1,91,226,227,-1,91,227,228,-1,229,132,228,-1,228,132,134,-1,228,134,91,-1,229,230,132,-1,132,230,231,-1,132,231,0,-1,0,231,232,-1,0,232,1,-1,1,232,233,-1,1,233,44,-1,44,233,234,-1,44,234,45,-1,45,234,235,-1,45,235,47,-1,47,235,236,-1,47,236,48,-1,48,236,237,-1,48,237,7,-1,7,237,238,-1,7,238,8,-1,8,238,239,-1,8,239,40,-1,40,239,240,-1,40,240,42,-1,42,240,241,-1,42,241,122,-1,122,241,242,-1,122,242,124,-1,243,31,244,-1,244,31,90,-1,244,90,245,-1,245,90,89,-1,245,89,246,-1,246,89,87,-1,246,87,247,-1,247,87,129,-1,247,129,248,-1,248,129,128,-1,248,128,249,-1,249,128,126,-1,249,126,250,-1,250,126,124,-1,250,124,242,-1,32,31,251,-1,251,31,243,-1,32,251,252,-1,32,252,34,-1,34,252,253,-1,34,253,36,-1,36,253,254,-1,36,254,73,-1,73,254,255,-1,73,255,74,-1,74,255,256,-1,74,256,76,-1,256,257,76,-1,76,257,258,-1,76,258,78,-1,78,258,259,-1,78,259,80,-1,80,259,260,-1,80,260,82,-1,82,260,261,-1,82,261,84,-1,84,261,262,-1,84,262,85,-1,85,262,263,-1,85,263,63,-1,63,263,264,-1,63,264,65,-1,65,264,265,-1,65,265,67,-1,67,265,266,-1,67,266,69,-1,71,69,267,-1,267,69,266,-1,71,267,268,-1,71,268,140,-1,140,268,269,-1,140,269,137,-1,137,269,270,-1,137,270,151,-1,151,270,271,-1,151,271,145,-1,145,271,272,-1,145,272,146,-1,146,272,273,-1,146,273,148,-1,148,273,274,-1,148,274,149,-1,149,274,275,-1,149,275,150,-1,150,275,276,-1,150,276,147,-1,147,276,277,-1,147,277,142,-1,142,277,278,-1,142,278,143,-1,143,278,279,-1,143,279,144,-1,144,279,280,-1,144,280,138,-1,138,280,281,-1,138,281,139,-1,139,281,282,-1,139,282,141,-1,141,282,283,-1,141,283,72,-1,72,283,284,-1,72,284,70,-1,68,70,285,-1,285,70,284,-1,68,285,286,-1,68,286,66,-1,66,286,287,-1,66,287,64,-1,64,287,288,-1,64,288,62,-1,62,288,289,-1,62,289,83,-1,83,289,290,-1,83,290,81,-1,81,290,156,-1,81,156,79,-1,113,291,292,-1,113,292,115,-1,115,292,293,-1,115,293,117,-1,117,293,294,-1,117,294,119,-1,119,294,295,-1,119,295,120,-1,120,295,296,-1,120,296,23,-1,23,296,297,-1,23,297,24,-1,24,297,298,-1,24,298,25,-1,25,298,299,-1,25,299,26,-1,26,299,300,-1,26,300,27,-1,27,300,301,-1,27,301,49,-1,49,301,302,-1,49,302,50,-1,50,302,303,-1,50,303,52,-1,52,303,304,-1,52,304,54,-1,54,304,305,-1,54,305,56,-1,56,305,306,-1,56,306,58,-1,58,306,307,-1,58,307,60,-1,60,307,308,-1,60,308,61,-1,61,308,309,-1,61,309,28,-1,28,309,310,-1,28,310,9,-1,9,310,311,-1,9,311,10,-1,10,311,312,-1,10,312,102,-1,102,312,313,-1,102,313,103,-1,103,313,314,-1,103,314,105,-1,105,314,315,-1,105,315,107,-1,107,315,316,-1,107,316,109,-1,109,316,317,-1,109,317,111,-1,111,317,291,-1,111,291,113,-1]}}
Shape{appearance Appearance{material Material{diffuseColor 1.0 0.9764705882352941 0.9058823529411765 transparency 0.0}}geometry IndexedFaceSet{ccw TRUE solid FALSE coord Coordinate{point [1.248 -0.8703 0.9993, 1.248 -0.8796 1.025, 1.248 -0.8812 1.0234, 1.248 -0.8659 0.9998, 1.248 -0.8626 1.0011, 1.248 -0.8669 1.0286, 1.248 -0.8697 1.0289, 1.248 -0.8734 1.0284, 1.248 -0.8767 1.0271, 1.248 -0.8837 1.0094, 1.248 -0.8822 1.0062, 1.248 -0.88 1.0036, 1.248 -0.8697 0.9993, 1.248 -0.856 1.0198, 1.248 -0.8577 1.0228, 1.248 -0.8575 1.0057, 1.248 -0.8602 1.0255, 1.248 -0.8831 1.0202, 1.248 -0.8842 1.0167, 1.248 -0.8844 1.013, 1.248 -0.8771 1.0013, 1.248 -0.8737 0.9999, 1.248 -0.8597 1.0031, 1.248 -0.8634 1.0275, 1.248 -0.8558 1.009, 1.248 -0.8549 1.0126, 1.248 -0.855 1.0163]} coordIndex [0,1,2,-1,3,4,5,-1,6,7,0,-1,0,7,8,-1,0,8,1,-1,9,10,2,-1,2,10,11,-1,6,0,5,-1,5,0,12,-1,5,12,3,-1,13,14,15,-1,15,14,16,-1,17,18,2,-1,2,18,19,-1,2,19,9,-1,11,20,2,-1,2,20,21,-1,2,21,0,-1,4,22,5,-1,5,22,15,-1,5,15,23,-1,23,15,16,-1,24,25,15,-1,15,25,26,-1,15,26,13,-1]}}
Shape{appearance Appearance{material Material{diffuseColor 0.7529411764705882 0.7529411764705882 0.7529411764705882 transparency 0.0}}geometry IndexedFaceSet{ccw TRUE solid FALSE coord Coordinate{point [1.0709 -0.2403 0.0551, 1.0709 0.6988 0.0551, 1.0709 0.4823 0.1654, 1.0709 0.4823 1.1181, 1.0709 -0.9384 0.0, 1.0709 -0.3917 0.0, 1.0709 0.6988 0.5433, 1.0709 0.7173 0.5531, 1.0709 0.7243 0.5579, 1.0709 0.6694 1.117, 1.0709 0.66 1.1181, 1.0709 0.7382 0.5879, 1.0709 0.7373 0.5795, 1.0709 -0.9469 0.1654, 1.0709 -0.9629 0.1493, 1.0709 -0.9691 0.1412, 1.0709 -0.9744 0.036, 1.0709 -0.9733 0.0266, 1.0709 -0.9699 0.0177, 1.0709 -0.9731 0.1317, 1.0709 -0.9744 0.1215, 1.0709 -0.9645 0.0099, 1.0709 -0.9567 0.0045, 1.0709 -0.9478 0.0011, 1.0709 0.7302 0.5641, 1.0709 0.7346 0.5714, 1.0709 0.717 1.0935, 1.0709 0.7382 1.0586, 1.0709 0.7373 1.0671, 1.0709 0.7345 1.0752, 1.0709 0.73 1.0826, 1.0709 0.7241 1.0888, 1.0709 0.6782 1.1137]} coordIndex [0,1,2,-1,2,1,3,-1,4,5,0,-1,1,6,3,-1,3,6,7,-1,3,7,8,-1,9,10,11,-1,11,10,3,-1,11,3,12,-1,2,13,0,-1,0,13,14,-1,0,14,15,-1,0,16,4,-1,4,16,17,-1,4,17,18,-1,15,19,0,-1,0,19,20,-1,0,20,16,-1,21,22,18,-1,18,22,23,-1,18,23,4,-1,8,24,3,-1,3,24,25,-1,3,25,12,-1,26,27,28,-1,28,29,26,-1,26,29,30,-1,26,30,31,-1,27,26,11,-1,11,26,32,-1,11,32,9,-1]}}
Shape{appearance Appearance{material Material{diffuseColor 1.0 0.5019607843137255 0.0 transparency 0.0}}geometry IndexedFaceSet{ccw TRUE solid FALSE coord Coordinate{point [0.9724 -0.2944 0.0354, 0.9724 -0.3917 0.0, 0.9724 -0.9744 0.0354, 0.9724 -0.9384 0.0, 0.9724 -0.9733 0.0266, 0.9724 -0.9567 0.0045, 0.9724 -0.9645 0.0099, 0.9724 -0.9699 0.0177, 0.9724 -0.9478 0.0011]} coordIndex [0,1,2,-1,2,1,3,-1,2,3,4,-1,5,6,7,-1,4,3,7,-1,7,3,8,-1,7,8,5,-1]}}
Shape{appearance Appearance{material Material{diffuseColor 0.7529411764705882 0.7529411764705882 0.7529411764705882 transparency 0.0}}geometry IndexedFaceSet{ccw TRUE solid FALSE coord Coordinate{point [0.9724 0.7173 0.5531, 0.9724 0.6988 0.5433, 0.9724 0.7382 0.5879, 0.9724 0.7382 1.0586, 0.9724 0.7346 0.5714, 0.9724 0.7302 0.5641, 0.9724 0.7243 0.5579, 0.9724 0.6694 1.117, 0.9724 0.6782 1.1137, 0.9724 0.717 1.0935, 0.9724 0.7241 1.0888, 0.9724 0.7373 0.5795, 0.9724 0.4626 0.0551, 0.9724 0.4626 0.0748, 0.9724 0.6988 0.0551, 0.9724 0.6594 0.0748, 0.9724 0.6594 1.1181, 0.9724 0.66 1.1181, 0.9724 0.73 1.0826, 0.9724 0.7345 1.0752, 0.9724 0.7373 1.0671, 1.0709 -0.8618 0.2504, 0.9724 -0.8618 0.2504, 1.0709 -0.9469 0.1654, 0.9724 -0.9629 0.1493, 1.0709 -0.9629 0.1493, 1.0709 0.1476 0.9591, 1.0709 0.3864 0.9591, 0.9724 0.1476 0.9591, 0.9724 0.3864 0.9591, 1.0709 0.3864 1.0394, 0.9724 0.3864 1.0394, 1.0709 0.4651 1.1181, 0.9724 0.4651 1.1181, 1.0709 0.717 1.0935, 1.0709 0.6782 1.1137, 1.0709 0.7382 0.5879, 1.0709 0.7382 1.0586, 1.0709 0.6988 0.5433, 1.0709 0.7173 0.5531, 1.0709 0.6988 0.0551, 1.0709 -0.2403 0.0551, 0.9724 -0.2403 0.0551, 1.0709 -0.3917 0.0, 0.9724 -0.3917 0.0, 0.9724 -0.2944 0.0354, 1.0709 -0.9384 0.0, 0.9724 -0.9384 0.0, 1.0709 -0.9744 0.036, 1.0709 -0.9744 0.1215, 0.9724 -0.9744 0.036, 0.9724 -0.9744 0.1215, 1.0709 0.6694 1.117, 1.0709 0.66 1.1181, 1.0709 0.7373 1.0671, 1.0709 0.7345 1.0752, 1.0709 0.73 1.0826, 1.0709 0.7241 1.0888, 1.0709 0.7243 0.5579, 1.0709 0.7302 0.5641, 1.0709 0.7346 0.5714, 1.0709 0.7373 0.5795, 0.9724 -0.9691 0.1412, 1.0709 -0.9691 0.1412, 0.9724 -0.9731 0.1317, 1.0709 -0.9731 0.1317, 1.0709 -0.9645 0.0099, 0.9724 -0.9645 0.0099, 0.9724 -0.9567 0.0045, 1.0709 -0.9567 0.0045, 0.9724 -0.9478 0.0011, 1.0709 -0.9478 0.0011, 0.9724 -0.9744 0.0354, 1.0709 -0.9733 0.0266, 0.9724 -0.9733 0.0266, 0.9724 -0.9699 0.0177, 1.0709 -0.9699 0.0177]} coordIndex [0,1,2,-1,2,1,3,-1,4,5,6,-1,7,8,3,-1,3,8,9,-1,3,9,10,-1,0,2,6,-1,6,2,11,-1,6,11,4,-1,12,13,14,-1,14,13,15,-1,14,15,1,-1,1,15,16,-1,1,16,3,-1,3,16,17,-1,3,17,7,-1,10,18,3,-1,3,18,19,-1,3,19,20,-1,21,22,23,-1,23,22,24,-1,23,24,25,-1,26,27,28,-1,28,27,29,-1,27,30,29,-1,29,30,31,-1,30,32,31,-1,31,32,33,-1,9,8,34,-1,34,8,35,-1,2,3,36,-1,36,3,37,-1,1,0,38,-1,38,0,39,-1,38,40,1,-1,1,40,14,-1,41,42,40,-1,40,42,12,-1,40,12,14,-1,43,44,41,-1,41,44,45,-1,41,45,42,-1,43,46,44,-1,44,46,47,-1,48,49,50,-1,50,49,51,-1,35,8,7,-1,35,7,52,-1,52,7,17,-1,52,17,53,-1,37,3,20,-1,37,20,54,-1,54,20,19,-1,54,19,55,-1,55,19,18,-1,55,18,56,-1,56,18,10,-1,56,10,57,-1,57,10,9,-1,57,9,34,-1,39,0,6,-1,39,6,58,-1,58,6,5,-1,58,5,59,-1,59,5,4,-1,59,4,60,-1,60,4,11,-1,60,11,61,-1,61,11,2,-1,61,2,36,-1,25,24,62,-1,25,62,63,-1,63,62,64,-1,63,64,65,-1,65,64,51,-1,65,51,49,-1,66,67,68,-1,66,68,69,-1,69,68,70,-1,69,70,71,-1,71,70,47,-1,71,47,46,-1,48,50,72,-1,48,72,73,-1,72,74,73,-1,73,74,75,-1,73,75,76,-1,76,75,67,-1,76,67,66,-1]}}
Shape{appearance Appearance{material Material{diffuseColor 1.0 0.5019607843137255 0.0 transparency 0.0}}geometry IndexedFaceSet{ccw TRUE solid FALSE coord Coordinate{point [1.0709 -0.8618 0.2504, 1.0709 0.1476 0.2504, 0.9724 -0.8618 0.2504, 0.9724 0.1476 0.2504, -0.9764 -0.8618 0.2504, -0.9764 0.1476 0.2504, -1.0748 -0.8618 0.2504, -1.0748 0.1476 0.2504]} coordIndex [0,1,2,-1,2,1,3,-1,4,5,6,-1,6,5,7,-1]}}