#VRML V2.0 utf8
# generated by schgen part add
Shape{appearance Appearance{material Material{diffuseColor 0.4392156862745098 0.4392156862745098 0.4392156862745098 transparency 0.0}}geometry IndexedFaceSet{ccw TRUE solid FALSE coord Coordinate{point [1.3287 1.0351 0.4176, 1.3287 1.063 0.4176, 1.6713 1.0351 0.4176, 1.6713 1.063 0.4176, 2.1671 -1.0324 0.4176, 2.1861 -1.0246 0.4176, 2.2717 -1.063 0.4176, 2.2024 -1.012 0.4176, 2.2149 -0.9957 0.4176, 2.2228 0.9767 0.4176, 2.2149 0.9957 0.4176, 2.2717 1.063 0.4176, 2.2024 1.012 0.4176, 2.1861 1.0246 0.4176, 2.1467 -1.0351 0.4176, 1.8287 -1.063 0.4176, 1.8287 -1.0351 0.4176, 1.8287 1.0351 0.4176, 1.8287 1.063 0.4176, 2.1467 1.0351 0.4176, 2.1671 1.0324 0.4176, 2.2228 -0.9767 0.4176, 2.2255 -0.9564 0.4176, 2.2255 0.9564 0.4176, 2.2717 1.063 0.8113, -1.3287 1.063 0.4472, -1.3287 1.063 0.4176, -1.6713 1.063 0.4176, -1.8287 1.063 0.4176, -2.2717 1.063 0.4176, -1.8287 1.063 0.4472, -2.2717 1.063 0.8113, -1.6713 1.063 0.4472, 1.6713 1.063 0.4472, 1.3287 1.063 0.4472, 1.8287 1.063 0.4472, 1.1713 1.063 0.4472, 0.6713 1.063 0.4472, 0.6713 1.063 0.4176, 0.3287 1.063 0.4176, 0.3287 1.063 0.4472, 0.1713 1.063 0.4472, 0.8287 1.063 0.4472, 0.8287 1.063 0.4176, 1.1713 1.063 0.4176, -0.6713 1.063 0.4472, -0.8287 1.063 0.4472, -0.3287 1.063 0.4472, -0.3287 1.063 0.4176, -0.6713 1.063 0.4176, -0.1713 1.063 0.4472, -0.1713 1.063 0.4176, 0.1713 1.063 0.4176, -1.1713 1.063 0.4472, -1.1713 1.063 0.4176, -0.8287 1.063 0.4176, -0.8287 0.997 0.3881, -0.6713 0.997 0.3881, -2.1467 0.9957 0.3783, 0.1713 0.997 0.3881, 0.3287 0.997 0.3881, 1.3287 1.0249 0.4163, 1.6713 1.0249 0.4163, 1.3287 1.0154 0.4124, 1.6713 1.0154 0.4124, 1.3287 1.0073 0.4061, 1.6713 1.0073 0.4061, 1.3287 1.001 0.3979, 1.6713 1.001 0.3979, 1.3287 0.9971 0.3885, 1.6713 0.9971 0.3885, 1.3287 0.997 0.3881, 1.6713 0.997 0.3881, 0.8287 1.0351 0.4176, 1.1713 1.0351 0.4176, 0.8287 1.0249 0.4163, 1.1713 1.0249 0.4163, 0.8287 1.0154 0.4124, 1.1713 1.0154 0.4124, 0.8287 1.0073 0.4061, 1.1713 1.0073 0.4061, 0.8287 1.001 0.3979, 1.1713 1.001 0.3979, 0.8287 0.9971 0.3885, 1.1713 0.9971 0.3885, 0.8287 0.997 0.3881, 1.1713 0.997 0.3881, 0.6713 0.997 0.3881, 0.6713 0.9971 0.3885, 0.3287 0.9971 0.3885, 0.6713 1.001 0.3979, 0.3287 1.001 0.3979, 0.6713 1.0073 0.4061, 0.3287 1.0073 0.4061, 0.6713 1.0154 0.4124, 0.3287 1.0154 0.4124, 0.6713 1.0249 0.4163, 0.3287 1.0249 0.4163, 0.6713 1.0351 0.4176, 0.3287 1.0351 0.4176, -0.1713 1.0351 0.4176, 0.1713 1.0351 0.4176, -0.1713 1.0249 0.4163, 0.1713 1.0249 0.4163, -0.1713 1.0154 0.4124, 0.1713 1.0154 0.4124, -0.1713 1.0073 0.4061, 0.1713 1.0073 0.4061, -0.1713 1.001 0.3979, 0.1713 1.001 0.3979, -0.1713 0.9971 0.3885, 0.1713 0.9971 0.3885, -0.1713 0.997 0.3881, -0.3287 0.997 0.3881, -0.3287 0.9971 0.3885, -0.6713 0.9971 0.3885, -0.3287 1.001 0.3979, -0.6713 1.001 0.3979, -0.3287 1.0073 0.4061, -0.6713 1.0073 0.4061, -0.3287 1.0154 0.4124, -0.6713 1.0154 0.4124, -0.3287 1.0249 0.4163, -0.6713 1.0249 0.4163, -0.3287 1.0351 0.4176, -0.6713 1.0351 0.4176, -1.1713 1.0351 0.4176, -0.8287 1.0351 0.4176, -1.1713 1.0249 0.4163, -0.8287 1.0249 0.4163, -1.1713 1.0154 0.4124, -0.8287 1.0154 0.4124, -1.1713 1.0073 0.4061, -0.8287 1.0073 0.4061, -1.1713 1.001 0.3979, -0.8287 1.001 0.3979, -1.1713 0.9971 0.3885, -0.8287 0.9971 0.3885, -1.1713 0.997 0.3881, -1.3287 0.997 0.3881, -1.6713 0.997 0.3881, -1.3287 0.9971 0.3885, -1.6713 0.9971 0.3885, -1.3287 1.001 0.3979, -1.6713 1.001 0.3979, -1.3287 1.0073 0.4061, -1.6713 1.0073 0.4061, -1.3287 1.0154 0.4124, -1.6713 1.0154 0.4124, -1.3287 1.0249 0.4163, -1.6713 1.0249 0.4163, -1.3287 1.0351 0.4176, -1.6713 1.0351 0.4176, -2.1467 1.0351 0.4176, -1.8287 1.0351 0.4176, -2.1467 1.0249 0.4163, -1.8287 1.0249 0.4163, -2.1467 1.0154 0.4124, -1.8287 1.0154 0.4124, -2.1467 1.0073 0.4061, -1.8287 1.0073 0.4061, -2.1467 1.001 0.3979, -1.8287 1.001 0.3979, -2.1467 0.9971 0.3885, -1.8287 0.9971 0.3885, -1.8287 0.997 0.3881, 2.1467 0.9957 0.3783, 1.8287 0.997 0.3881, 2.1467 0.9971 0.3885, 1.8287 0.9971 0.3885, 2.1467 1.001 0.3979, 1.8287 1.001 0.3979, 2.1467 1.0073 0.4061, 1.8287 1.0073 0.4061, 2.1467 1.0154 0.4124, 1.8287 1.0154 0.4124, 2.1467 1.0249 0.4163, 1.8287 1.0249 0.4163, -2.1671 1.0324 0.4176, -2.1861 1.0246 0.4176, -2.2024 1.012 0.4176, -2.2149 0.9957 0.4176, -2.2228 -0.9767 0.4176, -2.2149 -0.9957 0.4176, -2.2717 -1.063 0.4176, -2.2024 -1.012 0.4176, -2.1861 -1.0246 0.4176, -1.8287 -1.0351 0.4176, -1.8287 -1.063 0.4176, -2.1467 -1.0351 0.4176, -2.1671 -1.0324 0.4176, -2.2228 0.9767 0.4176, -2.2255 0.9564 0.4176, -2.2255 -0.9564 0.4176, 1.3287 -1.063 0.4176, 1.3287 -1.0351 0.4176, 1.6713 -1.063 0.4176, 1.6713 -1.0351 0.4176, -1.1713 -1.063 0.4176, -0.8287 -1.063 0.4176, -1.1713 -1.063 0.4472, -0.8287 -1.063 0.4472, -2.2717 -1.063 0.8113, -1.8287 -1.063 0.4472, -1.6713 -1.063 0.4472, -0.1713 -1.063 0.4472, -0.1713 -1.063 0.4176, 0.1713 -1.063 0.4176, 0.1713 -1.063 0.4472, 0.3287 -1.063 0.4472, 2.2717 -1.063 0.8113, -1.6713 -1.063 0.4176, -1.3287 -1.063 0.4176, -1.3287 -1.063 0.4472, -0.6713 -1.063 0.4472, -0.3287 -1.063 0.4472, -0.3287 -1.063 0.4176, -0.6713 -1.063 0.4176, 0.8287 -1.063 0.4472, 0.8287 -1.063 0.4176, 1.1713 -1.063 0.4176, 1.1713 -1.063 0.4472, 1.3287 -1.063 0.4472, 0.6713 -1.063 0.4472, 0.6713 -1.063 0.4176, 0.3287 -1.063 0.4176, 1.8287 -1.063 0.4472, 1.6713 -1.063 0.4472, 0.8287 -0.997 0.3881, 0.6713 -0.997 0.3881, 2.1467 -0.9957 0.3783, -0.3287 -0.997 0.3881, -2.1467 -0.9957 0.3783, -0.1713 -0.997 0.3881, -1.1713 -0.997 0.3881, -1.3287 -0.997 0.3881, -1.8287 -1.0249 0.4163, -2.1467 -1.0249 0.4163, -1.8287 -1.0154 0.4124, -2.1467 -1.0154 0.4124, -1.8287 -1.0073 0.4061, -2.1467 -1.0073 0.4061, -1.8287 -1.001 0.3979, -2.1467 -1.001 0.3979, -1.8287 -0.9971 0.3885, -2.1467 -0.9971 0.3885, -1.8287 -0.997 0.3881, -1.6713 -0.997 0.3881, -1.6713 -0.9971 0.3885, -1.3287 -0.9971 0.3885, -1.6713 -1.001 0.3979, -1.3287 -1.001 0.3979, -1.6713 -1.0073 0.4061, -1.3287 -1.0073 0.4061, -1.6713 -1.0154 0.4124, -1.3287 -1.0154 0.4124, -1.6713 -1.0249 0.4163, -1.3287 -1.0249 0.4163, -1.6713 -1.0351 0.4176, -1.3287 -1.0351 0.4176, -0.8287 -1.0351 0.4176, -1.1713 -1.0351 0.4176, -0.8287 -1.0249 0.4163, -1.1713 -1.0249 0.4163, -0.8287 -1.0154 0.4124, -1.1713 -1.0154 0.4124, -0.8287 -1.0073 0.4061, -1.1713 -1.0073 0.4061, -0.8287 -1.001 0.3979, -1.1713 -1.001 0.3979, -0.8287 -0.9971 0.3885, -1.1713 -0.9971 0.3885, -0.8287 -0.997 0.3881, -0.6713 -0.997 0.3881, -0.6713 -0.9971 0.3885, -0.3287 -0.9971 0.3885, -0.6713 -1.001 0.3979, -0.3287 -1.001 0.3979, -0.6713 -1.0073 0.4061, -0.3287 -1.0073 0.4061, -0.6713 -1.0154 0.4124, -0.3287 -1.0154 0.4124, -0.6713 -1.0249 0.4163, -0.3287 -1.0249 0.4163, -0.6713 -1.0351 0.4176, -0.3287 -1.0351 0.4176, 0.1713 -1.0351 0.4176, -0.1713 -1.0351 0.4176, 0.1713 -1.0249 0.4163, -0.1713 -1.0249 0.4163, 0.1713 -1.0154 0.4124, -0.1713 -1.0154 0.4124, 0.1713 -1.0073 0.4061, -0.1713 -1.0073 0.4061, 0.1713 -1.001 0.3979, -0.1713 -1.001 0.3979, 0.1713 -0.9971 0.3885, -0.1713 -0.9971 0.3885, 0.1713 -0.997 0.3881, 0.3287 -0.997 0.3881, 0.3287 -0.9971 0.3885, 0.6713 -0.9971 0.3885, 0.3287 -1.001 0.3979, 0.6713 -1.001 0.3979, 0.3287 -1.0073 0.4061, 0.6713 -1.0073 0.4061, 0.3287 -1.0154 0.4124, 0.6713 -1.0154 0.4124, 0.3287 -1.0249 0.4163, 0.6713 -1.0249 0.4163, 0.3287 -1.0351 0.4176, 0.6713 -1.0351 0.4176, 1.1713 -1.0351 0.4176, 0.8287 -1.0351 0.4176, 1.1713 -1.0249 0.4163, 0.8287 -1.0249 0.4163, 1.1713 -1.0154 0.4124, 0.8287 -1.0154 0.4124, 1.1713 -1.0073 0.4061, 0.8287 -1.0073 0.4061, 1.1713 -1.001 0.3979, 0.8287 -1.001 0.3979, 1.1713 -0.9971 0.3885, 0.8287 -0.9971 0.3885, 1.1713 -0.997 0.3881, 1.3287 -0.997 0.3881, 1.6713 -0.997 0.3881, 1.3287 -0.9971 0.3885, 1.6713 -0.9971 0.3885, 1.3287 -1.001 0.3979, 1.6713 -1.001 0.3979, 1.3287 -1.0073 0.4061, 1.6713 -1.0073 0.4061, 1.3287 -1.0154 0.4124, 1.6713 -1.0154 0.4124, 1.3287 -1.0249 0.4163, 1.6713 -1.0249 0.4163, 2.1467 -1.0249 0.4163, 1.8287 -1.0249 0.4163, 2.1467 -1.0154 0.4124, 1.8287 -1.0154 0.4124, 2.1467 -1.0073 0.4061, 1.8287 -1.0073 0.4061, 2.1467 -1.001 0.3979, 1.8287 -1.001 0.3979, 2.1467 -0.9971 0.3885, 1.8287 -0.9971 0.3885, 1.8287 -0.997 0.3881, 1.9075 0.0 0.8507, 1.9075 0.0 0.7326, 1.9075 -0.2002 0.7326, 1.9075 0.2002 0.7326, 1.9075 0.2002 0.8507, 1.9075 0.3865 0.8901, 1.9075 -0.3865 0.8901, 1.5925 -0.2002 0.7326, 1.5925 0.0 0.7326, 1.5925 -0.3865 0.8901, 1.5925 0.0 0.8507, 1.5925 0.3865 0.8901, 1.5925 0.2002 0.8507, 1.5925 0.2002 0.7326, 1.4075 0.0 0.8507, 1.4075 0.0 0.7326, 1.4075 -0.2002 0.7326, 1.4075 0.2002 0.7326, 1.4075 0.2002 0.8507, 1.4075 0.3865 0.8901, 1.4075 -0.3865 0.8901, 1.0925 -0.2002 0.7326, 1.0925 0.0 0.7326, 1.0925 -0.3865 0.8901, 1.0925 0.0 0.8507, 1.0925 0.3865 0.8901, 1.0925 0.2002 0.8507, 1.0925 0.2002 0.7326, 0.9075 0.0 0.8507, 0.9075 0.0 0.7326, 0.9075 -0.2002 0.7326, 0.9075 0.2002 0.7326, 0.9075 0.2002 0.8507, 0.9075 0.3865 0.8901, 0.9075 -0.3865 0.8901, 0.5925 -0.2002 0.7326, 0.5925 0.0 0.7326, 0.5925 -0.3865 0.8901, 0.5925 0.0 0.8507, 0.5925 0.3865 0.8901, 0.5925 0.2002 0.8507, 0.5925 0.2002 0.7326, 0.4075 0.0 0.8507, 0.4075 0.0 0.7326, 0.4075 -0.2002 0.7326, 0.4075 0.2002 0.7326, 0.4075 0.2002 0.8507, 0.4075 0.3865 0.8901, 0.4075 -0.3865 0.8901, 0.0925 -0.2002 0.7326, 0.0925 0.0 0.7326, 0.0925 -0.3865 0.8901, 0.0925 0.0 0.8507, 0.0925 0.3865 0.8901, 0.0925 0.2002 0.8507, 0.0925 0.2002 0.7326, -0.4075 -0.2002 0.7326, -0.4075 0.0 0.7326, -0.4075 -0.3865 0.8901, -0.4075 0.0 0.8507, -0.4075 0.3865 0.8901, -0.4075 0.2002 0.8507, -0.4075 0.2002 0.7326, -0.0925 0.0 0.8507, -0.0925 0.0 0.7326, -0.0925 -0.2002 0.7326, -0.0925 0.2002 0.7326, -0.0925 0.2002 0.8507, -0.0925 0.3865 0.8901, -0.0925 -0.3865 0.8901, -0.9075 -0.2002 0.7326, -0.9075 0.0 0.7326, -0.9075 -0.3865 0.8901, -0.9075 0.0 0.8507, -0.9075 0.3865 0.8901, -0.9075 0.2002 0.8507, -0.9075 0.2002 0.7326, -0.5925 0.0 0.8507, -0.5925 0.0 0.7326, -0.5925 -0.2002 0.7326, -0.5925 0.2002 0.7326, -0.5925 0.2002 0.8507, -0.5925 0.3865 0.8901, -0.5925 -0.3865 0.8901, -1.4075 -0.2002 0.7326, -1.4075 0.0 0.7326, -1.4075 -0.3865 0.8901, -1.4075 0.0 0.8507, -1.4075 0.3865 0.8901, -1.4075 0.2002 0.8507, -1.4075 0.2002 0.7326, -1.0925 0.0 0.8507, -1.0925 0.0 0.7326, -1.0925 -0.2002 0.7326, -1.0925 0.2002 0.7326, -1.0925 0.2002 0.8507, -1.0925 0.3865 0.8901, -1.0925 -0.3865 0.8901, -1.9075 -0.2002 0.7326, -1.9075 0.0 0.7326, -1.9075 -0.3865 0.8901, -1.9075 0.0 0.8507, -1.9075 0.3865 0.8901, -1.9075 0.2002 0.8507, -1.9075 0.2002 0.7326, -1.5925 0.0 0.8507, -1.5925 0.0 0.7326, -1.5925 -0.2002 0.7326, -1.5925 0.2002 0.7326, -1.5925 0.2002 0.8507, -1.5925 0.3865 0.8901, -1.5925 -0.3865 0.8901, 0.5767 -0.8586 0.0239, 0.5761 -0.8586 0.0239, 0.6111 -0.8588 0.0239, 0.5596 -0.8586 0.0239, 0.5722 -0.8586 0.0239, 0.5709 -0.8587 0.0239, 2.1467 -0.8586 0.0239, 2.1467 -0.9564 0.0239, 0.6164 -0.8982 0.0239, 0.5596 -0.9564 0.0239, 0.5924 -0.8982 0.0239, 0.5623 -0.8825 0.0239, 0.5628 -0.8879 0.0239, 0.5638 -0.8915 0.0239, 0.5651 -0.8939 0.0239, 0.5671 -0.8961 0.0239, 0.6164 -0.8588 0.0239, 0.5687 -0.8596 0.0239, 0.5666 -0.8611 0.0239, 0.5647 -0.8633 0.0239, 0.5634 -0.8659 0.0239, 0.5626 -0.8696 0.0239, 0.5625 -0.8728 0.0239, 0.5806 -0.8681 0.0239, 0.5816 -0.872 0.0239, 0.5675 -0.8825 0.0239, 0.5821 -0.8793 0.0239, 0.5677 -0.8863 0.0239, 0.5815 -0.8865 0.0239, 0.5794 -0.8658 0.0239, 0.5675 -0.8728 0.0239, 0.5701 -0.8924 0.0239, 0.5806 -0.8895 0.0239, 0.5695 -0.8976 0.0239, 0.5719 -0.8984 0.0239, 0.5742 -0.8986 0.0239, 0.5692 -0.8912 0.0239, 0.5684 -0.8896 0.0239, 0.5855 -0.8668 0.0239, 0.5835 -0.8633 0.0239, 0.5756 -0.8941 0.0239, 0.5742 -0.8943 0.0239, 0.5924 -0.8938 0.0239, 0.5841 -0.8936 0.0239, 0.5813 -0.861 0.0239, 0.5791 -0.8595 0.0239, 0.5769 -0.8937 0.0239, 0.5796 -0.8913 0.0239, 0.5782 -0.8929 0.0239, 0.5678 -0.869 0.0239, 0.5685 -0.8665 0.0239, 0.5737 -0.8627 0.0239, 0.5692 -0.8653 0.0239, 0.5722 -0.863 0.0239, 0.57 -0.8642 0.0239, 0.571 -0.8635 0.0239, 0.5757 -0.8629 0.0239, 0.577 -0.8635 0.0239, 0.5782 -0.8644 0.0239, 0.5773 -0.8983 0.0239, 0.5798 -0.8973 0.0239, 0.5821 -0.8957 0.0239, 0.5856 -0.8911 0.0239, 0.587 -0.8868 0.0239, 0.6111 -0.8938 0.0239, 0.5876 -0.8798 0.0239, 0.587 -0.872 0.0239, 0.5728 -0.8941 0.0239, 0.5715 -0.8935 0.0239, 0.574 -0.8627 0.0239, 0.574 -0.8583 0.0239, 0.5596 0.9564 0.0239, 2.1467 0.9564 0.0239, 0.5105 -0.8955 0.0239, 0.5136 -0.8971 0.0239, 0.5335 -0.8938 0.0239, 0.5335 -0.8982 0.0239, 0.5282 -0.8982 0.0239, 0.4784 -0.8982 0.0239, 0.4729 -0.8982 0.0239, -2.1467 -0.9564 0.0239, 0.4844 -0.8586 0.0239, -2.1467 -0.8586 0.0239, 0.4844 -0.8583 0.0239, -2.1467 0.9564 0.0239, 0.489 -0.8583 0.0239, 0.4891 -0.8586 0.0239, 0.5179 -0.8981 0.0239, 0.5204 -0.8982 0.0239, 0.5051 -0.8884 0.0239, 0.5065 -0.8915 0.0239, 0.5006 -0.8982 0.0239, 0.5082 -0.8936 0.0239, 0.495 -0.8982 0.0239, 0.4918 -0.886 0.0239, 0.4817 -0.886 0.0239, 0.557 -0.8982 0.0239, 0.557 -0.8588 0.0239, 0.5346 -0.8588 0.0239, 0.5346 -0.8632 0.0239, 0.5517 -0.8632 0.0239, 0.5517 -0.8754 0.0239, 0.5062 -0.8658 0.0239, 0.5047 -0.8699 0.0239, 0.5282 -0.8588 0.0239, 0.536 -0.8754 0.0239, 0.536 -0.8798 0.0239, 0.5517 -0.8798 0.0239, 0.5517 -0.8938 0.0239, 0.5125 -0.8601 0.0239, 0.5099 -0.8615 0.0239, 0.5079 -0.8633 0.0239, 0.5038 -0.8775 0.0239, 0.5038 -0.8786 0.0239, 0.5042 -0.8843 0.0239, 0.5204 -0.8588 0.0239, 0.516 -0.8591 0.0239, -2.311 1.0236 0.457, -2.311 -1.0236 0.457, -2.311 1.0236 0.772, -2.311 -1.0236 0.772, 2.311 -1.0236 0.457, 2.311 1.0236 0.457, 2.311 -1.0236 0.772, 2.311 1.0236 0.772, -2.2533 -1.0272 0.8113, 2.2533 -1.0272 0.8113, 2.2533 1.0272 0.8113, -2.2533 1.0272 0.8113, -2.2533 1.0272 0.8901, -2.2533 -1.0272 0.8901, 2.2533 -1.0272 0.8901, 2.2533 1.0272 0.8901, 2.214 -0.9878 0.9294, 2.214 -0.7105 0.9294, 1.5 -0.7105 0.9294, 1.5531 0.4331 0.9294, 1.5 0.9878 0.9294, 2.214 0.9878 0.9294, 1.9469 0.4331 0.9294, 1.9469 -0.4331 0.9294, 1.5531 -0.4331 0.9294, 1.0531 0.4331 0.9294, 1.0 0.9878 0.9294, 1.0 -0.7105 0.9294, 1.4469 0.4331 0.9294, 1.4469 -0.4331 0.9294, 1.0531 -0.4331 0.9294, 0.5531 0.4331 0.9294, 0.5 0.9878 0.9294, 0.5 -0.7105 0.9294, 0.9469 0.4331 0.9294, 0.9469 -0.4331 0.9294, 0.5531 -0.4331 0.9294, 0.0531 0.4331 0.9294, 0.0 0.9878 0.9294, 0.0 -0.7105 0.9294, 0.4469 0.4331 0.9294, 0.4469 -0.4331 0.9294, 0.0531 -0.4331 0.9294, -0.5 -0.7105 0.9294, -0.4469 -0.4331 0.9294, -0.4469 0.4331 0.9294, -0.0531 -0.4331 0.9294, -0.0531 0.4331 0.9294, -0.5 0.9878 0.9294, -1.0 -0.7105 0.9294, -0.9469 -0.4331 0.9294, -0.9469 0.4331 0.9294, -0.5531 -0.4331 0.9294, -0.5531 0.4331 0.9294, -1.0 0.9878 0.9294, -1.5 -0.7105 0.9294, -1.4469 -0.4331 0.9294, -1.4469 0.4331 0.9294, -1.0531 -0.4331 0.9294, -1.0531 0.4331 0.9294, -1.5 0.9878 0.9294, -2.0804 -0.7105 0.9294, -1.9469 -0.4331 0.9294, -1.9469 0.4331 0.9294, -1.5531 -0.4331 0.9294, -1.5531 0.4331 0.9294, -2.0804 0.9878 0.9294, -2.214 0.9878 0.9294, -2.214 -0.7105 0.9294, 1.5 -0.9878 0.9294, 1.0 -0.9878 0.9294, 0.5 -0.9878 0.9294, 0.0 -0.9878 0.9294, -0.5 -0.9878 0.9294, -1.0 -0.9878 0.9294, -1.5 -0.9878 0.9294, -2.0804 -0.9878 0.9294, -2.214 -0.9878 0.9294, 2.1861 -0.9564 0.0633, 2.1861 0.9564 0.0633, 2.1861 -0.9564 0.3783, 2.1861 0.9564 0.3783, -2.1467 -0.9957 0.0633, 2.1467 -0.9957 0.0633, -2.1861 0.9564 0.3783, -2.1861 0.9564 0.0633, -2.1861 -0.9564 0.3783, -2.1861 -0.9564 0.0633, 2.1467 0.9957 0.0633, -2.1467 0.9957 0.0633, -2.1467 0.9666 0.0253, 2.1467 0.9666 0.0253, -2.1467 0.9761 0.0292, 2.1467 0.9761 0.0292, -2.1467 0.9842 0.0355, 2.1467 0.9842 0.0355, -2.1467 0.9905 0.0436, 2.1467 0.9905 0.0436, -2.1467 0.9944 0.0531, 2.1467 0.9944 0.0531, 2.1569 0.9944 0.0633, 2.1664 0.9905 0.0633, 2.1566 0.9931 0.0531, 2.1657 0.9893 0.0531, 2.1556 0.9893 0.0436, 2.1638 0.9859 0.0436, 2.1539 0.9833 0.0355, 2.1606 0.9805 0.0355, 2.1518 0.9754 0.0292, 2.1566 0.9734 0.0292, 2.1494 0.9662 0.0253, 2.1518 0.9652 0.0253, 2.1746 0.9842 0.0633, 2.1736 0.9833 0.0531, 2.1708 0.9805 0.0436, 2.1664 0.9761 0.0355, 2.1606 0.9703 0.0292, 2.1539 0.9636 0.0253, 2.1808 0.9761 0.0633, 2.1848 0.9666 0.0633, 2.1797 0.9754 0.0531, 2.1835 0.9662 0.0531, 2.1763 0.9734 0.0436, 2.1797 0.9652 0.0436, 2.1708 0.9703 0.0355, 2.1736 0.9636 0.0355, 2.1638 0.9662 0.0292, 2.1657 0.9615 0.0292, 2.1556 0.9615 0.0253, 2.1566 0.959 0.0253, 2.1848 0.9564 0.0531, 2.1808 0.9564 0.0436, 2.1746 0.9564 0.0355, 2.1664 0.9564 0.0292, 2.1569 0.9564 0.0253, -2.1848 0.9666 0.0633, -2.1808 0.9761 0.0633, -2.1835 0.9662 0.0531, -2.1797 0.9754 0.0531, -2.1797 0.9652 0.0436, -2.1763 0.9734 0.0436, -2.1736 0.9636 0.0355, -2.1708 0.9703 0.0355, -2.1657 0.9615 0.0292, -2.1638 0.9662 0.0292, -2.1566 0.959 0.0253, -2.1556 0.9615 0.0253, -2.1746 0.9842 0.0633, -2.1736 0.9833 0.0531, -2.1708 0.9805 0.0436, -2.1664 0.9761 0.0355, -2.1606 0.9703 0.0292, -2.1539 0.9636 0.0253, -2.1848 0.9564 0.0531, -2.1808 0.9564 0.0436, -2.1746 0.9564 0.0355, -2.1664 0.9564 0.0292, -2.1569 0.9564 0.0253, -2.1664 0.9905 0.0633, -2.1569 0.9944 0.0633, -2.1657 0.9893 0.0531, -2.1566 0.9931 0.0531, -2.1638 0.9859 0.0436, -2.1556 0.9893 0.0436, -2.1606 0.9805 0.0355, -2.1539 0.9833 0.0355, -2.1566 0.9734 0.0292, -2.1518 0.9754 0.0292, -2.1518 0.9652 0.0253, -2.1494 0.9662 0.0253, 2.1569 0.9944 0.3783, 2.1664 0.9905 0.3783, 2.1746 0.9842 0.3783, 2.1808 0.9761 0.3783, 2.1848 0.9666 0.3783, 2.1569 -0.9564 0.0253, 2.1664 -0.9564 0.0292, 2.1746 -0.9564 0.0355, 2.1808 -0.9564 0.0436, 2.1848 -0.9564 0.0531, 2.1467 -0.9666 0.0253, -2.1467 -0.9666 0.0253, 2.1467 -0.9761 0.0292, -2.1467 -0.9761 0.0292, 2.1467 -0.9842 0.0355, -2.1467 -0.9842 0.0355, 2.1467 -0.9905 0.0436, -2.1467 -0.9905 0.0436, 2.1467 -0.9944 0.0531, -2.1467 -0.9944 0.0531, -2.1569 -0.9564 0.0253, -2.1664 -0.9564 0.0292, -2.1746 -0.9564 0.0355, -2.1808 -0.9564 0.0436, -2.1848 -0.9564 0.0531, -2.1848 0.9666 0.3783, -2.1808 0.9761 0.3783, -2.1746 0.9842 0.3783, -2.1664 0.9905 0.3783, -2.1569 0.9944 0.3783, 2.1876 0.9564 0.3884, 2.1871 0.9564 0.387, 2.1857 0.9668 0.387, 2.1467 0.9972 0.3884, 2.1467 0.9996 0.3953, 2.1579 0.9982 0.3953, 2.1916 0.9564 0.3978, 2.19 0.9564 0.3953, 2.1885 0.9676 0.3953, 2.1467 1.0012 0.3978, 2.1467 1.0043 0.4028, 2.1591 1.0027 0.4028, 2.1978 0.9564 0.4059, 2.1947 0.9564 0.4028, 2.1931 0.9688 0.4028, 2.1467 1.0074 0.4059, 2.1467 1.0106 0.409, 2.1608 1.0087 0.409, 2.2059 0.9564 0.4122, 2.2009 0.9564 0.409, 2.1991 0.9704 0.409, 2.1467 1.0155 0.4122, 2.1467 1.018 0.4137, 2.1627 1.0159 0.4137, 2.2153 0.9564 0.4162, 2.2084 0.9564 0.4137, 2.2063 0.9723 0.4137, 2.1467 1.025 0.4162, 2.1467 1.0263 0.4166, 2.1648 1.024 0.4166, 2.2167 0.9564 0.4166, 2.2143 0.9745 0.4166, 2.2073 0.9914 0.4166, 2.1962 1.0059 0.4166, 2.1817 1.017 0.4166, 2.2001 0.9872 0.4137, 2.1903 1.0 0.4137, 2.1776 1.0098 0.4137, 2.1937 0.9835 0.409, 2.185 0.9947 0.409, 2.1738 1.0033 0.409, 2.1883 0.9803 0.4028, 2.1806 0.9903 0.4028, 2.1707 0.9979 0.4028, 2.1842 0.978 0.3953, 2.1773 0.987 0.3953, 2.1684 0.9938 0.3953, 2.1817 0.9765 0.387, 2.1753 0.9849 0.387, 2.1669 0.9913 0.387, 2.1572 0.9954 0.387, 2.1467 0.9967 0.387, 2.1848 -0.9666 0.0633, 2.1808 -0.9761 0.0633, 2.1835 -0.9662 0.0531, 2.1797 -0.9754 0.0531, 2.1797 -0.9652 0.0436, 2.1763 -0.9734 0.0436, 2.1736 -0.9636 0.0355, 2.1708 -0.9703 0.0355, 2.1657 -0.9615 0.0292, 2.1638 -0.9662 0.0292, 2.1566 -0.959 0.0253, 2.1556 -0.9615 0.0253, 2.1746 -0.9842 0.0633, 2.1736 -0.9833 0.0531, 2.1708 -0.9805 0.0436, 2.1664 -0.9761 0.0355, 2.1606 -0.9703 0.0292, 2.1539 -0.9636 0.0253, 2.1664 -0.9905 0.0633, 2.1569 -0.9944 0.0633, 2.1657 -0.9893 0.0531, 2.1566 -0.9931 0.0531, 2.1638 -0.9859 0.0436, 2.1556 -0.9893 0.0436, 2.1606 -0.9805 0.0355, 2.1539 -0.9833 0.0355, 2.1566 -0.9734 0.0292, 2.1518 -0.9754 0.0292, 2.1518 -0.9652 0.0253, 2.1494 -0.9662 0.0253, -2.1569 -0.9944 0.0633, -2.1664 -0.9905 0.0633, -2.1566 -0.9931 0.0531, -2.1657 -0.9893 0.0531, -2.1556 -0.9893 0.0436, -2.1638 -0.9859 0.0436, -2.1539 -0.9833 0.0355, -2.1606 -0.9805 0.0355, -2.1518 -0.9754 0.0292, -2.1566 -0.9734 0.0292, -2.1494 -0.9662 0.0253, -2.1518 -0.9652 0.0253, -2.1746 -0.9842 0.0633, -2.1736 -0.9833 0.0531, -2.1708 -0.9805 0.0436, -2.1664 -0.9761 0.0355, -2.1606 -0.9703 0.0292, -2.1539 -0.9636 0.0253, -2.1808 -0.9761 0.0633, -2.1848 -0.9666 0.0633, -2.1797 -0.9754 0.0531, -2.1835 -0.9662 0.0531, -2.1763 -0.9734 0.0436, -2.1797 -0.9652 0.0436, -2.1708 -0.9703 0.0355, -2.1736 -0.9636 0.0355, -2.1638 -0.9662 0.0292, -2.1657 -0.9615 0.0292, -2.1556 -0.9615 0.0253, -2.1566 -0.959 0.0253, -2.1645 1.0226 0.4163, -2.181 1.0157 0.4163, -2.1952 1.0048 0.4163, -2.2061 0.9906 0.4163, -2.2129 0.9741 0.4163, -2.2153 0.9564 0.4163, -2.162 1.0134 0.4124, -2.1763 1.0075 0.4124, -2.1885 0.9981 0.4124, -2.1979 0.9859 0.4124, -2.2038 0.9717 0.4124, -2.2058 0.9564 0.4124, -2.1599 1.0055 0.4061, -2.1722 1.0005 0.4061, -2.1827 0.9924 0.4061, -2.1908 0.9818 0.4061, -2.1959 0.9695 0.4061, -2.1976 0.9564 0.4061, -2.1583 0.9995 0.3979, -2.169 0.995 0.3979, -2.1783 0.9879 0.3979, -2.1854 0.9787 0.3979, -2.1898 0.9679 0.3979, -2.1914 0.9564 0.3979, -2.1573 0.9957 0.3885, -2.1671 0.9916 0.3885, -2.1755 0.9852 0.3885, -2.182 0.9767 0.3885, -2.1861 0.9669 0.3885, -2.1874 0.9564 0.3885, 2.1874 -0.9564 0.3885, 2.1914 -0.9564 0.3979, 2.1976 -0.9564 0.4061, 2.2058 -0.9564 0.4124, 2.2153 -0.9564 0.4163, 2.1848 -0.9666 0.3783, 2.1808 -0.9761 0.3783, 2.1746 -0.9842 0.3783, 2.1664 -0.9905 0.3783, 2.1569 -0.9944 0.3783, -2.1569 -0.9944 0.3783, -2.1664 -0.9905 0.3783, -2.1746 -0.9842 0.3783, -2.1808 -0.9761 0.3783, -2.1848 -0.9666 0.3783, -2.1871 -0.9564 0.387, -2.1876 -0.9564 0.3884, -2.19 -0.9564 0.3953, -2.1916 -0.9564 0.3978, -2.1947 -0.9564 0.4028, -2.1978 -0.9564 0.4059, -2.2009 -0.9564 0.409, -2.2059 -0.9564 0.4122, -2.2084 -0.9564 0.4137, -2.2153 -0.9564 0.4162, -2.2167 -0.9564 0.4166, 2.1645 -1.0226 0.4163, 2.181 -1.0157 0.4163, 2.1952 -1.0048 0.4163, 2.2061 -0.9906 0.4163, 2.2129 -0.9741 0.4163, 2.162 -1.0134 0.4124, 2.1763 -1.0075 0.4124, 2.1885 -0.9981 0.4124, 2.1979 -0.9859 0.4124, 2.2038 -0.9717 0.4124, 2.1599 -1.0055 0.4061, 2.1722 -1.0005 0.4061, 2.1827 -0.9924 0.4061, 2.1908 -0.9818 0.4061, 2.1959 -0.9695 0.4061, 2.1583 -0.9995 0.3979, 2.169 -0.995 0.3979, 2.1783 -0.9879 0.3979, 2.1854 -0.9787 0.3979, 2.1898 -0.9679 0.3979, 2.1573 -0.9957 0.3885, 2.1671 -0.9916 0.3885, 2.1755 -0.9852 0.3885, 2.182 -0.9767 0.3885, 2.1861 -0.9669 0.3885, -2.1857 -0.9668 0.387, -2.1467 -0.9972 0.3884, -2.1467 -0.9996 0.3953, -2.1579 -0.9982 0.3953, -2.1885 -0.9676 0.3953, -2.1467 -1.0012 0.3978, -2.1467 -1.0043 0.4028, -2.1591 -1.0027 0.4028, -2.1931 -0.9688 0.4028, -2.1467 -1.0074 0.4059, -2.1467 -1.0106 0.409, -2.1608 -1.0087 0.409, -2.1991 -0.9704 0.409, -2.1467 -1.0155 0.4122, -2.1467 -1.018 0.4137, -2.1627 -1.0159 0.4137, -2.2063 -0.9723 0.4137, -2.1467 -1.025 0.4162, -2.1467 -1.0263 0.4166, -2.1648 -1.024 0.4166, -2.2143 -0.9745 0.4166, -2.2073 -0.9914 0.4166, -2.1962 -1.0059 0.4166, -2.1817 -1.017 0.4166, -2.2001 -0.9872 0.4137, -2.1903 -1.0 0.4137, -2.1776 -1.0098 0.4137, -2.1937 -0.9835 0.409, -2.185 -0.9947 0.409, -2.1738 -1.0033 0.409, -2.1883 -0.9803 0.4028, -2.1806 -0.9903 0.4028, -2.1707 -0.9979 0.4028, -2.1842 -0.978 0.3953, -2.1773 -0.987 0.3953, -2.1684 -0.9938 0.3953, -2.1817 -0.9765 0.387, -2.1753 -0.9849 0.387, -2.1669 -0.9913 0.387, -2.1572 -0.9954 0.387, -2.1467 -0.9967 0.387, 2.3099 1.0324 0.7807, 2.3097 1.0338 0.7822, 2.3097 1.0338 0.4468, 2.3069 1.0406 0.7889, 2.3057 1.0433 0.4373, 2.3057 1.0433 0.7916, 2.3022 1.048 0.7963, 2.2995 1.0515 0.4292, 2.2995 1.0515 0.7998, 2.2962 1.0544 0.8027, 2.2956 1.0549 0.4258, 2.2912 1.0575 0.8059, 2.2913 1.0577 0.4229, 2.2887 1.0591 0.8074, 2.2867 1.06 0.4206, 2.2818 1.0617 0.81, 2.2761 1.0627 0.8111, 2.2804 1.062 0.8103, 2.2768 1.0627 0.418, 2.2818 1.0617 0.419, 2.3099 -1.0324 0.7807, 2.3069 -1.0406 0.7889, 2.3097 -1.0338 0.7822, 2.3022 -1.048 0.7963, 2.3057 -1.0433 0.7916, 2.2962 -1.0544 0.8027, 2.2995 -1.0515 0.7998, 2.2912 -1.0575 0.8059, 2.2887 -1.0591 0.8074, 2.2818 -1.0617 0.81, 2.2761 -1.0627 0.8111, 2.2804 -1.062 0.8103, 2.2768 -1.0627 0.418, 2.2818 -1.0617 0.419, 2.2867 -1.06 0.4206, 2.2913 -1.0577 0.4229, 2.2956 -1.0549 0.4258, 2.2995 -1.0515 0.4292, 2.3057 -1.0433 0.4373, 2.3097 -1.0338 0.4468, -2.3099 -1.0324 0.7807, -2.3097 -1.0338 0.7822, -2.3056 -1.0432 0.4374, -2.3057 -1.0433 0.7916, -2.3069 -1.0406 0.7889, -2.31 -1.0324 0.4482, -2.3096 -1.0338 0.4469, -2.3071 -1.0407 0.4399, -2.2993 -1.0513 0.4293, -2.2995 -1.0515 0.7998, -2.3022 -1.048 0.7963, -2.3024 -1.0482 0.4325, -2.2912 -1.0575 0.4231, -2.2912 -1.0575 0.8059, -2.2962 -1.0544 0.8027, -2.2962 -1.0544 0.4262, -2.2887 -1.0591 0.8074, -2.2887 -1.0591 0.4215, -2.2818 -1.0617 0.81, -2.2818 -1.0617 0.419, -2.2804 -1.062 0.8103, -2.2804 -1.0619 0.4187, -2.2761 -1.0627 0.8111, -2.2761 -1.0627 0.4179, -2.3099 1.0324 0.7807, -2.3097 1.0338 0.7822, -2.3069 1.0406 0.7889, -2.3057 1.0433 0.7916, -2.3022 1.048 0.7963, -2.2995 1.0515 0.7998, -2.2887 1.0591 0.8074, -2.2912 1.0575 0.8059, -2.2962 1.0544 0.8027, -2.2818 1.0617 0.81, -2.2804 1.062 0.8103, -2.2761 1.0627 0.8111, -2.2761 1.0627 0.4179, -2.3024 1.0482 0.4325, -2.2993 1.0513 0.4293, -2.2962 1.0544 0.4262, -2.2912 1.0575 0.4231, -2.2887 1.0591 0.4215, -2.2818 1.0617 0.419, -2.2804 1.0619 0.4187, -2.3056 1.0432 0.4374, -2.3071 1.0407 0.4399, -2.31 1.0324 0.4482, -2.3096 1.0338 0.4469, 2.2242 -0.998 0.9281, -2.2242 -0.998 0.9281, -2.2418 -1.0157 0.9179, 2.2337 -1.0075 0.9242, -2.2337 -1.0075 0.9242, -2.253 -1.0269 0.8952, 2.253 -1.0269 0.8952, -2.252 -1.0259 0.9003, 2.252 -1.0259 0.9003, -2.2503 -1.0242 0.9051, 2.2503 -1.0242 0.9051, -2.2481 -1.0219 0.9098, 2.2481 -1.0219 0.9098, -2.2452 -1.0191 0.914, 2.2452 -1.0191 0.914, 2.2418 -1.0157 0.9179, 2.2242 0.998 0.9281, 2.2452 1.0191 0.914, 2.2418 1.0157 0.9179, 2.2337 1.0075 0.9242, 2.2503 1.0242 0.9051, 2.2481 1.0219 0.9098, 2.253 1.0269 0.8952, 2.252 1.0259 0.9003, -2.253 1.0269 0.8952, -2.252 1.0259 0.9003, -2.2503 1.0242 0.9051, -2.2481 1.0219 0.9098, -2.2452 1.0191 0.914, -2.2418 1.0157 0.9179, -2.2337 1.0075 0.9242, -2.2242 0.998 0.9281, 0.4377 -0.4239 0.9284, 0.0708 -0.4154 0.925, 0.0633 -0.4229 0.9281, 0.0623 -0.424 0.9282, 0.4367 -0.4229 0.928, 0.4291 -0.4153 0.9252, 0.0728 -0.4134 0.9242, 0.4273 -0.4135 0.924, 0.0784 -0.4078 0.9199, 0.4214 -0.4077 0.9201, 0.081 -0.4052 0.9179, 0.4192 -0.4054 0.9177, 0.0848 -0.4014 0.9134, 0.4152 -0.4014 0.9134, 0.0872 -0.399 0.9098, 0.4128 -0.399 0.9098, 0.0894 -0.3968 0.9055, 0.4088 -0.395 0.9003, 0.408 -0.3943 0.8966, 0.092 -0.3943 0.8966, 0.4106 -0.3968 0.9055, 0.0912 -0.395 0.9003, 0.4377 0.4239 0.9284, 0.408 0.3943 0.8966, 0.4088 0.395 0.9003, 0.4106 0.3968 0.9055, 0.4128 0.399 0.9098, 0.4152 0.4014 0.9134, 0.4192 0.4054 0.9177, 0.4214 0.4077 0.9201, 0.4273 0.4135 0.924, 0.4291 0.4153 0.9252, 0.4367 0.4229 0.928, 0.0623 0.424 0.9282, 0.0633 0.4229 0.9281, 0.0708 0.4154 0.925, 0.0728 0.4134 0.9242, 0.0784 0.4078 0.9199, 0.081 0.4052 0.9179, 0.0848 0.4014 0.9134, 0.0872 0.399 0.9098, 0.0894 0.3968 0.9055, 0.0912 0.395 0.9003, 0.092 0.3943 0.8966, -0.4367 0.4229 0.9281, -0.4377 0.424 0.9282, -0.4377 -0.4239 0.9284, -0.4367 -0.4229 0.928, -0.4291 -0.4153 0.9252, -0.4292 0.4154 0.925, -0.4272 0.4134 0.9242, -0.4273 -0.4135 0.924, -0.4214 -0.4077 0.9201, -0.4216 0.4078 0.9199, -0.419 0.4052 0.9179, -0.4192 -0.4054 0.9177, -0.4152 -0.4014 0.9134, -0.4152 0.4014 0.9134, -0.4128 0.399 0.9098, -0.4128 -0.399 0.9098, -0.4106 -0.3968 0.9055, -0.4106 0.3968 0.9055, -0.4088 0.395 0.9003, -0.408 -0.3943 0.8966, -0.4088 -0.395 0.9003, -0.408 0.3943 0.8966, -0.0808 -0.4054 0.9177, -0.0623 -0.4239 0.9284, -0.0633 -0.4229 0.928, -0.0709 -0.4153 0.9252, -0.0727 -0.4135 0.924, -0.0786 -0.4077 0.9201, -0.0848 -0.4014 0.9134, -0.0872 -0.399 0.9098, -0.092 -0.3943 0.8966, -0.0912 -0.395 0.9003, -0.0894 -0.3968 0.9055, -0.0623 0.424 0.9282, -0.0708 0.4154 0.925, -0.0633 0.4229 0.9281, -0.0728 0.4134 0.9242, -0.0784 0.4078 0.9199, -0.081 0.4052 0.9179, -0.0848 0.4014 0.9134, -0.0872 0.399 0.9098, -0.0894 0.3968 0.9055, -0.092 0.3943 0.8966, -0.0912 0.395 0.9003, -0.9367 0.4229 0.9281, -0.9377 0.424 0.9282, -0.9377 -0.4239 0.9284, -0.9367 -0.4229 0.928, -0.9291 -0.4153 0.9252, -0.9292 0.4154 0.925, -0.9272 0.4134 0.9242, -0.9273 -0.4135 0.924, -0.9214 -0.4077 0.9201, -0.9216 0.4078 0.9199, -0.919 0.4052 0.9179, -0.9192 -0.4054 0.9177, -0.9152 -0.4014 0.9134, -0.9152 0.4014 0.9134, -0.9128 0.399 0.9098, -0.9128 -0.399 0.9098, -0.9106 -0.3968 0.9055, -0.9106 0.3968 0.9055, -0.9088 0.395 0.9003, -0.908 -0.3943 0.8966, -0.9088 -0.395 0.9003, -0.908 0.3943 0.8966, -0.5623 -0.4239 0.9284, -0.5633 -0.4229 0.928, -0.5709 -0.4153 0.9252, -0.5727 -0.4135 0.924, -0.5786 -0.4077 0.9201, -0.5808 -0.4054 0.9177, -0.5848 -0.4014 0.9134, -0.5872 -0.399 0.9098, -0.592 -0.3943 0.8966, -0.5912 -0.395 0.9003, -0.5894 -0.3968 0.9055, -0.5708 0.4154 0.925, -0.5633 0.4229 0.9281, -0.5623 0.424 0.9282, -0.5728 0.4134 0.9242, -0.5784 0.4078 0.9199, -0.592 0.3943 0.8966, -0.5912 0.395 0.9003, -0.5894 0.3968 0.9055, -0.5872 0.399 0.9098, -0.5848 0.4014 0.9134, -0.581 0.4052 0.9179, -1.4367 0.4229 0.9281, -1.4377 0.424 0.9282, -1.4377 -0.4239 0.9284, -1.4367 -0.4229 0.928, -1.4291 -0.4153 0.9252, -1.4292 0.4154 0.925, -1.4272 0.4134 0.9242, -1.4273 -0.4135 0.924, -1.4214 -0.4077 0.9201, -1.4216 0.4078 0.9199, -1.419 0.4052 0.9179, -1.4192 -0.4054 0.9177, -1.4152 -0.4014 0.9134, -1.4152 0.4014 0.9134, -1.4128 0.399 0.9098, -1.4128 -0.399 0.9098, -1.4106 -0.3968 0.9055, -1.4106 0.3968 0.9055, -1.4088 0.395 0.9003, -1.408 -0.3943 0.8966, -1.4088 -0.395 0.9003, -1.408 0.3943 0.8966, -1.0623 -0.4239 0.9284, -1.0633 -0.4229 0.928, -1.0709 -0.4153 0.9252, -1.0727 -0.4135 0.924, -1.0786 -0.4077 0.9201, -1.0808 -0.4054 0.9177, -1.0848 -0.4014 0.9134, -1.0872 -0.399 0.9098, -1.0912 -0.395 0.9003, -1.092 -0.3943 0.8966, -1.0894 -0.3968 0.9055, -1.081 0.4052 0.9179, -1.0784 0.4078 0.9199, -1.0708 0.4154 0.925, -1.0633 0.4229 0.9281, -1.0623 0.424 0.9282, -1.0728 0.4134 0.9242, -1.0848 0.4014 0.9134, -1.0872 0.399 0.9098, -1.0894 0.3968 0.9055, -1.092 0.3943 0.8966, -1.0912 0.395 0.9003, 1.9377 -0.4239 0.9284, 1.5708 -0.4154 0.925, 1.5633 -0.4229 0.9281, 1.5623 -0.424 0.9282, 1.9367 -0.4229 0.928, 1.9291 -0.4153 0.9252, 1.5728 -0.4134 0.9242, 1.9273 -0.4135 0.924, 1.5784 -0.4078 0.9199, 1.9214 -0.4077 0.9201, 1.581 -0.4052 0.9179, 1.9192 -0.4054 0.9177, 1.5848 -0.4014 0.9134, 1.9152 -0.4014 0.9134, 1.5872 -0.399 0.9098, 1.9128 -0.399 0.9098, 1.5894 -0.3968 0.9055, 1.9088 -0.395 0.9003, 1.908 -0.3943 0.8966, 1.592 -0.3943 0.8966, 1.9106 -0.3968 0.9055, 1.5912 -0.395 0.9003, 1.9192 0.4054 0.9177, 1.9152 0.4014 0.9134, 1.908 0.3943 0.8966, 1.9088 0.395 0.9003, 1.9106 0.3968 0.9055, 1.9128 0.399 0.9098, 1.9273 0.4135 0.924, 1.9214 0.4077 0.9201, 1.9291 0.4153 0.9252, 1.9377 0.4239 0.9284, 1.9367 0.4229 0.928, 1.5848 0.4014 0.9134, 1.581 0.4052 0.9179, 1.5623 0.424 0.9282, 1.5633 0.4229 0.9281, 1.5708 0.4154 0.925, 1.5728 0.4134 0.9242, 1.5784 0.4078 0.9199, 1.5872 0.399 0.9098, 1.592 0.3943 0.8966, 1.5912 0.395 0.9003, 1.5894 0.3968 0.9055, 1.4377 -0.4239 0.9284, 1.0708 -0.4154 0.925, 1.0633 -0.4229 0.9281, 1.0623 -0.424 0.9282, 1.4367 -0.4229 0.928, 1.4291 -0.4153 0.9252, 1.0728 -0.4134 0.9242, 1.4273 -0.4135 0.924, 1.0784 -0.4078 0.9199, 1.4214 -0.4077 0.9201, 1.081 -0.4052 0.9179, 1.4192 -0.4054 0.9177, 1.0848 -0.4014 0.9134, 1.4152 -0.4014 0.9134, 1.4128 -0.399 0.9098, 1.0872 -0.399 0.9098, 1.0894 -0.3968 0.9055, 1.4088 -0.395 0.9003, 1.408 -0.3943 0.8966, 1.092 -0.3943 0.8966, 1.4106 -0.3968 0.9055, 1.0912 -0.395 0.9003, 1.408 0.3943 0.8966, 1.4088 0.395 0.9003, 1.4106 0.3968 0.9055, 1.4128 0.399 0.9098, 1.4152 0.4014 0.9134, 1.4377 0.4239 0.9284, 1.4367 0.4229 0.928, 1.4291 0.4153 0.9252, 1.4273 0.4135 0.924, 1.4214 0.4077 0.9201, 1.4192 0.4054 0.9177, 1.0708 0.4154 0.925, 1.0633 0.4229 0.9281, 1.0623 0.424 0.9282, 1.0728 0.4134 0.9242, 1.0784 0.4078 0.9199, 1.081 0.4052 0.9179, 1.0848 0.4014 0.9134, 1.0872 0.399 0.9098, 1.0894 0.3968 0.9055, 1.0912 0.395 0.9003, 1.092 0.3943 0.8966, -1.9367 0.4229 0.9281, -1.9377 0.424 0.9282, -1.9377 -0.4239 0.9284, -1.9367 -0.4229 0.928, -1.9291 -0.4153 0.9252, -1.9292 0.4154 0.925, -1.9272 0.4134 0.9242, -1.9273 -0.4135 0.924, -1.9214 -0.4077 0.9201, -1.9216 0.4078 0.9199, -1.919 0.4052 0.9179, -1.9192 -0.4054 0.9177, -1.9152 -0.4014 0.9134, -1.9152 0.4014 0.9134, -1.9128 0.399 0.9098, -1.9128 -0.399 0.9098, -1.9106 -0.3968 0.9055, -1.9106 0.3968 0.9055, -1.9088 0.395 0.9003, -1.908 -0.3943 0.8966, -1.9088 -0.395 0.9003, -1.908 0.3943 0.8966, -1.5623 -0.4239 0.9284, -1.5633 -0.4229 0.928, -1.5709 -0.4153 0.9252, -1.5727 -0.4135 0.924, -1.5786 -0.4077 0.9201, -1.5808 -0.4054 0.9177, -1.5848 -0.4014 0.9134, -1.5872 -0.399 0.9098, -1.592 -0.3943 0.8966, -1.5912 -0.395 0.9003, -1.5894 -0.3968 0.9055, -1.5708 0.4154 0.925, -1.5633 0.4229 0.9281, -1.5623 0.424 0.9282, -1.5728 0.4134 0.9242, -1.5784 0.4078 0.9199, -1.592 0.3943 0.8966, -1.5912 0.395 0.9003, -1.5894 0.3968 0.9055, -1.5872 0.399 0.9098, -1.5848 0.4014 0.9134, -1.581 0.4052 0.9179, 0.9377 -0.4239 0.9284, 0.5708 -0.4154 0.925, 0.5633 -0.4229 0.9281, 0.5623 -0.424 0.9282, 0.9367 -0.4229 0.928, 0.9291 -0.4153 0.9252, 0.5728 -0.4134 0.9242, 0.9273 -0.4135 0.924, 0.5784 -0.4078 0.9199, 0.9214 -0.4077 0.9201, 0.581 -0.4052 0.9179, 0.9192 -0.4054 0.9177, 0.5848 -0.4014 0.9134, 0.9152 -0.4014 0.9134, 0.9128 -0.399 0.9098, 0.5872 -0.399 0.9098, 0.5894 -0.3968 0.9055, 0.9088 -0.395 0.9003, 0.908 -0.3943 0.8966, 0.592 -0.3943 0.8966, 0.9106 -0.3968 0.9055, 0.5912 -0.395 0.9003, 0.908 0.3943 0.8966, 0.9088 0.395 0.9003, 0.9106 0.3968 0.9055, 0.9128 0.399 0.9098, 0.9152 0.4014 0.9134, 0.9377 0.4239 0.9284, 0.9367 0.4229 0.928, 0.9291 0.4153 0.9252, 0.9273 0.4135 0.924, 0.9214 0.4077 0.9201, 0.9192 0.4054 0.9177, 0.5623 0.424 0.9282, 0.5633 0.4229 0.9281, 0.5708 0.4154 0.925, 0.5728 0.4134 0.9242, 0.5784 0.4078 0.9199, 0.581 0.4052 0.9179, 0.5848 0.4014 0.9134, 0.5872 0.399 0.9098, 0.5894 0.3968 0.9055, 0.5912 0.395 0.9003, 0.592 0.3943 0.8966]} coordIndex [0,1,2,-1,2,1,3,-1,4,5,6,-1,6,5,7,-1,6,7,8,-1,9,10,11,-1,11,10,12,-1,11,12,13,-1,4,6,14,-1,14,6,15,-1,14,15,16,-1,17,18,19,-1,19,18,11,-1,19,11,20,-1,20,11,13,-1,8,21,6,-1,6,21,22,-1,6,22,11,-1,11,22,23,-1,11,23,9,-1,24,11,18,-1,25,26,27,-1,28,29,30,-1,30,29,31,-1,30,31,32,-1,3,1,33,-1,33,1,34,-1,18,35,24,-1,24,35,33,-1,24,33,31,-1,31,33,34,-1,31,34,36,-1,37,38,39,-1,40,41,31,-1,39,40,37,-1,37,40,31,-1,37,31,42,-1,42,31,36,-1,42,36,43,-1,43,36,44,-1,45,46,31,-1,47,48,49,-1,49,45,47,-1,47,45,31,-1,47,31,50,-1,50,31,41,-1,50,41,51,-1,51,41,52,-1,27,32,25,-1,25,32,31,-1,25,31,53,-1,53,31,46,-1,53,46,54,-1,54,46,55,-1,56,57,58,-1,58,59,60,-1,0,2,61,-1,61,2,62,-1,61,62,63,-1,63,62,64,-1,63,64,65,-1,65,64,66,-1,65,66,67,-1,67,66,68,-1,67,68,69,-1,69,68,70,-1,69,70,71,-1,71,70,72,-1,73,74,75,-1,75,74,76,-1,75,76,77,-1,77,76,78,-1,77,78,79,-1,79,78,80,-1,79,80,81,-1,81,80,82,-1,81,82,83,-1,83,82,84,-1,83,84,85,-1,84,86,85,-1,85,86,58,-1,85,58,87,-1,87,58,60,-1,87,60,88,-1,88,60,89,-1,88,89,90,-1,90,89,91,-1,90,91,92,-1,92,91,93,-1,92,93,94,-1,94,93,95,-1,94,95,96,-1,96,95,97,-1,96,97,98,-1,98,97,99,-1,100,101,102,-1,102,101,103,-1,102,103,104,-1,104,103,105,-1,104,105,106,-1,106,105,107,-1,106,107,108,-1,108,107,109,-1,108,109,110,-1,110,109,111,-1,110,111,112,-1,111,59,112,-1,112,59,58,-1,112,58,113,-1,113,58,57,-1,113,57,114,-1,114,57,115,-1,114,115,116,-1,116,115,117,-1,116,117,118,-1,118,117,119,-1,118,119,120,-1,120,119,121,-1,120,121,122,-1,122,121,123,-1,122,123,124,-1,124,123,125,-1,126,127,128,-1,128,127,129,-1,128,129,130,-1,130,129,131,-1,130,131,132,-1,132,131,133,-1,132,133,134,-1,134,133,135,-1,134,135,136,-1,136,135,137,-1,136,137,138,-1,137,56,138,-1,138,56,58,-1,138,58,139,-1,139,58,140,-1,139,140,141,-1,141,140,142,-1,141,142,143,-1,143,142,144,-1,143,144,145,-1,145,144,146,-1,145,146,147,-1,147,146,148,-1,147,148,149,-1,149,148,150,-1,149,150,151,-1,151,150,152,-1,153,154,155,-1,155,154,156,-1,155,156,157,-1,157,156,158,-1,157,158,159,-1,159,158,160,-1,159,160,161,-1,161,160,162,-1,161,162,163,-1,163,162,164,-1,163,164,58,-1,58,164,165,-1,58,165,140,-1,86,71,58,-1,58,71,72,-1,58,72,166,-1,166,72,167,-1,166,167,168,-1,168,167,169,-1,168,169,170,-1,170,169,171,-1,170,171,172,-1,172,171,173,-1,172,173,174,-1,174,173,175,-1,174,175,176,-1,176,175,177,-1,176,177,19,-1,19,177,17,-1,73,43,74,-1,74,43,44,-1,99,39,98,-1,98,39,38,-1,100,51,101,-1,101,51,52,-1,125,49,124,-1,124,49,48,-1,126,54,127,-1,127,54,55,-1,152,27,151,-1,151,27,26,-1,178,29,153,-1,153,29,28,-1,153,28,154,-1,178,179,29,-1,29,179,180,-1,29,180,181,-1,182,183,184,-1,184,183,185,-1,184,185,186,-1,187,188,189,-1,189,188,184,-1,189,184,190,-1,190,184,186,-1,181,191,29,-1,29,191,192,-1,29,192,184,-1,184,192,193,-1,184,193,182,-1,194,195,196,-1,196,195,197,-1,198,199,200,-1,200,199,201,-1,184,188,202,-1,202,188,203,-1,202,203,204,-1,205,206,207,-1,208,209,210,-1,211,212,204,-1,204,212,213,-1,204,213,202,-1,202,213,200,-1,202,200,210,-1,210,200,201,-1,210,201,214,-1,207,208,205,-1,205,208,210,-1,205,210,215,-1,215,210,214,-1,215,214,216,-1,216,214,217,-1,218,219,220,-1,221,222,210,-1,220,221,218,-1,218,221,210,-1,218,210,223,-1,223,210,209,-1,223,209,224,-1,224,209,225,-1,15,6,226,-1,226,6,210,-1,226,210,227,-1,227,210,222,-1,227,222,196,-1,196,222,194,-1,228,229,230,-1,231,232,233,-1,233,232,230,-1,234,235,232,-1,187,189,236,-1,236,189,237,-1,236,237,238,-1,238,237,239,-1,238,239,240,-1,240,239,241,-1,240,241,242,-1,242,241,243,-1,242,243,244,-1,244,243,245,-1,244,245,246,-1,246,245,232,-1,246,232,247,-1,247,232,235,-1,247,235,248,-1,248,235,249,-1,248,249,250,-1,250,249,251,-1,250,251,252,-1,252,251,253,-1,252,253,254,-1,254,253,255,-1,254,255,256,-1,256,255,257,-1,256,257,258,-1,258,257,259,-1,260,261,262,-1,262,261,263,-1,262,263,264,-1,264,263,265,-1,264,265,266,-1,266,265,267,-1,266,267,268,-1,268,267,269,-1,268,269,270,-1,270,269,271,-1,270,271,272,-1,271,234,272,-1,272,234,232,-1,272,232,273,-1,273,232,231,-1,273,231,274,-1,274,231,275,-1,274,275,276,-1,276,275,277,-1,276,277,278,-1,278,277,279,-1,278,279,280,-1,280,279,281,-1,280,281,282,-1,282,281,283,-1,282,283,284,-1,284,283,285,-1,286,287,288,-1,288,287,289,-1,288,289,290,-1,290,289,291,-1,290,291,292,-1,292,291,293,-1,292,293,294,-1,294,293,295,-1,294,295,296,-1,296,295,297,-1,296,297,298,-1,297,233,298,-1,298,233,230,-1,298,230,299,-1,299,230,229,-1,299,229,300,-1,300,229,301,-1,300,301,302,-1,302,301,303,-1,302,303,304,-1,304,303,305,-1,304,305,306,-1,306,305,307,-1,306,307,308,-1,308,307,309,-1,308,309,310,-1,310,309,311,-1,312,313,314,-1,314,313,315,-1,314,315,316,-1,316,315,317,-1,316,317,318,-1,318,317,319,-1,318,319,320,-1,320,319,321,-1,320,321,322,-1,322,321,323,-1,322,323,324,-1,323,228,324,-1,324,228,230,-1,324,230,325,-1,325,230,326,-1,325,326,327,-1,327,326,328,-1,327,328,329,-1,329,328,330,-1,329,330,331,-1,331,330,332,-1,331,332,333,-1,333,332,334,-1,333,334,335,-1,335,334,336,-1,335,336,195,-1,195,336,197,-1,14,16,337,-1,337,16,338,-1,337,338,339,-1,339,338,340,-1,339,340,341,-1,341,340,342,-1,341,342,343,-1,343,342,344,-1,343,344,345,-1,345,344,346,-1,345,346,230,-1,230,346,347,-1,230,347,326,-1,219,313,220,-1,220,313,312,-1,225,310,224,-1,224,310,311,-1,206,287,207,-1,207,287,286,-1,217,284,216,-1,216,284,285,-1,198,261,199,-1,199,261,260,-1,211,258,212,-1,212,258,259,-1,348,349,350,-1,351,352,353,-1,353,352,348,-1,353,348,354,-1,354,348,350,-1,355,356,357,-1,357,356,358,-1,357,358,359,-1,359,358,360,-1,359,360,361,-1,355,350,356,-1,356,350,349,-1,362,363,364,-1,365,366,367,-1,367,366,362,-1,367,362,368,-1,368,362,364,-1,369,370,371,-1,371,370,372,-1,371,372,373,-1,373,372,374,-1,373,374,375,-1,369,364,370,-1,370,364,363,-1,376,377,378,-1,379,380,381,-1,381,380,376,-1,381,376,382,-1,382,376,378,-1,383,384,385,-1,385,384,386,-1,385,386,387,-1,387,386,388,-1,387,388,389,-1,383,378,384,-1,384,378,377,-1,390,391,392,-1,393,394,395,-1,395,394,390,-1,395,390,396,-1,396,390,392,-1,397,398,399,-1,399,398,400,-1,399,400,401,-1,401,400,402,-1,401,402,403,-1,397,392,398,-1,398,392,391,-1,404,405,406,-1,406,405,407,-1,406,407,408,-1,408,407,409,-1,408,409,410,-1,411,412,413,-1,414,415,416,-1,416,415,411,-1,416,411,417,-1,417,411,413,-1,404,413,405,-1,405,413,412,-1,418,419,420,-1,420,419,421,-1,420,421,422,-1,422,421,423,-1,422,423,424,-1,425,426,427,-1,428,429,430,-1,430,429,425,-1,430,425,431,-1,431,425,427,-1,418,427,419,-1,419,427,426,-1,432,433,434,-1,434,433,435,-1,434,435,436,-1,436,435,437,-1,436,437,438,-1,439,440,441,-1,442,443,444,-1,444,443,439,-1,444,439,445,-1,445,439,441,-1,432,441,433,-1,433,441,440,-1,446,447,448,-1,448,447,449,-1,448,449,450,-1,450,449,451,-1,450,451,452,-1,453,454,455,-1,456,457,458,-1,458,457,453,-1,458,453,459,-1,459,453,455,-1,446,455,447,-1,447,455,454,-1,460,461,462,-1,463,464,465,-1,466,467,468,-1,468,467,469,-1,468,469,470,-1,471,472,469,-1,472,473,469,-1,469,473,474,-1,469,474,475,-1,462,461,476,-1,465,477,463,-1,463,477,478,-1,463,478,479,-1,479,480,463,-1,463,480,481,-1,463,481,482,-1,483,484,485,-1,485,484,486,-1,485,486,487,-1,487,486,488,-1,489,483,490,-1,490,483,485,-1,490,485,482,-1,482,485,471,-1,482,471,463,-1,463,471,469,-1,491,488,492,-1,475,493,469,-1,469,493,494,-1,469,494,495,-1,491,496,488,-1,488,496,497,-1,488,497,487,-1,462,498,499,-1,492,500,501,-1,502,470,503,-1,499,504,462,-1,462,504,505,-1,462,505,460,-1,500,492,506,-1,506,492,507,-1,506,507,508,-1,509,510,511,-1,511,510,512,-1,511,512,513,-1,513,512,514,-1,513,514,515,-1,516,517,490,-1,490,517,518,-1,490,518,489,-1,495,519,469,-1,469,519,520,-1,469,520,470,-1,470,520,521,-1,470,521,503,-1,503,522,502,-1,502,522,523,-1,502,523,524,-1,524,523,525,-1,524,525,462,-1,462,525,526,-1,462,526,498,-1,501,527,492,-1,492,527,528,-1,492,528,491,-1,509,511,490,-1,490,511,529,-1,490,529,516,-1,461,530,531,-1,468,476,466,-1,466,476,461,-1,466,461,532,-1,532,461,531,-1,533,534,469,-1,535,536,537,-1,538,469,539,-1,539,469,540,-1,539,540,541,-1,541,540,542,-1,541,542,543,-1,543,542,544,-1,543,544,545,-1,545,544,531,-1,545,531,546,-1,534,547,469,-1,469,547,548,-1,469,548,537,-1,549,550,551,-1,551,550,552,-1,552,533,551,-1,551,533,469,-1,551,469,553,-1,553,469,538,-1,553,538,554,-1,554,538,555,-1,537,536,469,-1,469,536,556,-1,469,556,463,-1,463,556,557,-1,463,557,558,-1,559,560,561,-1,546,562,563,-1,564,565,566,-1,567,568,566,-1,566,568,535,-1,566,535,564,-1,564,535,537,-1,569,570,546,-1,546,570,571,-1,546,571,562,-1,563,572,546,-1,546,572,573,-1,546,573,551,-1,551,573,574,-1,551,574,549,-1,564,575,546,-1,546,575,576,-1,546,576,569,-1,561,565,559,-1,559,565,564,-1,559,564,558,-1,558,564,546,-1,558,546,463,-1,463,546,531,-1,463,531,464,-1,464,531,530,-1,577,578,579,-1,579,578,580,-1,581,582,583,-1,583,582,584,-1,585,202,586,-1,586,202,210,-1,586,210,587,-1,587,210,24,-1,587,24,588,-1,588,24,31,-1,588,31,585,-1,585,31,202,-1,589,588,590,-1,590,588,585,-1,590,585,591,-1,591,585,586,-1,591,586,592,-1,592,586,587,-1,592,587,589,-1,589,587,588,-1,593,594,595,-1,596,597,595,-1,597,596,598,-1,598,596,599,-1,598,599,594,-1,594,599,600,-1,594,600,595,-1,595,600,601,-1,595,601,596,-1,602,603,604,-1,603,602,597,-1,597,602,605,-1,597,605,595,-1,595,605,606,-1,595,606,604,-1,604,606,607,-1,604,607,602,-1,608,609,610,-1,609,608,603,-1,603,608,611,-1,603,611,604,-1,604,611,612,-1,604,612,610,-1,610,612,613,-1,610,613,608,-1,614,615,616,-1,615,614,609,-1,609,614,617,-1,609,617,610,-1,610,617,618,-1,610,618,616,-1,616,618,619,-1,616,619,614,-1,620,621,622,-1,621,620,623,-1,623,620,616,-1,623,616,624,-1,624,616,615,-1,624,615,622,-1,622,615,625,-1,622,625,620,-1,626,627,628,-1,627,626,629,-1,629,626,620,-1,629,620,630,-1,630,620,625,-1,630,625,628,-1,628,625,631,-1,628,631,626,-1,632,633,634,-1,633,632,635,-1,635,632,626,-1,635,626,636,-1,636,626,631,-1,636,631,634,-1,634,631,637,-1,634,637,632,-1,638,639,640,-1,639,638,641,-1,641,638,632,-1,641,632,642,-1,642,632,637,-1,642,637,640,-1,640,637,643,-1,640,643,638,-1,638,643,644,-1,638,644,645,-1,593,595,646,-1,646,595,604,-1,646,604,647,-1,647,604,610,-1,647,610,648,-1,648,610,616,-1,648,616,649,-1,649,616,620,-1,649,620,650,-1,650,620,626,-1,650,626,651,-1,651,626,632,-1,651,632,652,-1,652,632,638,-1,652,638,653,-1,653,638,645,-1,653,645,654,-1,655,656,657,-1,657,656,658,-1,232,659,230,-1,230,659,660,-1,661,662,663,-1,663,662,664,-1,665,666,166,-1,166,666,58,-1,531,544,667,-1,668,532,531,-1,531,667,668,-1,668,667,669,-1,668,669,670,-1,670,669,671,-1,670,671,672,-1,672,671,673,-1,672,673,674,-1,674,673,675,-1,674,675,676,-1,676,675,666,-1,676,666,665,-1,677,678,679,-1,679,678,680,-1,679,680,681,-1,681,680,682,-1,681,682,683,-1,683,682,684,-1,683,684,685,-1,685,684,686,-1,685,686,687,-1,687,686,688,-1,687,688,532,-1,678,689,680,-1,680,689,690,-1,680,690,682,-1,682,690,691,-1,682,691,684,-1,684,691,692,-1,684,692,686,-1,686,692,693,-1,686,693,688,-1,688,693,694,-1,688,694,532,-1,665,677,676,-1,676,677,679,-1,676,679,674,-1,674,679,681,-1,674,681,672,-1,672,681,683,-1,672,683,670,-1,670,683,685,-1,670,685,668,-1,668,685,687,-1,668,687,532,-1,695,696,697,-1,697,696,698,-1,697,698,699,-1,699,698,700,-1,699,700,701,-1,701,700,702,-1,701,702,703,-1,703,702,704,-1,703,704,705,-1,705,704,706,-1,705,706,532,-1,696,656,698,-1,698,656,707,-1,698,707,700,-1,700,707,708,-1,700,708,702,-1,702,708,709,-1,702,709,704,-1,704,709,710,-1,704,710,706,-1,706,710,711,-1,706,711,532,-1,689,695,690,-1,690,695,697,-1,690,697,691,-1,691,697,699,-1,691,699,692,-1,692,699,701,-1,692,701,693,-1,693,701,703,-1,693,703,694,-1,694,703,705,-1,694,705,532,-1,712,713,714,-1,714,713,715,-1,714,715,716,-1,716,715,717,-1,716,717,718,-1,718,717,719,-1,718,719,720,-1,720,719,721,-1,720,721,722,-1,722,721,723,-1,722,723,544,-1,713,724,715,-1,715,724,725,-1,715,725,717,-1,717,725,726,-1,717,726,719,-1,719,726,727,-1,719,727,721,-1,721,727,728,-1,721,728,723,-1,723,728,729,-1,723,729,544,-1,662,712,730,-1,730,712,714,-1,730,714,731,-1,731,714,716,-1,731,716,732,-1,732,716,718,-1,732,718,733,-1,733,718,720,-1,733,720,734,-1,734,720,722,-1,734,722,544,-1,735,736,737,-1,737,736,738,-1,737,738,739,-1,739,738,740,-1,739,740,741,-1,741,740,742,-1,741,742,743,-1,743,742,744,-1,743,744,745,-1,745,744,746,-1,745,746,544,-1,736,666,738,-1,738,666,675,-1,738,675,740,-1,740,675,673,-1,740,673,742,-1,742,673,671,-1,742,671,744,-1,744,671,669,-1,744,669,746,-1,746,669,667,-1,746,667,544,-1,724,735,725,-1,725,735,737,-1,725,737,726,-1,726,737,739,-1,726,739,727,-1,727,739,741,-1,727,741,728,-1,728,741,743,-1,728,743,729,-1,729,743,745,-1,729,745,544,-1,665,166,747,-1,665,747,677,-1,677,747,748,-1,677,748,678,-1,678,748,749,-1,678,749,689,-1,689,749,750,-1,689,750,695,-1,695,750,751,-1,695,751,696,-1,696,751,658,-1,696,658,656,-1,466,532,711,-1,752,467,466,-1,466,711,752,-1,752,711,710,-1,752,710,753,-1,753,710,709,-1,753,709,754,-1,754,709,708,-1,754,708,755,-1,755,708,707,-1,755,707,756,-1,756,707,656,-1,756,656,655,-1,469,467,757,-1,758,540,469,-1,469,757,758,-1,758,757,759,-1,758,759,760,-1,760,759,761,-1,760,761,762,-1,762,761,763,-1,762,763,764,-1,764,763,765,-1,764,765,766,-1,766,765,660,-1,766,660,659,-1,542,540,767,-1,734,544,542,-1,542,767,734,-1,734,767,768,-1,734,768,733,-1,733,768,769,-1,733,769,732,-1,732,769,770,-1,732,770,731,-1,731,770,771,-1,731,771,730,-1,730,771,664,-1,730,664,662,-1,662,661,772,-1,662,772,712,-1,712,772,773,-1,712,773,713,-1,713,773,774,-1,713,774,724,-1,724,774,775,-1,724,775,735,-1,735,775,776,-1,735,776,736,-1,736,776,58,-1,736,58,666,-1,777,778,779,-1,780,781,782,-1,783,784,785,-1,786,787,788,-1,789,790,791,-1,792,793,794,-1,795,796,797,-1,798,799,800,-1,801,802,803,-1,804,805,806,-1,23,807,9,-1,9,807,808,-1,9,808,10,-1,10,808,809,-1,10,809,12,-1,12,809,810,-1,12,810,13,-1,13,810,811,-1,13,811,20,-1,20,811,806,-1,20,806,19,-1,19,806,805,-1,807,801,808,-1,808,801,803,-1,808,803,809,-1,809,803,812,-1,809,812,810,-1,810,812,813,-1,810,813,811,-1,811,813,814,-1,811,814,806,-1,806,814,800,-1,806,800,804,-1,804,800,799,-1,802,795,803,-1,803,795,797,-1,803,797,812,-1,812,797,815,-1,812,815,813,-1,813,815,816,-1,813,816,814,-1,814,816,817,-1,814,817,800,-1,800,817,794,-1,800,794,798,-1,798,794,793,-1,796,789,797,-1,797,789,791,-1,797,791,815,-1,815,791,818,-1,815,818,816,-1,816,818,819,-1,816,819,817,-1,817,819,820,-1,817,820,794,-1,794,820,788,-1,794,788,792,-1,792,788,787,-1,790,783,791,-1,791,783,785,-1,791,785,818,-1,818,785,821,-1,818,821,819,-1,819,821,822,-1,819,822,820,-1,820,822,823,-1,820,823,788,-1,788,823,782,-1,788,782,786,-1,786,782,781,-1,784,777,785,-1,785,777,779,-1,785,779,821,-1,821,779,824,-1,821,824,822,-1,822,824,825,-1,822,825,823,-1,823,825,826,-1,823,826,782,-1,782,826,827,-1,782,827,780,-1,780,827,828,-1,778,658,779,-1,779,658,751,-1,779,751,824,-1,824,751,750,-1,824,750,825,-1,825,750,749,-1,825,749,826,-1,826,749,748,-1,826,748,827,-1,827,748,747,-1,827,747,828,-1,828,747,166,-1,829,830,831,-1,831,830,832,-1,831,832,833,-1,833,832,834,-1,833,834,835,-1,835,834,836,-1,835,836,837,-1,837,836,838,-1,837,838,839,-1,839,838,840,-1,839,840,467,-1,830,841,832,-1,832,841,842,-1,832,842,834,-1,834,842,843,-1,834,843,836,-1,836,843,844,-1,836,844,838,-1,838,844,845,-1,838,845,840,-1,840,845,846,-1,840,846,467,-1,655,829,756,-1,756,829,831,-1,756,831,755,-1,755,831,833,-1,755,833,754,-1,754,833,835,-1,754,835,753,-1,753,835,837,-1,753,837,752,-1,752,837,839,-1,752,839,467,-1,847,848,849,-1,849,848,850,-1,849,850,851,-1,851,850,852,-1,851,852,853,-1,853,852,854,-1,853,854,855,-1,855,854,856,-1,855,856,857,-1,857,856,858,-1,857,858,467,-1,848,660,850,-1,850,660,765,-1,850,765,852,-1,852,765,763,-1,852,763,854,-1,854,763,761,-1,854,761,856,-1,856,761,759,-1,856,759,858,-1,858,759,757,-1,858,757,467,-1,841,847,842,-1,842,847,849,-1,842,849,843,-1,843,849,851,-1,843,851,844,-1,844,851,853,-1,844,853,845,-1,845,853,855,-1,845,855,846,-1,846,855,857,-1,846,857,467,-1,859,860,861,-1,861,860,862,-1,861,862,863,-1,863,862,864,-1,863,864,865,-1,865,864,866,-1,865,866,867,-1,867,866,868,-1,867,868,869,-1,869,868,870,-1,869,870,540,-1,860,871,862,-1,862,871,872,-1,862,872,864,-1,864,872,873,-1,864,873,866,-1,866,873,874,-1,866,874,868,-1,868,874,875,-1,868,875,870,-1,870,875,876,-1,870,876,540,-1,659,859,766,-1,766,859,861,-1,766,861,764,-1,764,861,863,-1,764,863,762,-1,762,863,865,-1,762,865,760,-1,760,865,867,-1,760,867,758,-1,758,867,869,-1,758,869,540,-1,877,878,879,-1,879,878,880,-1,879,880,881,-1,881,880,882,-1,881,882,883,-1,883,882,884,-1,883,884,885,-1,885,884,886,-1,885,886,887,-1,887,886,888,-1,887,888,540,-1,878,664,880,-1,880,664,771,-1,880,771,882,-1,882,771,770,-1,882,770,884,-1,884,770,769,-1,884,769,886,-1,886,769,768,-1,886,768,888,-1,888,768,767,-1,888,767,540,-1,871,877,872,-1,872,877,879,-1,872,879,873,-1,873,879,881,-1,873,881,874,-1,874,881,883,-1,874,883,875,-1,875,883,885,-1,875,885,876,-1,876,885,887,-1,876,887,540,-1,153,155,178,-1,178,155,889,-1,178,889,179,-1,179,889,890,-1,179,890,180,-1,180,890,891,-1,180,891,181,-1,181,891,892,-1,181,892,191,-1,191,892,893,-1,191,893,192,-1,192,893,894,-1,155,157,889,-1,889,157,895,-1,889,895,890,-1,890,895,896,-1,890,896,891,-1,891,896,897,-1,891,897,892,-1,892,897,898,-1,892,898,893,-1,893,898,899,-1,893,899,894,-1,894,899,900,-1,157,159,895,-1,895,159,901,-1,895,901,896,-1,896,901,902,-1,896,902,897,-1,897,902,903,-1,897,903,898,-1,898,903,904,-1,898,904,899,-1,899,904,905,-1,899,905,900,-1,900,905,906,-1,159,161,901,-1,901,161,907,-1,901,907,902,-1,902,907,908,-1,902,908,903,-1,903,908,909,-1,903,909,904,-1,904,909,910,-1,904,910,905,-1,905,910,911,-1,905,911,906,-1,906,911,912,-1,161,163,907,-1,907,163,913,-1,907,913,908,-1,908,913,914,-1,908,914,909,-1,909,914,915,-1,909,915,910,-1,910,915,916,-1,910,916,911,-1,911,916,917,-1,911,917,912,-1,912,917,918,-1,163,58,913,-1,913,58,776,-1,913,776,914,-1,914,776,775,-1,914,775,915,-1,915,775,774,-1,915,774,916,-1,916,774,773,-1,916,773,917,-1,917,773,772,-1,917,772,918,-1,918,772,661,-1,658,778,657,-1,657,778,919,-1,778,777,919,-1,919,777,784,-1,919,784,920,-1,784,783,920,-1,920,783,790,-1,920,790,921,-1,921,790,789,-1,921,789,922,-1,789,796,922,-1,922,796,795,-1,922,795,923,-1,795,802,923,-1,923,802,801,-1,923,801,22,-1,22,801,807,-1,22,807,23,-1,655,657,924,-1,655,924,829,-1,829,924,925,-1,829,925,830,-1,830,925,926,-1,830,926,841,-1,841,926,927,-1,841,927,847,-1,847,927,928,-1,847,928,848,-1,848,928,230,-1,848,230,660,-1,659,232,929,-1,659,929,859,-1,859,929,930,-1,859,930,860,-1,860,930,931,-1,860,931,871,-1,871,931,932,-1,871,932,877,-1,877,932,933,-1,877,933,878,-1,878,933,663,-1,878,663,664,-1,663,934,661,-1,661,934,918,-1,934,935,918,-1,918,935,936,-1,918,936,912,-1,936,937,912,-1,912,937,938,-1,912,938,906,-1,906,938,939,-1,906,939,900,-1,939,940,900,-1,900,940,941,-1,900,941,894,-1,941,942,894,-1,894,942,943,-1,894,943,192,-1,192,943,944,-1,192,944,193,-1,14,337,4,-1,4,337,945,-1,4,945,5,-1,5,945,946,-1,5,946,7,-1,7,946,947,-1,7,947,8,-1,8,947,948,-1,8,948,21,-1,21,948,949,-1,21,949,22,-1,22,949,923,-1,337,339,945,-1,945,339,950,-1,945,950,946,-1,946,950,951,-1,946,951,947,-1,947,951,952,-1,947,952,948,-1,948,952,953,-1,948,953,949,-1,949,953,954,-1,949,954,923,-1,923,954,922,-1,339,341,950,-1,950,341,955,-1,950,955,951,-1,951,955,956,-1,951,956,952,-1,952,956,957,-1,952,957,953,-1,953,957,958,-1,953,958,954,-1,954,958,959,-1,954,959,922,-1,922,959,921,-1,341,343,955,-1,955,343,960,-1,955,960,956,-1,956,960,961,-1,956,961,957,-1,957,961,962,-1,957,962,958,-1,958,962,963,-1,958,963,959,-1,959,963,964,-1,959,964,921,-1,921,964,920,-1,343,345,960,-1,960,345,965,-1,960,965,961,-1,961,965,966,-1,961,966,962,-1,962,966,967,-1,962,967,963,-1,963,967,968,-1,963,968,964,-1,964,968,969,-1,964,969,920,-1,920,969,919,-1,345,230,965,-1,965,230,928,-1,965,928,966,-1,966,928,927,-1,966,927,967,-1,967,927,926,-1,967,926,968,-1,968,926,925,-1,968,925,969,-1,969,925,924,-1,969,924,919,-1,919,924,657,-1,935,934,970,-1,971,972,973,-1,937,936,974,-1,975,976,977,-1,939,938,978,-1,979,980,981,-1,941,940,982,-1,983,984,985,-1,943,942,986,-1,987,988,989,-1,193,944,182,-1,182,944,990,-1,182,990,183,-1,183,990,991,-1,183,991,185,-1,185,991,992,-1,185,992,186,-1,186,992,993,-1,186,993,190,-1,190,993,989,-1,190,989,189,-1,189,989,988,-1,944,943,990,-1,990,943,986,-1,990,986,991,-1,991,986,994,-1,991,994,992,-1,992,994,995,-1,992,995,993,-1,993,995,996,-1,993,996,989,-1,989,996,985,-1,989,985,987,-1,987,985,984,-1,942,941,986,-1,986,941,982,-1,986,982,994,-1,994,982,997,-1,994,997,995,-1,995,997,998,-1,995,998,996,-1,996,998,999,-1,996,999,985,-1,985,999,981,-1,985,981,983,-1,983,981,980,-1,940,939,982,-1,982,939,978,-1,982,978,997,-1,997,978,1000,-1,997,1000,998,-1,998,1000,1001,-1,998,1001,999,-1,999,1001,1002,-1,999,1002,981,-1,981,1002,977,-1,981,977,979,-1,979,977,976,-1,938,937,978,-1,978,937,974,-1,978,974,1000,-1,1000,974,1003,-1,1000,1003,1001,-1,1001,1003,1004,-1,1001,1004,1002,-1,1002,1004,1005,-1,1002,1005,977,-1,977,1005,973,-1,977,973,975,-1,975,973,972,-1,936,935,974,-1,974,935,970,-1,974,970,1003,-1,1003,970,1006,-1,1003,1006,1004,-1,1004,1006,1007,-1,1004,1007,1005,-1,1005,1007,1008,-1,1005,1008,973,-1,973,1008,1009,-1,973,1009,971,-1,971,1009,1010,-1,934,663,970,-1,970,663,933,-1,970,933,1006,-1,1006,933,932,-1,1006,932,1007,-1,1007,932,931,-1,1007,931,1008,-1,1008,931,930,-1,1008,930,1009,-1,1009,930,929,-1,1009,929,1010,-1,1010,929,232,-1,1011,584,582,-1,1011,582,1012,-1,1012,582,1013,-1,1012,1013,1014,-1,1014,1013,1015,-1,1014,1015,1016,-1,1016,1015,1017,-1,1017,1015,1018,-1,1017,1018,1019,-1,1019,1018,1020,-1,1020,1018,1021,-1,1020,1021,1022,-1,1022,1021,1023,-1,1022,1023,1024,-1,1024,1023,1025,-1,1024,1025,1026,-1,24,1027,11,-1,11,1027,1028,-1,11,1028,1029,-1,1029,1028,1026,-1,1029,1026,1030,-1,1030,1026,1025,-1,584,1011,583,-1,583,1011,1031,-1,1014,1032,1033,-1,1031,1011,1033,-1,1033,1011,1012,-1,1033,1012,1014,-1,1017,1034,1035,-1,1032,1014,1035,-1,1035,1014,1016,-1,1035,1016,1017,-1,1020,1036,1037,-1,1034,1017,1037,-1,1037,1017,1019,-1,1037,1019,1020,-1,1036,1020,1038,-1,1038,1020,1022,-1,1038,1022,1039,-1,1028,1040,1026,-1,1026,1040,1039,-1,1026,1039,1024,-1,1024,1039,1022,-1,24,210,1027,-1,1027,210,1041,-1,1027,1041,1028,-1,1028,1041,1042,-1,1028,1042,1040,-1,6,11,1043,-1,1043,11,1029,-1,1043,1029,1044,-1,1029,1030,1044,-1,1044,1030,1025,-1,1044,1025,1045,-1,1045,1025,1023,-1,1045,1023,1046,-1,1046,1023,1021,-1,1046,1021,1047,-1,1047,1021,1048,-1,1021,1018,1048,-1,1048,1018,1015,-1,1048,1015,1049,-1,1049,1015,1013,-1,1049,1013,1050,-1,1050,1013,582,-1,1050,582,581,-1,1050,581,583,-1,583,1031,1050,-1,1050,1031,1033,-1,1050,1033,1049,-1,1033,1032,1049,-1,1049,1032,1035,-1,1049,1035,1048,-1,1035,1034,1048,-1,1048,1034,1037,-1,1048,1037,1047,-1,1037,1036,1047,-1,1047,1036,1038,-1,1047,1038,1046,-1,1046,1038,1039,-1,1046,1039,1045,-1,1045,1039,1040,-1,1045,1040,1044,-1,1044,1040,1043,-1,1043,1040,1042,-1,1043,1042,6,-1,6,1042,1041,-1,6,1041,210,-1,1051,580,578,-1,1051,578,1052,-1,1053,1054,1055,-1,578,1056,1052,-1,1052,1056,1057,-1,1052,1057,1055,-1,1055,1057,1058,-1,1055,1058,1053,-1,1059,1060,1061,-1,1054,1053,1061,-1,1061,1053,1062,-1,1061,1062,1059,-1,1063,1064,1065,-1,1060,1059,1065,-1,1065,1059,1066,-1,1065,1066,1063,-1,1064,1063,1067,-1,1067,1063,1068,-1,1067,1068,1069,-1,1069,1068,1070,-1,1069,1070,1071,-1,1071,1070,1072,-1,1071,1072,1073,-1,1073,1072,202,-1,202,1072,1074,-1,202,1074,184,-1,580,1051,579,-1,579,1051,1075,-1,1075,1051,1076,-1,1076,1051,1052,-1,1076,1052,1077,-1,1077,1052,1055,-1,1077,1055,1078,-1,1078,1055,1054,-1,1078,1054,1079,-1,1079,1054,1061,-1,1079,1061,1080,-1,1080,1061,1060,-1,1080,1060,1065,-1,1081,1082,1065,-1,1065,1082,1083,-1,1065,1083,1080,-1,1065,1064,1081,-1,1081,1064,1067,-1,1081,1067,1084,-1,1084,1067,1069,-1,1084,1069,1085,-1,1085,1069,1071,-1,1085,1071,1086,-1,1086,1071,1073,-1,1086,1073,31,-1,31,1073,202,-1,1072,1087,1074,-1,1074,1087,29,-1,1074,29,184,-1,1088,1089,1066,-1,1066,1089,1090,-1,1066,1090,1063,-1,1063,1090,1091,-1,1063,1091,1068,-1,1068,1091,1092,-1,1068,1092,1070,-1,1070,1092,1093,-1,1070,1093,1072,-1,1072,1093,1094,-1,1072,1094,1087,-1,1066,1059,1088,-1,1088,1059,1062,-1,1088,1062,1095,-1,1095,1062,1096,-1,1058,1057,1097,-1,1062,1053,1096,-1,1096,1053,1058,-1,1096,1058,1098,-1,1098,1058,1097,-1,1057,1056,1097,-1,1097,1056,578,-1,1097,578,577,-1,577,579,1097,-1,1097,579,1075,-1,1097,1075,1098,-1,1098,1075,1076,-1,1098,1076,1096,-1,1096,1076,1077,-1,1096,1077,1095,-1,1095,1077,1078,-1,1095,1078,1088,-1,1088,1078,1079,-1,1088,1079,1089,-1,1089,1079,1080,-1,1089,1080,1090,-1,1090,1080,1083,-1,1090,1083,1091,-1,1084,1092,1081,-1,1081,1092,1091,-1,1081,1091,1082,-1,1082,1091,1083,-1,1085,1094,1084,-1,1084,1094,1093,-1,1084,1093,1092,-1,29,1087,31,-1,31,1087,1094,-1,31,1094,1086,-1,1086,1094,1085,-1,1099,593,646,-1,646,647,1099,-1,1099,647,648,-1,1099,648,649,-1,1100,650,651,-1,651,652,1100,-1,1100,652,653,-1,1100,653,654,-1,1101,1102,1103,-1,1103,1102,1099,-1,1103,1099,1100,-1,1100,1099,649,-1,1100,649,650,-1,590,591,1104,-1,1104,591,1105,-1,1104,1105,1106,-1,1106,1105,1107,-1,1106,1107,1108,-1,1108,1107,1109,-1,1108,1109,1110,-1,1110,1109,1111,-1,1110,1111,1112,-1,1112,1111,1113,-1,1112,1113,1101,-1,1101,1113,1114,-1,1101,1114,1102,-1,1115,598,594,-1,1116,1117,1114,-1,1114,1117,1118,-1,1114,1118,1102,-1,1102,1118,1115,-1,1102,1115,1099,-1,1099,1115,594,-1,1099,594,593,-1,1107,1119,1109,-1,1109,1119,1120,-1,1109,1120,1111,-1,1111,1120,1116,-1,1111,1116,1113,-1,1113,1116,1114,-1,591,592,1105,-1,1105,592,1121,-1,1105,1121,1107,-1,1107,1121,1122,-1,1107,1122,1119,-1,589,590,1104,-1,589,1104,1123,-1,1123,1104,1106,-1,1123,1106,1124,-1,1124,1106,1125,-1,1125,1106,1108,-1,1125,1108,1126,-1,1108,1110,1126,-1,1126,1110,1112,-1,1126,1112,1127,-1,1127,1112,1128,-1,1100,654,645,-1,1112,1101,1128,-1,1128,1101,1103,-1,1128,1103,1129,-1,1129,1103,1100,-1,1129,1100,1130,-1,1130,1100,645,-1,1130,645,644,-1,644,643,1130,-1,1130,643,637,-1,637,631,1130,-1,1130,631,625,-1,1130,625,615,-1,609,603,1115,-1,1115,603,597,-1,1115,597,598,-1,1117,1129,1118,-1,1118,1129,1130,-1,1118,1130,1115,-1,1115,1130,615,-1,1115,615,609,-1,592,589,1121,-1,1121,589,1123,-1,1121,1123,1122,-1,1122,1123,1124,-1,1122,1124,1119,-1,1119,1124,1125,-1,1119,1125,1120,-1,1120,1125,1126,-1,1120,1126,1116,-1,1116,1126,1127,-1,1116,1127,1117,-1,1117,1127,1128,-1,1117,1128,1129,-1,619,618,1131,-1,1132,1133,1131,-1,1131,1133,1134,-1,1131,1134,619,-1,1131,1135,1132,-1,1132,1135,1136,-1,1132,1136,1137,-1,1137,1136,1138,-1,1137,1138,1139,-1,1139,1138,1140,-1,1139,1140,1141,-1,1141,1140,1142,-1,1141,1142,1143,-1,1143,1142,1144,-1,1143,1144,1145,-1,1145,1144,1146,-1,1145,1146,1147,-1,1148,1149,1150,-1,1146,1151,1147,-1,1147,1151,1148,-1,1147,1148,1152,-1,1152,1148,1150,-1,618,617,1153,-1,395,396,1154,-1,1154,396,1149,-1,1154,1149,1155,-1,1155,1149,1148,-1,1155,1148,1156,-1,1156,1148,1151,-1,1156,1151,1157,-1,1157,1151,1146,-1,1157,1146,1158,-1,1158,1146,1144,-1,1158,1144,1159,-1,1159,1144,1142,-1,1159,1142,1160,-1,1160,1142,1140,-1,1160,1140,1161,-1,1161,1140,1138,-1,1161,1138,1162,-1,1162,1138,1136,-1,1162,1136,1163,-1,1163,1136,1135,-1,1163,1135,1153,-1,1153,1135,1131,-1,1153,1131,618,-1,1164,614,1134,-1,1134,614,619,-1,1164,1134,1165,-1,1165,1134,1133,-1,1165,1133,1166,-1,1166,1133,1132,-1,1166,1132,1167,-1,1167,1132,1137,-1,1167,1137,1168,-1,1168,1137,1139,-1,1168,1139,1169,-1,1139,1141,1169,-1,1169,1141,1143,-1,1169,1143,1170,-1,1170,1143,1171,-1,1143,1145,1171,-1,1171,1145,1147,-1,1171,1147,1172,-1,1172,1147,1173,-1,1150,399,401,-1,1147,1152,1173,-1,1173,1152,1150,-1,1173,1150,1174,-1,1174,1150,401,-1,1159,1160,1169,-1,614,1164,617,-1,617,1164,1153,-1,1165,1162,1164,-1,1164,1162,1163,-1,1164,1163,1153,-1,1165,1166,1162,-1,1162,1166,1167,-1,1162,1167,1161,-1,1161,1167,1160,-1,1160,1167,1168,-1,1160,1168,1169,-1,1159,1169,1158,-1,1158,1169,1170,-1,1158,1170,1171,-1,1174,1154,1173,-1,1173,1154,1155,-1,1173,1155,1172,-1,1172,1155,1156,-1,1172,1156,1171,-1,1171,1156,1157,-1,1171,1157,1158,-1,1175,1176,1177,-1,1177,1176,622,-1,1177,622,621,-1,1177,1178,1175,-1,1175,1178,1179,-1,1175,1179,1180,-1,1180,1179,1181,-1,1179,1182,1181,-1,1181,1182,1183,-1,1181,1183,1184,-1,1184,1183,1185,-1,1183,1186,1185,-1,1185,1186,1187,-1,1185,1187,1188,-1,1188,1187,1189,-1,1187,1190,1189,-1,1189,1190,1191,-1,1189,1191,1192,-1,1192,1191,1193,-1,1194,406,408,-1,1191,1195,1193,-1,1193,1195,1194,-1,1193,1194,1196,-1,1196,1194,408,-1,1186,1183,1197,-1,621,623,1198,-1,1179,1178,1198,-1,1198,1178,1177,-1,1198,1177,621,-1,1198,1199,1179,-1,1179,1199,1200,-1,1179,1200,1182,-1,1182,1200,1201,-1,1182,1201,1183,-1,1183,1201,1202,-1,1183,1202,1197,-1,1186,1197,1187,-1,1187,1197,1203,-1,1187,1203,1204,-1,1205,1194,1206,-1,1206,1194,1195,-1,1206,1195,1207,-1,1207,1195,1191,-1,1207,1191,1204,-1,1204,1191,1190,-1,1204,1190,1187,-1,622,1176,624,-1,624,1176,1208,-1,1175,1209,1176,-1,1176,1209,1210,-1,1176,1210,1208,-1,1175,1180,1209,-1,1209,1180,1181,-1,1209,1181,1211,-1,1211,1181,1212,-1,1181,1184,1212,-1,1212,1184,1185,-1,1212,1185,1213,-1,1213,1185,1214,-1,1185,1188,1214,-1,1214,1188,1189,-1,1214,1189,1215,-1,1215,1189,1216,-1,1193,1196,1217,-1,1189,1192,1216,-1,1216,1192,1193,-1,1216,1193,1218,-1,1218,1193,1217,-1,416,417,1217,-1,1217,417,1205,-1,1217,1205,1218,-1,1218,1205,1206,-1,1218,1206,1216,-1,1216,1206,1207,-1,1216,1207,1215,-1,1215,1207,1204,-1,1215,1204,1214,-1,1214,1204,1203,-1,1214,1203,1213,-1,1213,1203,1197,-1,1213,1197,1212,-1,1212,1197,1202,-1,1212,1202,1211,-1,1211,1202,1201,-1,1211,1201,1209,-1,1209,1201,1200,-1,1209,1200,1210,-1,1210,1200,1199,-1,1210,1199,1208,-1,1208,1199,1198,-1,1208,1198,624,-1,624,1198,623,-1,1219,1220,1221,-1,1221,1220,628,-1,1221,628,627,-1,1221,1222,1219,-1,1219,1222,1223,-1,1219,1223,1224,-1,1224,1223,1225,-1,1223,1226,1225,-1,1225,1226,1227,-1,1225,1227,1228,-1,1228,1227,1229,-1,1227,1230,1229,-1,1229,1230,1231,-1,1229,1231,1232,-1,1232,1231,1233,-1,1231,1234,1233,-1,1233,1234,1235,-1,1233,1235,1236,-1,1236,1235,1237,-1,1238,420,422,-1,1235,1239,1237,-1,1237,1239,1238,-1,1237,1238,1240,-1,1240,1238,422,-1,627,629,1241,-1,1223,1222,1241,-1,1241,1222,1221,-1,1241,1221,627,-1,1241,1242,1223,-1,1223,1242,1243,-1,1223,1243,1226,-1,1226,1243,1244,-1,1226,1244,1227,-1,1227,1244,1245,-1,1227,1245,1230,-1,1230,1245,1246,-1,1230,1246,1231,-1,1231,1246,1247,-1,1231,1247,1248,-1,1249,1238,1250,-1,1250,1238,1239,-1,1250,1239,1251,-1,1251,1239,1235,-1,1251,1235,1248,-1,1248,1235,1234,-1,1248,1234,1231,-1,630,628,1220,-1,1252,1253,1220,-1,1220,1253,1254,-1,1220,1254,630,-1,1220,1219,1252,-1,1252,1219,1224,-1,1252,1224,1255,-1,1255,1224,1225,-1,1255,1225,1256,-1,1256,1225,1228,-1,1256,1228,1229,-1,1240,1257,1237,-1,1237,1257,1258,-1,1237,1258,1236,-1,1236,1258,1259,-1,1236,1259,1233,-1,1233,1259,1260,-1,1233,1260,1232,-1,1232,1260,1261,-1,1232,1261,1229,-1,1229,1261,1262,-1,1229,1262,1256,-1,430,431,1257,-1,1257,431,1249,-1,1257,1249,1258,-1,1258,1249,1250,-1,1258,1250,1259,-1,1259,1250,1251,-1,1259,1251,1260,-1,1260,1251,1248,-1,1260,1248,1261,-1,1261,1248,1247,-1,1261,1247,1262,-1,1262,1247,1246,-1,1262,1246,1256,-1,1256,1246,1245,-1,1256,1245,1255,-1,1255,1245,1244,-1,1255,1244,1252,-1,1252,1244,1243,-1,1252,1243,1253,-1,1253,1243,1242,-1,1253,1242,1254,-1,1254,1242,1241,-1,1254,1241,630,-1,630,1241,629,-1,1263,1264,1265,-1,1265,1264,634,-1,1265,634,633,-1,1265,1266,1263,-1,1263,1266,1267,-1,1263,1267,1268,-1,1268,1267,1269,-1,1267,1270,1269,-1,1269,1270,1271,-1,1269,1271,1272,-1,1272,1271,1273,-1,1271,1274,1273,-1,1273,1274,1275,-1,1273,1275,1276,-1,1276,1275,1277,-1,1275,1278,1277,-1,1277,1278,1279,-1,1277,1279,1280,-1,1280,1279,1281,-1,1282,434,436,-1,1279,1283,1281,-1,1281,1283,1282,-1,1281,1282,1284,-1,1284,1282,436,-1,635,1285,633,-1,633,1285,1265,-1,1286,1267,1285,-1,1285,1267,1266,-1,1285,1266,1265,-1,1286,1287,1267,-1,1267,1287,1288,-1,1267,1288,1270,-1,1270,1288,1271,-1,1271,1288,1289,-1,1271,1289,1274,-1,1274,1289,1290,-1,1274,1290,1275,-1,1275,1290,1291,-1,1275,1291,1278,-1,1278,1291,1292,-1,1278,1292,1279,-1,1293,1294,1282,-1,1292,1295,1279,-1,1279,1295,1293,-1,1279,1293,1283,-1,1283,1293,1282,-1,1296,1297,1273,-1,636,634,1264,-1,1298,1299,1264,-1,1264,1299,1300,-1,1264,1300,636,-1,1264,1263,1298,-1,1298,1263,1268,-1,1298,1268,1301,-1,1301,1268,1269,-1,1301,1269,1297,-1,1297,1269,1272,-1,1297,1272,1273,-1,1296,1273,1302,-1,1302,1273,1276,-1,1302,1276,1303,-1,1303,1276,1277,-1,1303,1277,1304,-1,1281,1284,1305,-1,1277,1280,1304,-1,1304,1280,1281,-1,1304,1281,1306,-1,1306,1281,1305,-1,444,445,1305,-1,1305,445,1294,-1,1305,1294,1306,-1,1306,1294,1293,-1,1306,1293,1304,-1,1304,1293,1295,-1,1304,1295,1303,-1,1303,1295,1292,-1,1303,1292,1302,-1,1302,1292,1291,-1,1302,1291,1296,-1,1296,1291,1290,-1,1296,1290,1297,-1,1297,1290,1289,-1,1297,1289,1301,-1,1301,1289,1288,-1,1301,1288,1298,-1,1298,1288,1287,-1,1298,1287,1299,-1,1299,1287,1286,-1,1299,1286,1300,-1,1300,1286,1285,-1,1300,1285,636,-1,636,1285,635,-1,601,600,1307,-1,1308,1309,1307,-1,1307,1309,1310,-1,1307,1310,601,-1,1307,1311,1308,-1,1308,1311,1312,-1,1308,1312,1313,-1,1313,1312,1314,-1,1313,1314,1315,-1,1315,1314,1316,-1,1315,1316,1317,-1,1317,1316,1318,-1,1317,1318,1319,-1,1319,1318,1320,-1,1319,1320,1321,-1,1321,1320,1322,-1,1321,1322,1323,-1,1324,1325,1326,-1,1322,1327,1323,-1,1323,1327,1324,-1,1323,1324,1328,-1,1328,1324,1326,-1,1318,1329,1330,-1,353,354,1331,-1,1331,354,1325,-1,1331,1325,1332,-1,1332,1325,1324,-1,1332,1324,1333,-1,1333,1324,1327,-1,1333,1327,1334,-1,1334,1327,1322,-1,1334,1322,1330,-1,1330,1322,1320,-1,1330,1320,1318,-1,1314,1335,1336,-1,1329,1318,1336,-1,1336,1318,1316,-1,1336,1316,1314,-1,1335,1314,1337,-1,1337,1314,1312,-1,1337,1312,1311,-1,600,599,1307,-1,1307,599,1338,-1,1307,1338,1311,-1,1311,1338,1339,-1,1311,1339,1337,-1,1340,1341,1319,-1,596,601,1342,-1,1342,601,1310,-1,1342,1310,1343,-1,1343,1310,1309,-1,1343,1309,1344,-1,1344,1309,1308,-1,1344,1308,1345,-1,1345,1308,1313,-1,1345,1313,1346,-1,1346,1313,1315,-1,1346,1315,1341,-1,1341,1315,1317,-1,1341,1317,1319,-1,1340,1319,1347,-1,1347,1319,1321,-1,1347,1321,1323,-1,357,359,1326,-1,1326,359,1348,-1,1326,1348,1328,-1,1328,1348,1349,-1,1328,1349,1323,-1,1323,1349,1350,-1,1323,1350,1347,-1,596,1342,599,-1,599,1342,1338,-1,1343,1337,1342,-1,1342,1337,1339,-1,1342,1339,1338,-1,1343,1344,1337,-1,1337,1344,1345,-1,1337,1345,1335,-1,1335,1345,1336,-1,1345,1346,1336,-1,1336,1346,1341,-1,1336,1341,1329,-1,1329,1341,1330,-1,1341,1340,1330,-1,1330,1340,1347,-1,1330,1347,1334,-1,1334,1347,1333,-1,1349,1348,1331,-1,1347,1350,1333,-1,1333,1350,1349,-1,1333,1349,1332,-1,1332,1349,1331,-1,607,606,1351,-1,1352,1353,1351,-1,1351,1353,1354,-1,1351,1354,607,-1,1351,1355,1352,-1,1352,1355,1356,-1,1352,1356,1357,-1,1357,1356,1358,-1,1357,1358,1359,-1,1359,1358,1360,-1,1359,1360,1361,-1,1361,1360,1362,-1,1361,1362,1363,-1,1362,1364,1363,-1,1363,1364,1365,-1,1363,1365,1366,-1,1366,1365,1367,-1,1368,1369,1370,-1,1365,1371,1367,-1,1367,1371,1368,-1,1367,1368,1372,-1,1372,1368,1370,-1,367,368,1373,-1,1373,368,1369,-1,1373,1369,1374,-1,1374,1369,1368,-1,1374,1368,1375,-1,1375,1368,1371,-1,1375,1371,1376,-1,1376,1371,1365,-1,1376,1365,1377,-1,1377,1365,1364,-1,1377,1364,1362,-1,606,605,1351,-1,1351,605,1378,-1,1351,1378,1355,-1,1355,1378,1379,-1,1355,1379,1356,-1,1356,1379,1380,-1,1356,1380,1358,-1,1358,1380,1381,-1,1358,1381,1360,-1,1360,1381,1382,-1,1360,1382,1362,-1,1362,1382,1383,-1,1362,1383,1377,-1,1384,1385,1352,-1,1386,602,1354,-1,1354,602,607,-1,1386,1354,1385,-1,1385,1354,1353,-1,1385,1353,1352,-1,1384,1352,1387,-1,1387,1352,1357,-1,1387,1357,1388,-1,1388,1357,1359,-1,1388,1359,1389,-1,1359,1361,1389,-1,1389,1361,1363,-1,1389,1363,1390,-1,1390,1363,1391,-1,1363,1366,1391,-1,1391,1366,1367,-1,1391,1367,1392,-1,1392,1367,1393,-1,1370,371,373,-1,1367,1372,1393,-1,1393,1372,1370,-1,1393,1370,1394,-1,1394,1370,373,-1,1383,1382,1389,-1,602,1386,605,-1,605,1386,1378,-1,1385,1380,1386,-1,1386,1380,1379,-1,1386,1379,1378,-1,1385,1384,1380,-1,1380,1384,1387,-1,1380,1387,1381,-1,1381,1387,1382,-1,1382,1387,1388,-1,1382,1388,1389,-1,1383,1389,1377,-1,1377,1389,1390,-1,1377,1390,1376,-1,1376,1390,1391,-1,1376,1391,1375,-1,1393,1394,1373,-1,1391,1392,1375,-1,1375,1392,1393,-1,1375,1393,1374,-1,1374,1393,1373,-1,1395,1396,1397,-1,1397,1396,640,-1,1397,640,639,-1,1397,1398,1395,-1,1395,1398,1399,-1,1395,1399,1400,-1,1400,1399,1401,-1,1399,1402,1401,-1,1401,1402,1403,-1,1401,1403,1404,-1,1404,1403,1405,-1,1403,1406,1405,-1,1405,1406,1407,-1,1405,1407,1408,-1,1408,1407,1409,-1,1407,1410,1409,-1,1409,1410,1411,-1,1409,1411,1412,-1,1412,1411,1413,-1,1414,448,450,-1,1411,1415,1413,-1,1413,1415,1414,-1,1413,1414,1416,-1,1416,1414,450,-1,641,1417,639,-1,639,1417,1397,-1,1418,1399,1417,-1,1417,1399,1398,-1,1417,1398,1397,-1,1418,1419,1399,-1,1399,1419,1420,-1,1399,1420,1402,-1,1402,1420,1403,-1,1403,1420,1421,-1,1403,1421,1406,-1,1406,1421,1422,-1,1406,1422,1407,-1,1407,1422,1423,-1,1407,1423,1424,-1,1425,1414,1426,-1,1426,1414,1415,-1,1426,1415,1427,-1,1427,1415,1411,-1,1427,1411,1424,-1,1424,1411,1410,-1,1424,1410,1407,-1,642,640,1396,-1,1428,1429,1396,-1,1396,1429,1430,-1,1396,1430,642,-1,1396,1395,1428,-1,1428,1395,1400,-1,1428,1400,1431,-1,1431,1400,1401,-1,1431,1401,1432,-1,1432,1401,1404,-1,1432,1404,1405,-1,1416,1433,1413,-1,1413,1433,1434,-1,1413,1434,1412,-1,1412,1434,1435,-1,1412,1435,1409,-1,1409,1435,1436,-1,1409,1436,1408,-1,1408,1436,1437,-1,1408,1437,1405,-1,1405,1437,1438,-1,1405,1438,1432,-1,458,459,1433,-1,1433,459,1425,-1,1433,1425,1434,-1,1434,1425,1426,-1,1434,1426,1435,-1,1435,1426,1427,-1,1435,1427,1436,-1,1436,1427,1424,-1,1436,1424,1437,-1,1437,1424,1423,-1,1437,1423,1438,-1,1438,1423,1422,-1,1438,1422,1432,-1,1432,1422,1421,-1,1432,1421,1431,-1,1431,1421,1420,-1,1431,1420,1428,-1,1428,1420,1419,-1,1428,1419,1429,-1,1429,1419,1418,-1,1429,1418,1430,-1,1430,1418,1417,-1,1430,1417,642,-1,642,1417,641,-1,613,612,1439,-1,1440,1441,1439,-1,1439,1441,1442,-1,1439,1442,613,-1,1439,1443,1440,-1,1440,1443,1444,-1,1440,1444,1445,-1,1445,1444,1446,-1,1445,1446,1447,-1,1447,1446,1448,-1,1447,1448,1449,-1,1449,1448,1450,-1,1449,1450,1451,-1,1450,1452,1451,-1,1451,1452,1453,-1,1451,1453,1454,-1,1454,1453,1455,-1,1456,1457,1458,-1,1453,1459,1455,-1,1455,1459,1456,-1,1455,1456,1460,-1,1460,1456,1458,-1,381,382,1461,-1,1461,382,1457,-1,1461,1457,1462,-1,1462,1457,1456,-1,1462,1456,1463,-1,1463,1456,1459,-1,1463,1459,1464,-1,1464,1459,1453,-1,1464,1453,1465,-1,1465,1453,1452,-1,1465,1452,1450,-1,612,611,1439,-1,1439,611,1466,-1,1439,1466,1443,-1,1443,1466,1467,-1,1443,1467,1444,-1,1444,1467,1468,-1,1444,1468,1446,-1,1446,1468,1469,-1,1446,1469,1448,-1,1448,1469,1470,-1,1448,1470,1450,-1,1450,1470,1471,-1,1450,1471,1465,-1,1472,608,1442,-1,1442,608,613,-1,1472,1442,1473,-1,1473,1442,1441,-1,1473,1441,1474,-1,1474,1441,1440,-1,1474,1440,1475,-1,1475,1440,1445,-1,1475,1445,1476,-1,1476,1445,1447,-1,1476,1447,1477,-1,1447,1449,1477,-1,1477,1449,1451,-1,1477,1451,1478,-1,1478,1451,1479,-1,1451,1454,1479,-1,1479,1454,1455,-1,1479,1455,1480,-1,1480,1455,1481,-1,1458,385,387,-1,1455,1460,1481,-1,1481,1460,1458,-1,1481,1458,1482,-1,1482,1458,387,-1,608,1472,611,-1,611,1472,1466,-1,1473,1468,1472,-1,1472,1468,1467,-1,1472,1467,1466,-1,1473,1474,1468,-1,1468,1474,1475,-1,1468,1475,1469,-1,1469,1475,1470,-1,1475,1476,1470,-1,1470,1476,1477,-1,1470,1477,1471,-1,1471,1477,1465,-1,1477,1478,1465,-1,1465,1478,1479,-1,1465,1479,1464,-1,1464,1479,1463,-1,1481,1482,1461,-1,1479,1480,1463,-1,1463,1480,1481,-1,1463,1481,1462,-1,1462,1481,1461,-1]}}
Shape{appearance Appearance{material Material{diffuseColor 0.8549019607843137 0.803921568627451 0.5294117647058824 transparency 0.0}}geometry IndexedFaceSet{ccw TRUE solid FALSE coord Coordinate{point [0.4844 -0.8583 0.0239, 0.4844 -0.8583 0.0633, 0.4844 -0.8586 0.0239, 0.4729 -0.8982 0.0633, 0.4729 -0.8982 0.0239, 0.4784 -0.8982 0.0633, 0.4784 -0.8982 0.0239, 0.4817 -0.886 0.0633, 0.4817 -0.886 0.0239, 0.4918 -0.886 0.0633, 0.4918 -0.886 0.0239, 0.495 -0.8982 0.0633, 0.495 -0.8982 0.0239, 0.5006 -0.8982 0.0633, 0.5006 -0.8982 0.0239, 0.4891 -0.8586 0.0239, 0.489 -0.8583 0.0633, 0.489 -0.8583 0.0239, 0.4828 -0.8816 0.0633, 0.4906 -0.8816 0.0633, 0.487 -0.8676 0.0633, 0.4865 -0.8676 0.0633, 0.4906 -0.8816 0.0239, 0.4828 -0.8816 0.0239, 0.487 -0.8676 0.0239, 0.4865 -0.8676 0.0239, 0.5038 -0.8786 0.0633, 0.5038 -0.8786 0.0239, 0.5038 -0.8775 0.0239, 0.5038 -0.8775 0.0633, 0.5047 -0.8699 0.0239, 0.5047 -0.8699 0.0633, 0.5062 -0.8658 0.0239, 0.5062 -0.8658 0.0633, 0.5079 -0.8633 0.0239, 0.5079 -0.8633 0.0633, 0.5099 -0.8615 0.0239, 0.5099 -0.8615 0.0633, 0.5125 -0.8601 0.0239, 0.5125 -0.8601 0.0633, 0.516 -0.8591 0.0239, 0.516 -0.8591 0.0633, 0.5204 -0.8588 0.0239, 0.5204 -0.8588 0.0633, 0.5204 -0.8982 0.0633, 0.5204 -0.8982 0.0239, 0.5179 -0.8981 0.0239, 0.5179 -0.8981 0.0633, 0.5136 -0.8971 0.0239, 0.5136 -0.8971 0.0633, 0.5105 -0.8955 0.0239, 0.5105 -0.8955 0.0633, 0.5082 -0.8936 0.0239, 0.5082 -0.8936 0.0633, 0.5065 -0.8915 0.0239, 0.5065 -0.8915 0.0633, 0.5051 -0.8884 0.0239, 0.5051 -0.8884 0.0633, 0.5042 -0.8843 0.0239, 0.5042 -0.8843 0.0633, 0.5282 -0.8982 0.0633, 0.5282 -0.8982 0.0239, 0.5282 -0.8588 0.0633, 0.5282 -0.8588 0.0239, 0.5099 -0.8854 0.0633, 0.5093 -0.8786 0.0633, 0.5097 -0.8731 0.0633, 0.5105 -0.8695 0.0633, 0.5116 -0.8673 0.0633, 0.5129 -0.8658 0.0633, 0.5145 -0.8645 0.0633, 0.5165 -0.8637 0.0633, 0.5195 -0.8632 0.0633, 0.5109 -0.8886 0.0633, 0.512 -0.8903 0.0633, 0.5133 -0.8917 0.0633, 0.5151 -0.8928 0.0633, 0.5172 -0.8935 0.0633, 0.5204 -0.8938 0.0633, 0.5229 -0.8938 0.0633, 0.5229 -0.8632 0.0633, 0.5204 -0.8632 0.0633, 0.5093 -0.8786 0.0239, 0.5099 -0.8854 0.0239, 0.5109 -0.8886 0.0239, 0.512 -0.8903 0.0239, 0.5133 -0.8917 0.0239, 0.5151 -0.8928 0.0239, 0.5172 -0.8935 0.0239, 0.5204 -0.8938 0.0239, 0.5229 -0.8938 0.0239, 0.5229 -0.8632 0.0239, 0.5204 -0.8632 0.0239, 0.5195 -0.8632 0.0239, 0.5165 -0.8637 0.0239, 0.5145 -0.8645 0.0239, 0.5129 -0.8658 0.0239, 0.5116 -0.8673 0.0239, 0.5105 -0.8695 0.0239, 0.5097 -0.8731 0.0239, 0.5335 -0.8938 0.0633, 0.5335 -0.8982 0.0633, 0.5335 -0.8938 0.0239, 0.5335 -0.8982 0.0239, 0.557 -0.8982 0.0633, 0.557 -0.8982 0.0239, 0.557 -0.8588 0.0633, 0.557 -0.8588 0.0239, 0.5346 -0.8588 0.0633, 0.5346 -0.8588 0.0239, 0.5346 -0.8632 0.0633, 0.5346 -0.8632 0.0239, 0.5517 -0.8632 0.0633, 0.5517 -0.8632 0.0239, 0.5517 -0.8754 0.0633, 0.5517 -0.8754 0.0239, 0.536 -0.8754 0.0633, 0.536 -0.8754 0.0239, 0.536 -0.8798 0.0633, 0.536 -0.8798 0.0239, 0.5517 -0.8798 0.0633, 0.5517 -0.8798 0.0239, 0.5517 -0.8938 0.0633, 0.5517 -0.8938 0.0239, 0.5675 -0.8825 0.0633, 0.5623 -0.8825 0.0633, 0.5675 -0.8825 0.0239, 0.5623 -0.8825 0.0239, 0.5742 -0.8986 0.0633, 0.5742 -0.8986 0.0239, 0.5719 -0.8984 0.0239, 0.5719 -0.8984 0.0633, 0.5695 -0.8976 0.0239, 0.5695 -0.8976 0.0633, 0.5671 -0.8961 0.0239, 0.5671 -0.8961 0.0633, 0.5651 -0.8939 0.0239, 0.5651 -0.8939 0.0633, 0.5638 -0.8915 0.0239, 0.5638 -0.8915 0.0633, 0.5628 -0.8879 0.0239, 0.5628 -0.8879 0.0633, 0.5876 -0.8798 0.0633, 0.5876 -0.8798 0.0239, 0.587 -0.8868 0.0239, 0.587 -0.8868 0.0633, 0.5856 -0.8911 0.0239, 0.5856 -0.8911 0.0633, 0.5841 -0.8936 0.0239, 0.5841 -0.8936 0.0633, 0.5821 -0.8957 0.0239, 0.5821 -0.8957 0.0633, 0.5798 -0.8973 0.0239, 0.5798 -0.8973 0.0633, 0.5773 -0.8983 0.0239, 0.5773 -0.8983 0.0633, 0.574 -0.8583 0.0239, 0.5761 -0.8586 0.0239, 0.574 -0.8583 0.0633, 0.5767 -0.8586 0.0633, 0.5767 -0.8586 0.0239, 0.5791 -0.8595 0.0239, 0.5791 -0.8595 0.0633, 0.5813 -0.861 0.0239, 0.5813 -0.861 0.0633, 0.5835 -0.8633 0.0239, 0.5835 -0.8633 0.0633, 0.5855 -0.8668 0.0239, 0.5855 -0.8668 0.0633, 0.587 -0.872 0.0239, 0.587 -0.872 0.0633, 0.5722 -0.8586 0.0239, 0.5709 -0.8587 0.0633, 0.5709 -0.8587 0.0239, 0.5687 -0.8596 0.0633, 0.5687 -0.8596 0.0239, 0.5666 -0.8611 0.0633, 0.5666 -0.8611 0.0239, 0.5647 -0.8633 0.0633, 0.5647 -0.8633 0.0239, 0.5634 -0.8659 0.0633, 0.5634 -0.8659 0.0239, 0.5626 -0.8696 0.0633, 0.5626 -0.8696 0.0239, 0.5625 -0.8728 0.0633, 0.5625 -0.8728 0.0239, 0.5675 -0.8728 0.0633, 0.5675 -0.8728 0.0239, 0.574 -0.8627 0.0633, 0.574 -0.8627 0.0239, 0.5737 -0.8627 0.0239, 0.5737 -0.8627 0.0633, 0.5722 -0.863 0.0239, 0.5722 -0.863 0.0633, 0.571 -0.8635 0.0239, 0.571 -0.8635 0.0633, 0.57 -0.8642 0.0239, 0.57 -0.8642 0.0633, 0.5692 -0.8653 0.0239, 0.5692 -0.8653 0.0633, 0.5685 -0.8665 0.0239, 0.5685 -0.8665 0.0633, 0.5678 -0.869 0.0239, 0.5678 -0.869 0.0633, 0.5821 -0.8793 0.0633, 0.5821 -0.8793 0.0239, 0.5816 -0.872 0.0239, 0.5816 -0.872 0.0633, 0.5806 -0.8681 0.0239, 0.5806 -0.8681 0.0633, 0.5794 -0.8658 0.0239, 0.5794 -0.8658 0.0633, 0.5782 -0.8644 0.0239, 0.5782 -0.8644 0.0633, 0.577 -0.8635 0.0239, 0.577 -0.8635 0.0633, 0.5757 -0.8629 0.0239, 0.5757 -0.8629 0.0633, 0.5742 -0.8943 0.0633, 0.5742 -0.8943 0.0239, 0.5756 -0.8941 0.0239, 0.5756 -0.8941 0.0633, 0.5769 -0.8937 0.0239, 0.5769 -0.8937 0.0633, 0.5782 -0.8929 0.0239, 0.5782 -0.8929 0.0633, 0.5796 -0.8913 0.0239, 0.5796 -0.8913 0.0633, 0.5806 -0.8895 0.0239, 0.5806 -0.8895 0.0633, 0.5815 -0.8865 0.0239, 0.5815 -0.8865 0.0633, 0.5677 -0.8863 0.0239, 0.5677 -0.8863 0.0633, 0.5684 -0.8896 0.0239, 0.5684 -0.8896 0.0633, 0.5692 -0.8912 0.0239, 0.5692 -0.8912 0.0633, 0.5701 -0.8924 0.0239, 0.5701 -0.8924 0.0633, 0.5715 -0.8935 0.0239, 0.5715 -0.8935 0.0633, 0.5728 -0.8941 0.0239, 0.5728 -0.8941 0.0633, 0.5924 -0.8938 0.0633, 0.5924 -0.8982 0.0633, 0.5924 -0.8938 0.0239, 0.5924 -0.8982 0.0239, 0.6164 -0.8982 0.0633, 0.6164 -0.8982 0.0239, 0.6164 -0.8588 0.0633, 0.6164 -0.8588 0.0239, 0.6111 -0.8588 0.0633, 0.6111 -0.8588 0.0239, 0.6111 -0.8938 0.0633, 0.6111 -0.8938 0.0239]} coordIndex [0,1,2,-1,2,1,3,-1,2,3,4,-1,3,5,4,-1,4,5,6,-1,5,7,6,-1,6,7,8,-1,7,9,8,-1,8,9,10,-1,9,11,10,-1,10,11,12,-1,11,13,12,-1,12,13,14,-1,14,13,15,-1,15,13,16,-1,15,16,17,-1,16,1,17,-1,17,1,0,-1,18,3,1,-1,5,3,7,-1,7,3,18,-1,7,18,9,-1,9,18,19,-1,11,9,13,-1,13,9,19,-1,13,19,16,-1,16,19,20,-1,16,20,1,-1,1,20,21,-1,1,21,18,-1,19,18,22,-1,22,18,23,-1,20,19,24,-1,24,19,22,-1,21,20,25,-1,25,20,24,-1,18,21,23,-1,23,21,25,-1,26,27,28,-1,26,28,29,-1,29,28,30,-1,29,30,31,-1,31,30,32,-1,31,32,33,-1,33,32,34,-1,33,34,35,-1,35,34,36,-1,35,36,37,-1,37,36,38,-1,37,38,39,-1,39,38,40,-1,39,40,41,-1,41,40,42,-1,41,42,43,-1,44,45,46,-1,44,46,47,-1,47,46,48,-1,47,48,49,-1,49,48,50,-1,49,50,51,-1,51,50,52,-1,51,52,53,-1,53,52,54,-1,53,54,55,-1,55,54,56,-1,55,56,57,-1,57,56,58,-1,57,58,59,-1,59,58,27,-1,59,27,26,-1,44,60,45,-1,45,60,61,-1,60,62,61,-1,61,62,63,-1,62,43,63,-1,63,43,42,-1,64,57,59,-1,64,59,65,-1,59,26,65,-1,65,26,29,-1,65,29,66,-1,66,29,31,-1,66,31,67,-1,67,31,33,-1,67,33,68,-1,68,33,35,-1,68,35,69,-1,69,35,37,-1,69,37,70,-1,70,37,39,-1,70,39,71,-1,71,39,41,-1,71,41,72,-1,72,41,43,-1,57,64,55,-1,55,64,73,-1,55,73,53,-1,53,73,74,-1,53,74,51,-1,51,74,75,-1,51,75,49,-1,49,75,76,-1,49,76,47,-1,47,76,77,-1,47,77,44,-1,44,77,78,-1,44,78,60,-1,60,78,79,-1,60,79,62,-1,62,79,80,-1,62,80,43,-1,43,80,81,-1,43,81,72,-1,65,82,83,-1,65,83,64,-1,64,83,84,-1,64,84,73,-1,73,84,85,-1,73,85,74,-1,74,85,86,-1,74,86,75,-1,75,86,87,-1,75,87,76,-1,76,87,88,-1,76,88,77,-1,77,88,89,-1,77,89,78,-1,79,78,90,-1,90,78,89,-1,80,79,91,-1,91,79,90,-1,81,80,92,-1,92,80,91,-1,81,92,93,-1,81,93,72,-1,72,93,94,-1,72,94,71,-1,71,94,95,-1,71,95,70,-1,70,95,96,-1,70,96,69,-1,69,96,97,-1,69,97,68,-1,68,97,98,-1,68,98,67,-1,67,98,99,-1,67,99,66,-1,66,99,82,-1,66,82,65,-1,100,101,102,-1,102,101,103,-1,101,104,103,-1,103,104,105,-1,104,106,105,-1,105,106,107,-1,106,108,107,-1,107,108,109,-1,108,110,109,-1,109,110,111,-1,110,112,111,-1,111,112,113,-1,112,114,113,-1,113,114,115,-1,114,116,115,-1,115,116,117,-1,116,118,117,-1,117,118,119,-1,118,120,119,-1,119,120,121,-1,120,122,121,-1,121,122,123,-1,122,100,123,-1,123,100,102,-1,104,101,100,-1,100,122,104,-1,104,122,120,-1,104,120,106,-1,110,108,112,-1,112,108,106,-1,112,106,114,-1,114,106,120,-1,114,120,116,-1,116,120,118,-1,124,125,126,-1,126,125,127,-1,128,129,130,-1,128,130,131,-1,131,130,132,-1,131,132,133,-1,133,132,134,-1,133,134,135,-1,135,134,136,-1,135,136,137,-1,137,136,138,-1,137,138,139,-1,139,138,140,-1,139,140,141,-1,141,140,127,-1,141,127,125,-1,142,143,144,-1,142,144,145,-1,145,144,146,-1,145,146,147,-1,147,146,148,-1,147,148,149,-1,149,148,150,-1,149,150,151,-1,151,150,152,-1,151,152,153,-1,153,152,154,-1,153,154,155,-1,155,154,129,-1,155,129,128,-1,156,157,158,-1,158,157,159,-1,157,160,159,-1,159,160,161,-1,159,161,162,-1,162,161,163,-1,162,163,164,-1,164,163,165,-1,164,165,166,-1,166,165,167,-1,166,167,168,-1,168,167,169,-1,168,169,170,-1,170,169,143,-1,170,143,142,-1,156,158,171,-1,171,158,172,-1,171,172,173,-1,173,172,174,-1,173,174,175,-1,175,174,176,-1,175,176,177,-1,177,176,178,-1,177,178,179,-1,179,178,180,-1,179,180,181,-1,181,180,182,-1,181,182,183,-1,183,182,184,-1,183,184,185,-1,184,186,185,-1,185,186,187,-1,188,189,190,-1,188,190,191,-1,191,190,192,-1,191,192,193,-1,193,192,194,-1,193,194,195,-1,195,194,196,-1,195,196,197,-1,197,196,198,-1,197,198,199,-1,199,198,200,-1,199,200,201,-1,201,200,202,-1,201,202,203,-1,203,202,187,-1,203,187,186,-1,204,205,206,-1,204,206,207,-1,207,206,208,-1,207,208,209,-1,209,208,210,-1,209,210,211,-1,211,210,212,-1,211,212,213,-1,213,212,214,-1,213,214,215,-1,215,214,216,-1,215,216,217,-1,217,216,189,-1,217,189,188,-1,218,219,220,-1,218,220,221,-1,221,220,222,-1,221,222,223,-1,223,222,224,-1,223,224,225,-1,225,224,226,-1,225,226,227,-1,227,226,228,-1,227,228,229,-1,229,228,230,-1,229,230,231,-1,231,230,205,-1,231,205,204,-1,124,126,232,-1,124,232,233,-1,233,232,234,-1,233,234,235,-1,235,234,236,-1,235,236,237,-1,237,236,238,-1,237,238,239,-1,239,238,240,-1,239,240,241,-1,241,240,242,-1,241,242,243,-1,243,242,219,-1,243,219,218,-1,186,184,203,-1,203,184,182,-1,203,182,201,-1,201,182,180,-1,201,180,199,-1,199,180,178,-1,199,178,197,-1,197,178,176,-1,197,176,195,-1,195,176,174,-1,195,174,193,-1,193,174,172,-1,193,172,191,-1,191,172,158,-1,125,124,141,-1,141,124,233,-1,141,233,139,-1,139,233,235,-1,139,235,137,-1,137,235,237,-1,137,237,135,-1,135,237,239,-1,135,239,133,-1,133,239,241,-1,133,241,131,-1,131,241,243,-1,131,243,128,-1,128,243,218,-1,128,218,155,-1,155,218,221,-1,155,221,153,-1,153,221,223,-1,153,223,151,-1,151,223,225,-1,151,225,149,-1,149,225,227,-1,149,227,147,-1,147,227,229,-1,147,229,145,-1,145,229,231,-1,145,231,142,-1,142,231,204,-1,142,204,170,-1,170,204,207,-1,170,207,168,-1,168,207,209,-1,168,209,166,-1,166,209,211,-1,166,211,164,-1,164,211,213,-1,164,213,162,-1,162,213,215,-1,162,215,159,-1,159,215,217,-1,159,217,158,-1,158,217,188,-1,158,188,191,-1,244,245,246,-1,246,245,247,-1,245,248,247,-1,247,248,249,-1,248,250,249,-1,249,250,251,-1,250,252,251,-1,251,252,253,-1,252,254,253,-1,253,254,255,-1,254,244,255,-1,255,244,246,-1,252,250,254,-1,254,250,248,-1,254,248,244,-1,244,248,245,-1]}}
Shape{appearance Appearance{material Material{diffuseColor 0.4392156862745098 0.4392156862745098 0.4392156862745098 transparency 0.0}}geometry IndexedFaceSet{ccw TRUE solid FALSE coord Coordinate{point [0.4828 -0.8816 0.0239, 0.4865 -0.8676 0.0239, 0.4906 -0.8816 0.0239, 0.487 -0.8676 0.0239, 0.5165 -0.8637 0.0239, 0.5195 -0.8632 0.0239, 0.5105 -0.8695 0.0239, 0.5229 -0.8632 0.0239, 0.5229 -0.8938 0.0239, 0.5204 -0.8632 0.0239, 0.5204 -0.8938 0.0239, 0.5099 -0.8854 0.0239, 0.5093 -0.8786 0.0239, 0.5097 -0.8731 0.0239, 0.5172 -0.8935 0.0239, 0.5151 -0.8928 0.0239, 0.5109 -0.8886 0.0239, 0.5133 -0.8917 0.0239, 0.512 -0.8903 0.0239, 0.5116 -0.8673 0.0239, 0.5129 -0.8658 0.0239, 0.5145 -0.8645 0.0239, -1.908 -0.3943 0.8966, -1.592 -0.3943 0.8966, -1.5925 -0.3865 0.8901, -1.5925 -0.2002 0.7326, -1.9075 -0.2002 0.7326, -1.9075 -0.3865 0.8901, -1.408 -0.3943 0.8966, -1.092 -0.3943 0.8966, -1.0925 -0.3865 0.8901, -1.0925 -0.2002 0.7326, -1.4075 -0.2002 0.7326, -1.4075 -0.3865 0.8901, -0.908 -0.3943 0.8966, -0.592 -0.3943 0.8966, -0.5925 -0.3865 0.8901, -0.5925 -0.2002 0.7326, -0.9075 -0.2002 0.7326, -0.9075 -0.3865 0.8901, -0.408 -0.3943 0.8966, -0.092 -0.3943 0.8966, -0.0925 -0.3865 0.8901, -0.0925 -0.2002 0.7326, -0.4075 -0.2002 0.7326, -0.4075 -0.3865 0.8901, 0.4075 -0.2002 0.7326, 0.0925 -0.2002 0.7326, 0.4075 -0.3865 0.8901, 0.0925 -0.3865 0.8901, 0.408 -0.3943 0.8966, 0.092 -0.3943 0.8966, 0.9075 -0.2002 0.7326, 0.5925 -0.2002 0.7326, 0.9075 -0.3865 0.8901, 0.5925 -0.3865 0.8901, 0.908 -0.3943 0.8966, 0.592 -0.3943 0.8966, 1.4075 -0.2002 0.7326, 1.0925 -0.2002 0.7326, 1.4075 -0.3865 0.8901, 1.0925 -0.3865 0.8901, 1.408 -0.3943 0.8966, 1.092 -0.3943 0.8966, 1.592 -0.3943 0.8966, 1.908 -0.3943 0.8966, 1.9075 -0.3865 0.8901, 1.9075 -0.2002 0.7326, 1.5925 -0.2002 0.7326, 1.5925 -0.3865 0.8901, 1.908 0.3943 0.8966, 1.592 0.3943 0.8966, 1.5925 0.3865 0.8901, 1.5925 0.2002 0.7326, 1.9075 0.2002 0.7326, 1.9075 0.3865 0.8901, 1.408 0.3943 0.8966, 1.092 0.3943 0.8966, 1.0925 0.3865 0.8901, 1.0925 0.2002 0.7326, 1.4075 0.2002 0.7326, 1.4075 0.3865 0.8901, 0.908 0.3943 0.8966, 0.592 0.3943 0.8966, 0.5925 0.3865 0.8901, 0.5925 0.2002 0.7326, 0.9075 0.2002 0.7326, 0.9075 0.3865 0.8901, 0.408 0.3943 0.8966, 0.092 0.3943 0.8966, 0.0925 0.3865 0.8901, 0.0925 0.2002 0.7326, 0.4075 0.2002 0.7326, 0.4075 0.3865 0.8901, -0.092 0.3943 0.8966, -0.408 0.3943 0.8966, -0.4075 0.3865 0.8901, -0.4075 0.2002 0.7326, -0.0925 0.2002 0.7326, -0.0925 0.3865 0.8901, -0.9075 0.2002 0.7326, -0.5925 0.2002 0.7326, -0.9075 0.3865 0.8901, -0.5925 0.3865 0.8901, -0.908 0.3943 0.8966, -0.592 0.3943 0.8966, -1.092 0.3943 0.8966, -1.408 0.3943 0.8966, -1.4075 0.3865 0.8901, -1.4075 0.2002 0.7326, -1.0925 0.2002 0.7326, -1.0925 0.3865 0.8901, -1.592 0.3943 0.8966, -1.908 0.3943 0.8966, -1.9075 0.3865 0.8901, -1.9075 0.2002 0.7326, -1.5925 0.2002 0.7326, -1.5925 0.3865 0.8901]} coordIndex [0,1,2,-1,2,1,3,-1,4,5,6,-1,7,8,9,-1,9,8,10,-1,9,10,5,-1,11,12,10,-1,10,12,5,-1,5,12,13,-1,5,13,6,-1,10,14,11,-1,11,14,15,-1,11,15,16,-1,16,15,17,-1,16,17,18,-1,19,20,6,-1,6,20,21,-1,6,21,4,-1,22,23,24,-1,25,26,24,-1,24,26,27,-1,24,27,22,-1,28,29,30,-1,31,32,30,-1,30,32,33,-1,30,33,28,-1,34,35,36,-1,37,38,36,-1,36,38,39,-1,36,39,34,-1,40,41,42,-1,43,44,42,-1,42,44,45,-1,42,45,40,-1,46,47,48,-1,48,47,49,-1,48,49,50,-1,50,49,51,-1,52,53,54,-1,54,53,55,-1,54,55,56,-1,56,55,57,-1,58,59,60,-1,60,59,61,-1,60,61,62,-1,62,61,63,-1,64,65,66,-1,67,68,66,-1,66,68,69,-1,66,69,64,-1,70,71,72,-1,73,74,72,-1,72,74,75,-1,72,75,70,-1,76,77,78,-1,79,80,78,-1,78,80,81,-1,78,81,76,-1,82,83,84,-1,85,86,84,-1,84,86,87,-1,84,87,82,-1,88,89,90,-1,91,92,90,-1,90,92,93,-1,90,93,88,-1,94,95,96,-1,97,98,96,-1,96,98,99,-1,96,99,94,-1,100,101,102,-1,102,101,103,-1,102,103,104,-1,104,103,105,-1,106,107,108,-1,109,110,108,-1,108,110,111,-1,108,111,106,-1,112,113,114,-1,115,116,114,-1,114,116,117,-1,114,117,112,-1]}}
Shape{appearance Appearance{material Material{diffuseColor 1.0 1.0 1.0 transparency 0.0}}geometry IndexedFaceSet{ccw TRUE solid FALSE coord Coordinate{point [-1.5925 0.0 0.8507, -1.9075 0.0 0.8507, -1.5925 0.0 0.7326, -1.9075 0.0 0.7326, -1.9075 0.2002 0.8507, -1.5925 0.2002 0.8507, -1.9075 0.2002 0.7326, -1.5925 0.2002 0.7326, -1.0925 0.0 0.8507, -1.4075 0.0 0.8507, -1.0925 0.0 0.7326, -1.4075 0.0 0.7326, -1.4075 0.2002 0.8507, -1.0925 0.2002 0.8507, -1.4075 0.2002 0.7326, -1.0925 0.2002 0.7326, -0.5925 0.0 0.8507, -0.9075 0.0 0.8507, -0.5925 0.0 0.7326, -0.9075 0.0 0.7326, -0.9075 0.2002 0.8507, -0.5925 0.2002 0.8507, -0.9075 0.2002 0.7326, -0.5925 0.2002 0.7326, -0.0925 0.0 0.8507, -0.4075 0.0 0.8507, -0.0925 0.0 0.7326, -0.4075 0.0 0.7326, -0.4075 0.2002 0.8507, -0.0925 0.2002 0.8507, -0.4075 0.2002 0.7326, -0.0925 0.2002 0.7326, 0.4075 0.0 0.8507, 0.0925 0.0 0.8507, 0.4075 0.0 0.7326, 0.0925 0.0 0.7326, 0.0925 0.2002 0.8507, 0.4075 0.2002 0.8507, 0.0925 0.2002 0.7326, 0.4075 0.2002 0.7326, 0.9075 0.0 0.8507, 0.5925 0.0 0.8507, 0.9075 0.0 0.7326, 0.5925 0.0 0.7326, 0.5925 0.2002 0.8507, 0.9075 0.2002 0.8507, 0.5925 0.2002 0.7326, 0.9075 0.2002 0.7326, 1.4075 0.0 0.8507, 1.0925 0.0 0.8507, 1.4075 0.0 0.7326, 1.0925 0.0 0.7326, 1.0925 0.2002 0.8507, 1.4075 0.2002 0.8507, 1.0925 0.2002 0.7326, 1.4075 0.2002 0.7326, 1.9075 0.0 0.8507, 1.5925 0.0 0.8507, 1.9075 0.0 0.7326, 1.5925 0.0 0.7326, 1.5925 0.2002 0.8507, 1.9075 0.2002 0.8507, 1.5925 0.2002 0.7326, 1.9075 0.2002 0.7326]} coordIndex [0,1,2,-1,2,1,3,-1,4,5,6,-1,6,5,7,-1,0,5,1,-1,1,5,4,-1,8,9,10,-1,10,9,11,-1,12,13,14,-1,14,13,15,-1,8,13,9,-1,9,13,12,-1,16,17,18,-1,18,17,19,-1,20,21,22,-1,22,21,23,-1,16,21,17,-1,17,21,20,-1,24,25,26,-1,26,25,27,-1,28,29,30,-1,30,29,31,-1,24,29,25,-1,25,29,28,-1,32,33,34,-1,34,33,35,-1,36,37,38,-1,38,37,39,-1,32,37,33,-1,33,37,36,-1,40,41,42,-1,42,41,43,-1,44,45,46,-1,46,45,47,-1,40,45,41,-1,41,45,44,-1,48,49,50,-1,50,49,51,-1,52,53,54,-1,54,53,55,-1,48,53,49,-1,49,53,52,-1,56,57,58,-1,58,57,59,-1,60,61,62,-1,62,61,63,-1,56,61,57,-1,57,61,60,-1]}}
Shape{appearance Appearance{material Material{diffuseColor 0.9686274509803922 0.8784313725490196 0.6 transparency 0.0}}geometry IndexedFaceSet{ccw TRUE solid FALSE coord Coordinate{point [-1.8287 -1.063 0.4472, -1.8287 -1.1798 0.4472, -1.6713 -1.063 0.4472, -1.6713 -1.1798 0.4472, -1.6713 -1.063 0.4176, -1.6713 -1.1798 0.3881, -1.6713 -0.997 0.3881, -1.6713 -1.0351 0.4176, -1.6713 -0.9971 0.3885, -1.6713 -1.001 0.3979, -1.6713 -1.0073 0.4061, -1.6713 -1.0154 0.4124, -1.6713 -1.0249 0.4163, -1.8287 -1.1798 0.3881, -1.8287 -1.063 0.4176, -1.8287 -0.997 0.3881, -1.8287 -1.0351 0.4176, -1.8287 -0.9971 0.3885, -1.8287 -1.0154 0.4124, -1.8287 -1.0073 0.4061, -1.8287 -1.001 0.3979, -1.8287 -1.0249 0.4163, -1.6713 -1.6732 0.0, -1.6713 -1.6732 0.0591, -1.8287 -1.6732 0.0, -1.8287 -1.6732 0.0591, -1.6713 -1.3883 0.0, -1.6713 -1.3883 0.0591, -1.8287 -1.3883 0.0591, -1.8287 -1.3883 0.0, -1.6713 -1.3772 0.0603, -1.6713 -1.3639 0.0028, -1.6713 -1.3666 0.0641, -1.6713 -1.3407 0.011, -1.6713 -1.3572 0.0701, -1.6713 -1.3199 0.0243, -1.6713 -1.3494 0.0781, -1.6713 -1.3027 0.0419, -1.6713 -1.3436 0.0877, -1.6713 -1.29 0.063, -1.6713 -1.3401 0.0983, -1.6713 -1.2823 0.0863, -1.8287 -1.3772 0.0603, -1.8287 -1.3666 0.0641, -1.8287 -1.3572 0.0701, -1.8287 -1.3494 0.0781, -1.8287 -1.3436 0.0877, -1.8287 -1.3401 0.0983, -1.8287 -1.2823 0.0863, -1.8287 -1.29 0.063, -1.8287 -1.3027 0.0419, -1.8287 -1.3199 0.0243, -1.8287 -1.3407 0.011, -1.8287 -1.3639 0.0028, -1.6713 -1.228 0.3489, -1.6713 -1.2858 0.3608, -1.8287 -1.2858 0.3608, -1.8287 -1.228 0.3489, -1.6713 -1.1909 0.3868, -1.6713 -1.2043 0.4444, -1.6713 -1.2015 0.3831, -1.6713 -1.2274 0.4361, -1.6713 -1.2109 0.377, -1.6713 -1.2482 0.4228, -1.6713 -1.2187 0.369, -1.6713 -1.2654 0.4052, -1.6713 -1.2245 0.3595, -1.6713 -1.2781 0.3842, -1.8287 -1.2043 0.4444, -1.8287 -1.2274 0.4361, -1.8287 -1.2482 0.4228, -1.8287 -1.2654 0.4052, -1.8287 -1.2781 0.3842, -1.8287 -1.2245 0.3595, -1.8287 -1.2187 0.369, -1.8287 -1.2109 0.377, -1.8287 -1.2015 0.3831, -1.8287 -1.1909 0.3868, -1.3287 -1.063 0.4472, -1.3287 -1.1798 0.4472, -1.1713 -1.063 0.4472, -1.1713 -1.1798 0.4472, -1.1713 -1.063 0.4176, -1.1713 -1.1798 0.3881, -1.1713 -0.997 0.3881, -1.1713 -1.0351 0.4176, -1.1713 -0.9971 0.3885, -1.1713 -1.001 0.3979, -1.1713 -1.0073 0.4061, -1.1713 -1.0154 0.4124, -1.1713 -1.0249 0.4163, -1.3287 -1.1798 0.3881, -1.3287 -1.063 0.4176, -1.3287 -0.997 0.3881, -1.3287 -1.0351 0.4176, -1.3287 -0.9971 0.3885, -1.3287 -1.0154 0.4124, -1.3287 -1.0073 0.4061, -1.3287 -1.001 0.3979, -1.3287 -1.0249 0.4163, -1.1713 -1.6732 0.0, -1.1713 -1.6732 0.0591, -1.3287 -1.6732 0.0, -1.3287 -1.6732 0.0591, -1.1713 -1.3883 0.0, -1.1713 -1.3883 0.0591, -1.3287 -1.3883 0.0591, -1.3287 -1.3883 0.0, -1.1713 -1.3772 0.0603, -1.1713 -1.3639 0.0028, -1.1713 -1.3666 0.0641, -1.1713 -1.3407 0.011, -1.1713 -1.3572 0.0701, -1.1713 -1.3199 0.0243, -1.1713 -1.3494 0.0781, -1.1713 -1.3027 0.0419, -1.1713 -1.3436 0.0877, -1.1713 -1.29 0.063, -1.1713 -1.3401 0.0983, -1.1713 -1.2823 0.0863, -1.3287 -1.3772 0.0603, -1.3287 -1.3666 0.0641, -1.3287 -1.3572 0.0701, -1.3287 -1.3494 0.0781, -1.3287 -1.3436 0.0877, -1.3287 -1.3401 0.0983, -1.3287 -1.2823 0.0863, -1.3287 -1.29 0.063, -1.3287 -1.3027 0.0419, -1.3287 -1.3199 0.0243, -1.3287 -1.3407 0.011, -1.3287 -1.3639 0.0028, -1.1713 -1.228 0.3489, -1.1713 -1.2858 0.3608, -1.3287 -1.2858 0.3608, -1.3287 -1.228 0.3489, -1.1713 -1.1909 0.3868, -1.1713 -1.2043 0.4444, -1.1713 -1.2015 0.3831, -1.1713 -1.2274 0.4361, -1.1713 -1.2109 0.377, -1.1713 -1.2482 0.4228, -1.1713 -1.2187 0.369, -1.1713 -1.2654 0.4052, -1.1713 -1.2245 0.3595, -1.1713 -1.2781 0.3842, -1.3287 -1.2043 0.4444, -1.3287 -1.2274 0.4361, -1.3287 -1.2482 0.4228, -1.3287 -1.2654 0.4052, -1.3287 -1.2781 0.3842, -1.3287 -1.2245 0.3595, -1.3287 -1.2187 0.369, -1.3287 -1.2109 0.377, -1.3287 -1.2015 0.3831, -1.3287 -1.1909 0.3868, -0.8287 -1.063 0.4472, -0.8287 -1.1798 0.4472, -0.6713 -1.063 0.4472, -0.6713 -1.1798 0.4472, -0.6713 -1.063 0.4176, -0.6713 -1.1798 0.3881, -0.6713 -0.997 0.3881, -0.6713 -1.0351 0.4176, -0.6713 -0.9971 0.3885, -0.6713 -1.001 0.3979, -0.6713 -1.0073 0.4061, -0.6713 -1.0154 0.4124, -0.6713 -1.0249 0.4163, -0.8287 -1.1798 0.3881, -0.8287 -1.063 0.4176, -0.8287 -0.997 0.3881, -0.8287 -1.0351 0.4176, -0.8287 -0.9971 0.3885, -0.8287 -1.0154 0.4124, -0.8287 -1.0073 0.4061, -0.8287 -1.001 0.3979, -0.8287 -1.0249 0.4163, -0.6713 -1.6732 0.0, -0.6713 -1.6732 0.0591, -0.8287 -1.6732 0.0, -0.8287 -1.6732 0.0591, -0.6713 -1.3883 0.0, -0.6713 -1.3883 0.0591, -0.8287 -1.3883 0.0591, -0.8287 -1.3883 0.0, -0.6713 -1.3772 0.0603, -0.6713 -1.3639 0.0028, -0.6713 -1.3666 0.0641, -0.6713 -1.3407 0.011, -0.6713 -1.3572 0.0701, -0.6713 -1.3199 0.0243, -0.6713 -1.3494 0.0781, -0.6713 -1.3027 0.0419, -0.6713 -1.3436 0.0877, -0.6713 -1.29 0.063, -0.6713 -1.3401 0.0983, -0.6713 -1.2823 0.0863, -0.8287 -1.3772 0.0603, -0.8287 -1.3666 0.0641, -0.8287 -1.3572 0.0701, -0.8287 -1.3494 0.0781, -0.8287 -1.3436 0.0877, -0.8287 -1.3401 0.0983, -0.8287 -1.2823 0.0863, -0.8287 -1.29 0.063, -0.8287 -1.3027 0.0419, -0.8287 -1.3199 0.0243, -0.8287 -1.3407 0.011, -0.8287 -1.3639 0.0028, -0.6713 -1.228 0.3489, -0.6713 -1.2858 0.3608, -0.8287 -1.2858 0.3608, -0.8287 -1.228 0.3489, -0.6713 -1.1909 0.3868, -0.6713 -1.2043 0.4444, -0.6713 -1.2015 0.3831, -0.6713 -1.2274 0.4361, -0.6713 -1.2109 0.377, -0.6713 -1.2482 0.4228, -0.6713 -1.2187 0.369, -0.6713 -1.2654 0.4052, -0.6713 -1.2245 0.3595, -0.6713 -1.2781 0.3842, -0.8287 -1.2043 0.4444, -0.8287 -1.2274 0.4361, -0.8287 -1.2482 0.4228, -0.8287 -1.2654 0.4052, -0.8287 -1.2781 0.3842, -0.8287 -1.2245 0.3595, -0.8287 -1.2187 0.369, -0.8287 -1.2109 0.377, -0.8287 -1.2015 0.3831, -0.8287 -1.1909 0.3868, -0.3287 -1.063 0.4472, -0.3287 -1.1798 0.4472, -0.1713 -1.063 0.4472, -0.1713 -1.1798 0.4472, -0.1713 -1.063 0.4176, -0.1713 -1.1798 0.3881, -0.1713 -0.997 0.3881, -0.1713 -1.0351 0.4176, -0.1713 -0.9971 0.3885, -0.1713 -1.001 0.3979, -0.1713 -1.0073 0.4061, -0.1713 -1.0154 0.4124, -0.1713 -1.0249 0.4163, -0.3287 -1.1798 0.3881, -0.3287 -1.063 0.4176, -0.3287 -0.997 0.3881, -0.3287 -1.0351 0.4176, -0.3287 -0.9971 0.3885, -0.3287 -1.0154 0.4124, -0.3287 -1.0073 0.4061, -0.3287 -1.001 0.3979, -0.3287 -1.0249 0.4163, -0.1713 -1.6732 0.0, -0.1713 -1.6732 0.0591, -0.3287 -1.6732 0.0, -0.3287 -1.6732 0.0591, -0.1713 -1.3883 0.0, -0.1713 -1.3883 0.0591, -0.3287 -1.3883 0.0591, -0.3287 -1.3883 0.0, -0.1713 -1.3772 0.0603, -0.1713 -1.3639 0.0028, -0.1713 -1.3666 0.0641, -0.1713 -1.3407 0.011, -0.1713 -1.3572 0.0701, -0.1713 -1.3199 0.0243, -0.1713 -1.3494 0.0781, -0.1713 -1.3027 0.0419, -0.1713 -1.3436 0.0877, -0.1713 -1.29 0.063, -0.1713 -1.3401 0.0983, -0.1713 -1.2823 0.0863, -0.3287 -1.3772 0.0603, -0.3287 -1.3666 0.0641, -0.3287 -1.3572 0.0701, -0.3287 -1.3494 0.0781, -0.3287 -1.3436 0.0877, -0.3287 -1.3401 0.0983, -0.3287 -1.2823 0.0863, -0.3287 -1.29 0.063, -0.3287 -1.3027 0.0419, -0.3287 -1.3199 0.0243, -0.3287 -1.3407 0.011, -0.3287 -1.3639 0.0028, -0.1713 -1.228 0.3489, -0.1713 -1.2858 0.3608, -0.3287 -1.2858 0.3608, -0.3287 -1.228 0.3489, -0.1713 -1.1909 0.3868, -0.1713 -1.2043 0.4444, -0.1713 -1.2015 0.3831, -0.1713 -1.2274 0.4361, -0.1713 -1.2109 0.377, -0.1713 -1.2482 0.4228, -0.1713 -1.2187 0.369, -0.1713 -1.2654 0.4052, -0.1713 -1.2245 0.3595, -0.1713 -1.2781 0.3842, -0.3287 -1.2043 0.4444, -0.3287 -1.2274 0.4361, -0.3287 -1.2482 0.4228, -0.3287 -1.2654 0.4052, -0.3287 -1.2781 0.3842, -0.3287 -1.2245 0.3595, -0.3287 -1.2187 0.369, -0.3287 -1.2109 0.377, -0.3287 -1.2015 0.3831, -0.3287 -1.1909 0.3868, 0.1713 -1.063 0.4472, 0.1713 -1.1798 0.4472, 0.3287 -1.063 0.4472, 0.3287 -1.1798 0.4472, 0.3287 -1.063 0.4176, 0.3287 -1.1798 0.3881, 0.3287 -0.997 0.3881, 0.3287 -1.0351 0.4176, 0.3287 -0.9971 0.3885, 0.3287 -1.001 0.3979, 0.3287 -1.0073 0.4061, 0.3287 -1.0154 0.4124, 0.3287 -1.0249 0.4163, 0.1713 -1.1798 0.3881, 0.1713 -1.063 0.4176, 0.1713 -0.997 0.3881, 0.1713 -1.0351 0.4176, 0.1713 -0.9971 0.3885, 0.1713 -1.0154 0.4124, 0.1713 -1.0073 0.4061, 0.1713 -1.001 0.3979, 0.1713 -1.0249 0.4163, 0.3287 -1.6732 0.0, 0.3287 -1.6732 0.0591, 0.1713 -1.6732 0.0, 0.1713 -1.6732 0.0591, 0.3287 -1.3883 0.0, 0.3287 -1.3883 0.0591, 0.1713 -1.3883 0.0591, 0.1713 -1.3883 0.0, 0.3287 -1.3772 0.0603, 0.3287 -1.3639 0.0028, 0.3287 -1.3666 0.0641, 0.3287 -1.3407 0.011, 0.3287 -1.3572 0.0701, 0.3287 -1.3199 0.0243, 0.3287 -1.3494 0.0781, 0.3287 -1.3027 0.0419, 0.3287 -1.3436 0.0877, 0.3287 -1.29 0.063, 0.3287 -1.3401 0.0983, 0.3287 -1.2823 0.0863, 0.1713 -1.3772 0.0603, 0.1713 -1.3666 0.0641, 0.1713 -1.3572 0.0701, 0.1713 -1.3494 0.0781, 0.1713 -1.3436 0.0877, 0.1713 -1.3401 0.0983, 0.1713 -1.2823 0.0863, 0.1713 -1.29 0.063, 0.1713 -1.3027 0.0419, 0.1713 -1.3199 0.0243, 0.1713 -1.3407 0.011, 0.1713 -1.3639 0.0028, 0.3287 -1.228 0.3489, 0.3287 -1.2858 0.3608, 0.1713 -1.2858 0.3608, 0.1713 -1.228 0.3489, 0.3287 -1.1909 0.3868, 0.3287 -1.2043 0.4444, 0.3287 -1.2015 0.3831, 0.3287 -1.2274 0.4361, 0.3287 -1.2109 0.377, 0.3287 -1.2482 0.4228, 0.3287 -1.2187 0.369, 0.3287 -1.2654 0.4052, 0.3287 -1.2245 0.3595, 0.3287 -1.2781 0.3842, 0.1713 -1.2043 0.4444, 0.1713 -1.2274 0.4361, 0.1713 -1.2482 0.4228, 0.1713 -1.2654 0.4052, 0.1713 -1.2781 0.3842, 0.1713 -1.2245 0.3595, 0.1713 -1.2187 0.369, 0.1713 -1.2109 0.377, 0.1713 -1.2015 0.3831, 0.1713 -1.1909 0.3868, 0.6713 -1.063 0.4472, 0.6713 -1.1798 0.4472, 0.8287 -1.063 0.4472, 0.8287 -1.1798 0.4472, 0.8287 -1.063 0.4176, 0.8287 -1.1798 0.3881, 0.8287 -0.997 0.3881, 0.8287 -1.0351 0.4176, 0.8287 -0.9971 0.3885, 0.8287 -1.001 0.3979, 0.8287 -1.0073 0.4061, 0.8287 -1.0154 0.4124, 0.8287 -1.0249 0.4163, 0.6713 -1.1798 0.3881, 0.6713 -1.063 0.4176, 0.6713 -0.997 0.3881, 0.6713 -1.0351 0.4176, 0.6713 -0.9971 0.3885, 0.6713 -1.0154 0.4124, 0.6713 -1.0073 0.4061, 0.6713 -1.001 0.3979, 0.6713 -1.0249 0.4163, 0.8287 -1.6732 0.0, 0.8287 -1.6732 0.0591, 0.6713 -1.6732 0.0, 0.6713 -1.6732 0.0591, 0.8287 -1.3883 0.0, 0.8287 -1.3883 0.0591, 0.6713 -1.3883 0.0591, 0.6713 -1.3883 0.0, 0.8287 -1.3772 0.0603, 0.8287 -1.3639 0.0028, 0.8287 -1.3666 0.0641, 0.8287 -1.3407 0.011, 0.8287 -1.3572 0.0701, 0.8287 -1.3199 0.0243, 0.8287 -1.3494 0.0781, 0.8287 -1.3027 0.0419, 0.8287 -1.3436 0.0877, 0.8287 -1.29 0.063, 0.8287 -1.3401 0.0983, 0.8287 -1.2823 0.0863, 0.6713 -1.3772 0.0603, 0.6713 -1.3666 0.0641, 0.6713 -1.3572 0.0701, 0.6713 -1.3494 0.0781, 0.6713 -1.3436 0.0877, 0.6713 -1.3401 0.0983, 0.6713 -1.2823 0.0863, 0.6713 -1.29 0.063, 0.6713 -1.3027 0.0419, 0.6713 -1.3199 0.0243, 0.6713 -1.3407 0.011, 0.6713 -1.3639 0.0028, 0.8287 -1.228 0.3489, 0.8287 -1.2858 0.3608, 0.6713 -1.2858 0.3608, 0.6713 -1.228 0.3489, 0.8287 -1.1909 0.3868, 0.8287 -1.2043 0.4444, 0.8287 -1.2015 0.3831, 0.8287 -1.2274 0.4361, 0.8287 -1.2109 0.377, 0.8287 -1.2482 0.4228, 0.8287 -1.2187 0.369, 0.8287 -1.2654 0.4052, 0.8287 -1.2245 0.3595, 0.8287 -1.2781 0.3842, 0.6713 -1.2043 0.4444, 0.6713 -1.2274 0.4361, 0.6713 -1.2482 0.4228, 0.6713 -1.2654 0.4052, 0.6713 -1.2781 0.3842, 0.6713 -1.2245 0.3595, 0.6713 -1.2187 0.369, 0.6713 -1.2109 0.377, 0.6713 -1.2015 0.3831, 0.6713 -1.1909 0.3868, 1.1713 -1.063 0.4472, 1.1713 -1.1798 0.4472, 1.3287 -1.063 0.4472, 1.3287 -1.1798 0.4472, 1.3287 -1.063 0.4176, 1.3287 -1.1798 0.3881, 1.3287 -0.997 0.3881, 1.3287 -1.0351 0.4176, 1.3287 -0.9971 0.3885, 1.3287 -1.001 0.3979, 1.3287 -1.0073 0.4061, 1.3287 -1.0154 0.4124, 1.3287 -1.0249 0.4163, 1.1713 -1.1798 0.3881, 1.1713 -1.063 0.4176, 1.1713 -0.997 0.3881, 1.1713 -1.0351 0.4176, 1.1713 -0.9971 0.3885, 1.1713 -1.0154 0.4124, 1.1713 -1.0073 0.4061, 1.1713 -1.001 0.3979, 1.1713 -1.0249 0.4163, 1.3287 -1.6732 0.0, 1.3287 -1.6732 0.0591, 1.1713 -1.6732 0.0, 1.1713 -1.6732 0.0591, 1.3287 -1.3883 0.0, 1.3287 -1.3883 0.0591, 1.1713 -1.3883 0.0591, 1.1713 -1.3883 0.0, 1.3287 -1.3772 0.0603, 1.3287 -1.3639 0.0028, 1.3287 -1.3666 0.0641, 1.3287 -1.3407 0.011, 1.3287 -1.3572 0.0701, 1.3287 -1.3199 0.0243, 1.3287 -1.3494 0.0781, 1.3287 -1.3027 0.0419, 1.3287 -1.3436 0.0877, 1.3287 -1.29 0.063, 1.3287 -1.3401 0.0983, 1.3287 -1.2823 0.0863, 1.1713 -1.3772 0.0603, 1.1713 -1.3666 0.0641, 1.1713 -1.3572 0.0701, 1.1713 -1.3494 0.0781, 1.1713 -1.3436 0.0877, 1.1713 -1.3401 0.0983, 1.1713 -1.2823 0.0863, 1.1713 -1.29 0.063, 1.1713 -1.3027 0.0419, 1.1713 -1.3199 0.0243, 1.1713 -1.3407 0.011, 1.1713 -1.3639 0.0028, 1.3287 -1.228 0.3489, 1.3287 -1.2858 0.3608, 1.1713 -1.2858 0.3608, 1.1713 -1.228 0.3489, 1.3287 -1.1909 0.3868, 1.3287 -1.2043 0.4444, 1.3287 -1.2015 0.3831, 1.3287 -1.2274 0.4361, 1.3287 -1.2109 0.377, 1.3287 -1.2482 0.4228, 1.3287 -1.2187 0.369, 1.3287 -1.2654 0.4052, 1.3287 -1.2245 0.3595, 1.3287 -1.2781 0.3842, 1.1713 -1.2043 0.4444, 1.1713 -1.2274 0.4361, 1.1713 -1.2482 0.4228, 1.1713 -1.2654 0.4052, 1.1713 -1.2781 0.3842, 1.1713 -1.2245 0.3595, 1.1713 -1.2187 0.369, 1.1713 -1.2109 0.377, 1.1713 -1.2015 0.3831, 1.1713 -1.1909 0.3868, 1.6713 -1.063 0.4472, 1.6713 -1.1798 0.4472, 1.8287 -1.063 0.4472, 1.8287 -1.1798 0.4472, 1.8287 -1.063 0.4176, 1.8287 -1.1798 0.3881, 1.8287 -0.997 0.3881, 1.8287 -1.0351 0.4176, 1.8287 -0.9971 0.3885, 1.8287 -1.001 0.3979, 1.8287 -1.0073 0.4061, 1.8287 -1.0154 0.4124, 1.8287 -1.0249 0.4163, 1.6713 -1.1798 0.3881, 1.6713 -1.063 0.4176, 1.6713 -0.997 0.3881, 1.6713 -1.0351 0.4176, 1.6713 -0.9971 0.3885, 1.6713 -1.0154 0.4124, 1.6713 -1.0073 0.4061, 1.6713 -1.001 0.3979, 1.6713 -1.0249 0.4163, 1.8287 -1.6732 0.0, 1.8287 -1.6732 0.0591, 1.6713 -1.6732 0.0, 1.6713 -1.6732 0.0591, 1.8287 -1.3883 0.0, 1.8287 -1.3883 0.0591, 1.6713 -1.3883 0.0591, 1.6713 -1.3883 0.0, 1.8287 -1.3772 0.0603, 1.8287 -1.3639 0.0028, 1.8287 -1.3666 0.0641, 1.8287 -1.3407 0.011, 1.8287 -1.3572 0.0701, 1.8287 -1.3199 0.0243, 1.8287 -1.3494 0.0781, 1.8287 -1.3027 0.0419, 1.8287 -1.3436 0.0877, 1.8287 -1.29 0.063, 1.8287 -1.3401 0.0983, 1.8287 -1.2823 0.0863, 1.6713 -1.3772 0.0603, 1.6713 -1.3666 0.0641, 1.6713 -1.3572 0.0701, 1.6713 -1.3494 0.0781, 1.6713 -1.3436 0.0877, 1.6713 -1.3401 0.0983, 1.6713 -1.2823 0.0863, 1.6713 -1.29 0.063, 1.6713 -1.3027 0.0419, 1.6713 -1.3199 0.0243, 1.6713 -1.3407 0.011, 1.6713 -1.3639 0.0028, 1.8287 -1.228 0.3489, 1.8287 -1.2858 0.3608, 1.6713 -1.2858 0.3608, 1.6713 -1.228 0.3489, 1.8287 -1.1909 0.3868, 1.8287 -1.2043 0.4444, 1.8287 -1.2015 0.3831, 1.8287 -1.2274 0.4361, 1.8287 -1.2109 0.377, 1.8287 -1.2482 0.4228, 1.8287 -1.2187 0.369, 1.8287 -1.2654 0.4052, 1.8287 -1.2245 0.3595, 1.8287 -1.2781 0.3842, 1.6713 -1.2043 0.4444, 1.6713 -1.2274 0.4361, 1.6713 -1.2482 0.4228, 1.6713 -1.2654 0.4052, 1.6713 -1.2781 0.3842, 1.6713 -1.2245 0.3595, 1.6713 -1.2187 0.369, 1.6713 -1.2109 0.377, 1.6713 -1.2015 0.3831, 1.6713 -1.1909 0.3868, -1.6713 1.063 0.4472, -1.6713 1.1798 0.4472, -1.8287 1.063 0.4472, -1.8287 1.1798 0.4472, -1.8287 1.063 0.4176, -1.8287 1.1798 0.3881, -1.8287 0.997 0.3881, -1.8287 1.0351 0.4176, -1.8287 0.9971 0.3885, -1.8287 1.001 0.3979, -1.8287 1.0073 0.4061, -1.8287 1.0154 0.4124, -1.8287 1.0249 0.4163, -1.6713 1.1798 0.3881, -1.6713 1.063 0.4176, -1.6713 0.997 0.3881, -1.6713 1.0351 0.4176, -1.6713 0.9971 0.3885, -1.6713 1.0154 0.4124, -1.6713 1.0073 0.4061, -1.6713 1.001 0.3979, -1.6713 1.0249 0.4163, -1.6713 1.6732 0.0591, -1.6713 1.6732 0.0, -1.8287 1.6732 0.0591, -1.8287 1.6732 0.0, -1.8287 1.3883 0.0, -1.8287 1.3883 0.0591, -1.6713 1.3883 0.0591, -1.6713 1.3883 0.0, -1.8287 1.3772 0.0603, -1.8287 1.3639 0.0028, -1.8287 1.3666 0.0641, -1.8287 1.3407 0.011, -1.8287 1.3572 0.0701, -1.8287 1.3199 0.0243, -1.8287 1.3494 0.0781, -1.8287 1.3027 0.0419, -1.8287 1.3436 0.0877, -1.8287 1.29 0.063, -1.8287 1.3401 0.0983, -1.8287 1.2823 0.0863, -1.6713 1.3772 0.0603, -1.6713 1.3666 0.0641, -1.6713 1.3572 0.0701, -1.6713 1.3494 0.0781, -1.6713 1.3436 0.0877, -1.6713 1.3401 0.0983, -1.6713 1.2823 0.0863, -1.6713 1.29 0.063, -1.6713 1.3027 0.0419, -1.6713 1.3199 0.0243, -1.6713 1.3407 0.011, -1.6713 1.3639 0.0028, -1.8287 1.228 0.3489, -1.8287 1.2858 0.3608, -1.6713 1.2858 0.3608, -1.6713 1.228 0.3489, -1.8287 1.1909 0.3868, -1.8287 1.2043 0.4444, -1.8287 1.2015 0.3831, -1.8287 1.2274 0.4361, -1.8287 1.2109 0.377, -1.8287 1.2482 0.4228, -1.8287 1.2187 0.369, -1.8287 1.2654 0.4052, -1.8287 1.2245 0.3595, -1.8287 1.2781 0.3842, -1.6713 1.2043 0.4444, -1.6713 1.2274 0.4361, -1.6713 1.2482 0.4228, -1.6713 1.2654 0.4052, -1.6713 1.2781 0.3842, -1.6713 1.2245 0.3595, -1.6713 1.2187 0.369, -1.6713 1.2109 0.377, -1.6713 1.2015 0.3831, -1.6713 1.1909 0.3868, -1.1713 1.063 0.4472, -1.1713 1.1798 0.4472, -1.3287 1.063 0.4472, -1.3287 1.1798 0.4472, -1.3287 1.063 0.4176, -1.3287 1.1798 0.3881, -1.3287 0.997 0.3881, -1.3287 1.0351 0.4176, -1.3287 0.9971 0.3885, -1.3287 1.001 0.3979, -1.3287 1.0073 0.4061, -1.3287 1.0154 0.4124, -1.3287 1.0249 0.4163, -1.1713 1.1798 0.3881, -1.1713 1.063 0.4176, -1.1713 0.997 0.3881, -1.1713 1.0351 0.4176, -1.1713 0.9971 0.3885, -1.1713 1.0154 0.4124, -1.1713 1.0073 0.4061, -1.1713 1.001 0.3979, -1.1713 1.0249 0.4163, -1.1713 1.6732 0.0591, -1.1713 1.6732 0.0, -1.3287 1.6732 0.0591, -1.3287 1.6732 0.0, -1.3287 1.3883 0.0, -1.3287 1.3883 0.0591, -1.1713 1.3883 0.0591, -1.1713 1.3883 0.0, -1.3287 1.3772 0.0603, -1.3287 1.3639 0.0028, -1.3287 1.3666 0.0641, -1.3287 1.3407 0.011, -1.3287 1.3572 0.0701, -1.3287 1.3199 0.0243, -1.3287 1.3494 0.0781, -1.3287 1.3027 0.0419, -1.3287 1.3436 0.0877, -1.3287 1.29 0.063, -1.3287 1.3401 0.0983, -1.3287 1.2823 0.0863, -1.1713 1.3772 0.0603, -1.1713 1.3666 0.0641, -1.1713 1.3572 0.0701, -1.1713 1.3494 0.0781, -1.1713 1.3436 0.0877, -1.1713 1.3401 0.0983, -1.1713 1.2823 0.0863, -1.1713 1.29 0.063, -1.1713 1.3027 0.0419, -1.1713 1.3199 0.0243, -1.1713 1.3407 0.011, -1.1713 1.3639 0.0028, -1.3287 1.228 0.3489, -1.3287 1.2858 0.3608, -1.1713 1.2858 0.3608, -1.1713 1.228 0.3489, -1.3287 1.1909 0.3868, -1.3287 1.2043 0.4444, -1.3287 1.2015 0.3831, -1.3287 1.2274 0.4361, -1.3287 1.2109 0.377, -1.3287 1.2482 0.4228, -1.3287 1.2187 0.369, -1.3287 1.2654 0.4052, -1.3287 1.2245 0.3595, -1.3287 1.2781 0.3842, -1.1713 1.2043 0.4444, -1.1713 1.2274 0.4361, -1.1713 1.2482 0.4228, -1.1713 1.2654 0.4052, -1.1713 1.2781 0.3842, -1.1713 1.2245 0.3595, -1.1713 1.2187 0.369, -1.1713 1.2109 0.377, -1.1713 1.2015 0.3831, -1.1713 1.1909 0.3868, -0.6713 1.063 0.4472, -0.6713 1.1798 0.4472, -0.8287 1.063 0.4472, -0.8287 1.1798 0.4472, -0.8287 1.063 0.4176, -0.8287 1.1798 0.3881, -0.8287 0.997 0.3881, -0.8287 1.0351 0.4176, -0.8287 0.9971 0.3885, -0.8287 1.001 0.3979, -0.8287 1.0073 0.4061, -0.8287 1.0154 0.4124, -0.8287 1.0249 0.4163, -0.6713 1.1798 0.3881, -0.6713 1.063 0.4176, -0.6713 0.997 0.3881, -0.6713 1.0351 0.4176, -0.6713 0.9971 0.3885, -0.6713 1.0154 0.4124, -0.6713 1.0073 0.4061, -0.6713 1.001 0.3979, -0.6713 1.0249 0.4163, -0.6713 1.6732 0.0591, -0.6713 1.6732 0.0, -0.8287 1.6732 0.0591, -0.8287 1.6732 0.0, -0.8287 1.3883 0.0, -0.8287 1.3883 0.0591, -0.6713 1.3883 0.0591, -0.6713 1.3883 0.0, -0.8287 1.3772 0.0603, -0.8287 1.3639 0.0028, -0.8287 1.3666 0.0641, -0.8287 1.3407 0.011, -0.8287 1.3572 0.0701, -0.8287 1.3199 0.0243, -0.8287 1.3494 0.0781, -0.8287 1.3027 0.0419, -0.8287 1.3436 0.0877, -0.8287 1.29 0.063, -0.8287 1.3401 0.0983, -0.8287 1.2823 0.0863, -0.6713 1.3772 0.0603, -0.6713 1.3666 0.0641, -0.6713 1.3572 0.0701, -0.6713 1.3494 0.0781, -0.6713 1.3436 0.0877, -0.6713 1.3401 0.0983, -0.6713 1.2823 0.0863, -0.6713 1.29 0.063, -0.6713 1.3027 0.0419, -0.6713 1.3199 0.0243, -0.6713 1.3407 0.011, -0.6713 1.3639 0.0028, -0.8287 1.228 0.3489, -0.8287 1.2858 0.3608, -0.6713 1.2858 0.3608, -0.6713 1.228 0.3489, -0.8287 1.1909 0.3868, -0.8287 1.2043 0.4444, -0.8287 1.2015 0.3831, -0.8287 1.2274 0.4361, -0.8287 1.2109 0.377, -0.8287 1.2482 0.4228, -0.8287 1.2187 0.369, -0.8287 1.2654 0.4052, -0.8287 1.2245 0.3595, -0.8287 1.2781 0.3842, -0.6713 1.2043 0.4444, -0.6713 1.2274 0.4361, -0.6713 1.2482 0.4228, -0.6713 1.2654 0.4052, -0.6713 1.2781 0.3842, -0.6713 1.2245 0.3595, -0.6713 1.2187 0.369, -0.6713 1.2109 0.377, -0.6713 1.2015 0.3831, -0.6713 1.1909 0.3868, -0.1713 1.063 0.4472, -0.1713 1.1798 0.4472, -0.3287 1.063 0.4472, -0.3287 1.1798 0.4472, -0.3287 1.063 0.4176, -0.3287 1.1798 0.3881, -0.3287 0.997 0.3881, -0.3287 1.0351 0.4176, -0.3287 0.9971 0.3885, -0.3287 1.001 0.3979, -0.3287 1.0073 0.4061, -0.3287 1.0154 0.4124, -0.3287 1.0249 0.4163, -0.1713 1.1798 0.3881, -0.1713 1.063 0.4176, -0.1713 0.997 0.3881, -0.1713 1.0351 0.4176, -0.1713 0.9971 0.3885, -0.1713 1.0154 0.4124, -0.1713 1.0073 0.4061, -0.1713 1.001 0.3979, -0.1713 1.0249 0.4163, -0.1713 1.6732 0.0591, -0.1713 1.6732 0.0, -0.3287 1.6732 0.0591, -0.3287 1.6732 0.0, -0.3287 1.3883 0.0, -0.3287 1.3883 0.0591, -0.1713 1.3883 0.0591, -0.1713 1.3883 0.0, -0.3287 1.3772 0.0603, -0.3287 1.3639 0.0028, -0.3287 1.3666 0.0641, -0.3287 1.3407 0.011, -0.3287 1.3572 0.0701, -0.3287 1.3199 0.0243, -0.3287 1.3494 0.0781, -0.3287 1.3027 0.0419, -0.3287 1.3436 0.0877, -0.3287 1.29 0.063, -0.3287 1.3401 0.0983, -0.3287 1.2823 0.0863, -0.1713 1.3772 0.0603, -0.1713 1.3666 0.0641, -0.1713 1.3572 0.0701, -0.1713 1.3494 0.0781, -0.1713 1.3436 0.0877, -0.1713 1.3401 0.0983, -0.1713 1.2823 0.0863, -0.1713 1.29 0.063, -0.1713 1.3027 0.0419, -0.1713 1.3199 0.0243, -0.1713 1.3407 0.011, -0.1713 1.3639 0.0028, -0.3287 1.228 0.3489, -0.3287 1.2858 0.3608, -0.1713 1.2858 0.3608, -0.1713 1.228 0.3489, -0.3287 1.1909 0.3868, -0.3287 1.2043 0.4444, -0.3287 1.2015 0.3831, -0.3287 1.2274 0.4361, -0.3287 1.2109 0.377, -0.3287 1.2482 0.4228, -0.3287 1.2187 0.369, -0.3287 1.2654 0.4052, -0.3287 1.2245 0.3595, -0.3287 1.2781 0.3842, -0.1713 1.2043 0.4444, -0.1713 1.2274 0.4361, -0.1713 1.2482 0.4228, -0.1713 1.2654 0.4052, -0.1713 1.2781 0.3842, -0.1713 1.2245 0.3595, -0.1713 1.2187 0.369, -0.1713 1.2109 0.377, -0.1713 1.2015 0.3831, -0.1713 1.1909 0.3868, 0.3287 1.063 0.4472, 0.3287 1.1798 0.4472, 0.1713 1.063 0.4472, 0.1713 1.1798 0.4472, 0.1713 1.063 0.4176, 0.1713 1.1798 0.3881, 0.1713 0.997 0.3881, 0.1713 1.0351 0.4176, 0.1713 0.9971 0.3885, 0.1713 1.001 0.3979, 0.1713 1.0073 0.4061, 0.1713 1.0154 0.4124, 0.1713 1.0249 0.4163, 0.3287 1.1798 0.3881, 0.3287 1.063 0.4176, 0.3287 0.997 0.3881, 0.3287 1.0351 0.4176, 0.3287 0.9971 0.3885, 0.3287 1.0154 0.4124, 0.3287 1.0073 0.4061, 0.3287 1.001 0.3979, 0.3287 1.0249 0.4163, 0.3287 1.6732 0.0591, 0.3287 1.6732 0.0, 0.1713 1.6732 0.0591, 0.1713 1.6732 0.0, 0.1713 1.3883 0.0, 0.1713 1.3883 0.0591, 0.3287 1.3883 0.0591, 0.3287 1.3883 0.0, 0.1713 1.3772 0.0603, 0.1713 1.3639 0.0028, 0.1713 1.3666 0.0641, 0.1713 1.3407 0.011, 0.1713 1.3572 0.0701, 0.1713 1.3199 0.0243, 0.1713 1.3494 0.0781, 0.1713 1.3027 0.0419, 0.1713 1.3436 0.0877, 0.1713 1.29 0.063, 0.1713 1.3401 0.0983, 0.1713 1.2823 0.0863, 0.3287 1.3772 0.0603, 0.3287 1.3666 0.0641, 0.3287 1.3572 0.0701, 0.3287 1.3494 0.0781, 0.3287 1.3436 0.0877, 0.3287 1.3401 0.0983, 0.3287 1.2823 0.0863, 0.3287 1.29 0.063, 0.3287 1.3027 0.0419, 0.3287 1.3199 0.0243, 0.3287 1.3407 0.011, 0.3287 1.3639 0.0028, 0.1713 1.228 0.3489, 0.1713 1.2858 0.3608, 0.3287 1.2858 0.3608, 0.3287 1.228 0.3489, 0.1713 1.1909 0.3868, 0.1713 1.2043 0.4444, 0.1713 1.2015 0.3831, 0.1713 1.2274 0.4361, 0.1713 1.2109 0.377, 0.1713 1.2482 0.4228, 0.1713 1.2187 0.369, 0.1713 1.2654 0.4052, 0.1713 1.2245 0.3595, 0.1713 1.2781 0.3842, 0.3287 1.2043 0.4444, 0.3287 1.2274 0.4361, 0.3287 1.2482 0.4228, 0.3287 1.2654 0.4052, 0.3287 1.2781 0.3842, 0.3287 1.2245 0.3595, 0.3287 1.2187 0.369, 0.3287 1.2109 0.377, 0.3287 1.2015 0.3831, 0.3287 1.1909 0.3868, 0.8287 1.063 0.4472, 0.8287 1.1798 0.4472, 0.6713 1.063 0.4472, 0.6713 1.1798 0.4472, 0.6713 1.063 0.4176, 0.6713 1.1798 0.3881, 0.6713 0.997 0.3881, 0.6713 1.0351 0.4176, 0.6713 0.9971 0.3885, 0.6713 1.001 0.3979, 0.6713 1.0073 0.4061, 0.6713 1.0154 0.4124, 0.6713 1.0249 0.4163, 0.8287 1.1798 0.3881, 0.8287 1.063 0.4176, 0.8287 0.997 0.3881, 0.8287 1.0351 0.4176, 0.8287 0.9971 0.3885, 0.8287 1.0154 0.4124, 0.8287 1.0073 0.4061, 0.8287 1.001 0.3979, 0.8287 1.0249 0.4163, 0.8287 1.6732 0.0591, 0.8287 1.6732 0.0, 0.6713 1.6732 0.0591, 0.6713 1.6732 0.0, 0.6713 1.3883 0.0, 0.6713 1.3883 0.0591, 0.8287 1.3883 0.0591, 0.8287 1.3883 0.0, 0.6713 1.3772 0.0603, 0.6713 1.3639 0.0028, 0.6713 1.3666 0.0641, 0.6713 1.3407 0.011, 0.6713 1.3572 0.0701, 0.6713 1.3199 0.0243, 0.6713 1.3494 0.0781, 0.6713 1.3027 0.0419, 0.6713 1.3436 0.0877, 0.6713 1.29 0.063, 0.6713 1.3401 0.0983, 0.6713 1.2823 0.0863, 0.8287 1.3772 0.0603, 0.8287 1.3666 0.0641, 0.8287 1.3572 0.0701, 0.8287 1.3494 0.0781, 0.8287 1.3436 0.0877, 0.8287 1.3401 0.0983, 0.8287 1.2823 0.0863, 0.8287 1.29 0.063, 0.8287 1.3027 0.0419, 0.8287 1.3199 0.0243, 0.8287 1.3407 0.011, 0.8287 1.3639 0.0028, 0.6713 1.228 0.3489, 0.6713 1.2858 0.3608, 0.8287 1.2858 0.3608, 0.8287 1.228 0.3489, 0.6713 1.1909 0.3868, 0.6713 1.2043 0.4444, 0.6713 1.2015 0.3831, 0.6713 1.2274 0.4361, 0.6713 1.2109 0.377, 0.6713 1.2482 0.4228, 0.6713 1.2187 0.369, 0.6713 1.2654 0.4052, 0.6713 1.2245 0.3595, 0.6713 1.2781 0.3842, 0.8287 1.2043 0.4444, 0.8287 1.2274 0.4361, 0.8287 1.2482 0.4228, 0.8287 1.2654 0.4052, 0.8287 1.2781 0.3842, 0.8287 1.2245 0.3595, 0.8287 1.2187 0.369, 0.8287 1.2109 0.377, 0.8287 1.2015 0.3831, 0.8287 1.1909 0.3868, 1.3287 1.063 0.4472, 1.3287 1.1798 0.4472, 1.1713 1.063 0.4472, 1.1713 1.1798 0.4472, 1.1713 1.063 0.4176, 1.1713 1.1798 0.3881, 1.1713 0.997 0.3881, 1.1713 1.0351 0.4176, 1.1713 0.9971 0.3885, 1.1713 1.001 0.3979, 1.1713 1.0073 0.4061, 1.1713 1.0154 0.4124, 1.1713 1.0249 0.4163, 1.3287 1.1798 0.3881, 1.3287 1.063 0.4176, 1.3287 0.997 0.3881, 1.3287 1.0351 0.4176, 1.3287 0.9971 0.3885, 1.3287 1.0154 0.4124, 1.3287 1.0073 0.4061, 1.3287 1.001 0.3979, 1.3287 1.0249 0.4163, 1.3287 1.6732 0.0591, 1.3287 1.6732 0.0, 1.1713 1.6732 0.0591, 1.1713 1.6732 0.0, 1.1713 1.3883 0.0, 1.1713 1.3883 0.0591, 1.3287 1.3883 0.0591, 1.3287 1.3883 0.0, 1.1713 1.3772 0.0603, 1.1713 1.3639 0.0028, 1.1713 1.3666 0.0641, 1.1713 1.3407 0.011, 1.1713 1.3572 0.0701, 1.1713 1.3199 0.0243, 1.1713 1.3494 0.0781, 1.1713 1.3027 0.0419, 1.1713 1.3436 0.0877, 1.1713 1.29 0.063, 1.1713 1.3401 0.0983, 1.1713 1.2823 0.0863, 1.3287 1.3772 0.0603, 1.3287 1.3666 0.0641, 1.3287 1.3572 0.0701, 1.3287 1.3494 0.0781, 1.3287 1.3436 0.0877, 1.3287 1.3401 0.0983, 1.3287 1.2823 0.0863, 1.3287 1.29 0.063, 1.3287 1.3027 0.0419, 1.3287 1.3199 0.0243, 1.3287 1.3407 0.011, 1.3287 1.3639 0.0028, 1.1713 1.228 0.3489, 1.1713 1.2858 0.3608, 1.3287 1.2858 0.3608, 1.3287 1.228 0.3489, 1.1713 1.1909 0.3868, 1.1713 1.2043 0.4444, 1.1713 1.2015 0.3831, 1.1713 1.2274 0.4361, 1.1713 1.2109 0.377, 1.1713 1.2482 0.4228, 1.1713 1.2187 0.369, 1.1713 1.2654 0.4052, 1.1713 1.2245 0.3595, 1.1713 1.2781 0.3842, 1.3287 1.2043 0.4444, 1.3287 1.2274 0.4361, 1.3287 1.2482 0.4228, 1.3287 1.2654 0.4052, 1.3287 1.2781 0.3842, 1.3287 1.2245 0.3595, 1.3287 1.2187 0.369, 1.3287 1.2109 0.377, 1.3287 1.2015 0.3831, 1.3287 1.1909 0.3868, 1.8287 1.063 0.4472, 1.8287 1.1798 0.4472, 1.6713 1.063 0.4472, 1.6713 1.1798 0.4472, 1.6713 1.063 0.4176, 1.6713 1.1798 0.3881, 1.6713 0.997 0.3881, 1.6713 1.0351 0.4176, 1.6713 0.9971 0.3885, 1.6713 1.001 0.3979, 1.6713 1.0073 0.4061, 1.6713 1.0154 0.4124, 1.6713 1.0249 0.4163, 1.8287 1.1798 0.3881, 1.8287 1.063 0.4176, 1.8287 0.997 0.3881, 1.8287 1.0351 0.4176, 1.8287 0.9971 0.3885, 1.8287 1.0154 0.4124, 1.8287 1.0073 0.4061, 1.8287 1.001 0.3979, 1.8287 1.0249 0.4163, 1.8287 1.6732 0.0591, 1.8287 1.6732 0.0, 1.6713 1.6732 0.0591, 1.6713 1.6732 0.0, 1.6713 1.3883 0.0, 1.6713 1.3883 0.0591, 1.8287 1.3883 0.0591, 1.8287 1.3883 0.0, 1.6713 1.3772 0.0603, 1.6713 1.3639 0.0028, 1.6713 1.3666 0.0641, 1.6713 1.3407 0.011, 1.6713 1.3572 0.0701, 1.6713 1.3199 0.0243, 1.6713 1.3494 0.0781, 1.6713 1.3027 0.0419, 1.6713 1.3436 0.0877, 1.6713 1.29 0.063, 1.6713 1.3401 0.0983, 1.6713 1.2823 0.0863, 1.8287 1.3772 0.0603, 1.8287 1.3666 0.0641, 1.8287 1.3572 0.0701, 1.8287 1.3494 0.0781, 1.8287 1.3436 0.0877, 1.8287 1.3401 0.0983, 1.8287 1.2823 0.0863, 1.8287 1.29 0.063, 1.8287 1.3027 0.0419, 1.8287 1.3199 0.0243, 1.8287 1.3407 0.011, 1.8287 1.3639 0.0028, 1.6713 1.228 0.3489, 1.6713 1.2858 0.3608, 1.8287 1.2858 0.3608, 1.8287 1.228 0.3489, 1.6713 1.1909 0.3868, 1.6713 1.2043 0.4444, 1.6713 1.2015 0.3831, 1.6713 1.2274 0.4361, 1.6713 1.2109 0.377, 1.6713 1.2482 0.4228, 1.6713 1.2187 0.369, 1.6713 1.2654 0.4052, 1.6713 1.2245 0.3595, 1.6713 1.2781 0.3842, 1.8287 1.2043 0.4444, 1.8287 1.2274 0.4361, 1.8287 1.2482 0.4228, 1.8287 1.2654 0.4052, 1.8287 1.2781 0.3842, 1.8287 1.2245 0.3595, 1.8287 1.2187 0.369, 1.8287 1.2109 0.377, 1.8287 1.2015 0.3831, 1.8287 1.1909 0.3868]} coordIndex [0,1,2,-1,2,1,3,-1,4,2,3,-1,3,5,4,-1,4,5,6,-1,4,6,7,-1,7,6,8,-1,7,8,9,-1,10,11,9,-1,9,11,12,-1,9,12,7,-1,1,0,13,-1,13,0,14,-1,13,14,15,-1,15,14,16,-1,15,16,17,-1,18,19,20,-1,17,16,20,-1,20,16,21,-1,20,21,18,-1,6,5,15,-1,15,5,13,-1,22,23,24,-1,24,23,25,-1,22,26,23,-1,23,26,27,-1,23,27,25,-1,25,27,28,-1,25,28,24,-1,24,28,29,-1,22,24,26,-1,26,24,29,-1,27,26,30,-1,30,26,31,-1,30,31,32,-1,32,31,33,-1,32,33,34,-1,34,33,35,-1,34,35,36,-1,36,35,37,-1,36,37,38,-1,38,37,39,-1,38,39,40,-1,40,39,41,-1,28,27,42,-1,42,27,30,-1,42,30,43,-1,43,30,32,-1,43,32,44,-1,44,32,34,-1,44,34,45,-1,45,34,36,-1,45,36,46,-1,46,36,38,-1,46,38,47,-1,47,38,40,-1,47,48,46,-1,46,48,49,-1,46,49,45,-1,45,49,50,-1,45,50,44,-1,44,50,51,-1,44,51,43,-1,43,51,52,-1,43,52,42,-1,42,52,53,-1,42,53,28,-1,28,53,29,-1,48,41,39,-1,48,39,49,-1,49,39,37,-1,49,37,50,-1,50,37,35,-1,50,35,51,-1,51,35,33,-1,51,33,52,-1,52,33,31,-1,52,31,53,-1,53,31,26,-1,53,26,29,-1,41,54,40,-1,40,54,55,-1,40,55,47,-1,47,55,56,-1,47,56,48,-1,48,56,57,-1,41,48,54,-1,54,48,57,-1,5,3,58,-1,58,3,59,-1,58,59,60,-1,60,59,61,-1,60,61,62,-1,62,61,63,-1,62,63,64,-1,64,63,65,-1,64,65,66,-1,66,65,67,-1,66,67,54,-1,54,67,55,-1,3,1,68,-1,3,68,59,-1,59,68,69,-1,59,69,61,-1,61,69,70,-1,61,70,63,-1,63,70,71,-1,63,71,65,-1,65,71,72,-1,65,72,67,-1,67,72,56,-1,67,56,55,-1,57,56,73,-1,73,56,72,-1,73,72,74,-1,74,72,71,-1,74,71,75,-1,75,71,70,-1,75,70,76,-1,76,70,69,-1,76,69,77,-1,77,69,68,-1,77,68,13,-1,13,68,1,-1,54,57,66,-1,66,57,73,-1,66,73,64,-1,64,73,74,-1,64,74,62,-1,62,74,75,-1,62,75,60,-1,60,75,76,-1,60,76,58,-1,58,76,77,-1,58,77,5,-1,5,77,13,-1,78,79,80,-1,80,79,81,-1,82,80,81,-1,81,83,82,-1,82,83,84,-1,82,84,85,-1,85,84,86,-1,85,86,87,-1,88,89,87,-1,87,89,90,-1,87,90,85,-1,79,78,91,-1,91,78,92,-1,91,92,93,-1,93,92,94,-1,93,94,95,-1,96,97,98,-1,95,94,98,-1,98,94,99,-1,98,99,96,-1,84,83,93,-1,93,83,91,-1,100,101,102,-1,102,101,103,-1,100,104,101,-1,101,104,105,-1,101,105,103,-1,103,105,106,-1,103,106,102,-1,102,106,107,-1,100,102,104,-1,104,102,107,-1,105,104,108,-1,108,104,109,-1,108,109,110,-1,110,109,111,-1,110,111,112,-1,112,111,113,-1,112,113,114,-1,114,113,115,-1,114,115,116,-1,116,115,117,-1,116,117,118,-1,118,117,119,-1,106,105,120,-1,120,105,108,-1,120,108,121,-1,121,108,110,-1,121,110,122,-1,122,110,112,-1,122,112,123,-1,123,112,114,-1,123,114,124,-1,124,114,116,-1,124,116,125,-1,125,116,118,-1,125,126,124,-1,124,126,127,-1,124,127,123,-1,123,127,128,-1,123,128,122,-1,122,128,129,-1,122,129,121,-1,121,129,130,-1,121,130,120,-1,120,130,131,-1,120,131,106,-1,106,131,107,-1,126,119,117,-1,126,117,127,-1,127,117,115,-1,127,115,128,-1,128,115,113,-1,128,113,129,-1,129,113,111,-1,129,111,130,-1,130,111,109,-1,130,109,131,-1,131,109,104,-1,131,104,107,-1,119,132,118,-1,118,132,133,-1,118,133,125,-1,125,133,134,-1,125,134,126,-1,126,134,135,-1,119,126,132,-1,132,126,135,-1,83,81,136,-1,136,81,137,-1,136,137,138,-1,138,137,139,-1,138,139,140,-1,140,139,141,-1,140,141,142,-1,142,141,143,-1,142,143,144,-1,144,143,145,-1,144,145,132,-1,132,145,133,-1,81,79,146,-1,81,146,137,-1,137,146,147,-1,137,147,139,-1,139,147,148,-1,139,148,141,-1,141,148,149,-1,141,149,143,-1,143,149,150,-1,143,150,145,-1,145,150,134,-1,145,134,133,-1,135,134,151,-1,151,134,150,-1,151,150,152,-1,152,150,149,-1,152,149,153,-1,153,149,148,-1,153,148,154,-1,154,148,147,-1,154,147,155,-1,155,147,146,-1,155,146,91,-1,91,146,79,-1,132,135,144,-1,144,135,151,-1,144,151,142,-1,142,151,152,-1,142,152,140,-1,140,152,153,-1,140,153,138,-1,138,153,154,-1,138,154,136,-1,136,154,155,-1,136,155,83,-1,83,155,91,-1,156,157,158,-1,158,157,159,-1,160,158,159,-1,159,161,160,-1,160,161,162,-1,160,162,163,-1,163,162,164,-1,163,164,165,-1,166,167,165,-1,165,167,168,-1,165,168,163,-1,157,156,169,-1,169,156,170,-1,169,170,171,-1,171,170,172,-1,171,172,173,-1,174,175,176,-1,173,172,176,-1,176,172,177,-1,176,177,174,-1,162,161,171,-1,171,161,169,-1,178,179,180,-1,180,179,181,-1,178,182,179,-1,179,182,183,-1,179,183,181,-1,181,183,184,-1,181,184,180,-1,180,184,185,-1,178,180,182,-1,182,180,185,-1,183,182,186,-1,186,182,187,-1,186,187,188,-1,188,187,189,-1,188,189,190,-1,190,189,191,-1,190,191,192,-1,192,191,193,-1,192,193,194,-1,194,193,195,-1,194,195,196,-1,196,195,197,-1,184,183,198,-1,198,183,186,-1,198,186,199,-1,199,186,188,-1,199,188,200,-1,200,188,190,-1,200,190,201,-1,201,190,192,-1,201,192,202,-1,202,192,194,-1,202,194,203,-1,203,194,196,-1,203,204,202,-1,202,204,205,-1,202,205,201,-1,201,205,206,-1,201,206,200,-1,200,206,207,-1,200,207,199,-1,199,207,208,-1,199,208,198,-1,198,208,209,-1,198,209,184,-1,184,209,185,-1,204,197,195,-1,204,195,205,-1,205,195,193,-1,205,193,206,-1,206,193,191,-1,206,191,207,-1,207,191,189,-1,207,189,208,-1,208,189,187,-1,208,187,209,-1,209,187,182,-1,209,182,185,-1,197,210,196,-1,196,210,211,-1,196,211,203,-1,203,211,212,-1,203,212,204,-1,204,212,213,-1,197,204,210,-1,210,204,213,-1,161,159,214,-1,214,159,215,-1,214,215,216,-1,216,215,217,-1,216,217,218,-1,218,217,219,-1,218,219,220,-1,220,219,221,-1,220,221,222,-1,222,221,223,-1,222,223,210,-1,210,223,211,-1,159,157,224,-1,159,224,215,-1,215,224,225,-1,215,225,217,-1,217,225,226,-1,217,226,219,-1,219,226,227,-1,219,227,221,-1,221,227,228,-1,221,228,223,-1,223,228,212,-1,223,212,211,-1,213,212,229,-1,229,212,228,-1,229,228,230,-1,230,228,227,-1,230,227,231,-1,231,227,226,-1,231,226,232,-1,232,226,225,-1,232,225,233,-1,233,225,224,-1,233,224,169,-1,169,224,157,-1,210,213,222,-1,222,213,229,-1,222,229,220,-1,220,229,230,-1,220,230,218,-1,218,230,231,-1,218,231,216,-1,216,231,232,-1,216,232,214,-1,214,232,233,-1,214,233,161,-1,161,233,169,-1,234,235,236,-1,236,235,237,-1,238,236,237,-1,237,239,238,-1,238,239,240,-1,238,240,241,-1,241,240,242,-1,241,242,243,-1,244,245,243,-1,243,245,246,-1,243,246,241,-1,235,234,247,-1,247,234,248,-1,247,248,249,-1,249,248,250,-1,249,250,251,-1,252,253,254,-1,251,250,254,-1,254,250,255,-1,254,255,252,-1,240,239,249,-1,249,239,247,-1,256,257,258,-1,258,257,259,-1,256,260,257,-1,257,260,261,-1,257,261,259,-1,259,261,262,-1,259,262,258,-1,258,262,263,-1,256,258,260,-1,260,258,263,-1,261,260,264,-1,264,260,265,-1,264,265,266,-1,266,265,267,-1,266,267,268,-1,268,267,269,-1,268,269,270,-1,270,269,271,-1,270,271,272,-1,272,271,273,-1,272,273,274,-1,274,273,275,-1,262,261,276,-1,276,261,264,-1,276,264,277,-1,277,264,266,-1,277,266,278,-1,278,266,268,-1,278,268,279,-1,279,268,270,-1,279,270,280,-1,280,270,272,-1,280,272,281,-1,281,272,274,-1,281,282,280,-1,280,282,283,-1,280,283,279,-1,279,283,284,-1,279,284,278,-1,278,284,285,-1,278,285,277,-1,277,285,286,-1,277,286,276,-1,276,286,287,-1,276,287,262,-1,262,287,263,-1,282,275,273,-1,282,273,283,-1,283,273,271,-1,283,271,284,-1,284,271,269,-1,284,269,285,-1,285,269,267,-1,285,267,286,-1,286,267,265,-1,286,265,287,-1,287,265,260,-1,287,260,263,-1,275,288,274,-1,274,288,289,-1,274,289,281,-1,281,289,290,-1,281,290,282,-1,282,290,291,-1,275,282,288,-1,288,282,291,-1,239,237,292,-1,292,237,293,-1,292,293,294,-1,294,293,295,-1,294,295,296,-1,296,295,297,-1,296,297,298,-1,298,297,299,-1,298,299,300,-1,300,299,301,-1,300,301,288,-1,288,301,289,-1,237,235,302,-1,237,302,293,-1,293,302,303,-1,293,303,295,-1,295,303,304,-1,295,304,297,-1,297,304,305,-1,297,305,299,-1,299,305,306,-1,299,306,301,-1,301,306,290,-1,301,290,289,-1,291,290,307,-1,307,290,306,-1,307,306,308,-1,308,306,305,-1,308,305,309,-1,309,305,304,-1,309,304,310,-1,310,304,303,-1,310,303,311,-1,311,303,302,-1,311,302,247,-1,247,302,235,-1,288,291,300,-1,300,291,307,-1,300,307,298,-1,298,307,308,-1,298,308,296,-1,296,308,309,-1,296,309,294,-1,294,309,310,-1,294,310,292,-1,292,310,311,-1,292,311,239,-1,239,311,247,-1,312,313,314,-1,314,313,315,-1,316,314,315,-1,315,317,316,-1,316,317,318,-1,316,318,319,-1,319,318,320,-1,319,320,321,-1,322,323,321,-1,321,323,324,-1,321,324,319,-1,313,312,325,-1,325,312,326,-1,325,326,327,-1,327,326,328,-1,327,328,329,-1,330,331,332,-1,329,328,332,-1,332,328,333,-1,332,333,330,-1,318,317,327,-1,327,317,325,-1,334,335,336,-1,336,335,337,-1,334,338,335,-1,335,338,339,-1,335,339,337,-1,337,339,340,-1,337,340,336,-1,336,340,341,-1,334,336,338,-1,338,336,341,-1,339,338,342,-1,342,338,343,-1,342,343,344,-1,344,343,345,-1,344,345,346,-1,346,345,347,-1,346,347,348,-1,348,347,349,-1,348,349,350,-1,350,349,351,-1,350,351,352,-1,352,351,353,-1,340,339,354,-1,354,339,342,-1,354,342,355,-1,355,342,344,-1,355,344,356,-1,356,344,346,-1,356,346,357,-1,357,346,348,-1,357,348,358,-1,358,348,350,-1,358,350,359,-1,359,350,352,-1,359,360,358,-1,358,360,361,-1,358,361,357,-1,357,361,362,-1,357,362,356,-1,356,362,363,-1,356,363,355,-1,355,363,364,-1,355,364,354,-1,354,364,365,-1,354,365,340,-1,340,365,341,-1,360,353,351,-1,360,351,361,-1,361,351,349,-1,361,349,362,-1,362,349,347,-1,362,347,363,-1,363,347,345,-1,363,345,364,-1,364,345,343,-1,364,343,365,-1,365,343,338,-1,365,338,341,-1,353,366,352,-1,352,366,367,-1,352,367,359,-1,359,367,368,-1,359,368,360,-1,360,368,369,-1,353,360,366,-1,366,360,369,-1,317,315,370,-1,370,315,371,-1,370,371,372,-1,372,371,373,-1,372,373,374,-1,374,373,375,-1,374,375,376,-1,376,375,377,-1,376,377,378,-1,378,377,379,-1,378,379,366,-1,366,379,367,-1,315,313,380,-1,315,380,371,-1,371,380,381,-1,371,381,373,-1,373,381,382,-1,373,382,375,-1,375,382,383,-1,375,383,377,-1,377,383,384,-1,377,384,379,-1,379,384,368,-1,379,368,367,-1,369,368,385,-1,385,368,384,-1,385,384,386,-1,386,384,383,-1,386,383,387,-1,387,383,382,-1,387,382,388,-1,388,382,381,-1,388,381,389,-1,389,381,380,-1,389,380,325,-1,325,380,313,-1,366,369,378,-1,378,369,385,-1,378,385,376,-1,376,385,386,-1,376,386,374,-1,374,386,387,-1,374,387,372,-1,372,387,388,-1,372,388,370,-1,370,388,389,-1,370,389,317,-1,317,389,325,-1,390,391,392,-1,392,391,393,-1,394,392,393,-1,393,395,394,-1,394,395,396,-1,394,396,397,-1,397,396,398,-1,397,398,399,-1,400,401,399,-1,399,401,402,-1,399,402,397,-1,391,390,403,-1,403,390,404,-1,403,404,405,-1,405,404,406,-1,405,406,407,-1,408,409,410,-1,407,406,410,-1,410,406,411,-1,410,411,408,-1,396,395,405,-1,405,395,403,-1,412,413,414,-1,414,413,415,-1,412,416,413,-1,413,416,417,-1,413,417,415,-1,415,417,418,-1,415,418,414,-1,414,418,419,-1,412,414,416,-1,416,414,419,-1,417,416,420,-1,420,416,421,-1,420,421,422,-1,422,421,423,-1,422,423,424,-1,424,423,425,-1,424,425,426,-1,426,425,427,-1,426,427,428,-1,428,427,429,-1,428,429,430,-1,430,429,431,-1,418,417,432,-1,432,417,420,-1,432,420,433,-1,433,420,422,-1,433,422,434,-1,434,422,424,-1,434,424,435,-1,435,424,426,-1,435,426,436,-1,436,426,428,-1,436,428,437,-1,437,428,430,-1,437,438,436,-1,436,438,439,-1,436,439,435,-1,435,439,440,-1,435,440,434,-1,434,440,441,-1,434,441,433,-1,433,441,442,-1,433,442,432,-1,432,442,443,-1,432,443,418,-1,418,443,419,-1,438,431,429,-1,438,429,439,-1,439,429,427,-1,439,427,440,-1,440,427,425,-1,440,425,441,-1,441,425,423,-1,441,423,442,-1,442,423,421,-1,442,421,443,-1,443,421,416,-1,443,416,419,-1,431,444,430,-1,430,444,445,-1,430,445,437,-1,437,445,446,-1,437,446,438,-1,438,446,447,-1,431,438,444,-1,444,438,447,-1,395,393,448,-1,448,393,449,-1,448,449,450,-1,450,449,451,-1,450,451,452,-1,452,451,453,-1,452,453,454,-1,454,453,455,-1,454,455,456,-1,456,455,457,-1,456,457,444,-1,444,457,445,-1,393,391,458,-1,393,458,449,-1,449,458,459,-1,449,459,451,-1,451,459,460,-1,451,460,453,-1,453,460,461,-1,453,461,455,-1,455,461,462,-1,455,462,457,-1,457,462,446,-1,457,446,445,-1,447,446,463,-1,463,446,462,-1,463,462,464,-1,464,462,461,-1,464,461,465,-1,465,461,460,-1,465,460,466,-1,466,460,459,-1,466,459,467,-1,467,459,458,-1,467,458,403,-1,403,458,391,-1,444,447,456,-1,456,447,463,-1,456,463,454,-1,454,463,464,-1,454,464,452,-1,452,464,465,-1,452,465,450,-1,450,465,466,-1,450,466,448,-1,448,466,467,-1,448,467,395,-1,395,467,403,-1,468,469,470,-1,470,469,471,-1,472,470,471,-1,471,473,472,-1,472,473,474,-1,472,474,475,-1,475,474,476,-1,475,476,477,-1,478,479,477,-1,477,479,480,-1,477,480,475,-1,469,468,481,-1,481,468,482,-1,481,482,483,-1,483,482,484,-1,483,484,485,-1,486,487,488,-1,485,484,488,-1,488,484,489,-1,488,489,486,-1,474,473,483,-1,483,473,481,-1,490,491,492,-1,492,491,493,-1,490,494,491,-1,491,494,495,-1,491,495,493,-1,493,495,496,-1,493,496,492,-1,492,496,497,-1,490,492,494,-1,494,492,497,-1,495,494,498,-1,498,494,499,-1,498,499,500,-1,500,499,501,-1,500,501,502,-1,502,501,503,-1,502,503,504,-1,504,503,505,-1,504,505,506,-1,506,505,507,-1,506,507,508,-1,508,507,509,-1,496,495,510,-1,510,495,498,-1,510,498,511,-1,511,498,500,-1,511,500,512,-1,512,500,502,-1,512,502,513,-1,513,502,504,-1,513,504,514,-1,514,504,506,-1,514,506,515,-1,515,506,508,-1,515,516,514,-1,514,516,517,-1,514,517,513,-1,513,517,518,-1,513,518,512,-1,512,518,519,-1,512,519,511,-1,511,519,520,-1,511,520,510,-1,510,520,521,-1,510,521,496,-1,496,521,497,-1,516,509,507,-1,516,507,517,-1,517,507,505,-1,517,505,518,-1,518,505,503,-1,518,503,519,-1,519,503,501,-1,519,501,520,-1,520,501,499,-1,520,499,521,-1,521,499,494,-1,521,494,497,-1,509,522,508,-1,508,522,523,-1,508,523,515,-1,515,523,524,-1,515,524,516,-1,516,524,525,-1,509,516,522,-1,522,516,525,-1,473,471,526,-1,526,471,527,-1,526,527,528,-1,528,527,529,-1,528,529,530,-1,530,529,531,-1,530,531,532,-1,532,531,533,-1,532,533,534,-1,534,533,535,-1,534,535,522,-1,522,535,523,-1,471,469,536,-1,471,536,527,-1,527,536,537,-1,527,537,529,-1,529,537,538,-1,529,538,531,-1,531,538,539,-1,531,539,533,-1,533,539,540,-1,533,540,535,-1,535,540,524,-1,535,524,523,-1,525,524,541,-1,541,524,540,-1,541,540,542,-1,542,540,539,-1,542,539,543,-1,543,539,538,-1,543,538,544,-1,544,538,537,-1,544,537,545,-1,545,537,536,-1,545,536,481,-1,481,536,469,-1,522,525,534,-1,534,525,541,-1,534,541,532,-1,532,541,542,-1,532,542,530,-1,530,542,543,-1,530,543,528,-1,528,543,544,-1,528,544,526,-1,526,544,545,-1,526,545,473,-1,473,545,481,-1,546,547,548,-1,548,547,549,-1,550,548,549,-1,549,551,550,-1,550,551,552,-1,550,552,553,-1,553,552,554,-1,553,554,555,-1,556,557,555,-1,555,557,558,-1,555,558,553,-1,547,546,559,-1,559,546,560,-1,559,560,561,-1,561,560,562,-1,561,562,563,-1,564,565,566,-1,563,562,566,-1,566,562,567,-1,566,567,564,-1,552,551,561,-1,561,551,559,-1,568,569,570,-1,570,569,571,-1,568,572,569,-1,569,572,573,-1,569,573,571,-1,571,573,574,-1,571,574,570,-1,570,574,575,-1,568,570,572,-1,572,570,575,-1,573,572,576,-1,576,572,577,-1,576,577,578,-1,578,577,579,-1,578,579,580,-1,580,579,581,-1,580,581,582,-1,582,581,583,-1,582,583,584,-1,584,583,585,-1,584,585,586,-1,586,585,587,-1,574,573,588,-1,588,573,576,-1,588,576,589,-1,589,576,578,-1,589,578,590,-1,590,578,580,-1,590,580,591,-1,591,580,582,-1,591,582,592,-1,592,582,584,-1,592,584,593,-1,593,584,586,-1,593,594,592,-1,592,594,595,-1,592,595,591,-1,591,595,596,-1,591,596,590,-1,590,596,597,-1,590,597,589,-1,589,597,598,-1,589,598,588,-1,588,598,599,-1,588,599,574,-1,574,599,575,-1,594,587,585,-1,594,585,595,-1,595,585,583,-1,595,583,596,-1,596,583,581,-1,596,581,597,-1,597,581,579,-1,597,579,598,-1,598,579,577,-1,598,577,599,-1,599,577,572,-1,599,572,575,-1,587,600,586,-1,586,600,601,-1,586,601,593,-1,593,601,602,-1,593,602,594,-1,594,602,603,-1,587,594,600,-1,600,594,603,-1,551,549,604,-1,604,549,605,-1,604,605,606,-1,606,605,607,-1,606,607,608,-1,608,607,609,-1,608,609,610,-1,610,609,611,-1,610,611,612,-1,612,611,613,-1,612,613,600,-1,600,613,601,-1,549,547,614,-1,549,614,605,-1,605,614,615,-1,605,615,607,-1,607,615,616,-1,607,616,609,-1,609,616,617,-1,609,617,611,-1,611,617,618,-1,611,618,613,-1,613,618,602,-1,613,602,601,-1,603,602,619,-1,619,602,618,-1,619,618,620,-1,620,618,617,-1,620,617,621,-1,621,617,616,-1,621,616,622,-1,622,616,615,-1,622,615,623,-1,623,615,614,-1,623,614,559,-1,559,614,547,-1,600,603,612,-1,612,603,619,-1,612,619,610,-1,610,619,620,-1,610,620,608,-1,608,620,621,-1,608,621,606,-1,606,621,622,-1,606,622,604,-1,604,622,623,-1,604,623,551,-1,551,623,559,-1,624,625,626,-1,626,625,627,-1,628,626,627,-1,627,629,628,-1,628,629,630,-1,628,630,631,-1,631,630,632,-1,631,632,633,-1,634,635,633,-1,633,635,636,-1,633,636,631,-1,625,624,637,-1,637,624,638,-1,637,638,639,-1,639,638,640,-1,639,640,641,-1,642,643,644,-1,641,640,644,-1,644,640,645,-1,644,645,642,-1,630,629,639,-1,639,629,637,-1,646,647,648,-1,648,647,649,-1,649,650,648,-1,648,650,651,-1,648,651,646,-1,646,651,652,-1,646,652,647,-1,647,652,653,-1,649,647,650,-1,650,647,653,-1,651,650,654,-1,654,650,655,-1,654,655,656,-1,656,655,657,-1,656,657,658,-1,658,657,659,-1,658,659,660,-1,660,659,661,-1,660,661,662,-1,662,661,663,-1,662,663,664,-1,664,663,665,-1,652,651,666,-1,666,651,654,-1,666,654,667,-1,667,654,656,-1,667,656,668,-1,668,656,658,-1,668,658,669,-1,669,658,660,-1,669,660,670,-1,670,660,662,-1,670,662,671,-1,671,662,664,-1,671,672,670,-1,670,672,673,-1,670,673,669,-1,669,673,674,-1,669,674,668,-1,668,674,675,-1,668,675,667,-1,667,675,676,-1,667,676,666,-1,666,676,677,-1,666,677,652,-1,652,677,653,-1,672,665,663,-1,672,663,673,-1,673,663,661,-1,673,661,674,-1,674,661,659,-1,674,659,675,-1,675,659,657,-1,675,657,676,-1,676,657,655,-1,676,655,677,-1,677,655,650,-1,677,650,653,-1,665,678,664,-1,664,678,679,-1,664,679,671,-1,671,679,680,-1,671,680,672,-1,672,680,681,-1,665,672,678,-1,678,672,681,-1,629,627,682,-1,682,627,683,-1,682,683,684,-1,684,683,685,-1,684,685,686,-1,686,685,687,-1,686,687,688,-1,688,687,689,-1,688,689,690,-1,690,689,691,-1,690,691,678,-1,678,691,679,-1,627,625,692,-1,627,692,683,-1,683,692,693,-1,683,693,685,-1,685,693,694,-1,685,694,687,-1,687,694,695,-1,687,695,689,-1,689,695,696,-1,689,696,691,-1,691,696,680,-1,691,680,679,-1,681,680,697,-1,697,680,696,-1,697,696,698,-1,698,696,695,-1,698,695,699,-1,699,695,694,-1,699,694,700,-1,700,694,693,-1,700,693,701,-1,701,693,692,-1,701,692,637,-1,637,692,625,-1,678,681,690,-1,690,681,697,-1,690,697,688,-1,688,697,698,-1,688,698,686,-1,686,698,699,-1,686,699,684,-1,684,699,700,-1,684,700,682,-1,682,700,701,-1,682,701,629,-1,629,701,637,-1,702,703,704,-1,704,703,705,-1,706,704,705,-1,705,707,706,-1,706,707,708,-1,706,708,709,-1,709,708,710,-1,709,710,711,-1,712,713,711,-1,711,713,714,-1,711,714,709,-1,703,702,715,-1,715,702,716,-1,715,716,717,-1,717,716,718,-1,717,718,719,-1,720,721,722,-1,719,718,722,-1,722,718,723,-1,722,723,720,-1,708,707,717,-1,717,707,715,-1,724,725,726,-1,726,725,727,-1,727,728,726,-1,726,728,729,-1,726,729,724,-1,724,729,730,-1,724,730,725,-1,725,730,731,-1,727,725,728,-1,728,725,731,-1,729,728,732,-1,732,728,733,-1,732,733,734,-1,734,733,735,-1,734,735,736,-1,736,735,737,-1,736,737,738,-1,738,737,739,-1,738,739,740,-1,740,739,741,-1,740,741,742,-1,742,741,743,-1,730,729,744,-1,744,729,732,-1,744,732,745,-1,745,732,734,-1,745,734,746,-1,746,734,736,-1,746,736,747,-1,747,736,738,-1,747,738,748,-1,748,738,740,-1,748,740,749,-1,749,740,742,-1,749,750,748,-1,748,750,751,-1,748,751,747,-1,747,751,752,-1,747,752,746,-1,746,752,753,-1,746,753,745,-1,745,753,754,-1,745,754,744,-1,744,754,755,-1,744,755,730,-1,730,755,731,-1,750,743,741,-1,750,741,751,-1,751,741,739,-1,751,739,752,-1,752,739,737,-1,752,737,753,-1,753,737,735,-1,753,735,754,-1,754,735,733,-1,754,733,755,-1,755,733,728,-1,755,728,731,-1,743,756,742,-1,742,756,757,-1,742,757,749,-1,749,757,758,-1,749,758,750,-1,750,758,759,-1,743,750,756,-1,756,750,759,-1,707,705,760,-1,760,705,761,-1,760,761,762,-1,762,761,763,-1,762,763,764,-1,764,763,765,-1,764,765,766,-1,766,765,767,-1,766,767,768,-1,768,767,769,-1,768,769,756,-1,756,769,757,-1,705,703,770,-1,705,770,761,-1,761,770,771,-1,761,771,763,-1,763,771,772,-1,763,772,765,-1,765,772,773,-1,765,773,767,-1,767,773,774,-1,767,774,769,-1,769,774,758,-1,769,758,757,-1,759,758,775,-1,775,758,774,-1,775,774,776,-1,776,774,773,-1,776,773,777,-1,777,773,772,-1,777,772,778,-1,778,772,771,-1,778,771,779,-1,779,771,770,-1,779,770,715,-1,715,770,703,-1,756,759,768,-1,768,759,775,-1,768,775,766,-1,766,775,776,-1,766,776,764,-1,764,776,777,-1,764,777,762,-1,762,777,778,-1,762,778,760,-1,760,778,779,-1,760,779,707,-1,707,779,715,-1,780,781,782,-1,782,781,783,-1,784,782,783,-1,783,785,784,-1,784,785,786,-1,784,786,787,-1,787,786,788,-1,787,788,789,-1,790,791,789,-1,789,791,792,-1,789,792,787,-1,781,780,793,-1,793,780,794,-1,793,794,795,-1,795,794,796,-1,795,796,797,-1,798,799,800,-1,797,796,800,-1,800,796,801,-1,800,801,798,-1,786,785,795,-1,795,785,793,-1,802,803,804,-1,804,803,805,-1,805,806,804,-1,804,806,807,-1,804,807,802,-1,802,807,808,-1,802,808,803,-1,803,808,809,-1,805,803,806,-1,806,803,809,-1,807,806,810,-1,810,806,811,-1,810,811,812,-1,812,811,813,-1,812,813,814,-1,814,813,815,-1,814,815,816,-1,816,815,817,-1,816,817,818,-1,818,817,819,-1,818,819,820,-1,820,819,821,-1,808,807,822,-1,822,807,810,-1,822,810,823,-1,823,810,812,-1,823,812,824,-1,824,812,814,-1,824,814,825,-1,825,814,816,-1,825,816,826,-1,826,816,818,-1,826,818,827,-1,827,818,820,-1,827,828,826,-1,826,828,829,-1,826,829,825,-1,825,829,830,-1,825,830,824,-1,824,830,831,-1,824,831,823,-1,823,831,832,-1,823,832,822,-1,822,832,833,-1,822,833,808,-1,808,833,809,-1,828,821,819,-1,828,819,829,-1,829,819,817,-1,829,817,830,-1,830,817,815,-1,830,815,831,-1,831,815,813,-1,831,813,832,-1,832,813,811,-1,832,811,833,-1,833,811,806,-1,833,806,809,-1,821,834,820,-1,820,834,835,-1,820,835,827,-1,827,835,836,-1,827,836,828,-1,828,836,837,-1,821,828,834,-1,834,828,837,-1,785,783,838,-1,838,783,839,-1,838,839,840,-1,840,839,841,-1,840,841,842,-1,842,841,843,-1,842,843,844,-1,844,843,845,-1,844,845,846,-1,846,845,847,-1,846,847,834,-1,834,847,835,-1,783,781,848,-1,783,848,839,-1,839,848,849,-1,839,849,841,-1,841,849,850,-1,841,850,843,-1,843,850,851,-1,843,851,845,-1,845,851,852,-1,845,852,847,-1,847,852,836,-1,847,836,835,-1,837,836,853,-1,853,836,852,-1,853,852,854,-1,854,852,851,-1,854,851,855,-1,855,851,850,-1,855,850,856,-1,856,850,849,-1,856,849,857,-1,857,849,848,-1,857,848,793,-1,793,848,781,-1,834,837,846,-1,846,837,853,-1,846,853,844,-1,844,853,854,-1,844,854,842,-1,842,854,855,-1,842,855,840,-1,840,855,856,-1,840,856,838,-1,838,856,857,-1,838,857,785,-1,785,857,793,-1,858,859,860,-1,860,859,861,-1,862,860,861,-1,861,863,862,-1,862,863,864,-1,862,864,865,-1,865,864,866,-1,865,866,867,-1,868,869,867,-1,867,869,870,-1,867,870,865,-1,859,858,871,-1,871,858,872,-1,871,872,873,-1,873,872,874,-1,873,874,875,-1,876,877,878,-1,875,874,878,-1,878,874,879,-1,878,879,876,-1,864,863,873,-1,873,863,871,-1,880,881,882,-1,882,881,883,-1,883,884,882,-1,882,884,885,-1,882,885,880,-1,880,885,886,-1,880,886,881,-1,881,886,887,-1,883,881,884,-1,884,881,887,-1,885,884,888,-1,888,884,889,-1,888,889,890,-1,890,889,891,-1,890,891,892,-1,892,891,893,-1,892,893,894,-1,894,893,895,-1,894,895,896,-1,896,895,897,-1,896,897,898,-1,898,897,899,-1,886,885,900,-1,900,885,888,-1,900,888,901,-1,901,888,890,-1,901,890,902,-1,902,890,892,-1,902,892,903,-1,903,892,894,-1,903,894,904,-1,904,894,896,-1,904,896,905,-1,905,896,898,-1,905,906,904,-1,904,906,907,-1,904,907,903,-1,903,907,908,-1,903,908,902,-1,902,908,909,-1,902,909,901,-1,901,909,910,-1,901,910,900,-1,900,910,911,-1,900,911,886,-1,886,911,887,-1,906,899,897,-1,906,897,907,-1,907,897,895,-1,907,895,908,-1,908,895,893,-1,908,893,909,-1,909,893,891,-1,909,891,910,-1,910,891,889,-1,910,889,911,-1,911,889,884,-1,911,884,887,-1,899,912,898,-1,898,912,913,-1,898,913,905,-1,905,913,914,-1,905,914,906,-1,906,914,915,-1,899,906,912,-1,912,906,915,-1,863,861,916,-1,916,861,917,-1,916,917,918,-1,918,917,919,-1,918,919,920,-1,920,919,921,-1,920,921,922,-1,922,921,923,-1,922,923,924,-1,924,923,925,-1,924,925,912,-1,912,925,913,-1,861,859,926,-1,861,926,917,-1,917,926,927,-1,917,927,919,-1,919,927,928,-1,919,928,921,-1,921,928,929,-1,921,929,923,-1,923,929,930,-1,923,930,925,-1,925,930,914,-1,925,914,913,-1,915,914,931,-1,931,914,930,-1,931,930,932,-1,932,930,929,-1,932,929,933,-1,933,929,928,-1,933,928,934,-1,934,928,927,-1,934,927,935,-1,935,927,926,-1,935,926,871,-1,871,926,859,-1,912,915,924,-1,924,915,931,-1,924,931,922,-1,922,931,932,-1,922,932,920,-1,920,932,933,-1,920,933,918,-1,918,933,934,-1,918,934,916,-1,916,934,935,-1,916,935,863,-1,863,935,871,-1,936,937,938,-1,938,937,939,-1,940,938,939,-1,939,941,940,-1,940,941,942,-1,940,942,943,-1,943,942,944,-1,943,944,945,-1,946,947,945,-1,945,947,948,-1,945,948,943,-1,937,936,949,-1,949,936,950,-1,949,950,951,-1,951,950,952,-1,951,952,953,-1,954,955,956,-1,953,952,956,-1,956,952,957,-1,956,957,954,-1,942,941,951,-1,951,941,949,-1,958,959,960,-1,960,959,961,-1,961,962,960,-1,960,962,963,-1,960,963,958,-1,958,963,964,-1,958,964,959,-1,959,964,965,-1,961,959,962,-1,962,959,965,-1,963,962,966,-1,966,962,967,-1,966,967,968,-1,968,967,969,-1,968,969,970,-1,970,969,971,-1,970,971,972,-1,972,971,973,-1,972,973,974,-1,974,973,975,-1,974,975,976,-1,976,975,977,-1,964,963,978,-1,978,963,966,-1,978,966,979,-1,979,966,968,-1,979,968,980,-1,980,968,970,-1,980,970,981,-1,981,970,972,-1,981,972,982,-1,982,972,974,-1,982,974,983,-1,983,974,976,-1,983,984,982,-1,982,984,985,-1,982,985,981,-1,981,985,986,-1,981,986,980,-1,980,986,987,-1,980,987,979,-1,979,987,988,-1,979,988,978,-1,978,988,989,-1,978,989,964,-1,964,989,965,-1,984,977,975,-1,984,975,985,-1,985,975,973,-1,985,973,986,-1,986,973,971,-1,986,971,987,-1,987,971,969,-1,987,969,988,-1,988,969,967,-1,988,967,989,-1,989,967,962,-1,989,962,965,-1,977,990,976,-1,976,990,991,-1,976,991,983,-1,983,991,992,-1,983,992,984,-1,984,992,993,-1,977,984,990,-1,990,984,993,-1,941,939,994,-1,994,939,995,-1,994,995,996,-1,996,995,997,-1,996,997,998,-1,998,997,999,-1,998,999,1000,-1,1000,999,1001,-1,1000,1001,1002,-1,1002,1001,1003,-1,1002,1003,990,-1,990,1003,991,-1,939,937,1004,-1,939,1004,995,-1,995,1004,1005,-1,995,1005,997,-1,997,1005,1006,-1,997,1006,999,-1,999,1006,1007,-1,999,1007,1001,-1,1001,1007,1008,-1,1001,1008,1003,-1,1003,1008,992,-1,1003,992,991,-1,993,992,1009,-1,1009,992,1008,-1,1009,1008,1010,-1,1010,1008,1007,-1,1010,1007,1011,-1,1011,1007,1006,-1,1011,1006,1012,-1,1012,1006,1005,-1,1012,1005,1013,-1,1013,1005,1004,-1,1013,1004,949,-1,949,1004,937,-1,990,993,1002,-1,1002,993,1009,-1,1002,1009,1000,-1,1000,1009,1010,-1,1000,1010,998,-1,998,1010,1011,-1,998,1011,996,-1,996,1011,1012,-1,996,1012,994,-1,994,1012,1013,-1,994,1013,941,-1,941,1013,949,-1,1014,1015,1016,-1,1016,1015,1017,-1,1018,1016,1017,-1,1017,1019,1018,-1,1018,1019,1020,-1,1018,1020,1021,-1,1021,1020,1022,-1,1021,1022,1023,-1,1024,1025,1023,-1,1023,1025,1026,-1,1023,1026,1021,-1,1015,1014,1027,-1,1027,1014,1028,-1,1027,1028,1029,-1,1029,1028,1030,-1,1029,1030,1031,-1,1032,1033,1034,-1,1031,1030,1034,-1,1034,1030,1035,-1,1034,1035,1032,-1,1020,1019,1029,-1,1029,1019,1027,-1,1036,1037,1038,-1,1038,1037,1039,-1,1039,1040,1038,-1,1038,1040,1041,-1,1038,1041,1036,-1,1036,1041,1042,-1,1036,1042,1037,-1,1037,1042,1043,-1,1039,1037,1040,-1,1040,1037,1043,-1,1041,1040,1044,-1,1044,1040,1045,-1,1044,1045,1046,-1,1046,1045,1047,-1,1046,1047,1048,-1,1048,1047,1049,-1,1048,1049,1050,-1,1050,1049,1051,-1,1050,1051,1052,-1,1052,1051,1053,-1,1052,1053,1054,-1,1054,1053,1055,-1,1042,1041,1056,-1,1056,1041,1044,-1,1056,1044,1057,-1,1057,1044,1046,-1,1057,1046,1058,-1,1058,1046,1048,-1,1058,1048,1059,-1,1059,1048,1050,-1,1059,1050,1060,-1,1060,1050,1052,-1,1060,1052,1061,-1,1061,1052,1054,-1,1061,1062,1060,-1,1060,1062,1063,-1,1060,1063,1059,-1,1059,1063,1064,-1,1059,1064,1058,-1,1058,1064,1065,-1,1058,1065,1057,-1,1057,1065,1066,-1,1057,1066,1056,-1,1056,1066,1067,-1,1056,1067,1042,-1,1042,1067,1043,-1,1062,1055,1053,-1,1062,1053,1063,-1,1063,1053,1051,-1,1063,1051,1064,-1,1064,1051,1049,-1,1064,1049,1065,-1,1065,1049,1047,-1,1065,1047,1066,-1,1066,1047,1045,-1,1066,1045,1067,-1,1067,1045,1040,-1,1067,1040,1043,-1,1055,1068,1054,-1,1054,1068,1069,-1,1054,1069,1061,-1,1061,1069,1070,-1,1061,1070,1062,-1,1062,1070,1071,-1,1055,1062,1068,-1,1068,1062,1071,-1,1019,1017,1072,-1,1072,1017,1073,-1,1072,1073,1074,-1,1074,1073,1075,-1,1074,1075,1076,-1,1076,1075,1077,-1,1076,1077,1078,-1,1078,1077,1079,-1,1078,1079,1080,-1,1080,1079,1081,-1,1080,1081,1068,-1,1068,1081,1069,-1,1017,1015,1082,-1,1017,1082,1073,-1,1073,1082,1083,-1,1073,1083,1075,-1,1075,1083,1084,-1,1075,1084,1077,-1,1077,1084,1085,-1,1077,1085,1079,-1,1079,1085,1086,-1,1079,1086,1081,-1,1081,1086,1070,-1,1081,1070,1069,-1,1071,1070,1087,-1,1087,1070,1086,-1,1087,1086,1088,-1,1088,1086,1085,-1,1088,1085,1089,-1,1089,1085,1084,-1,1089,1084,1090,-1,1090,1084,1083,-1,1090,1083,1091,-1,1091,1083,1082,-1,1091,1082,1027,-1,1027,1082,1015,-1,1068,1071,1080,-1,1080,1071,1087,-1,1080,1087,1078,-1,1078,1087,1088,-1,1078,1088,1076,-1,1076,1088,1089,-1,1076,1089,1074,-1,1074,1089,1090,-1,1074,1090,1072,-1,1072,1090,1091,-1,1072,1091,1019,-1,1019,1091,1027,-1,1092,1093,1094,-1,1094,1093,1095,-1,1096,1094,1095,-1,1095,1097,1096,-1,1096,1097,1098,-1,1096,1098,1099,-1,1099,1098,1100,-1,1099,1100,1101,-1,1102,1103,1101,-1,1101,1103,1104,-1,1101,1104,1099,-1,1093,1092,1105,-1,1105,1092,1106,-1,1105,1106,1107,-1,1107,1106,1108,-1,1107,1108,1109,-1,1110,1111,1112,-1,1109,1108,1112,-1,1112,1108,1113,-1,1112,1113,1110,-1,1098,1097,1107,-1,1107,1097,1105,-1,1114,1115,1116,-1,1116,1115,1117,-1,1117,1118,1116,-1,1116,1118,1119,-1,1116,1119,1114,-1,1114,1119,1120,-1,1114,1120,1115,-1,1115,1120,1121,-1,1117,1115,1118,-1,1118,1115,1121,-1,1119,1118,1122,-1,1122,1118,1123,-1,1122,1123,1124,-1,1124,1123,1125,-1,1124,1125,1126,-1,1126,1125,1127,-1,1126,1127,1128,-1,1128,1127,1129,-1,1128,1129,1130,-1,1130,1129,1131,-1,1130,1131,1132,-1,1132,1131,1133,-1,1120,1119,1134,-1,1134,1119,1122,-1,1134,1122,1135,-1,1135,1122,1124,-1,1135,1124,1136,-1,1136,1124,1126,-1,1136,1126,1137,-1,1137,1126,1128,-1,1137,1128,1138,-1,1138,1128,1130,-1,1138,1130,1139,-1,1139,1130,1132,-1,1139,1140,1138,-1,1138,1140,1141,-1,1138,1141,1137,-1,1137,1141,1142,-1,1137,1142,1136,-1,1136,1142,1143,-1,1136,1143,1135,-1,1135,1143,1144,-1,1135,1144,1134,-1,1134,1144,1145,-1,1134,1145,1120,-1,1120,1145,1121,-1,1140,1133,1131,-1,1140,1131,1141,-1,1141,1131,1129,-1,1141,1129,1142,-1,1142,1129,1127,-1,1142,1127,1143,-1,1143,1127,1125,-1,1143,1125,1144,-1,1144,1125,1123,-1,1144,1123,1145,-1,1145,1123,1118,-1,1145,1118,1121,-1,1133,1146,1132,-1,1132,1146,1147,-1,1132,1147,1139,-1,1139,1147,1148,-1,1139,1148,1140,-1,1140,1148,1149,-1,1133,1140,1146,-1,1146,1140,1149,-1,1097,1095,1150,-1,1150,1095,1151,-1,1150,1151,1152,-1,1152,1151,1153,-1,1152,1153,1154,-1,1154,1153,1155,-1,1154,1155,1156,-1,1156,1155,1157,-1,1156,1157,1158,-1,1158,1157,1159,-1,1158,1159,1146,-1,1146,1159,1147,-1,1095,1093,1160,-1,1095,1160,1151,-1,1151,1160,1161,-1,1151,1161,1153,-1,1153,1161,1162,-1,1153,1162,1155,-1,1155,1162,1163,-1,1155,1163,1157,-1,1157,1163,1164,-1,1157,1164,1159,-1,1159,1164,1148,-1,1159,1148,1147,-1,1149,1148,1165,-1,1165,1148,1164,-1,1165,1164,1166,-1,1166,1164,1163,-1,1166,1163,1167,-1,1167,1163,1162,-1,1167,1162,1168,-1,1168,1162,1161,-1,1168,1161,1169,-1,1169,1161,1160,-1,1169,1160,1105,-1,1105,1160,1093,-1,1146,1149,1158,-1,1158,1149,1165,-1,1158,1165,1156,-1,1156,1165,1166,-1,1156,1166,1154,-1,1154,1166,1167,-1,1154,1167,1152,-1,1152,1167,1168,-1,1152,1168,1150,-1,1150,1168,1169,-1,1150,1169,1097,-1,1097,1169,1105,-1,1170,1171,1172,-1,1172,1171,1173,-1,1174,1172,1173,-1,1173,1175,1174,-1,1174,1175,1176,-1,1174,1176,1177,-1,1177,1176,1178,-1,1177,1178,1179,-1,1180,1181,1179,-1,1179,1181,1182,-1,1179,1182,1177,-1,1171,1170,1183,-1,1183,1170,1184,-1,1183,1184,1185,-1,1185,1184,1186,-1,1185,1186,1187,-1,1188,1189,1190,-1,1187,1186,1190,-1,1190,1186,1191,-1,1190,1191,1188,-1,1176,1175,1185,-1,1185,1175,1183,-1,1192,1193,1194,-1,1194,1193,1195,-1,1195,1196,1194,-1,1194,1196,1197,-1,1194,1197,1192,-1,1192,1197,1198,-1,1192,1198,1193,-1,1193,1198,1199,-1,1195,1193,1196,-1,1196,1193,1199,-1,1197,1196,1200,-1,1200,1196,1201,-1,1200,1201,1202,-1,1202,1201,1203,-1,1202,1203,1204,-1,1204,1203,1205,-1,1204,1205,1206,-1,1206,1205,1207,-1,1206,1207,1208,-1,1208,1207,1209,-1,1208,1209,1210,-1,1210,1209,1211,-1,1198,1197,1212,-1,1212,1197,1200,-1,1212,1200,1213,-1,1213,1200,1202,-1,1213,1202,1214,-1,1214,1202,1204,-1,1214,1204,1215,-1,1215,1204,1206,-1,1215,1206,1216,-1,1216,1206,1208,-1,1216,1208,1217,-1,1217,1208,1210,-1,1217,1218,1216,-1,1216,1218,1219,-1,1216,1219,1215,-1,1215,1219,1220,-1,1215,1220,1214,-1,1214,1220,1221,-1,1214,1221,1213,-1,1213,1221,1222,-1,1213,1222,1212,-1,1212,1222,1223,-1,1212,1223,1198,-1,1198,1223,1199,-1,1218,1211,1209,-1,1218,1209,1219,-1,1219,1209,1207,-1,1219,1207,1220,-1,1220,1207,1205,-1,1220,1205,1221,-1,1221,1205,1203,-1,1221,1203,1222,-1,1222,1203,1201,-1,1222,1201,1223,-1,1223,1201,1196,-1,1223,1196,1199,-1,1211,1224,1210,-1,1210,1224,1225,-1,1210,1225,1217,-1,1217,1225,1226,-1,1217,1226,1218,-1,1218,1226,1227,-1,1211,1218,1224,-1,1224,1218,1227,-1,1175,1173,1228,-1,1228,1173,1229,-1,1228,1229,1230,-1,1230,1229,1231,-1,1230,1231,1232,-1,1232,1231,1233,-1,1232,1233,1234,-1,1234,1233,1235,-1,1234,1235,1236,-1,1236,1235,1237,-1,1236,1237,1224,-1,1224,1237,1225,-1,1173,1171,1238,-1,1173,1238,1229,-1,1229,1238,1239,-1,1229,1239,1231,-1,1231,1239,1240,-1,1231,1240,1233,-1,1233,1240,1241,-1,1233,1241,1235,-1,1235,1241,1242,-1,1235,1242,1237,-1,1237,1242,1226,-1,1237,1226,1225,-1,1227,1226,1243,-1,1243,1226,1242,-1,1243,1242,1244,-1,1244,1242,1241,-1,1244,1241,1245,-1,1245,1241,1240,-1,1245,1240,1246,-1,1246,1240,1239,-1,1246,1239,1247,-1,1247,1239,1238,-1,1247,1238,1183,-1,1183,1238,1171,-1,1224,1227,1236,-1,1236,1227,1243,-1,1236,1243,1234,-1,1234,1243,1244,-1,1234,1244,1232,-1,1232,1244,1245,-1,1232,1245,1230,-1,1230,1245,1246,-1,1230,1246,1228,-1,1228,1246,1247,-1,1228,1247,1175,-1,1175,1247,1183,-1]}}