#VRML V2.0 utf8
# generated by schgen part add
Shape{appearance Appearance{material Material{diffuseColor 0.6470588235294118 0.6196078431372549 0.5882352941176471 transparency 0.0}}geometry IndexedFaceSet{ccw TRUE solid FALSE coord Coordinate{point [-3.878 0.7579 0.6614, -3.878 0.7579 0.7874, -3.7992 0.7579 0.6614, -3.7992 0.7579 0.7874, -3.878 0.7382 0.6614, -3.7992 0.7382 0.6614, -3.878 0.7382 0.5906, -3.7992 0.7382 0.5906, -3.878 0.7579 0.5906, -3.7992 0.7579 0.5906, -3.878 0.7579 0.5315, -3.7992 0.7579 0.5315, -3.878 0.7382 0.5315, -3.7992 0.7382 0.5315, -3.878 0.7382 0.4134, -3.7992 0.7382 0.4134, -3.878 0.7579 0.4134, -3.7992 0.7579 0.4134, -3.878 0.7579 0.3543, -3.7992 0.7579 0.3543, -3.878 0.7382 0.3543, -3.7992 0.7382 0.3543, -3.878 0.7382 0.2108, -3.7992 0.7382 0.2108, -3.878 0.8169 0.1181, -3.7992 0.8169 0.1181, -3.878 1.1043 0.1181, -3.7992 1.1043 0.1181, -3.7992 1.1115 0.1172, -3.878 1.1115 0.1172, -3.7992 1.1181 0.1144, -3.878 1.1181 0.1144, -3.7992 1.1238 0.11, -3.878 1.1238 0.11, -3.7992 1.1282 0.1043, -3.878 1.1282 0.1043, -3.7992 1.131 0.0977, -3.878 1.131 0.0977, -3.7992 1.1319 0.0906, -3.878 1.1319 0.0906, -3.878 1.1319 0.0276, -3.7992 1.1319 0.0276, -3.7992 1.131 0.0204, -3.878 1.131 0.0204, -3.7992 1.1282 0.0138, -3.878 1.1282 0.0138, -3.7992 1.1238 0.0081, -3.878 1.1238 0.0081, -3.7992 1.1181 0.0037, -3.878 1.1181 0.0037, -3.7992 1.1115 0.0009, -3.878 1.1115 0.0009, -3.7992 1.1043 0.0, -3.878 1.1043 0.0, -3.878 0.935 0.0, -3.7992 0.935 0.0, -3.878 0.915 0.0236, -3.7992 0.915 0.0236, -3.878 0.7579 0.0236, -3.7992 0.7579 0.0236, -3.878 0.7579 0.1181, -3.7992 0.7579 0.1181, -3.878 0.4429 0.1181, -3.7992 0.4429 0.1181, -3.878 -0.2533 0.2139, -3.7992 -0.2533 0.2139, -3.878 -0.3084 0.2021, -3.7992 -0.3084 0.2021, -3.7992 -0.3185 0.2012, -3.878 -0.3185 0.2012, -3.7992 -0.3284 0.203, -3.878 -0.3284 0.203, -3.7992 -0.3376 0.2072, -3.878 -0.3376 0.2072, -3.7992 -0.3454 0.2136, -3.878 -0.3454 0.2136, -3.7992 -0.3513 0.2218, -3.878 -0.3513 0.2218, -3.7992 -0.3549 0.2312, -3.878 -0.3549 0.2312, -3.7992 -0.356 0.2412, -3.878 -0.356 0.2412, -3.7992 -0.3546 0.2512, -3.878 -0.3546 0.2512, -3.7992 -0.3506 0.2605, -3.878 -0.3506 0.2605, -3.7992 -0.3444 0.2685, -3.878 -0.3444 0.2685, -3.7992 -0.3364 0.2746, -3.878 -0.3364 0.2746, -3.878 -0.2461 0.3268, -3.7992 -0.2461 0.3268, -3.878 -0.2461 0.2677, -3.7992 -0.2461 0.2677, -3.878 -0.2454 0.2626, -3.7992 -0.2454 0.2626, -3.878 -0.2434 0.2579, -3.7992 -0.2434 0.2579, -3.878 -0.2403 0.2538, -3.7992 -0.2403 0.2538, -3.878 -0.2362 0.2507, -3.7992 -0.2362 0.2507, -3.878 -0.2315 0.2487, -3.7992 -0.2315 0.2487, -3.878 -0.2264 0.248, -3.7992 -0.2264 0.248, -3.878 0.3839 0.248, -3.7992 0.3839 0.248, -3.878 0.4189 0.252, -3.7992 0.4189 0.252, -3.878 0.4522 0.2636, -3.7992 0.4522 0.2636, -3.878 0.482 0.2824, -3.7992 0.482 0.2824, -3.878 0.507 0.3073, -3.7992 0.507 0.3073, -3.878 0.5257 0.3372, -3.7992 0.5257 0.3372, -3.878 0.5374 0.3705, -3.7992 0.5374 0.3705, -3.878 0.5413 0.4055, -3.7992 0.5413 0.4055, -3.878 0.5413 0.4843, -3.7992 0.5413 0.4843, -3.878 0.5387 0.5046, -3.7992 0.5387 0.5046, -3.878 0.5308 0.5236, -3.7992 0.5308 0.5236, -3.878 0.5183 0.5399, -3.7992 0.5183 0.5399, -3.878 0.502 0.5524, -3.7992 0.502 0.5524, -3.878 0.483 0.5603, -3.7992 0.483 0.5603, -3.878 0.4626 0.563, -3.7992 0.4626 0.563, -3.878 -0.187 0.563, -3.7992 -0.187 0.563, -3.7992 -0.1997 0.5647, -3.878 -0.1997 0.5647, -3.7992 -0.2116 0.5696, -3.878 -0.2116 0.5696, -3.7992 -0.2218 0.5774, -3.878 -0.2218 0.5774, -3.7992 -0.2296 0.5876, -3.878 -0.2296 0.5876, -3.7992 -0.2345 0.5995, -3.878 -0.2345 0.5995, -3.7992 -0.2362 0.6122, -3.878 -0.2362 0.6122, -3.7992 -0.2345 0.6249, -3.878 -0.2345 0.6249, -3.7992 -0.2296 0.6368, -3.878 -0.2296 0.6368, -3.7992 -0.2218 0.647, -3.878 -0.2218 0.647, -3.7992 -0.2116 0.6548, -3.878 -0.2116 0.6548, -3.7992 -0.1997 0.6597, -3.878 -0.1997 0.6597, -3.7992 -0.187 0.6614, -3.878 -0.187 0.6614, -3.878 0.6594 0.6614, -3.7992 0.6594 0.6614, -3.878 0.6594 0.7874, -3.7992 0.6594 0.7874, -3.6811 0.7579 0.6614, -3.6811 0.7579 0.7874, -3.6024 0.7579 0.6614, -3.6024 0.7579 0.7874, -3.6811 0.7382 0.6614, -3.6024 0.7382 0.6614, -3.6811 0.7382 0.5906, -3.6024 0.7382 0.5906, -3.6811 0.7579 0.5906, -3.6024 0.7579 0.5906, -3.6811 0.7579 0.5315, -3.6024 0.7579 0.5315, -3.6811 0.7382 0.5315, -3.6024 0.7382 0.5315, -3.6811 0.7382 0.4134, -3.6024 0.7382 0.4134, -3.6811 0.7579 0.4134, -3.6024 0.7579 0.4134, -3.6811 0.7579 0.3543, -3.6024 0.7579 0.3543, -3.6811 0.7382 0.3543, -3.6024 0.7382 0.3543, -3.6811 0.7382 0.2108, -3.6024 0.7382 0.2108, -3.6811 0.8169 0.1181, -3.6024 0.8169 0.1181, -3.6811 1.1043 0.1181, -3.6024 1.1043 0.1181, -3.6024 1.1115 0.1172, -3.6811 1.1115 0.1172, -3.6024 1.1181 0.1144, -3.6811 1.1181 0.1144, -3.6024 1.1238 0.11, -3.6811 1.1238 0.11, -3.6024 1.1282 0.1043, -3.6811 1.1282 0.1043, -3.6024 1.131 0.0977, -3.6811 1.131 0.0977, -3.6024 1.1319 0.0906, -3.6811 1.1319 0.0906, -3.6811 1.1319 0.0276, -3.6024 1.1319 0.0276, -3.6024 1.131 0.0204, -3.6811 1.131 0.0204, -3.6024 1.1282 0.0138, -3.6811 1.1282 0.0138, -3.6024 1.1238 0.0081, -3.6811 1.1238 0.0081, -3.6024 1.1181 0.0037, -3.6811 1.1181 0.0037, -3.6024 1.1115 0.0009, -3.6811 1.1115 0.0009, -3.6024 1.1043 0.0, -3.6811 1.1043 0.0, -3.6811 0.935 0.0, -3.6024 0.935 0.0, -3.6811 0.915 0.0236, -3.6024 0.915 0.0236, -3.6811 0.7579 0.0236, -3.6024 0.7579 0.0236, -3.6811 0.7579 0.1181, -3.6024 0.7579 0.1181, -3.6811 0.4429 0.1181, -3.6024 0.4429 0.1181, -3.6811 -0.2533 0.2139, -3.6024 -0.2533 0.2139, -3.6811 -0.3084 0.2021, -3.6024 -0.3084 0.2021, -3.6024 -0.3185 0.2012, -3.6811 -0.3185 0.2012, -3.6024 -0.3284 0.203, -3.6811 -0.3284 0.203, -3.6024 -0.3376 0.2072, -3.6811 -0.3376 0.2072, -3.6024 -0.3454 0.2136, -3.6811 -0.3454 0.2136, -3.6024 -0.3513 0.2218, -3.6811 -0.3513 0.2218, -3.6024 -0.3549 0.2312, -3.6811 -0.3549 0.2312, -3.6024 -0.356 0.2412, -3.6811 -0.356 0.2412, -3.6024 -0.3546 0.2512, -3.6811 -0.3546 0.2512, -3.6024 -0.3506 0.2605, -3.6811 -0.3506 0.2605, -3.6024 -0.3444 0.2685, -3.6811 -0.3444 0.2685, -3.6024 -0.3364 0.2746, -3.6811 -0.3364 0.2746, -3.6811 -0.2461 0.3268, -3.6024 -0.2461 0.3268, -3.6811 -0.2461 0.2677, -3.6024 -0.2461 0.2677, -3.6811 -0.2454 0.2626, -3.6024 -0.2454 0.2626, -3.6811 -0.2434 0.2579, -3.6024 -0.2434 0.2579, -3.6811 -0.2403 0.2538, -3.6024 -0.2403 0.2538, -3.6811 -0.2362 0.2507, -3.6024 -0.2362 0.2507, -3.6811 -0.2315 0.2487, -3.6024 -0.2315 0.2487, -3.6811 -0.2264 0.248, -3.6024 -0.2264 0.248, -3.6811 0.3839 0.248, -3.6024 0.3839 0.248, -3.6811 0.4189 0.252, -3.6024 0.4189 0.252, -3.6811 0.4522 0.2636, -3.6024 0.4522 0.2636, -3.6811 0.482 0.2824, -3.6024 0.482 0.2824, -3.6811 0.507 0.3073, -3.6024 0.507 0.3073, -3.6811 0.5257 0.3372, -3.6024 0.5257 0.3372, -3.6811 0.5374 0.3705, -3.6024 0.5374 0.3705, -3.6811 0.5413 0.4055, -3.6024 0.5413 0.4055, -3.6811 0.5413 0.4843, -3.6024 0.5413 0.4843, -3.6811 0.5387 0.5046, -3.6024 0.5387 0.5046, -3.6811 0.5308 0.5236, -3.6024 0.5308 0.5236, -3.6811 0.5183 0.5399, -3.6024 0.5183 0.5399, -3.6811 0.502 0.5524, -3.6024 0.502 0.5524, -3.6811 0.483 0.5603, -3.6024 0.483 0.5603, -3.6811 0.4626 0.563, -3.6024 0.4626 0.563, -3.6811 -0.187 0.563, -3.6024 -0.187 0.563, -3.6024 -0.1997 0.5647, -3.6811 -0.1997 0.5647, -3.6024 -0.2116 0.5696, -3.6811 -0.2116 0.5696, -3.6024 -0.2218 0.5774, -3.6811 -0.2218 0.5774, -3.6024 -0.2296 0.5876, -3.6811 -0.2296 0.5876, -3.6024 -0.2345 0.5995, -3.6811 -0.2345 0.5995, -3.6024 -0.2362 0.6122, -3.6811 -0.2362 0.6122, -3.6024 -0.2345 0.6249, -3.6811 -0.2345 0.6249, -3.6024 -0.2296 0.6368, -3.6811 -0.2296 0.6368, -3.6024 -0.2218 0.647, -3.6811 -0.2218 0.647, -3.6024 -0.2116 0.6548, -3.6811 -0.2116 0.6548, -3.6024 -0.1997 0.6597, -3.6811 -0.1997 0.6597, -3.6024 -0.187 0.6614, -3.6811 -0.187 0.6614, -3.6811 0.6594 0.6614, -3.6024 0.6594 0.6614, -3.6811 0.6594 0.7874, -3.6024 0.6594 0.7874, -3.4843 0.7579 0.6614, -3.4843 0.7579 0.7874, -3.4055 0.7579 0.6614, -3.4055 0.7579 0.7874, -3.4843 0.7382 0.6614, -3.4055 0.7382 0.6614, -3.4843 0.7382 0.5906, -3.4055 0.7382 0.5906, -3.4843 0.7579 0.5906, -3.4055 0.7579 0.5906, -3.4843 0.7579 0.5315, -3.4055 0.7579 0.5315, -3.4843 0.7382 0.5315, -3.4055 0.7382 0.5315, -3.4843 0.7382 0.4134, -3.4055 0.7382 0.4134, -3.4843 0.7579 0.4134, -3.4055 0.7579 0.4134, -3.4843 0.7579 0.3543, -3.4055 0.7579 0.3543, -3.4843 0.7382 0.3543, -3.4055 0.7382 0.3543, -3.4843 0.7382 0.2108, -3.4055 0.7382 0.2108, -3.4843 0.8169 0.1181, -3.4055 0.8169 0.1181, -3.4843 1.1043 0.1181, -3.4055 1.1043 0.1181, -3.4055 1.1115 0.1172, -3.4843 1.1115 0.1172, -3.4055 1.1181 0.1144, -3.4843 1.1181 0.1144, -3.4055 1.1238 0.11, -3.4843 1.1238 0.11, -3.4055 1.1282 0.1043, -3.4843 1.1282 0.1043, -3.4055 1.131 0.0977, -3.4843 1.131 0.0977, -3.4055 1.1319 0.0906, -3.4843 1.1319 0.0906, -3.4843 1.1319 0.0276, -3.4055 1.1319 0.0276, -3.4055 1.131 0.0204, -3.4843 1.131 0.0204, -3.4055 1.1282 0.0138, -3.4843 1.1282 0.0138, -3.4055 1.1238 0.0081, -3.4843 1.1238 0.0081, -3.4055 1.1181 0.0037, -3.4843 1.1181 0.0037, -3.4055 1.1115 0.0009, -3.4843 1.1115 0.0009, -3.4055 1.1043 0.0, -3.4843 1.1043 0.0, -3.4843 0.935 0.0, -3.4055 0.935 0.0, -3.4843 0.915 0.0236, -3.4055 0.915 0.0236, -3.4843 0.7579 0.0236, -3.4055 0.7579 0.0236, -3.4843 0.7579 0.1181, -3.4055 0.7579 0.1181, -3.4843 0.4429 0.1181, -3.4055 0.4429 0.1181, -3.4843 -0.2533 0.2139, -3.4055 -0.2533 0.2139, -3.4843 -0.3084 0.2021, -3.4055 -0.3084 0.2021, -3.4055 -0.3185 0.2012, -3.4843 -0.3185 0.2012, -3.4055 -0.3284 0.203, -3.4843 -0.3284 0.203, -3.4055 -0.3376 0.2072, -3.4843 -0.3376 0.2072, -3.4055 -0.3454 0.2136, -3.4843 -0.3454 0.2136, -3.4055 -0.3513 0.2218, -3.4843 -0.3513 0.2218, -3.4055 -0.3549 0.2312, -3.4843 -0.3549 0.2312, -3.4055 -0.356 0.2412, -3.4843 -0.356 0.2412, -3.4055 -0.3546 0.2512, -3.4843 -0.3546 0.2512, -3.4055 -0.3506 0.2605, -3.4843 -0.3506 0.2605, -3.4055 -0.3444 0.2685, -3.4843 -0.3444 0.2685, -3.4055 -0.3364 0.2746, -3.4843 -0.3364 0.2746, -3.4843 -0.2461 0.3268, -3.4055 -0.2461 0.3268, -3.4843 -0.2461 0.2677, -3.4055 -0.2461 0.2677, -3.4843 -0.2454 0.2626, -3.4055 -0.2454 0.2626, -3.4843 -0.2434 0.2579, -3.4055 -0.2434 0.2579, -3.4843 -0.2403 0.2538, -3.4055 -0.2403 0.2538, -3.4843 -0.2362 0.2507, -3.4055 -0.2362 0.2507, -3.4843 -0.2315 0.2487, -3.4055 -0.2315 0.2487, -3.4843 -0.2264 0.248, -3.4055 -0.2264 0.248, -3.4843 0.3839 0.248, -3.4055 0.3839 0.248, -3.4843 0.4189 0.252, -3.4055 0.4189 0.252, -3.4843 0.4522 0.2636, -3.4055 0.4522 0.2636, -3.4843 0.482 0.2824, -3.4055 0.482 0.2824, -3.4843 0.507 0.3073, -3.4055 0.507 0.3073, -3.4843 0.5257 0.3372, -3.4055 0.5257 0.3372, -3.4843 0.5374 0.3705, -3.4055 0.5374 0.3705, -3.4843 0.5413 0.4055, -3.4055 0.5413 0.4055, -3.4843 0.5413 0.4843, -3.4055 0.5413 0.4843, -3.4843 0.5387 0.5046, -3.4055 0.5387 0.5046, -3.4843 0.5308 0.5236, -3.4055 0.5308 0.5236, -3.4843 0.5183 0.5399, -3.4055 0.5183 0.5399, -3.4843 0.502 0.5524, -3.4055 0.502 0.5524, -3.4843 0.483 0.5603, -3.4055 0.483 0.5603, -3.4843 0.4626 0.563, -3.4055 0.4626 0.563, -3.4843 -0.187 0.563, -3.4055 -0.187 0.563, -3.4055 -0.1997 0.5647, -3.4843 -0.1997 0.5647, -3.4055 -0.2116 0.5696, -3.4843 -0.2116 0.5696, -3.4055 -0.2218 0.5774, -3.4843 -0.2218 0.5774, -3.4055 -0.2296 0.5876, -3.4843 -0.2296 0.5876, -3.4055 -0.2345 0.5995, -3.4843 -0.2345 0.5995, -3.4055 -0.2362 0.6122, -3.4843 -0.2362 0.6122, -3.4055 -0.2345 0.6249, -3.4843 -0.2345 0.6249, -3.4055 -0.2296 0.6368, -3.4843 -0.2296 0.6368, -3.4055 -0.2218 0.647, -3.4843 -0.2218 0.647, -3.4055 -0.2116 0.6548, -3.4843 -0.2116 0.6548, -3.4055 -0.1997 0.6597, -3.4843 -0.1997 0.6597, -3.4055 -0.187 0.6614, -3.4843 -0.187 0.6614, -3.4843 0.6594 0.6614, -3.4055 0.6594 0.6614, -3.4843 0.6594 0.7874, -3.4055 0.6594 0.7874, -3.2874 0.7579 0.6614, -3.2874 0.7579 0.7874, -3.2087 0.7579 0.6614, -3.2087 0.7579 0.7874, -3.2874 0.7382 0.6614, -3.2087 0.7382 0.6614, -3.2874 0.7382 0.5906, -3.2087 0.7382 0.5906, -3.2874 0.7579 0.5906, -3.2087 0.7579 0.5906, -3.2874 0.7579 0.5315, -3.2087 0.7579 0.5315, -3.2874 0.7382 0.5315, -3.2087 0.7382 0.5315, -3.2874 0.7382 0.4134, -3.2087 0.7382 0.4134, -3.2874 0.7579 0.4134, -3.2087 0.7579 0.4134, -3.2874 0.7579 0.3543, -3.2087 0.7579 0.3543, -3.2874 0.7382 0.3543, -3.2087 0.7382 0.3543, -3.2874 0.7382 0.2108, -3.2087 0.7382 0.2108, -3.2874 0.8169 0.1181, -3.2087 0.8169 0.1181, -3.2874 1.1043 0.1181, -3.2087 1.1043 0.1181, -3.2087 1.1115 0.1172, -3.2874 1.1115 0.1172, -3.2087 1.1181 0.1144, -3.2874 1.1181 0.1144, -3.2087 1.1238 0.11, -3.2874 1.1238 0.11, -3.2087 1.1282 0.1043, -3.2874 1.1282 0.1043, -3.2087 1.131 0.0977, -3.2874 1.131 0.0977, -3.2087 1.1319 0.0906, -3.2874 1.1319 0.0906, -3.2874 1.1319 0.0276, -3.2087 1.1319 0.0276, -3.2087 1.131 0.0204, -3.2874 1.131 0.0204, -3.2087 1.1282 0.0138, -3.2874 1.1282 0.0138, -3.2087 1.1238 0.0081, -3.2874 1.1238 0.0081, -3.2087 1.1181 0.0037, -3.2874 1.1181 0.0037, -3.2087 1.1115 0.0009, -3.2874 1.1115 0.0009, -3.2087 1.1043 0.0, -3.2874 1.1043 0.0, -3.2874 0.935 0.0, -3.2087 0.935 0.0, -3.2874 0.915 0.0236, -3.2087 0.915 0.0236, -3.2874 0.7579 0.0236, -3.2087 0.7579 0.0236, -3.2874 0.7579 0.1181, -3.2087 0.7579 0.1181, -3.2874 0.4429 0.1181, -3.2087 0.4429 0.1181, -3.2874 -0.2533 0.2139, -3.2087 -0.2533 0.2139, -3.2874 -0.3084 0.2021, -3.2087 -0.3084 0.2021, -3.2087 -0.3185 0.2012, -3.2874 -0.3185 0.2012, -3.2087 -0.3284 0.203, -3.2874 -0.3284 0.203, -3.2087 -0.3376 0.2072, -3.2874 -0.3376 0.2072, -3.2087 -0.3454 0.2136, -3.2874 -0.3454 0.2136, -3.2087 -0.3513 0.2218, -3.2874 -0.3513 0.2218, -3.2087 -0.3549 0.2312, -3.2874 -0.3549 0.2312, -3.2087 -0.356 0.2412, -3.2874 -0.356 0.2412, -3.2087 -0.3546 0.2512, -3.2874 -0.3546 0.2512, -3.2087 -0.3506 0.2605, -3.2874 -0.3506 0.2605, -3.2087 -0.3444 0.2685, -3.2874 -0.3444 0.2685, -3.2087 -0.3364 0.2746, -3.2874 -0.3364 0.2746, -3.2874 -0.2461 0.3268, -3.2087 -0.2461 0.3268, -3.2874 -0.2461 0.2677, -3.2087 -0.2461 0.2677, -3.2874 -0.2454 0.2626, -3.2087 -0.2454 0.2626, -3.2874 -0.2434 0.2579, -3.2087 -0.2434 0.2579, -3.2874 -0.2403 0.2538, -3.2087 -0.2403 0.2538, -3.2874 -0.2362 0.2507, -3.2087 -0.2362 0.2507, -3.2874 -0.2315 0.2487, -3.2087 -0.2315 0.2487, -3.2874 -0.2264 0.248, -3.2087 -0.2264 0.248, -3.2874 0.3839 0.248, -3.2087 0.3839 0.248, -3.2874 0.4189 0.252, -3.2087 0.4189 0.252, -3.2874 0.4522 0.2636, -3.2087 0.4522 0.2636, -3.2874 0.482 0.2824, -3.2087 0.482 0.2824, -3.2874 0.507 0.3073, -3.2087 0.507 0.3073, -3.2874 0.5257 0.3372, -3.2087 0.5257 0.3372, -3.2874 0.5374 0.3705, -3.2087 0.5374 0.3705, -3.2874 0.5413 0.4055, -3.2087 0.5413 0.4055, -3.2874 0.5413 0.4843, -3.2087 0.5413 0.4843, -3.2874 0.5387 0.5046, -3.2087 0.5387 0.5046, -3.2874 0.5308 0.5236, -3.2087 0.5308 0.5236, -3.2874 0.5183 0.5399, -3.2087 0.5183 0.5399, -3.2874 0.502 0.5524, -3.2087 0.502 0.5524, -3.2874 0.483 0.5603, -3.2087 0.483 0.5603, -3.2874 0.4626 0.563, -3.2087 0.4626 0.563, -3.2874 -0.187 0.563, -3.2087 -0.187 0.563, -3.2087 -0.1997 0.5647, -3.2874 -0.1997 0.5647, -3.2087 -0.2116 0.5696, -3.2874 -0.2116 0.5696, -3.2087 -0.2218 0.5774, -3.2874 -0.2218 0.5774, -3.2087 -0.2296 0.5876, -3.2874 -0.2296 0.5876, -3.2087 -0.2345 0.5995, -3.2874 -0.2345 0.5995, -3.2087 -0.2362 0.6122, -3.2874 -0.2362 0.6122, -3.2087 -0.2345 0.6249, -3.2874 -0.2345 0.6249, -3.2087 -0.2296 0.6368, -3.2874 -0.2296 0.6368, -3.2087 -0.2218 0.647, -3.2874 -0.2218 0.647, -3.2087 -0.2116 0.6548, -3.2874 -0.2116 0.6548, -3.2087 -0.1997 0.6597, -3.2874 -0.1997 0.6597, -3.2087 -0.187 0.6614, -3.2874 -0.187 0.6614, -3.2874 0.6594 0.6614, -3.2087 0.6594 0.6614, -3.2874 0.6594 0.7874, -3.2087 0.6594 0.7874]} coordIndex [0,1,2,-1,2,1,3,-1,4,0,5,-1,5,0,2,-1,6,4,7,-1,7,4,5,-1,8,6,9,-1,9,6,7,-1,10,8,11,-1,11,8,9,-1,12,10,13,-1,13,10,11,-1,14,12,15,-1,15,12,13,-1,16,14,17,-1,17,14,15,-1,18,16,19,-1,19,16,17,-1,20,18,21,-1,21,18,19,-1,22,20,23,-1,23,20,21,-1,24,22,25,-1,25,22,23,-1,26,24,27,-1,27,24,25,-1,26,27,28,-1,26,28,29,-1,29,28,30,-1,29,30,31,-1,31,30,32,-1,31,32,33,-1,33,32,34,-1,33,34,35,-1,35,34,36,-1,35,36,37,-1,37,36,38,-1,37,38,39,-1,40,39,41,-1,41,39,38,-1,40,41,42,-1,40,42,43,-1,43,42,44,-1,43,44,45,-1,45,44,46,-1,45,46,47,-1,47,46,48,-1,47,48,49,-1,49,48,50,-1,49,50,51,-1,51,50,52,-1,51,52,53,-1,54,53,55,-1,55,53,52,-1,56,54,57,-1,57,54,55,-1,58,56,59,-1,59,56,57,-1,60,58,61,-1,61,58,59,-1,62,60,63,-1,63,60,61,-1,64,62,65,-1,65,62,63,-1,66,64,67,-1,67,64,65,-1,66,67,68,-1,66,68,69,-1,69,68,70,-1,69,70,71,-1,71,70,72,-1,71,72,73,-1,73,72,74,-1,73,74,75,-1,75,74,76,-1,75,76,77,-1,77,76,78,-1,77,78,79,-1,79,78,80,-1,79,80,81,-1,81,80,82,-1,81,82,83,-1,83,82,84,-1,83,84,85,-1,85,84,86,-1,85,86,87,-1,87,86,88,-1,87,88,89,-1,90,89,91,-1,91,89,88,-1,92,90,93,-1,93,90,91,-1,92,93,94,-1,94,93,95,-1,94,95,96,-1,96,95,97,-1,96,97,98,-1,98,97,99,-1,98,99,100,-1,100,99,101,-1,100,101,102,-1,102,101,103,-1,102,103,104,-1,104,103,105,-1,106,104,107,-1,107,104,105,-1,106,107,108,-1,108,107,109,-1,108,109,110,-1,110,109,111,-1,110,111,112,-1,112,111,113,-1,112,113,114,-1,114,113,115,-1,114,115,116,-1,116,115,117,-1,116,117,118,-1,118,117,119,-1,118,119,120,-1,120,119,121,-1,122,120,123,-1,123,120,121,-1,122,123,124,-1,124,123,125,-1,124,125,126,-1,126,125,127,-1,126,127,128,-1,128,127,129,-1,128,129,130,-1,130,129,131,-1,130,131,132,-1,132,131,133,-1,132,133,134,-1,134,133,135,-1,136,134,137,-1,137,134,135,-1,136,137,138,-1,136,138,139,-1,139,138,140,-1,139,140,141,-1,141,140,142,-1,141,142,143,-1,143,142,144,-1,143,144,145,-1,145,144,146,-1,145,146,147,-1,147,146,148,-1,147,148,149,-1,149,148,150,-1,149,150,151,-1,151,150,152,-1,151,152,153,-1,153,152,154,-1,153,154,155,-1,155,154,156,-1,155,156,157,-1,157,156,158,-1,157,158,159,-1,159,158,160,-1,159,160,161,-1,162,161,163,-1,163,161,160,-1,164,162,165,-1,165,162,163,-1,1,164,3,-1,3,164,165,-1,124,126,6,-1,1,0,164,-1,164,0,4,-1,164,4,162,-1,162,4,6,-1,8,10,6,-1,6,10,12,-1,14,16,18,-1,87,89,77,-1,56,58,60,-1,6,126,162,-1,162,126,128,-1,162,128,130,-1,118,120,6,-1,6,120,122,-1,6,122,124,-1,92,94,64,-1,71,89,69,-1,69,89,66,-1,130,132,162,-1,162,132,134,-1,162,134,161,-1,161,134,136,-1,66,89,64,-1,64,89,90,-1,64,90,92,-1,94,96,64,-1,64,96,98,-1,64,98,100,-1,60,29,56,-1,56,29,53,-1,56,53,54,-1,26,29,24,-1,24,29,60,-1,24,60,22,-1,22,60,62,-1,22,62,20,-1,100,102,64,-1,64,102,104,-1,64,104,62,-1,62,104,106,-1,62,106,108,-1,108,110,62,-1,62,110,112,-1,62,112,114,-1,71,73,89,-1,89,73,75,-1,89,75,77,-1,77,79,81,-1,81,83,77,-1,77,83,85,-1,77,85,87,-1,43,45,53,-1,143,145,141,-1,141,145,139,-1,149,151,136,-1,136,151,153,-1,136,153,155,-1,155,157,136,-1,136,157,159,-1,136,159,161,-1,18,20,14,-1,14,20,62,-1,14,62,12,-1,12,62,114,-1,12,114,6,-1,6,114,116,-1,6,116,118,-1,35,37,33,-1,33,37,31,-1,31,37,29,-1,29,37,39,-1,29,39,53,-1,53,39,40,-1,53,40,43,-1,139,145,136,-1,136,145,147,-1,136,147,149,-1,45,47,53,-1,53,47,49,-1,53,49,51,-1,103,101,65,-1,55,52,27,-1,72,70,88,-1,28,27,36,-1,36,27,38,-1,101,99,65,-1,65,99,97,-1,65,97,95,-1,135,133,163,-1,11,9,13,-1,13,9,7,-1,38,27,41,-1,41,27,52,-1,41,52,42,-1,86,84,76,-1,70,68,88,-1,88,68,67,-1,88,67,91,-1,91,67,65,-1,91,65,93,-1,93,65,95,-1,52,50,48,-1,86,76,88,-1,88,76,74,-1,88,74,72,-1,19,17,21,-1,21,17,15,-1,21,15,129,-1,129,15,163,-1,129,163,131,-1,131,163,133,-1,2,3,5,-1,5,3,165,-1,5,165,7,-1,7,165,163,-1,7,163,13,-1,13,163,15,-1,48,46,52,-1,52,46,44,-1,52,44,42,-1,34,32,36,-1,36,32,30,-1,36,30,28,-1,84,82,76,-1,76,82,80,-1,76,80,78,-1,129,127,21,-1,21,127,125,-1,21,125,123,-1,123,121,21,-1,21,121,119,-1,21,119,23,-1,119,117,23,-1,23,117,61,-1,23,61,25,-1,25,61,59,-1,25,59,27,-1,27,59,57,-1,27,57,55,-1,111,63,113,-1,113,63,61,-1,113,61,115,-1,115,61,117,-1,156,154,138,-1,138,154,152,-1,138,152,140,-1,135,163,137,-1,137,163,160,-1,137,160,138,-1,138,160,158,-1,138,158,156,-1,148,146,150,-1,150,146,144,-1,150,144,152,-1,152,144,142,-1,152,142,140,-1,111,109,63,-1,63,109,107,-1,63,107,65,-1,65,107,105,-1,65,105,103,-1,166,167,168,-1,168,167,169,-1,170,166,171,-1,171,166,168,-1,172,170,173,-1,173,170,171,-1,174,172,175,-1,175,172,173,-1,176,174,177,-1,177,174,175,-1,178,176,179,-1,179,176,177,-1,180,178,181,-1,181,178,179,-1,182,180,183,-1,183,180,181,-1,184,182,185,-1,185,182,183,-1,186,184,187,-1,187,184,185,-1,188,186,189,-1,189,186,187,-1,190,188,191,-1,191,188,189,-1,192,190,193,-1,193,190,191,-1,192,193,194,-1,192,194,195,-1,195,194,196,-1,195,196,197,-1,197,196,198,-1,197,198,199,-1,199,198,200,-1,199,200,201,-1,201,200,202,-1,201,202,203,-1,203,202,204,-1,203,204,205,-1,206,205,207,-1,207,205,204,-1,206,207,208,-1,206,208,209,-1,209,208,210,-1,209,210,211,-1,211,210,212,-1,211,212,213,-1,213,212,214,-1,213,214,215,-1,215,214,216,-1,215,216,217,-1,217,216,218,-1,217,218,219,-1,220,219,221,-1,221,219,218,-1,222,220,223,-1,223,220,221,-1,224,222,225,-1,225,222,223,-1,226,224,227,-1,227,224,225,-1,228,226,229,-1,229,226,227,-1,230,228,231,-1,231,228,229,-1,232,230,233,-1,233,230,231,-1,232,233,234,-1,232,234,235,-1,235,234,236,-1,235,236,237,-1,237,236,238,-1,237,238,239,-1,239,238,240,-1,239,240,241,-1,241,240,242,-1,241,242,243,-1,243,242,244,-1,243,244,245,-1,245,244,246,-1,245,246,247,-1,247,246,248,-1,247,248,249,-1,249,248,250,-1,249,250,251,-1,251,250,252,-1,251,252,253,-1,253,252,254,-1,253,254,255,-1,256,255,257,-1,257,255,254,-1,258,256,259,-1,259,256,257,-1,258,259,260,-1,260,259,261,-1,260,261,262,-1,262,261,263,-1,262,263,264,-1,264,263,265,-1,264,265,266,-1,266,265,267,-1,266,267,268,-1,268,267,269,-1,268,269,270,-1,270,269,271,-1,272,270,273,-1,273,270,271,-1,272,273,274,-1,274,273,275,-1,274,275,276,-1,276,275,277,-1,276,277,278,-1,278,277,279,-1,278,279,280,-1,280,279,281,-1,280,281,282,-1,282,281,283,-1,282,283,284,-1,284,283,285,-1,284,285,286,-1,286,285,287,-1,288,286,289,-1,289,286,287,-1,288,289,290,-1,290,289,291,-1,290,291,292,-1,292,291,293,-1,292,293,294,-1,294,293,295,-1,294,295,296,-1,296,295,297,-1,296,297,298,-1,298,297,299,-1,298,299,300,-1,300,299,301,-1,302,300,303,-1,303,300,301,-1,302,303,304,-1,302,304,305,-1,305,304,306,-1,305,306,307,-1,307,306,308,-1,307,308,309,-1,309,308,310,-1,309,310,311,-1,311,310,312,-1,311,312,313,-1,313,312,314,-1,313,314,315,-1,315,314,316,-1,315,316,317,-1,317,316,318,-1,317,318,319,-1,319,318,320,-1,319,320,321,-1,321,320,322,-1,321,322,323,-1,323,322,324,-1,323,324,325,-1,325,324,326,-1,325,326,327,-1,328,327,329,-1,329,327,326,-1,330,328,331,-1,331,328,329,-1,167,330,169,-1,169,330,331,-1,290,292,172,-1,167,166,330,-1,330,166,170,-1,330,170,328,-1,328,170,172,-1,174,176,172,-1,172,176,178,-1,180,182,184,-1,253,255,243,-1,222,224,226,-1,172,292,328,-1,328,292,294,-1,328,294,296,-1,284,286,172,-1,172,286,288,-1,172,288,290,-1,258,260,230,-1,237,255,235,-1,235,255,232,-1,296,298,328,-1,328,298,300,-1,328,300,327,-1,327,300,302,-1,232,255,230,-1,230,255,256,-1,230,256,258,-1,260,262,230,-1,230,262,264,-1,230,264,266,-1,226,195,222,-1,222,195,219,-1,222,219,220,-1,192,195,190,-1,190,195,226,-1,190,226,188,-1,188,226,228,-1,188,228,186,-1,266,268,230,-1,230,268,270,-1,230,270,228,-1,228,270,272,-1,228,272,274,-1,274,276,228,-1,228,276,278,-1,228,278,280,-1,237,239,255,-1,255,239,241,-1,255,241,243,-1,243,245,247,-1,247,249,243,-1,243,249,251,-1,243,251,253,-1,209,211,219,-1,309,311,307,-1,307,311,305,-1,315,317,302,-1,302,317,319,-1,302,319,321,-1,321,323,302,-1,302,323,325,-1,302,325,327,-1,184,186,180,-1,180,186,228,-1,180,228,178,-1,178,228,280,-1,178,280,172,-1,172,280,282,-1,172,282,284,-1,201,203,199,-1,199,203,197,-1,197,203,195,-1,195,203,205,-1,195,205,219,-1,219,205,206,-1,219,206,209,-1,305,311,302,-1,302,311,313,-1,302,313,315,-1,211,213,219,-1,219,213,215,-1,219,215,217,-1,269,267,231,-1,221,218,193,-1,238,236,254,-1,194,193,202,-1,202,193,204,-1,267,265,231,-1,231,265,263,-1,231,263,261,-1,301,299,329,-1,177,175,179,-1,179,175,173,-1,204,193,207,-1,207,193,218,-1,207,218,208,-1,252,250,242,-1,236,234,254,-1,254,234,233,-1,254,233,257,-1,257,233,231,-1,257,231,259,-1,259,231,261,-1,218,216,214,-1,252,242,254,-1,254,242,240,-1,254,240,238,-1,185,183,187,-1,187,183,181,-1,187,181,295,-1,295,181,329,-1,295,329,297,-1,297,329,299,-1,168,169,171,-1,171,169,331,-1,171,331,173,-1,173,331,329,-1,173,329,179,-1,179,329,181,-1,214,212,218,-1,218,212,210,-1,218,210,208,-1,200,198,202,-1,202,198,196,-1,202,196,194,-1,250,248,242,-1,242,248,246,-1,242,246,244,-1,295,293,187,-1,187,293,291,-1,187,291,289,-1,289,287,187,-1,187,287,285,-1,187,285,189,-1,285,283,189,-1,189,283,227,-1,189,227,191,-1,191,227,225,-1,191,225,193,-1,193,225,223,-1,193,223,221,-1,277,229,279,-1,279,229,227,-1,279,227,281,-1,281,227,283,-1,322,320,304,-1,304,320,318,-1,304,318,306,-1,301,329,303,-1,303,329,326,-1,303,326,304,-1,304,326,324,-1,304,324,322,-1,314,312,316,-1,316,312,310,-1,316,310,318,-1,318,310,308,-1,318,308,306,-1,277,275,229,-1,229,275,273,-1,229,273,231,-1,231,273,271,-1,231,271,269,-1,332,333,334,-1,334,333,335,-1,336,332,337,-1,337,332,334,-1,338,336,339,-1,339,336,337,-1,340,338,341,-1,341,338,339,-1,342,340,343,-1,343,340,341,-1,344,342,345,-1,345,342,343,-1,346,344,347,-1,347,344,345,-1,348,346,349,-1,349,346,347,-1,350,348,351,-1,351,348,349,-1,352,350,353,-1,353,350,351,-1,354,352,355,-1,355,352,353,-1,356,354,357,-1,357,354,355,-1,358,356,359,-1,359,356,357,-1,358,359,360,-1,358,360,361,-1,361,360,362,-1,361,362,363,-1,363,362,364,-1,363,364,365,-1,365,364,366,-1,365,366,367,-1,367,366,368,-1,367,368,369,-1,369,368,370,-1,369,370,371,-1,372,371,373,-1,373,371,370,-1,372,373,374,-1,372,374,375,-1,375,374,376,-1,375,376,377,-1,377,376,378,-1,377,378,379,-1,379,378,380,-1,379,380,381,-1,381,380,382,-1,381,382,383,-1,383,382,384,-1,383,384,385,-1,386,385,387,-1,387,385,384,-1,388,386,389,-1,389,386,387,-1,390,388,391,-1,391,388,389,-1,392,390,393,-1,393,390,391,-1,394,392,395,-1,395,392,393,-1,396,394,397,-1,397,394,395,-1,398,396,399,-1,399,396,397,-1,398,399,400,-1,398,400,401,-1,401,400,402,-1,401,402,403,-1,403,402,404,-1,403,404,405,-1,405,404,406,-1,405,406,407,-1,407,406,408,-1,407,408,409,-1,409,408,410,-1,409,410,411,-1,411,410,412,-1,411,412,413,-1,413,412,414,-1,413,414,415,-1,415,414,416,-1,415,416,417,-1,417,416,418,-1,417,418,419,-1,419,418,420,-1,419,420,421,-1,422,421,423,-1,423,421,420,-1,424,422,425,-1,425,422,423,-1,424,425,426,-1,426,425,427,-1,426,427,428,-1,428,427,429,-1,428,429,430,-1,430,429,431,-1,430,431,432,-1,432,431,433,-1,432,433,434,-1,434,433,435,-1,434,435,436,-1,436,435,437,-1,438,436,439,-1,439,436,437,-1,438,439,440,-1,440,439,441,-1,440,441,442,-1,442,441,443,-1,442,443,444,-1,444,443,445,-1,444,445,446,-1,446,445,447,-1,446,447,448,-1,448,447,449,-1,448,449,450,-1,450,449,451,-1,450,451,452,-1,452,451,453,-1,454,452,455,-1,455,452,453,-1,454,455,456,-1,456,455,457,-1,456,457,458,-1,458,457,459,-1,458,459,460,-1,460,459,461,-1,460,461,462,-1,462,461,463,-1,462,463,464,-1,464,463,465,-1,464,465,466,-1,466,465,467,-1,468,466,469,-1,469,466,467,-1,468,469,470,-1,468,470,471,-1,471,470,472,-1,471,472,473,-1,473,472,474,-1,473,474,475,-1,475,474,476,-1,475,476,477,-1,477,476,478,-1,477,478,479,-1,479,478,480,-1,479,480,481,-1,481,480,482,-1,481,482,483,-1,483,482,484,-1,483,484,485,-1,485,484,486,-1,485,486,487,-1,487,486,488,-1,487,488,489,-1,489,488,490,-1,489,490,491,-1,491,490,492,-1,491,492,493,-1,494,493,495,-1,495,493,492,-1,496,494,497,-1,497,494,495,-1,333,496,335,-1,335,496,497,-1,456,458,338,-1,333,332,496,-1,496,332,336,-1,496,336,494,-1,494,336,338,-1,340,342,338,-1,338,342,344,-1,346,348,350,-1,419,421,409,-1,388,390,392,-1,338,458,494,-1,494,458,460,-1,494,460,462,-1,450,452,338,-1,338,452,454,-1,338,454,456,-1,424,426,396,-1,403,421,401,-1,401,421,398,-1,462,464,494,-1,494,464,466,-1,494,466,493,-1,493,466,468,-1,398,421,396,-1,396,421,422,-1,396,422,424,-1,426,428,396,-1,396,428,430,-1,396,430,432,-1,392,361,388,-1,388,361,385,-1,388,385,386,-1,358,361,356,-1,356,361,392,-1,356,392,354,-1,354,392,394,-1,354,394,352,-1,432,434,396,-1,396,434,436,-1,396,436,394,-1,394,436,438,-1,394,438,440,-1,440,442,394,-1,394,442,444,-1,394,444,446,-1,403,405,421,-1,421,405,407,-1,421,407,409,-1,409,411,413,-1,413,415,409,-1,409,415,417,-1,409,417,419,-1,375,377,385,-1,475,477,473,-1,473,477,471,-1,481,483,468,-1,468,483,485,-1,468,485,487,-1,487,489,468,-1,468,489,491,-1,468,491,493,-1,350,352,346,-1,346,352,394,-1,346,394,344,-1,344,394,446,-1,344,446,338,-1,338,446,448,-1,338,448,450,-1,367,369,365,-1,365,369,363,-1,363,369,361,-1,361,369,371,-1,361,371,385,-1,385,371,372,-1,385,372,375,-1,471,477,468,-1,468,477,479,-1,468,479,481,-1,377,379,385,-1,385,379,381,-1,385,381,383,-1,435,433,397,-1,387,384,359,-1,404,402,420,-1,360,359,368,-1,368,359,370,-1,433,431,397,-1,397,431,429,-1,397,429,427,-1,467,465,495,-1,343,341,345,-1,345,341,339,-1,370,359,373,-1,373,359,384,-1,373,384,374,-1,418,416,408,-1,402,400,420,-1,420,400,399,-1,420,399,423,-1,423,399,397,-1,423,397,425,-1,425,397,427,-1,384,382,380,-1,418,408,420,-1,420,408,406,-1,420,406,404,-1,351,349,353,-1,353,349,347,-1,353,347,461,-1,461,347,495,-1,461,495,463,-1,463,495,465,-1,334,335,337,-1,337,335,497,-1,337,497,339,-1,339,497,495,-1,339,495,345,-1,345,495,347,-1,380,378,384,-1,384,378,376,-1,384,376,374,-1,366,364,368,-1,368,364,362,-1,368,362,360,-1,416,414,408,-1,408,414,412,-1,408,412,410,-1,461,459,353,-1,353,459,457,-1,353,457,455,-1,455,453,353,-1,353,453,451,-1,353,451,355,-1,451,449,355,-1,355,449,393,-1,355,393,357,-1,357,393,391,-1,357,391,359,-1,359,391,389,-1,359,389,387,-1,443,395,445,-1,445,395,393,-1,445,393,447,-1,447,393,449,-1,488,486,470,-1,470,486,484,-1,470,484,472,-1,467,495,469,-1,469,495,492,-1,469,492,470,-1,470,492,490,-1,470,490,488,-1,480,478,482,-1,482,478,476,-1,482,476,484,-1,484,476,474,-1,484,474,472,-1,443,441,395,-1,395,441,439,-1,395,439,397,-1,397,439,437,-1,397,437,435,-1,498,499,500,-1,500,499,501,-1,502,498,503,-1,503,498,500,-1,504,502,505,-1,505,502,503,-1,506,504,507,-1,507,504,505,-1,508,506,509,-1,509,506,507,-1,510,508,511,-1,511,508,509,-1,512,510,513,-1,513,510,511,-1,514,512,515,-1,515,512,513,-1,516,514,517,-1,517,514,515,-1,518,516,519,-1,519,516,517,-1,520,518,521,-1,521,518,519,-1,522,520,523,-1,523,520,521,-1,524,522,525,-1,525,522,523,-1,524,525,526,-1,524,526,527,-1,527,526,528,-1,527,528,529,-1,529,528,530,-1,529,530,531,-1,531,530,532,-1,531,532,533,-1,533,532,534,-1,533,534,535,-1,535,534,536,-1,535,536,537,-1,538,537,539,-1,539,537,536,-1,538,539,540,-1,538,540,541,-1,541,540,542,-1,541,542,543,-1,543,542,544,-1,543,544,545,-1,545,544,546,-1,545,546,547,-1,547,546,548,-1,547,548,549,-1,549,548,550,-1,549,550,551,-1,552,551,553,-1,553,551,550,-1,554,552,555,-1,555,552,553,-1,556,554,557,-1,557,554,555,-1,558,556,559,-1,559,556,557,-1,560,558,561,-1,561,558,559,-1,562,560,563,-1,563,560,561,-1,564,562,565,-1,565,562,563,-1,564,565,566,-1,564,566,567,-1,567,566,568,-1,567,568,569,-1,569,568,570,-1,569,570,571,-1,571,570,572,-1,571,572,573,-1,573,572,574,-1,573,574,575,-1,575,574,576,-1,575,576,577,-1,577,576,578,-1,577,578,579,-1,579,578,580,-1,579,580,581,-1,581,580,582,-1,581,582,583,-1,583,582,584,-1,583,584,585,-1,585,584,586,-1,585,586,587,-1,588,587,589,-1,589,587,586,-1,590,588,591,-1,591,588,589,-1,590,591,592,-1,592,591,593,-1,592,593,594,-1,594,593,595,-1,594,595,596,-1,596,595,597,-1,596,597,598,-1,598,597,599,-1,598,599,600,-1,600,599,601,-1,600,601,602,-1,602,601,603,-1,604,602,605,-1,605,602,603,-1,604,605,606,-1,606,605,607,-1,606,607,608,-1,608,607,609,-1,608,609,610,-1,610,609,611,-1,610,611,612,-1,612,611,613,-1,612,613,614,-1,614,613,615,-1,614,615,616,-1,616,615,617,-1,616,617,618,-1,618,617,619,-1,620,618,621,-1,621,618,619,-1,620,621,622,-1,622,621,623,-1,622,623,624,-1,624,623,625,-1,624,625,626,-1,626,625,627,-1,626,627,628,-1,628,627,629,-1,628,629,630,-1,630,629,631,-1,630,631,632,-1,632,631,633,-1,634,632,635,-1,635,632,633,-1,634,635,636,-1,634,636,637,-1,637,636,638,-1,637,638,639,-1,639,638,640,-1,639,640,641,-1,641,640,642,-1,641,642,643,-1,643,642,644,-1,643,644,645,-1,645,644,646,-1,645,646,647,-1,647,646,648,-1,647,648,649,-1,649,648,650,-1,649,650,651,-1,651,650,652,-1,651,652,653,-1,653,652,654,-1,653,654,655,-1,655,654,656,-1,655,656,657,-1,657,656,658,-1,657,658,659,-1,660,659,661,-1,661,659,658,-1,662,660,663,-1,663,660,661,-1,499,662,501,-1,501,662,663,-1,622,624,504,-1,499,498,662,-1,662,498,502,-1,662,502,660,-1,660,502,504,-1,506,508,504,-1,504,508,510,-1,512,514,516,-1,585,587,575,-1,554,556,558,-1,504,624,660,-1,660,624,626,-1,660,626,628,-1,616,618,504,-1,504,618,620,-1,504,620,622,-1,590,592,562,-1,569,587,567,-1,567,587,564,-1,628,630,660,-1,660,630,632,-1,660,632,659,-1,659,632,634,-1,564,587,562,-1,562,587,588,-1,562,588,590,-1,592,594,562,-1,562,594,596,-1,562,596,598,-1,558,527,554,-1,554,527,551,-1,554,551,552,-1,524,527,522,-1,522,527,558,-1,522,558,520,-1,520,558,560,-1,520,560,518,-1,598,600,562,-1,562,600,602,-1,562,602,560,-1,560,602,604,-1,560,604,606,-1,606,608,560,-1,560,608,610,-1,560,610,612,-1,569,571,587,-1,587,571,573,-1,587,573,575,-1,575,577,579,-1,579,581,575,-1,575,581,583,-1,575,583,585,-1,541,543,551,-1,641,643,639,-1,639,643,637,-1,647,649,634,-1,634,649,651,-1,634,651,653,-1,653,655,634,-1,634,655,657,-1,634,657,659,-1,516,518,512,-1,512,518,560,-1,512,560,510,-1,510,560,612,-1,510,612,504,-1,504,612,614,-1,504,614,616,-1,533,535,531,-1,531,535,529,-1,529,535,527,-1,527,535,537,-1,527,537,551,-1,551,537,538,-1,551,538,541,-1,637,643,634,-1,634,643,645,-1,634,645,647,-1,543,545,551,-1,551,545,547,-1,551,547,549,-1,601,599,563,-1,553,550,525,-1,570,568,586,-1,526,525,534,-1,534,525,536,-1,599,597,563,-1,563,597,595,-1,563,595,593,-1,633,631,661,-1,509,507,511,-1,511,507,505,-1,536,525,539,-1,539,525,550,-1,539,550,540,-1,584,582,574,-1,568,566,586,-1,586,566,565,-1,586,565,589,-1,589,565,563,-1,589,563,591,-1,591,563,593,-1,550,548,546,-1,584,574,586,-1,586,574,572,-1,586,572,570,-1,517,515,519,-1,519,515,513,-1,519,513,627,-1,627,513,661,-1,627,661,629,-1,629,661,631,-1,500,501,503,-1,503,501,663,-1,503,663,505,-1,505,663,661,-1,505,661,511,-1,511,661,513,-1,546,544,550,-1,550,544,542,-1,550,542,540,-1,532,530,534,-1,534,530,528,-1,534,528,526,-1,582,580,574,-1,574,580,578,-1,574,578,576,-1,627,625,519,-1,519,625,623,-1,519,623,621,-1,621,619,519,-1,519,619,617,-1,519,617,521,-1,617,615,521,-1,521,615,559,-1,521,559,523,-1,523,559,557,-1,523,557,525,-1,525,557,555,-1,525,555,553,-1,609,561,611,-1,611,561,559,-1,611,559,613,-1,613,559,615,-1,654,652,636,-1,636,652,650,-1,636,650,638,-1,633,661,635,-1,635,661,658,-1,635,658,636,-1,636,658,656,-1,636,656,654,-1,646,644,648,-1,648,644,642,-1,648,642,650,-1,650,642,640,-1,650,640,638,-1,609,607,561,-1,561,607,605,-1,561,605,563,-1,563,605,603,-1,563,603,601,-1]}}
Shape{appearance Appearance{material Material{diffuseColor 0.10980392156862745 0.10980392156862745 0.10980392156862745 transparency 0.0}}geometry IndexedFaceSet{ccw TRUE solid FALSE coord Coordinate{point [4.1339 -1.0531 0.0, 4.1339 -0.7382 0.0, 4.2126 -1.1319 0.0, 5.0 -0.7382 0.0, 5.0 -1.1319 0.0, 4.6732 -0.4232 0.5315, 4.4291 -0.4232 0.5315, 4.6732 -0.7382 0.5315, 4.4291 -0.7382 0.5315, 4.0354 -0.4232 0.5315, -4.0354 -0.4232 0.5315, 4.0354 -0.7382 0.5315, -4.0354 -0.7382 0.5315, 4.4291 -0.7382 0.2362, 4.4291 -0.6988 0.315, 4.6732 -0.7382 0.2362, 4.6732 -0.6988 0.315, 4.4291 0.0492 0.315, 4.6732 0.0492 0.315, 4.6732 0.0492 0.4724, 4.4291 0.0492 0.4724, -4.0354 0.0492 0.3937, -4.0354 0.0492 0.4724, 4.0354 0.0492 0.3937, 4.0354 0.0492 0.4724, 4.6732 -0.3642 0.4724, 4.4291 -0.3642 0.4724, 4.0354 -0.3642 0.4724, -4.0354 -0.3642 0.4724, -4.6732 -0.7382 0.5315, -4.4291 -0.7382 0.5315, -4.6732 -0.4232 0.5315, -4.4291 -0.4232 0.5315, 4.1339 -0.7382 0.3937, 5.0 -0.7382 0.689, 4.0354 -0.7382 0.3937, -4.0354 -0.7382 0.3937, -4.1339 -0.7382 0.3937, -4.4291 -0.7382 0.2362, -4.1339 -0.7382 0.0, -4.6732 -0.7382 0.2362, -5.0394 -0.7382 0.0, -5.0394 -0.7382 0.689, 5.0 -0.7776 0.7283, -5.0 -0.7776 0.7283, 5.0 -1.0925 0.7283, -5.0 -1.0925 0.7283, 4.2126 -1.1319 0.4724, -5.0 -1.1319 0.689, -5.0 -1.1319 0.0, -4.2126 -1.1319 0.0, -4.2126 -1.1319 0.4724, 5.0 -1.1319 0.689, -5.0394 -1.0925 0.0, -4.1339 -1.0531 0.0, -5.038 -1.1027 0.0, -5.0341 -1.1122 0.0, -5.0278 -1.1204 0.0, -5.0102 -1.1305 0.0, -5.0197 -1.1266 0.0, -4.4291 -0.6988 0.315, -4.6732 -0.6988 0.315, -4.4291 0.0492 0.315, -4.6732 0.0492 0.315, -4.6732 0.0492 0.4724, -4.4291 0.0492 0.4724, -4.6732 -0.3642 0.4724, -4.4291 -0.3642 0.4724, 5.0394 -0.7776 0.0394, 5.0394 -0.7776 0.689, 5.0394 -1.0925 0.0394, 5.0394 -1.0925 0.689, -5.0394 -1.0925 0.689, 4.1339 -1.0531 0.3937, -4.1339 -1.0531 0.3937, -5.0102 -1.1305 0.689, -5.0197 -1.1266 0.689, -5.0278 -1.1204 0.689, -5.0341 -1.1122 0.689, -5.038 -1.1027 0.689, -5.0 -1.1305 0.6992, -5.0098 -1.1293 0.6992, -5.0098 -1.1096 0.7231, -5.0051 -1.1013 0.727, -5.0072 -1.0997 0.727, -5.0102 -1.0925 0.727, -5.0098 -1.0952 0.727, -5.0026 -1.1024 0.727, -5.0051 -1.1115 0.7231, -5.0072 -1.1194 0.7168, -5.0 -1.1027 0.727, -5.0139 -1.1064 0.7231, -5.0088 -1.0976 0.727, -5.017 -1.1024 0.7231, -5.019 -1.0976 0.7231, -5.0197 -1.0925 0.7231, -5.0 -1.1122 0.7231, -5.0 -1.1204 0.7168, -5.0 -1.1266 0.7087, -5.0139 -1.1166 0.7168, -5.0197 -1.1122 0.7168, -5.0241 -1.1064 0.7168, -5.0269 -1.0997 0.7168, -5.0278 -1.0925 0.7168, -5.0088 -1.1255 0.7087, -5.017 -1.122 0.7087, -5.0241 -1.1166 0.7087, -5.0295 -1.1096 0.7087, -5.0329 -1.1013 0.7087, -5.0341 -1.0925 0.7087, -5.019 -1.1255 0.6992, -5.0269 -1.1194 0.6992, -5.0329 -1.1115 0.6992, -5.0367 -1.1024 0.6992, -5.038 -1.0925 0.6992, -5.039 -0.7385 0.6941, -5.0364 -0.7412 0.704, -5.038 -0.7395 0.6992, -5.0278 -0.7497 0.7168, -5.0312 -0.7463 0.7129, -5.0341 -0.7435 0.7087, -5.0197 -0.7579 0.7231, -5.0102 -0.7674 0.727, 5.0 -1.1305 0.6992, 5.0 -1.1266 0.7087, 5.0 -1.1204 0.7168, 5.0 -1.1122 0.7231, 5.0 -1.1027 0.727, 5.0102 -1.0925 0.727, 5.0102 -0.7776 0.727, 5.0197 -1.0925 0.7231, 5.0197 -0.7776 0.7231, 5.0278 -1.0925 0.7168, 5.0278 -0.7776 0.7168, 5.0341 -1.0925 0.7087, 5.0341 -0.7776 0.7087, 5.038 -1.0925 0.6992, 5.038 -0.7776 0.6992, 5.0 -0.7674 0.727, 5.0 -0.7579 0.7231, 5.0 -0.7497 0.7168, 5.0 -0.7435 0.7087, 5.0 -0.7395 0.6992, 5.0367 -1.1024 0.6992, 5.017 -1.1024 0.7231, 5.0088 -1.0976 0.727, 5.0072 -1.0997 0.727, 5.0026 -1.1024 0.727, 5.0098 -1.0952 0.727, 5.019 -1.0976 0.7231, 5.0269 -1.0997 0.7168, 5.0139 -1.1064 0.7231, 5.0051 -1.1013 0.727, 5.0098 -1.1096 0.7231, 5.0051 -1.1115 0.7231, 5.0241 -1.1064 0.7168, 5.0197 -1.1122 0.7168, 5.0139 -1.1166 0.7168, 5.0072 -1.1194 0.7168, 5.0329 -1.1013 0.7087, 5.0295 -1.1096 0.7087, 5.0241 -1.1166 0.7087, 5.017 -1.122 0.7087, 5.0088 -1.1255 0.7087, 5.0329 -1.1115 0.6992, 5.0269 -1.1194 0.6992, 5.019 -1.1255 0.6992, 5.0098 -1.1293 0.6992, 5.038 -1.1027 0.689, 5.0341 -1.1122 0.689, 5.0278 -1.1204 0.689, 5.0197 -1.1266 0.689, 5.0102 -1.1305 0.689, 5.0098 -0.7408 0.6992, 5.0098 -0.7605 0.7231, 5.0051 -0.7687 0.727, 5.0072 -0.7704 0.727, 5.0098 -0.7749 0.727, 5.0026 -0.7677 0.727, 5.0051 -0.7585 0.7231, 5.0072 -0.7507 0.7168, 5.0139 -0.7636 0.7231, 5.0088 -0.7725 0.727, 5.017 -0.7677 0.7231, 5.019 -0.7725 0.7231, 5.0139 -0.7535 0.7168, 5.0197 -0.7579 0.7168, 5.0241 -0.7636 0.7168, 5.0269 -0.7704 0.7168, 5.0088 -0.7446 0.7087, 5.017 -0.748 0.7087, 5.0241 -0.7535 0.7087, 5.0295 -0.7605 0.7087, 5.0329 -0.7687 0.7087, 5.019 -0.7446 0.6992, 5.0269 -0.7507 0.6992, 5.0329 -0.7585 0.6992, 5.0367 -0.7677 0.6992, 5.0102 -0.7395 0.689, 5.0197 -0.7435 0.689, 5.0278 -0.7497 0.689, 5.0341 -0.7579 0.689, 5.038 -0.7674 0.689, 5.038 -1.1027 0.0292, 5.0341 -1.1122 0.0197, 5.0278 -1.1204 0.0115, 5.024 -1.1238 0.0081, 5.0197 -1.1266 0.0053, 5.0151 -1.1289 0.003, 5.0102 -1.1305 0.0013, 5.0051 -1.1316 0.0003, 5.0051 -0.7385 0.0003, 5.0151 -0.7412 0.003, 5.0102 -0.7395 0.0013, 5.0278 -0.7497 0.0115, 5.024 -0.7463 0.0081, 5.0197 -0.7435 0.0053, 5.0341 -0.7579 0.0197, 5.038 -0.7674 0.0292]} coordIndex [0,1,2,-1,2,1,3,-1,2,3,4,-1,5,6,7,-1,7,6,8,-1,9,10,11,-1,11,10,12,-1,13,14,15,-1,15,14,16,-1,14,17,16,-1,16,17,18,-1,18,17,19,-1,19,17,20,-1,21,22,23,-1,23,22,24,-1,19,20,25,-1,25,20,26,-1,24,22,27,-1,27,22,28,-1,25,26,5,-1,5,26,6,-1,27,28,9,-1,9,28,10,-1,29,30,31,-1,31,30,32,-1,33,8,1,-1,1,8,13,-1,1,13,3,-1,3,13,15,-1,3,15,34,-1,15,7,34,-1,34,7,8,-1,34,8,11,-1,11,8,33,-1,11,33,35,-1,12,36,30,-1,30,36,37,-1,30,37,38,-1,38,37,39,-1,38,39,40,-1,40,39,41,-1,40,41,29,-1,29,41,42,-1,29,42,30,-1,30,42,34,-1,30,34,12,-1,12,34,11,-1,43,44,45,-1,45,44,46,-1,47,2,4,-1,48,49,50,-1,50,51,48,-1,48,51,47,-1,48,47,52,-1,52,47,4,-1,41,39,53,-1,53,39,54,-1,54,50,53,-1,53,50,49,-1,53,49,55,-1,55,49,56,-1,56,49,57,-1,57,49,58,-1,57,58,59,-1,60,38,61,-1,61,38,40,-1,62,60,63,-1,63,60,61,-1,64,65,63,-1,63,65,62,-1,66,67,64,-1,64,67,65,-1,31,32,66,-1,66,32,67,-1,68,69,70,-1,70,69,71,-1,42,41,72,-1,72,41,53,-1,61,40,29,-1,64,63,66,-1,66,63,61,-1,66,61,31,-1,31,61,29,-1,7,15,16,-1,5,7,25,-1,25,7,16,-1,25,16,19,-1,19,16,18,-1,22,21,28,-1,28,21,36,-1,28,36,10,-1,10,36,12,-1,30,38,60,-1,32,30,67,-1,67,30,60,-1,67,60,65,-1,65,60,62,-1,14,13,8,-1,20,17,26,-1,26,17,14,-1,26,14,6,-1,6,14,8,-1,23,24,27,-1,9,11,27,-1,27,11,35,-1,27,35,23,-1,73,33,0,-1,0,33,1,-1,54,39,74,-1,74,39,37,-1,35,33,73,-1,74,37,36,-1,21,23,36,-1,36,23,35,-1,36,35,74,-1,74,35,73,-1,74,51,54,-1,54,51,50,-1,73,47,74,-1,74,47,51,-1,0,2,73,-1,73,2,47,-1,49,48,75,-1,49,75,58,-1,58,75,76,-1,58,76,59,-1,59,76,77,-1,59,77,57,-1,57,77,78,-1,57,78,56,-1,56,78,79,-1,56,79,55,-1,55,79,72,-1,55,72,53,-1,48,80,81,-1,82,83,84,-1,46,85,86,-1,84,83,46,-1,87,46,83,-1,87,83,88,-1,88,83,82,-1,88,82,89,-1,90,46,87,-1,91,92,93,-1,93,92,86,-1,93,86,94,-1,94,86,85,-1,94,85,95,-1,90,87,96,-1,96,87,88,-1,96,88,97,-1,97,88,89,-1,97,89,98,-1,99,91,100,-1,100,91,93,-1,100,93,101,-1,101,93,94,-1,101,94,102,-1,102,94,95,-1,102,95,103,-1,104,99,105,-1,105,99,100,-1,105,100,106,-1,106,100,101,-1,106,101,107,-1,107,101,102,-1,107,102,108,-1,108,102,103,-1,108,103,109,-1,80,104,81,-1,81,104,105,-1,81,105,110,-1,110,105,106,-1,110,106,111,-1,111,106,107,-1,111,107,112,-1,112,107,108,-1,112,108,113,-1,113,108,109,-1,113,109,114,-1,48,81,75,-1,75,81,110,-1,75,110,76,-1,76,110,111,-1,76,111,77,-1,77,111,112,-1,77,112,78,-1,78,112,113,-1,78,113,79,-1,79,113,114,-1,79,114,72,-1,92,46,86,-1,80,98,104,-1,104,98,89,-1,104,89,99,-1,99,89,82,-1,99,82,91,-1,91,82,84,-1,91,84,92,-1,92,84,46,-1,42,72,115,-1,115,72,114,-1,109,116,114,-1,114,116,117,-1,114,117,115,-1,118,119,109,-1,109,119,120,-1,109,120,116,-1,109,103,118,-1,118,103,95,-1,118,95,121,-1,121,95,85,-1,121,85,122,-1,122,85,46,-1,122,46,44,-1,48,52,123,-1,48,123,80,-1,80,123,124,-1,80,124,98,-1,98,124,125,-1,98,125,97,-1,97,125,126,-1,97,126,96,-1,96,126,127,-1,96,127,90,-1,90,127,45,-1,90,45,46,-1,43,45,128,-1,43,128,129,-1,129,128,130,-1,129,130,131,-1,131,130,132,-1,131,132,133,-1,133,132,134,-1,133,134,135,-1,135,134,136,-1,135,136,137,-1,137,136,71,-1,137,71,69,-1,44,43,138,-1,44,138,122,-1,122,138,139,-1,122,139,121,-1,121,139,140,-1,121,140,118,-1,118,140,119,-1,119,140,141,-1,119,141,120,-1,120,141,116,-1,116,141,142,-1,116,142,117,-1,117,142,115,-1,115,142,34,-1,115,34,42,-1,71,136,143,-1,144,145,146,-1,45,127,147,-1,146,145,45,-1,148,45,145,-1,148,145,149,-1,149,145,144,-1,149,144,150,-1,128,45,148,-1,151,152,153,-1,153,152,147,-1,153,147,154,-1,154,147,127,-1,154,127,126,-1,128,148,130,-1,130,148,149,-1,130,149,132,-1,132,149,150,-1,132,150,134,-1,155,151,156,-1,156,151,153,-1,156,153,157,-1,157,153,154,-1,157,154,158,-1,158,154,126,-1,158,126,125,-1,159,155,160,-1,160,155,156,-1,160,156,161,-1,161,156,157,-1,161,157,162,-1,162,157,158,-1,162,158,163,-1,163,158,125,-1,163,125,124,-1,136,159,143,-1,143,159,160,-1,143,160,164,-1,164,160,161,-1,164,161,165,-1,165,161,162,-1,165,162,166,-1,166,162,163,-1,166,163,167,-1,167,163,124,-1,167,124,123,-1,71,143,168,-1,168,143,164,-1,168,164,169,-1,169,164,165,-1,169,165,170,-1,170,165,166,-1,170,166,171,-1,171,166,167,-1,171,167,172,-1,172,167,123,-1,172,123,52,-1,152,45,147,-1,136,134,159,-1,159,134,150,-1,159,150,155,-1,155,150,144,-1,155,144,151,-1,151,144,146,-1,151,146,152,-1,152,146,45,-1,34,142,173,-1,174,175,176,-1,43,129,177,-1,176,175,43,-1,178,43,175,-1,178,175,179,-1,179,175,174,-1,179,174,180,-1,138,43,178,-1,181,182,183,-1,183,182,177,-1,183,177,184,-1,184,177,129,-1,184,129,131,-1,138,178,139,-1,139,178,179,-1,139,179,140,-1,140,179,180,-1,140,180,141,-1,185,181,186,-1,186,181,183,-1,186,183,187,-1,187,183,184,-1,187,184,188,-1,188,184,131,-1,188,131,133,-1,189,185,190,-1,190,185,186,-1,190,186,191,-1,191,186,187,-1,191,187,192,-1,192,187,188,-1,192,188,193,-1,193,188,133,-1,193,133,135,-1,142,189,173,-1,173,189,190,-1,173,190,194,-1,194,190,191,-1,194,191,195,-1,195,191,192,-1,195,192,196,-1,196,192,193,-1,196,193,197,-1,197,193,135,-1,197,135,137,-1,34,173,198,-1,198,173,194,-1,198,194,199,-1,199,194,195,-1,199,195,200,-1,200,195,196,-1,200,196,201,-1,201,196,197,-1,201,197,202,-1,202,197,137,-1,202,137,69,-1,182,43,177,-1,142,141,189,-1,189,141,180,-1,189,180,185,-1,185,180,174,-1,185,174,181,-1,181,174,176,-1,181,176,182,-1,182,176,43,-1,70,71,168,-1,70,168,203,-1,203,168,169,-1,203,169,204,-1,204,169,170,-1,204,170,205,-1,205,170,206,-1,206,170,171,-1,206,171,207,-1,207,171,208,-1,208,171,172,-1,208,172,209,-1,209,172,210,-1,210,172,52,-1,210,52,4,-1,3,34,211,-1,211,34,198,-1,199,212,198,-1,198,212,213,-1,198,213,211,-1,214,215,199,-1,199,215,216,-1,199,216,212,-1,199,200,214,-1,214,200,201,-1,214,201,217,-1,217,201,202,-1,217,202,218,-1,218,202,69,-1,218,69,68,-1,68,70,203,-1,68,203,218,-1,218,203,204,-1,218,204,217,-1,217,204,205,-1,217,205,214,-1,214,205,215,-1,215,205,206,-1,215,206,216,-1,216,206,207,-1,216,207,212,-1,212,207,208,-1,212,208,213,-1,208,209,213,-1,213,209,210,-1,213,210,211,-1,211,210,4,-1,211,4,3,-1]}}
Shape{appearance Appearance{material Material{diffuseColor 0.6784313725490196 0.6784313725490196 0.6784313725490196 transparency 0.0}}geometry IndexedFaceSet{ccw TRUE solid FALSE coord Coordinate{point [-4.7244 0.6594 0.2559, -4.7244 0.6594 0.2047, -4.7244 -0.6988 0.2559, -4.7244 -0.6988 0.2047, -4.7217 0.6798 0.2559, -4.7217 0.6798 0.1843, -4.7139 0.6988 0.2559, -4.7139 0.6988 0.1654, -4.7013 0.7151 0.2559, -4.7013 0.7151 0.149, -4.6936 0.7219 0.1423, -4.685 0.7276 0.2559, -4.685 0.7276 0.1365, -4.6758 0.7322 0.132, -4.666 0.7355 0.2559, -4.666 0.7355 0.1287, -4.6559 0.7375 0.1267, -4.6457 0.7382 0.2559, -4.6457 0.7382 0.126, -4.0945 0.7382 0.7874, -3.8878 0.7382 0.7874, -4.0945 0.7382 0.0, -3.8878 0.7382 0.0, -4.6457 -0.6988 0.126, -4.3898 -0.6988 0.2559, -4.2323 -0.6988 0.126, -4.3898 -0.6988 0.5315, -4.2323 -0.6988 0.6614, -4.7244 -0.6988 0.5315, -4.6457 -0.6988 0.6614, -4.685 -0.6988 0.1365, -4.7217 -0.6988 0.1843, -4.7013 -0.6988 0.149, -4.7139 -0.6988 0.1654, -4.666 -0.6988 0.1287, -4.666 -0.6988 0.6587, -4.7217 -0.6988 0.6031, -4.7244 -0.6988 0.5827, -4.685 -0.6988 0.6509, -4.7013 -0.6988 0.6384, -4.7139 -0.6988 0.622, 4.0945 0.7382 0.7874, 3.8878 0.7382 0.7874, 3.8878 0.6398 0.7874, 4.0945 -0.6988 0.7874, 3.7894 0.6398 0.7874, -4.0945 -0.6988 0.7874, 3.5925 0.6398 0.7874, 3.5925 0.7382 0.7874, 3.4941 0.7382 0.7874, 3.4941 0.6398 0.7874, 3.3957 0.6398 0.7874, 3.1988 0.6398 0.7874, 3.1988 0.7382 0.7874, 3.1004 0.7382 0.7874, 3.7894 0.7382 0.7874, 3.6909 0.7382 0.7874, 3.6909 0.6398 0.7874, 3.1004 0.6398 0.7874, 3.002 0.6398 0.7874, 3.3957 0.7382 0.7874, 3.2972 0.7382 0.7874, 3.2972 0.6398 0.7874, 2.8051 0.6398 0.7874, 2.8051 0.7382 0.7874, 2.7067 0.7382 0.7874, 2.7067 0.6398 0.7874, 2.6083 0.6398 0.7874, 2.9035 0.6398 0.7874, 2.9035 0.7382 0.7874, 3.002 0.7382 0.7874, 2.4114 0.6398 0.7874, 2.4114 0.7382 0.7874, 2.313 0.7382 0.7874, 2.313 0.6398 0.7874, 2.2146 0.6398 0.7874, 2.5098 0.6398 0.7874, 2.5098 0.7382 0.7874, 2.6083 0.7382 0.7874, 2.0177 0.6398 0.7874, 2.0177 0.7382 0.7874, 1.9193 0.7382 0.7874, 1.9193 0.6398 0.7874, 1.8209 0.6398 0.7874, 2.1161 0.6398 0.7874, 2.1161 0.7382 0.7874, 2.2146 0.7382 0.7874, 1.624 0.6398 0.7874, 1.624 0.7382 0.7874, 1.5256 0.7382 0.7874, 1.5256 0.6398 0.7874, 1.4272 0.6398 0.7874, 1.7224 0.6398 0.7874, 1.7224 0.7382 0.7874, 1.8209 0.7382 0.7874, 1.2303 0.6398 0.7874, 1.2303 0.7382 0.7874, 1.1319 0.7382 0.7874, 1.1319 0.6398 0.7874, 1.0335 0.6398 0.7874, 1.3287 0.6398 0.7874, 1.3287 0.7382 0.7874, 1.4272 0.7382 0.7874, 0.8366 0.6398 0.7874, 0.8366 0.7382 0.7874, 0.7382 0.7382 0.7874, 0.7382 0.6398 0.7874, 0.6398 0.6398 0.7874, 0.935 0.6398 0.7874, 0.935 0.7382 0.7874, 1.0335 0.7382 0.7874, 0.4429 0.6398 0.7874, 0.4429 0.7382 0.7874, 0.3445 0.7382 0.7874, 0.3445 0.6398 0.7874, 0.2461 0.6398 0.7874, 0.5413 0.6398 0.7874, 0.5413 0.7382 0.7874, 0.6398 0.7382 0.7874, 0.0492 0.6398 0.7874, 0.0492 0.7382 0.7874, -0.0492 0.7382 0.7874, -0.0492 0.6398 0.7874, -0.1476 0.6398 0.7874, 0.1476 0.6398 0.7874, 0.1476 0.7382 0.7874, 0.2461 0.7382 0.7874, -0.3445 0.6398 0.7874, -0.3445 0.7382 0.7874, -0.4429 0.7382 0.7874, -0.4429 0.6398 0.7874, -0.5413 0.6398 0.7874, -0.2461 0.6398 0.7874, -0.2461 0.7382 0.7874, -0.1476 0.7382 0.7874, -0.7382 0.6398 0.7874, -0.7382 0.7382 0.7874, -0.8366 0.7382 0.7874, -0.8366 0.6398 0.7874, -0.935 0.6398 0.7874, -0.6398 0.6398 0.7874, -0.6398 0.7382 0.7874, -0.5413 0.7382 0.7874, -1.1319 0.6398 0.7874, -1.1319 0.7382 0.7874, -1.2303 0.7382 0.7874, -1.2303 0.6398 0.7874, -1.3287 0.6398 0.7874, -1.0335 0.6398 0.7874, -1.0335 0.7382 0.7874, -0.935 0.7382 0.7874, -1.5256 0.6398 0.7874, -1.5256 0.7382 0.7874, -1.624 0.7382 0.7874, -1.624 0.6398 0.7874, -1.7224 0.6398 0.7874, -1.4272 0.6398 0.7874, -1.4272 0.7382 0.7874, -1.3287 0.7382 0.7874, -1.9193 0.6398 0.7874, -1.9193 0.7382 0.7874, -2.0177 0.7382 0.7874, -2.0177 0.6398 0.7874, -2.1161 0.6398 0.7874, -1.8209 0.6398 0.7874, -1.8209 0.7382 0.7874, -1.7224 0.7382 0.7874, -2.313 0.6398 0.7874, -2.313 0.7382 0.7874, -2.4114 0.7382 0.7874, -2.4114 0.6398 0.7874, -2.5098 0.6398 0.7874, -2.2146 0.6398 0.7874, -2.2146 0.7382 0.7874, -2.1161 0.7382 0.7874, -2.7067 0.6398 0.7874, -2.7067 0.7382 0.7874, -2.8051 0.7382 0.7874, -2.8051 0.6398 0.7874, -2.9035 0.6398 0.7874, -2.6083 0.6398 0.7874, -2.6083 0.7382 0.7874, -2.5098 0.7382 0.7874, -3.1004 0.6398 0.7874, -3.1004 0.7382 0.7874, -3.1988 0.7382 0.7874, -3.1988 0.6398 0.7874, -3.2972 0.6398 0.7874, -3.002 0.6398 0.7874, -3.002 0.7382 0.7874, -2.9035 0.7382 0.7874, -3.4941 0.6398 0.7874, -3.4941 0.7382 0.7874, -3.5925 0.7382 0.7874, -3.5925 0.6398 0.7874, -3.6909 0.6398 0.7874, -3.3957 0.6398 0.7874, -3.3957 0.7382 0.7874, -3.2972 0.7382 0.7874, -3.8878 0.6398 0.7874, -3.7894 0.6398 0.7874, -3.7894 0.7382 0.7874, -3.6909 0.7382 0.7874, -4.6457 0.7382 0.5315, -4.6457 0.7382 0.6614, -4.3898 0.7382 0.5315, -4.2323 0.7382 0.6614, -4.3898 0.7382 0.2559, -4.2323 0.7382 0.126, -0.1419 -0.0202 0.0, -0.1487 -0.017 0.0, -0.1107 -0.0155 0.0, -0.1107 -1.0925 0.0, -3.937 -1.0925 0.0, -0.2856 -0.2041 0.0, -0.2851 -0.2013 0.0, -0.1554 -0.0159 0.0, -0.282 -0.0171 0.0, -4.0945 -0.0155 0.0, -0.2825 -0.0172 0.0, -4.0945 -0.6988 0.0, -0.2835 -0.0281 0.0, -0.2834 -0.0297 0.0, -0.2843 -0.0211 0.0, -0.2828 -0.0464 0.0, -0.1247 -0.0517 0.0, -0.128 -0.0391 0.0, -0.2837 -0.2064 0.0, -0.2712 -0.1909 0.0, -0.2333 -0.0371 0.0, -0.1226 -0.0855 0.0, -0.1268 -0.1203 0.0, -0.1271 -0.0858 0.0, -0.1322 -0.1203 0.0, -0.1328 -0.0292 0.0, -0.1365 -0.0245 0.0, -0.2828 -0.1739 0.0, -0.283 -0.1877 0.0, -0.1445 -0.1933 0.0, -0.1389 -0.1882 0.0, -0.1311 -0.1959 0.0, -0.1356 -0.1838 0.0, -0.1331 -0.1792 0.0, -0.2222 -0.0235 0.0, -0.2226 -0.0232 0.0, -0.1627 -0.0161 0.0, -3.937 -0.6988 0.0, -0.2829 -0.0173 0.0, -0.2833 -0.0176 0.0, -0.2836 -0.018 0.0, -0.2841 -0.0188 0.0, -0.2843 -0.0196 0.0, -0.1702 -0.0184 0.0, -0.1767 -0.0223 0.0, -0.2217 -0.0244 0.0, -0.1814 -0.0271 0.0, -0.2218 -0.0254 0.0, -0.222 -0.0237 0.0, -0.1594 -0.0252 0.0, -0.1925 -0.0937 0.0, -0.1855 -0.0533 0.0, -0.1285 -0.0708 0.0, -0.1915 -0.1387 0.0, -0.1889 -0.1535 0.0, -0.1346 -0.1602 0.0, -0.2754 -0.173 0.0, -0.2342 -0.0367 0.0, -0.2754 -0.1766 0.0, -0.2741 -0.1846 0.0, -0.1922 -0.1683 0.0, -0.1862 -0.1818 0.0, -0.1804 -0.1893 0.0, -0.1716 -0.1961 0.0, -0.1674 -0.1982 0.0, -0.1268 -0.1959 0.0, -0.1417 -0.0316 0.0, -0.1375 -0.0364 0.0, -0.1528 -0.1888 0.0, -0.1729 -0.1847 0.0, -0.1774 -0.1802 0.0, -0.1634 -0.199 0.0, -0.1594 -0.199 0.0, -0.151 -0.1969 0.0, -0.153 -0.0257 0.0, -0.1468 -0.028 0.0, -0.1338 -0.0437 0.0, -0.1298 -0.0624 0.0, -0.1571 -0.1897 0.0, -0.163 -0.1894 0.0, -0.1681 -0.1877 0.0, -0.2754 -0.0286 0.0, -0.2536 -0.0304 0.0, -0.2432 -0.032 0.0, -0.2398 -0.0328 0.0, -0.222 -0.0264 0.0, -0.1879 -0.0377 0.0, -0.2225 -0.0272 0.0, -0.1958 -0.0614 0.0, -0.2235 -0.0284 0.0, -0.1707 -0.0289 0.0, -0.1748 -0.0326 0.0, -0.1812 -0.0417 0.0, -0.1671 -0.0267 0.0, -0.1633 -0.0256 0.0, -0.1381 -0.1731 0.0, -0.1416 -0.18 0.0, -0.1451 -0.1841 0.0, -0.2377 -0.0338 0.0, -0.2351 -0.0361 0.0, -0.199 -0.1376 0.0, -0.1989 -0.0806 0.0, -0.2365 -0.0217 0.0, -0.2551 -0.0198 0.0, -0.2732 -0.0181 0.0, -0.2797 -0.0176 0.0, -0.2812 -0.0171 0.0, -0.2233 -0.023 0.0, -0.2243 -0.0228 0.0, -0.2293 -0.0227 0.0, -0.1823 -0.1725 0.0, -0.1488 -0.187 0.0, -0.2267 -0.0313 0.0, -0.2613 -0.0193 0.0, 4.0945 -0.0155 0.0, 4.0945 -0.6988 0.0, 3.937 -0.6988 0.0, -0.0914 -0.0167 0.0, -0.0922 -0.0168 0.0, -0.0928 -0.0171 0.0, -0.0935 -0.0177 0.0, -0.0941 -0.0184 0.0, -0.0944 -0.019 0.0, -0.0989 -0.1899 0.0, -0.0989 -0.1905 0.0, -0.0989 -0.1908 0.0, 0.1865 -0.0392 0.0, 0.1864 -0.0395 0.0, 3.937 -1.0925 0.0, -0.0986 -0.1877 0.0, -0.0989 -0.1891 0.0, -0.0972 -0.1915 0.0, -0.0751 -0.1901 0.0, -0.0696 -0.1909 0.0, -0.0911 -0.1906 0.0, -0.0863 -0.19 0.0, -0.0965 -0.1914 0.0, -0.0814 -0.19 0.0, -0.0806 -0.19 0.0, -0.0837 -0.1167 0.0, -0.0599 -0.1198 0.0, -0.0837 -0.1789 0.0, -0.0501 -0.1217 0.0, -0.0384 -0.1271 0.0, -0.0302 -0.1872 0.0, -0.0347 -0.1866 0.0, -0.0299 -0.1146 0.0, -0.0304 -0.1143 0.0, -0.0311 -0.0402 0.0, 0.0601 -0.1941 0.0, 0.0653 -0.1914 0.0, -0.0005 -0.0299 0.0, -0.0003 -0.03 0.0, -0.0013 -0.1883 0.0, -0.0946 -0.0202 0.0, -0.0946 -0.0218 0.0, -0.0945 -0.0224 0.0, -0.0414 -0.1857 0.0, -0.048 -0.1849 0.0, -0.041 -0.1257 0.0, -0.0438 -0.124 0.0, 0.0652 -0.0297 0.0, 0.0597 -0.0257 0.0, 0.1052 -0.0155 0.0, 0.0544 -0.0236 0.0, 0.0699 -0.1873 0.0, 0.0745 -0.1807 0.0, 0.1418 -0.2024 0.0, 0.0006 -0.0301 0.0, 0.0016 -0.03 0.0, 0.0056 -0.03 0.0, 0.1733 -0.081 0.0, 0.1767 -0.0668 0.0, 0.1865 -0.0382 0.0, 0.186 -0.0315 0.0, 0.186 -0.0314 0.0, -0.0951 -0.1827 0.0, -0.097 -0.1851 0.0, -0.0982 -0.1867 0.0, -0.0988 -0.191 0.0, -0.0987 -0.1911 0.0, -0.0986 -0.1912 0.0, -0.0984 -0.1913 0.0, -0.098 -0.1914 0.0, -0.037 -0.2002 0.0, -0.0395 -0.1985 0.0, -0.0585 -0.1928 0.0, -0.0487 -0.1948 0.0, -0.041 -0.1976 0.0, -0.0295 -0.115 0.0, -0.0296 -0.1181 0.0, -0.0292 -0.1175 0.0, -0.0295 -0.1872 0.0, -0.029 -0.1169 0.0, -0.029 -0.1874 0.0, -0.0289 -0.1165 0.0, -0.0285 -0.1877 0.0, -0.0231 -0.0314 0.0, -0.0013 -0.189 0.0, -0.0226 -0.0274 0.0, -0.0228 -0.0272 0.0, 0.0116 -0.0155 0.0, -0.0231 -0.0271 0.0, -0.0231 -0.0271 0.0, -0.0239 -0.0269 0.0, -0.0248 -0.0269 0.0, 0.185 -0.0413 0.0, 0.1859 -0.0403 0.0, 0.1862 -0.0398 0.0, 0.1036 -0.0292 0.0, 0.1032 -0.0347 0.0, 0.0702 -0.0356 0.0, 0.0386 -0.1957 0.0, 0.0449 -0.1962 0.0, 0.0537 -0.1957 0.0, 0.1458 -0.2024 0.0, 0.0095 -0.0169 0.0, -0.022 -0.0287 0.0, 0.0113 -0.0156 0.0, -0.0221 -0.0282 0.0, -0.0224 -0.0277 0.0, 0.0001 -0.1856 0.0, 0.0013 -0.1846 0.0, 0.0064 -0.1804 0.0, -0.0007 -0.1866 0.0, -0.0012 -0.1876 0.0, 0.0101 -0.03 0.0, 0.0101 -0.1784 0.0, -0.0001 -0.0301 0.0, 0.1801 -0.0535 0.0, 0.182 -0.0482 0.0, 0.1782 -0.0601 0.0, -0.0008 -0.1901 0.0, -0.0005 -0.1906 0.0, -0.0837 -0.1068 0.0, -0.0837 -0.03 0.0, -0.0415 -0.0359 0.0, -0.0302 -0.1189 0.0, 0.076 -0.0461 0.0, 0.1034 -0.0373 0.0, 0.1039 -0.0388 0.0, -0.0223 -0.0302 0.0, -0.022 -0.0296 0.0, -0.0219 -0.0291 0.0, -0.0718 -0.0207 0.0, -0.0848 -0.0184 0.0, -0.088 -0.0173 0.0, -0.09 -0.0168 0.0, 0.0082 -0.1793 0.0, -0.0927 -0.0295 0.0, -0.0919 -0.0368 0.0, -0.0919 -0.0422 0.0, -0.0278 -0.1884 0.0, -0.0281 -0.188 0.0, -0.0309 -0.1142 0.0, -0.0316 -0.1141 0.0, -0.0336 -0.0388 0.0, -0.0374 -0.037 0.0, 0.105 -0.0173 0.0, 0.0339 -0.0204 0.0, 0.0214 -0.019 0.0, 0.0168 -0.0177 0.0, -0.029 -0.0266 0.0, -0.0505 -0.024 0.0, 0.1838 -0.0431 0.0, -0.0289 -0.116 0.0, -0.0291 -0.1156 0.0, 0.0054 -0.0207 0.0, 0.0041 -0.0221 0.0, 0.0007 -0.0258 0.0, 0.0 -0.0265 0.0, -0.0004 -0.0271 0.0, -0.0008 -0.0276 0.0, -0.001 -0.0279 0.0, -0.0011 -0.0282 0.0, -0.0011 -0.0286 0.0, -0.001 -0.0289 0.0, -0.0919 -0.1789 0.0, -0.0916 -0.0493 0.0, -0.0918 -0.0457 0.0, -0.0011 -0.1897 0.0, -0.0277 -0.1892 0.0, -0.0277 -0.1888 0.0, 0.0158 -0.1909 0.0, 0.0217 -0.1914 0.0, 0.0324 -0.1945 0.0, 0.0789 -0.1692 0.0, 0.083 -0.1375 0.0, 0.1127 -0.0674 0.0, 0.0843 -0.0982 0.0, 0.1096 -0.0549 0.0, 0.0814 -0.0648 0.0, 0.1059 -0.0425 0.0, 0.1045 -0.0399 0.0, -0.0008 -0.0295 0.0, -0.0006 -0.0297 0.0, -0.0282 -0.1908 0.0, -0.0279 -0.1901 0.0, -0.0277 -0.1896 0.0, -0.0001 -0.1909 0.0, 0.005 -0.19 0.0, -0.0288 -0.1917 0.0, 0.0109 -0.19 0.0, 0.0133 -0.1904 0.0, 0.0119 -0.0154 0.0, 0.0129 -0.0154 0.0, 0.0126 -0.0153 0.0, 0.1061 -0.0096 0.0, -0.1107 0.6398 0.0, -0.0492 0.6398 0.0, -0.0492 0.7382 0.0, 0.0492 0.7382 0.0, 0.0492 0.6398 0.0, 0.1062 -0.0093 0.0, 0.1845 -0.0155 0.0, 0.1843 -0.0139 0.0, 0.1842 -0.0124 0.0, 0.3445 0.6398 0.0, 0.3445 0.7382 0.0, 0.4429 0.7382 0.0, 0.1827 -0.0093 0.0, 0.109 -0.0116 0.0, 0.1086 -0.0106 0.0, 0.1068 -0.0089 0.0, 0.1066 -0.009 0.0, 0.1064 -0.0091 0.0, 0.4429 0.6398 0.0, 0.5413 0.6398 0.0, 0.11 -0.0155 0.0, 0.1824 -0.0094 0.0, 0.1821 -0.0095 0.0, 0.1805 -0.0155 0.0, 0.1812 -0.0113 0.0, 0.1814 -0.0106 0.0, 0.0138 -0.0159 0.0, 0.0131 -0.0155 0.0, 0.1054 -0.0139 0.0, 0.1059 -0.0103 0.0, 0.1849 -0.0187 0.0, 0.1476 0.6398 0.0, 0.2461 0.6398 0.0, 0.2461 0.7382 0.0, 0.1476 0.7382 0.0, 0.1819 -0.0097 0.0, 0.1816 -0.0101 0.0, 0.7382 0.6398 0.0, 0.7382 0.7382 0.0, 0.8366 0.7382 0.0, 0.1075 -0.009 0.0, 0.1073 -0.0089 0.0, 0.107 -0.0089 0.0, 0.1083 -0.01 0.0, 0.108 -0.0095 0.0, 0.1077 -0.0092 0.0, 0.8366 0.6398 0.0, 0.935 0.6398 0.0, 0.6398 0.6398 0.0, 0.6398 0.7382 0.0, 0.5413 0.7382 0.0, 0.184 -0.0113 0.0, 0.1839 -0.0106 0.0, 0.1838 -0.0102 0.0, 0.1836 -0.0099 0.0, 1.1319 0.6398 0.0, 1.1319 0.7382 0.0, 1.2303 0.7382 0.0, 0.1835 -0.0096 0.0, 0.1833 -0.0095 0.0, 0.1831 -0.0094 0.0, 0.1829 -0.0093 0.0, 1.2303 0.6398 0.0, 1.3287 0.6398 0.0, 1.0335 0.6398 0.0, 1.0335 0.7382 0.0, 0.935 0.7382 0.0, 1.5256 0.6398 0.0, 1.5256 0.7382 0.0, 1.624 0.7382 0.0, 1.624 0.6398 0.0, 1.7224 0.6398 0.0, 1.4272 0.6398 0.0, 1.4272 0.7382 0.0, 1.3287 0.7382 0.0, 1.9193 0.6398 0.0, 1.9193 0.7382 0.0, 2.0177 0.7382 0.0, 2.0177 0.6398 0.0, 2.1161 0.6398 0.0, 1.8209 0.6398 0.0, 1.8209 0.7382 0.0, 1.7224 0.7382 0.0, 2.313 0.6398 0.0, 2.313 0.7382 0.0, 2.4114 0.7382 0.0, 2.4114 0.6398 0.0, 2.5098 0.6398 0.0, 2.2146 0.6398 0.0, 2.2146 0.7382 0.0, 2.1161 0.7382 0.0, 2.7067 0.6398 0.0, 2.7067 0.7382 0.0, 2.8051 0.7382 0.0, 2.8051 0.6398 0.0, 2.9035 0.6398 0.0, 2.6083 0.6398 0.0, 2.6083 0.7382 0.0, 2.5098 0.7382 0.0, 3.1004 0.6398 0.0, 3.1004 0.7382 0.0, 3.1988 0.7382 0.0, 3.1988 0.6398 0.0, 3.2972 0.6398 0.0, 3.002 0.6398 0.0, 3.002 0.7382 0.0, 2.9035 0.7382 0.0, 3.4941 0.6398 0.0, 3.4941 0.7382 0.0, 3.5925 0.7382 0.0, 3.5925 0.6398 0.0, 3.6909 0.6398 0.0, 3.3957 0.6398 0.0, 3.3957 0.7382 0.0, 3.2972 0.7382 0.0, 3.8878 0.7382 0.0, 4.0945 0.7382 0.0, 3.8878 0.6398 0.0, 3.7894 0.6398 0.0, 3.7894 0.7382 0.0, 3.6909 0.7382 0.0, -3.8878 0.6398 0.0, -3.7894 0.6398 0.0, -3.5925 0.6398 0.0, -3.5925 0.7382 0.0, -3.4941 0.7382 0.0, -3.4941 0.6398 0.0, -3.3957 0.6398 0.0, -3.6909 0.6398 0.0, -3.6909 0.7382 0.0, -3.7894 0.7382 0.0, -3.1988 0.6398 0.0, -3.1988 0.7382 0.0, -3.1004 0.7382 0.0, -3.1004 0.6398 0.0, -3.002 0.6398 0.0, -3.2972 0.6398 0.0, -3.2972 0.7382 0.0, -3.3957 0.7382 0.0, -2.8051 0.6398 0.0, -2.8051 0.7382 0.0, -2.7067 0.7382 0.0, -2.7067 0.6398 0.0, -2.6083 0.6398 0.0, -2.9035 0.6398 0.0, -2.9035 0.7382 0.0, -3.002 0.7382 0.0, -2.4114 0.6398 0.0, -2.4114 0.7382 0.0, -2.313 0.7382 0.0, -2.313 0.6398 0.0, -2.2146 0.6398 0.0, -2.5098 0.6398 0.0, -2.5098 0.7382 0.0, -2.6083 0.7382 0.0, -2.0177 0.6398 0.0, -2.0177 0.7382 0.0, -1.9193 0.7382 0.0, -1.9193 0.6398 0.0, -1.8209 0.6398 0.0, -2.1161 0.6398 0.0, -2.1161 0.7382 0.0, -2.2146 0.7382 0.0, -1.624 0.6398 0.0, -1.624 0.7382 0.0, -1.5256 0.7382 0.0, -1.5256 0.6398 0.0, -1.4272 0.6398 0.0, -1.7224 0.6398 0.0, -1.7224 0.7382 0.0, -1.8209 0.7382 0.0, -1.2303 0.6398 0.0, -1.2303 0.7382 0.0, -1.1319 0.7382 0.0, -1.1319 0.6398 0.0, -1.0335 0.6398 0.0, -1.3287 0.6398 0.0, -1.3287 0.7382 0.0, -1.4272 0.7382 0.0, -0.8366 0.6398 0.0, -0.8366 0.7382 0.0, -0.7382 0.7382 0.0, -0.7382 0.6398 0.0, -0.6398 0.6398 0.0, -0.935 0.6398 0.0, -0.935 0.7382 0.0, -1.0335 0.7382 0.0, -0.4429 0.6398 0.0, -0.4429 0.7382 0.0, -0.3445 0.7382 0.0, -0.3445 0.6398 0.0, -0.2461 0.6398 0.0, -0.5413 0.6398 0.0, -0.5413 0.7382 0.0, -0.6398 0.7382 0.0, -0.1476 0.6398 0.0, -0.1476 0.7382 0.0, -0.2461 0.7382 0.0, 0.1625 -0.0914 0.0, 0.124 -0.0821 0.0, 0.1792 -0.0227 0.0, 0.115 -0.0399 0.0, 0.1107 -0.0184 0.0, -3.937 -0.6988 0.1575, -3.937 -0.6988 0.6299, -3.8878 -0.6988 0.6299, -3.8878 -0.6988 0.6693, -4.0748 -0.6988 0.1575, -4.0748 -0.6988 0.5512, -3.937 -0.6988 0.5512, -3.7894 -0.6988 0.6299, -3.6909 -0.6988 0.6299, -3.7894 -0.6988 0.6693, -3.6909 -0.6988 0.6693, -1.8209 -0.6988 0.6693, -1.8209 -0.6988 0.6299, -1.7224 -0.6988 0.6299, -1.7224 -0.6988 0.6693, -1.624 -0.6988 0.6693, -3.5925 -0.6988 0.6693, -3.5925 -0.6988 0.6299, -3.4941 -0.6988 0.6299, -3.4941 -0.6988 0.6693, -3.3957 -0.6988 0.6693, -3.3957 -0.6988 0.6299, -3.2972 -0.6988 0.6299, -3.2972 -0.6988 0.6693, -3.1988 -0.6988 0.6693, -3.1988 -0.6988 0.6299, -3.1004 -0.6988 0.6299, -3.1004 -0.6988 0.6693, -3.002 -0.6988 0.6693, -3.002 -0.6988 0.6299, -2.9035 -0.6988 0.6299, -2.9035 -0.6988 0.6693, -2.8051 -0.6988 0.6693, -2.8051 -0.6988 0.6299, -2.7067 -0.6988 0.6299, -2.7067 -0.6988 0.6693, -2.6083 -0.6988 0.6693, -0.4429 -0.6988 0.6693, -0.4429 -0.6988 0.6299, -0.3445 -0.6988 0.6299, -1.624 -0.6988 0.6299, -1.5256 -0.6988 0.6299, -1.5256 -0.6988 0.6693, -1.4272 -0.6988 0.6693, -2.6083 -0.6988 0.6299, -2.5098 -0.6988 0.6299, -2.5098 -0.6988 0.6693, -2.4114 -0.6988 0.6693, -1.4272 -0.6988 0.6299, -1.3287 -0.6988 0.6299, -1.3287 -0.6988 0.6693, -1.2303 -0.6988 0.6693, -2.4114 -0.6988 0.6299, -2.313 -0.6988 0.6299, -2.313 -0.6988 0.6693, -2.2146 -0.6988 0.6693, -1.2303 -0.6988 0.6299, -1.1319 -0.6988 0.6299, -1.1319 -0.6988 0.6693, -1.0335 -0.6988 0.6693, 0.1476 -0.6988 0.6693, 0.1476 -0.6988 0.6299, 0.2461 -0.6988 0.6299, -2.2146 -0.6988 0.6299, -2.1161 -0.6988 0.6299, -2.1161 -0.6988 0.6693, -2.0177 -0.6988 0.6693, -1.0335 -0.6988 0.6299, -0.935 -0.6988 0.6299, -0.935 -0.6988 0.6693, -0.8366 -0.6988 0.6693, -2.0177 -0.6988 0.6299, -1.9193 -0.6988 0.6299, -1.9193 -0.6988 0.6693, -0.8366 -0.6988 0.6299, -0.7382 -0.6988 0.6299, -0.7382 -0.6988 0.6693, -0.6398 -0.6988 0.6693, -0.3445 -0.6988 0.6693, -0.2461 -0.6988 0.6693, -0.5413 -0.6988 0.6693, -0.5413 -0.6988 0.6299, -0.6398 -0.6988 0.6299, -0.2461 -0.6988 0.6299, -0.1476 -0.6988 0.6299, -0.1476 -0.6988 0.6693, -0.0492 -0.6988 0.6693, 0.7382 -0.6988 0.6693, 0.7382 -0.6988 0.6299, 0.8366 -0.6988 0.6299, 0.2461 -0.6988 0.6693, 0.3445 -0.6988 0.6693, 0.0492 -0.6988 0.6693, 0.0492 -0.6988 0.6299, -0.0492 -0.6988 0.6299, 0.3445 -0.6988 0.6299, 0.4429 -0.6988 0.6299, 0.4429 -0.6988 0.6693, 0.5413 -0.6988 0.6693, 1.1319 -0.6988 0.6693, 1.1319 -0.6988 0.6299, 1.2303 -0.6988 0.6299, 0.8366 -0.6988 0.6693, 0.935 -0.6988 0.6693, 0.6398 -0.6988 0.6693, 0.6398 -0.6988 0.6299, 0.5413 -0.6988 0.6299, 1.2303 -0.6988 0.6693, 1.3287 -0.6988 0.6693, 1.5256 -0.6988 0.6693, 1.5256 -0.6988 0.6299, 1.624 -0.6988 0.6299, 1.0335 -0.6988 0.6693, 1.0335 -0.6988 0.6299, 0.935 -0.6988 0.6299, 1.624 -0.6988 0.6693, 1.7224 -0.6988 0.6693, 1.3287 -0.6988 0.6299, 1.4272 -0.6988 0.6299, 1.4272 -0.6988 0.6693, 2.1161 -0.6988 0.6693, 2.1161 -0.6988 0.6299, 2.2146 -0.6988 0.6299, 2.2146 -0.6988 0.6693, 2.313 -0.6988 0.6693, 1.7224 -0.6988 0.6299, 1.8209 -0.6988 0.6299, 1.8209 -0.6988 0.6693, 1.9193 -0.6988 0.6693, 2.0177 -0.6988 0.6693, 2.0177 -0.6988 0.6299, 1.9193 -0.6988 0.6299, 2.5098 -0.6988 0.6693, 2.5098 -0.6988 0.6299, 2.6083 -0.6988 0.6299, 2.6083 -0.6988 0.6693, 2.7067 -0.6988 0.6693, 2.4114 -0.6988 0.6693, 2.4114 -0.6988 0.6299, 2.313 -0.6988 0.6299, 2.9035 -0.6988 0.6693, 2.9035 -0.6988 0.6299, 3.002 -0.6988 0.6299, 3.002 -0.6988 0.6693, 3.1004 -0.6988 0.6693, 2.8051 -0.6988 0.6693, 2.8051 -0.6988 0.6299, 2.7067 -0.6988 0.6299, 3.2972 -0.6988 0.6693, 3.2972 -0.6988 0.6299, 3.3957 -0.6988 0.6299, 3.3957 -0.6988 0.6693, 3.4941 -0.6988 0.6693, 3.1988 -0.6988 0.6693, 3.1988 -0.6988 0.6299, 3.1004 -0.6988 0.6299, 3.6909 -0.6988 0.6693, 3.6909 -0.6988 0.6299, 3.7894 -0.6988 0.6299, 3.7894 -0.6988 0.6693, 3.5925 -0.6988 0.6693, 3.5925 -0.6988 0.6299, 3.4941 -0.6988 0.6299, 3.8878 -0.6988 0.6693, 3.8878 -0.6988 0.6299, 3.937 -0.6988 0.6299, 3.937 -0.6988 0.1575, 4.0748 -0.6988 0.1575, 4.0748 -0.6988 0.5512, 3.937 -0.6988 0.5512, -4.7244 0.6594 0.5315, -4.7244 0.6594 0.5827, -3.937 -0.6201 0.5512, -4.2323 0.7185 0.126, -4.2323 -0.6791 0.126, -4.0945 -0.6791 0.126, -4.0945 0.7185 0.126, -4.2323 -0.6791 0.6614, -4.2323 0.7185 0.6614, -4.0945 0.7185 0.6614, -4.0945 -0.6791 0.6614, -4.7217 0.6798 0.6031, -4.7139 0.6988 0.622, -4.7013 0.7151 0.6384, -4.6936 0.7219 0.6451, -4.685 0.7276 0.6509, -4.6758 0.7322 0.6554, -4.666 0.7355 0.6587, -4.6559 0.7375 0.6607, -4.666 0.7355 0.5315, -4.685 0.7276 0.5315, -4.7013 0.7151 0.5315, -4.7139 0.6988 0.5315, -4.7217 0.6798 0.5315, -3.937 -0.9744 0.2362, -3.8878 -0.9744 0.2362, -3.937 -0.6201 0.2362, -3.8878 0.6004 0.2362, -4.0748 -0.6201 0.2362, -4.0748 0.6004 0.2362, -4.0748 0.6004 0.5512, -3.8878 -0.6201 0.5512, -3.8878 0.6004 0.5512, -3.7894 -1.0925 0.1181, -3.6909 -1.0925 0.1181, -3.6909 -1.0885 0.1487, -3.7894 -1.0885 0.1487, -3.6909 -1.0767 0.1772, -3.7894 -1.0767 0.1772, -3.6909 -1.0579 0.2016, -3.7894 -1.0579 0.2016, -3.6909 -1.0335 0.2204, -3.7894 -1.0335 0.2204, -3.6909 -1.005 0.2322, -3.7894 -1.005 0.2322, -3.6909 -0.9744 0.2362, -3.7894 -0.9744 0.2362, -3.6909 0.6004 0.2362, -3.7894 0.6004 0.2362, -3.7894 0.6004 0.5512, -3.6909 0.6004 0.5512, -3.7894 -0.6201 0.5512, -3.6909 -0.6201 0.5512, 3.937 -1.0925 0.1181, 3.8878 -1.0925 0.1181, 3.7894 -1.0925 0.1181, 3.6909 -1.0925 0.1181, 3.5925 -1.0925 0.1181, 3.4941 -1.0925 0.1181, 3.3957 -1.0925 0.1181, 3.2972 -1.0925 0.1181, 3.1988 -1.0925 0.1181, 3.1004 -1.0925 0.1181, 3.002 -1.0925 0.1181, 2.9035 -1.0925 0.1181, 2.8051 -1.0925 0.1181, 2.7067 -1.0925 0.1181, 2.6083 -1.0925 0.1181, 2.5098 -1.0925 0.1181, 2.4114 -1.0925 0.1181, 2.313 -1.0925 0.1181, 2.2146 -1.0925 0.1181, 2.1161 -1.0925 0.1181, 2.0177 -1.0925 0.1181, 1.9193 -1.0925 0.1181, 1.8209 -1.0925 0.1181, 1.7224 -1.0925 0.1181, 1.624 -1.0925 0.1181, 1.5256 -1.0925 0.1181, 1.4272 -1.0925 0.1181, 1.3287 -1.0925 0.1181, 1.2303 -1.0925 0.1181, 1.1319 -1.0925 0.1181, 1.0335 -1.0925 0.1181, 0.935 -1.0925 0.1181, 0.8366 -1.0925 0.1181, 0.7382 -1.0925 0.1181, 0.6398 -1.0925 0.1181, 0.5413 -1.0925 0.1181, 0.4429 -1.0925 0.1181, 0.3445 -1.0925 0.1181, 0.2461 -1.0925 0.1181, 0.1476 -1.0925 0.1181, 0.0492 -1.0925 0.1181, -0.0492 -1.0925 0.1181, -0.1476 -1.0925 0.1181, -0.2461 -1.0925 0.1181, -0.3445 -1.0925 0.1181, -0.4429 -1.0925 0.1181, -0.5413 -1.0925 0.1181, -0.6398 -1.0925 0.1181, -0.7382 -1.0925 0.1181, -0.8366 -1.0925 0.1181, -0.935 -1.0925 0.1181, -1.0335 -1.0925 0.1181, -1.1319 -1.0925 0.1181, -1.2303 -1.0925 0.1181, -1.3287 -1.0925 0.1181, -1.4272 -1.0925 0.1181, -1.5256 -1.0925 0.1181, -1.624 -1.0925 0.1181, -1.7224 -1.0925 0.1181, -1.8209 -1.0925 0.1181, -1.9193 -1.0925 0.1181, -2.0177 -1.0925 0.1181, -2.1161 -1.0925 0.1181, -2.2146 -1.0925 0.1181, -2.313 -1.0925 0.1181, -2.4114 -1.0925 0.1181, -2.5098 -1.0925 0.1181, -2.6083 -1.0925 0.1181, -2.7067 -1.0925 0.1181, -2.8051 -1.0925 0.1181, -2.9035 -1.0925 0.1181, -3.002 -1.0925 0.1181, -3.1004 -1.0925 0.1181, -3.1988 -1.0925 0.1181, -3.2972 -1.0925 0.1181, -3.3957 -1.0925 0.1181, -3.4941 -1.0925 0.1181, -3.5925 -1.0925 0.1181, -3.8878 -1.0925 0.1181, -3.937 -1.0925 0.1181, -3.8878 -1.0885 0.1487, -3.937 -1.0885 0.1487, -3.8878 -1.0767 0.1772, -3.937 -1.0767 0.1772, -3.8878 -1.0579 0.2016, -3.937 -1.0579 0.2016, -3.8878 -1.0335 0.2204, -3.937 -1.0335 0.2204, -3.8878 -1.005 0.2322, -3.937 -1.005 0.2322, -3.7894 0.6398 0.6693, -3.8878 0.6398 0.6693, -3.7894 0.6398 0.1181, -3.8878 0.6398 0.1181, -3.4941 -1.0885 0.1487, -3.5925 -1.0885 0.1487, -3.4941 -1.0767 0.1772, -3.5925 -1.0767 0.1772, -3.4941 -1.0579 0.2016, -3.5925 -1.0579 0.2016, -3.4941 -1.0335 0.2204, -3.5925 -1.0335 0.2204, -3.4941 -1.005 0.2322, -3.5925 -1.005 0.2322, -3.4941 -0.9744 0.2362, -3.5925 -0.9744 0.2362, -3.4941 0.6004 0.2362, -3.5925 0.6004 0.2362, -3.5925 0.6004 0.5512, -3.4941 0.6004 0.5512, -3.5925 -0.6201 0.5512, -3.4941 -0.6201 0.5512, -3.5925 0.6398 0.6693, -3.6909 0.6398 0.6693, -3.5925 0.6398 0.1181, -3.6909 0.6398 0.1181, -3.2972 -1.0885 0.1487, -3.3957 -1.0885 0.1487, -3.2972 -1.0767 0.1772, -3.3957 -1.0767 0.1772, -3.2972 -1.0579 0.2016, -3.3957 -1.0579 0.2016, -3.2972 -1.0335 0.2204, -3.3957 -1.0335 0.2204, -3.2972 -1.005 0.2322, -3.3957 -1.005 0.2322, -3.2972 -0.9744 0.2362, -3.3957 -0.9744 0.2362, -3.2972 0.6004 0.2362, -3.3957 0.6004 0.2362, -3.3957 0.6004 0.5512, -3.2972 0.6004 0.5512, -3.3957 -0.6201 0.5512, -3.2972 -0.6201 0.5512, -3.3957 0.6398 0.6693, -3.4941 0.6398 0.6693, -3.3957 0.6398 0.1181, -3.4941 0.6398 0.1181, -3.1004 -1.0885 0.1487, -3.1988 -1.0885 0.1487, -3.1004 -1.0767 0.1772, -3.1988 -1.0767 0.1772, -3.1004 -1.0579 0.2016, -3.1988 -1.0579 0.2016, -3.1004 -1.0335 0.2204, -3.1988 -1.0335 0.2204, -3.1004 -1.005 0.2322, -3.1988 -1.005 0.2322, -3.1004 -0.9744 0.2362, -3.1988 -0.9744 0.2362, -3.1004 0.6004 0.2362, -3.1988 0.6004 0.2362, -3.1988 0.6004 0.5512, -3.1004 0.6004 0.5512, -3.1988 -0.6201 0.5512, -3.1004 -0.6201 0.5512, -3.1988 0.6398 0.6693, -3.2972 0.6398 0.6693, -3.1988 0.6398 0.1181, -3.2972 0.6398 0.1181, 3.937 -0.6201 0.5512, 4.7244 0.6594 0.2047, 4.7244 0.6594 0.2559, 4.7244 -0.6988 0.2047, 4.7244 -0.6988 0.2559, 4.6457 0.7382 0.126, 4.6457 0.7382 0.2559, 4.6559 0.7375 0.1267, 4.666 0.7355 0.2559, 4.685 0.7276 0.2559, 4.6758 0.7322 0.132, 4.666 0.7355 0.1287, 4.7013 0.7151 0.149, 4.6936 0.7219 0.1423, 4.685 0.7276 0.1365, 4.7013 0.7151 0.2559, 4.7139 0.6988 0.2559, 4.7139 0.6988 0.1654, 4.7217 0.6798 0.2559, 4.7217 0.6798 0.1843, 4.7244 -0.6988 0.5315, 4.6457 -0.6988 0.6614, 4.3898 -0.6988 0.5315, 4.2323 -0.6988 0.6614, 4.3898 -0.6988 0.2559, 4.2323 -0.6988 0.126, 4.6457 -0.6988 0.126, 4.685 -0.6988 0.6509, 4.7217 -0.6988 0.6031, 4.7013 -0.6988 0.6384, 4.7139 -0.6988 0.622, 4.7244 -0.6988 0.5827, 4.666 -0.6988 0.6587, 4.666 -0.6988 0.1287, 4.7217 -0.6988 0.1843, 4.685 -0.6988 0.1365, 4.7013 -0.6988 0.149, 4.7139 -0.6988 0.1654, 4.3898 0.7382 0.2559, 4.2323 0.7382 0.126, 4.3898 0.7382 0.5315, 4.2323 0.7382 0.6614, 4.6457 0.7382 0.5315, 4.6457 0.7382 0.6614, 4.7244 0.6594 0.5827, 4.7244 0.6594 0.5315, 4.2323 -0.6791 0.126, 4.2323 0.7185 0.126, 4.0945 0.7185 0.126, 4.0945 -0.6791 0.126, 4.2323 0.7185 0.6614, 4.2323 -0.6791 0.6614, 4.0945 -0.6791 0.6614, 4.0945 0.7185 0.6614, 4.6559 0.7375 0.6607, 4.6758 0.7322 0.6554, 4.666 0.7355 0.6587, 4.7013 0.7151 0.6384, 4.6936 0.7219 0.6451, 4.685 0.7276 0.6509, 4.7139 0.6988 0.622, 4.7217 0.6798 0.6031, 4.7217 0.6798 0.5315, 4.7139 0.6988 0.5315, 4.7013 0.7151 0.5315, 4.685 0.7276 0.5315, 4.666 0.7355 0.5315, 3.8878 -0.9744 0.2362, 3.937 -0.9744 0.2362, 3.937 -0.6201 0.2362, 4.0748 -0.6201 0.2362, 4.0748 0.6004 0.2362, 3.8878 0.6004 0.2362, 4.0748 0.6004 0.5512, 3.8878 -0.6201 0.5512, 3.8878 0.6004 0.5512, 3.937 -1.0885 0.1487, 3.937 -1.0767 0.1772, 3.937 -1.005 0.2322, 3.937 -1.0335 0.2204, 3.937 -1.0579 0.2016, 3.8878 -1.0885 0.1487, 3.8878 -1.0767 0.1772, 3.8878 -1.0579 0.2016, 3.8878 -1.0335 0.2204, 3.8878 -1.005 0.2322, 3.7894 -1.0885 0.1487, 3.6909 -1.0885 0.1487, 3.7894 -1.0767 0.1772, 3.6909 -1.0767 0.1772, 3.7894 -1.0579 0.2016, 3.6909 -1.0579 0.2016, 3.7894 -1.0335 0.2204, 3.6909 -1.0335 0.2204, 3.7894 -1.005 0.2322, 3.6909 -1.005 0.2322, 3.7894 -0.9744 0.2362, 3.6909 -0.9744 0.2362, 3.7894 0.6004 0.2362, 3.6909 0.6004 0.2362, 3.6909 0.6004 0.5512, 3.7894 0.6004 0.5512, 3.6909 -0.6201 0.5512, 3.7894 -0.6201 0.5512, 3.8878 0.6398 0.6693, 3.7894 0.6398 0.6693, 3.8878 0.6398 0.1181, 3.7894 0.6398 0.1181, 3.5925 -1.0885 0.1487, 3.4941 -1.0885 0.1487, 3.5925 -1.0767 0.1772, 3.4941 -1.0767 0.1772, 3.5925 -1.0579 0.2016, 3.4941 -1.0579 0.2016, 3.5925 -1.0335 0.2204, 3.4941 -1.0335 0.2204, 3.5925 -1.005 0.2322, 3.4941 -1.005 0.2322, 3.5925 -0.9744 0.2362, 3.4941 -0.9744 0.2362, 3.5925 0.6004 0.2362, 3.4941 0.6004 0.2362, 3.4941 0.6004 0.5512, 3.5925 0.6004 0.5512, 3.4941 -0.6201 0.5512, 3.5925 -0.6201 0.5512, 3.6909 0.6398 0.6693, 3.5925 0.6398 0.6693, 3.6909 0.6398 0.1181, 3.5925 0.6398 0.1181, 3.3957 -1.0885 0.1487, 3.2972 -1.0885 0.1487, 3.3957 -1.0767 0.1772, 3.2972 -1.0767 0.1772, 3.3957 -1.0579 0.2016, 3.2972 -1.0579 0.2016, 3.3957 -1.0335 0.2204, 3.2972 -1.0335 0.2204, 3.3957 -1.005 0.2322, 3.2972 -1.005 0.2322, 3.3957 -0.9744 0.2362, 3.2972 -0.9744 0.2362, 3.3957 0.6004 0.2362, 3.2972 0.6004 0.2362, 3.2972 0.6004 0.5512, 3.3957 0.6004 0.5512, 3.2972 -0.6201 0.5512, 3.3957 -0.6201 0.5512, 3.4941 0.6398 0.6693, 3.3957 0.6398 0.6693, 3.4941 0.6398 0.1181, 3.3957 0.6398 0.1181, 3.1988 -1.0885 0.1487, 3.1004 -1.0885 0.1487, 3.1988 -1.0767 0.1772, 3.1004 -1.0767 0.1772, 3.1988 -1.0579 0.2016, 3.1004 -1.0579 0.2016, 3.1988 -1.0335 0.2204, 3.1004 -1.0335 0.2204, 3.1988 -1.005 0.2322, 3.1004 -1.005 0.2322, 3.1988 -0.9744 0.2362, 3.1004 -0.9744 0.2362, 3.1988 0.6004 0.2362, 3.1004 0.6004 0.2362, 3.1004 0.6004 0.5512, 3.1988 0.6004 0.5512, 3.1004 -0.6201 0.5512, 3.1988 -0.6201 0.5512, 3.2972 0.6398 0.6693, 3.1988 0.6398 0.6693, 3.2972 0.6398 0.1181, 3.1988 0.6398 0.1181, 3.002 -1.0885 0.1487, 2.9035 -1.0885 0.1487, 3.002 -1.0767 0.1772, 2.9035 -1.0767 0.1772, 3.002 -1.0579 0.2016, 2.9035 -1.0579 0.2016, 3.002 -1.0335 0.2204, 2.9035 -1.0335 0.2204, 3.002 -1.005 0.2322, 2.9035 -1.005 0.2322, 3.002 -0.9744 0.2362, 2.9035 -0.9744 0.2362, 3.002 0.6004 0.2362, 2.9035 0.6004 0.2362, 2.9035 0.6004 0.5512, 3.002 0.6004 0.5512, 2.9035 -0.6201 0.5512, 3.002 -0.6201 0.5512, 3.1004 0.6398 0.6693, 3.002 0.6398 0.6693, 3.1004 0.6398 0.1181, 3.002 0.6398 0.1181, 2.8051 -1.0885 0.1487, 2.7067 -1.0885 0.1487, 2.8051 -1.0767 0.1772, 2.7067 -1.0767 0.1772, 2.8051 -1.0579 0.2016, 2.7067 -1.0579 0.2016, 2.8051 -1.0335 0.2204, 2.7067 -1.0335 0.2204, 2.8051 -1.005 0.2322, 2.7067 -1.005 0.2322, 2.8051 -0.9744 0.2362, 2.7067 -0.9744 0.2362, 2.8051 0.6004 0.2362, 2.7067 0.6004 0.2362, 2.7067 0.6004 0.5512, 2.8051 0.6004 0.5512, 2.7067 -0.6201 0.5512, 2.8051 -0.6201 0.5512, 2.9035 0.6398 0.6693, 2.8051 0.6398 0.6693, 2.9035 0.6398 0.1181, 2.8051 0.6398 0.1181, 2.6083 -1.0885 0.1487, 2.5098 -1.0885 0.1487, 2.6083 -1.0767 0.1772, 2.5098 -1.0767 0.1772, 2.6083 -1.0579 0.2016, 2.5098 -1.0579 0.2016, 2.6083 -1.0335 0.2204, 2.5098 -1.0335 0.2204, 2.6083 -1.005 0.2322, 2.5098 -1.005 0.2322, 2.6083 -0.9744 0.2362, 2.5098 -0.9744 0.2362, 2.6083 0.6004 0.2362, 2.5098 0.6004 0.2362, 2.5098 0.6004 0.5512, 2.6083 0.6004 0.5512, 2.5098 -0.6201 0.5512, 2.6083 -0.6201 0.5512, 2.7067 0.6398 0.6693, 2.6083 0.6398 0.6693, 2.7067 0.6398 0.1181, 2.6083 0.6398 0.1181, 2.4114 -1.0885 0.1487, 2.313 -1.0885 0.1487, 2.4114 -1.0767 0.1772, 2.313 -1.0767 0.1772, 2.4114 -1.0579 0.2016, 2.313 -1.0579 0.2016, 2.4114 -1.0335 0.2204, 2.313 -1.0335 0.2204, 2.4114 -1.005 0.2322, 2.313 -1.005 0.2322, 2.4114 -0.9744 0.2362, 2.313 -0.9744 0.2362, 2.4114 0.6004 0.2362, 2.313 0.6004 0.2362, 2.313 0.6004 0.5512, 2.4114 0.6004 0.5512, 2.313 -0.6201 0.5512, 2.4114 -0.6201 0.5512, 2.5098 0.6398 0.6693, 2.4114 0.6398 0.6693, 2.5098 0.6398 0.1181, 2.4114 0.6398 0.1181, 2.2146 -1.0885 0.1487, 2.1161 -1.0885 0.1487, 2.2146 -1.0767 0.1772, 2.1161 -1.0767 0.1772, 2.2146 -1.0579 0.2016, 2.1161 -1.0579 0.2016, 2.2146 -1.0335 0.2204, 2.1161 -1.0335 0.2204, 2.2146 -1.005 0.2322, 2.1161 -1.005 0.2322, 2.2146 -0.9744 0.2362, 2.1161 -0.9744 0.2362, 2.2146 0.6004 0.2362, 2.1161 0.6004 0.2362, 2.1161 0.6004 0.5512, 2.2146 0.6004 0.5512, 2.1161 -0.6201 0.5512, 2.2146 -0.6201 0.5512, 2.313 0.6398 0.6693, 2.2146 0.6398 0.6693, 2.313 0.6398 0.1181, 2.2146 0.6398 0.1181, 2.0177 -1.0885 0.1487, 1.9193 -1.0885 0.1487, 2.0177 -1.0767 0.1772, 1.9193 -1.0767 0.1772, 2.0177 -1.0579 0.2016, 1.9193 -1.0579 0.2016, 2.0177 -1.0335 0.2204, 1.9193 -1.0335 0.2204, 2.0177 -1.005 0.2322, 1.9193 -1.005 0.2322, 2.0177 -0.9744 0.2362, 1.9193 -0.9744 0.2362, 2.0177 0.6004 0.2362, 1.9193 0.6004 0.2362, 1.9193 0.6004 0.5512, 2.0177 0.6004 0.5512, 1.9193 -0.6201 0.5512, 2.0177 -0.6201 0.5512, 2.1161 0.6398 0.6693, 2.0177 0.6398 0.6693, 2.1161 0.6398 0.1181, 2.0177 0.6398 0.1181, 1.8209 -1.0885 0.1487, 1.7224 -1.0885 0.1487, 1.8209 -1.0767 0.1772, 1.7224 -1.0767 0.1772, 1.8209 -1.0579 0.2016, 1.7224 -1.0579 0.2016, 1.8209 -1.0335 0.2204, 1.7224 -1.0335 0.2204, 1.8209 -1.005 0.2322, 1.7224 -1.005 0.2322, 1.8209 -0.9744 0.2362, 1.7224 -0.9744 0.2362, 1.8209 0.6004 0.2362, 1.7224 0.6004 0.2362, 1.7224 0.6004 0.5512, 1.8209 0.6004 0.5512, 1.7224 -0.6201 0.5512, 1.8209 -0.6201 0.5512, 1.9193 0.6398 0.6693, 1.8209 0.6398 0.6693, 1.9193 0.6398 0.1181, 1.8209 0.6398 0.1181, 1.624 -1.0885 0.1487, 1.5256 -1.0885 0.1487, 1.624 -1.0767 0.1772, 1.5256 -1.0767 0.1772, 1.624 -1.0579 0.2016, 1.5256 -1.0579 0.2016, 1.624 -1.0335 0.2204, 1.5256 -1.0335 0.2204, 1.624 -1.005 0.2322, 1.5256 -1.005 0.2322, 1.624 -0.9744 0.2362, 1.5256 -0.9744 0.2362, 1.624 0.6004 0.2362, 1.5256 0.6004 0.2362, 1.5256 0.6004 0.5512, 1.624 0.6004 0.5512, 1.5256 -0.6201 0.5512, 1.624 -0.6201 0.5512, 1.7224 0.6398 0.6693, 1.624 0.6398 0.6693, 1.7224 0.6398 0.1181, 1.624 0.6398 0.1181, 1.4272 -1.0885 0.1487, 1.3287 -1.0885 0.1487, 1.4272 -1.0767 0.1772, 1.3287 -1.0767 0.1772, 1.4272 -1.0579 0.2016, 1.3287 -1.0579 0.2016, 1.4272 -1.0335 0.2204, 1.3287 -1.0335 0.2204, 1.4272 -1.005 0.2322, 1.3287 -1.005 0.2322, 1.4272 -0.9744 0.2362, 1.3287 -0.9744 0.2362, 1.4272 0.6004 0.2362, 1.3287 0.6004 0.2362, 1.3287 0.6004 0.5512, 1.4272 0.6004 0.5512, 1.3287 -0.6201 0.5512, 1.4272 -0.6201 0.5512, 1.5256 0.6398 0.6693, 1.4272 0.6398 0.6693, 1.5256 0.6398 0.1181, 1.4272 0.6398 0.1181, 1.2303 -1.0885 0.1487, 1.1319 -1.0885 0.1487, 1.2303 -1.0767 0.1772, 1.1319 -1.0767 0.1772, 1.2303 -1.0579 0.2016, 1.1319 -1.0579 0.2016, 1.2303 -1.0335 0.2204, 1.1319 -1.0335 0.2204, 1.2303 -1.005 0.2322, 1.1319 -1.005 0.2322, 1.2303 -0.9744 0.2362, 1.1319 -0.9744 0.2362, 1.2303 0.6004 0.2362, 1.1319 0.6004 0.2362, 1.1319 0.6004 0.5512, 1.2303 0.6004 0.5512, 1.1319 -0.6201 0.5512, 1.2303 -0.6201 0.5512, 1.3287 0.6398 0.6693, 1.2303 0.6398 0.6693, 1.3287 0.6398 0.1181, 1.2303 0.6398 0.1181, 1.0335 -1.0885 0.1487, 0.935 -1.0885 0.1487, 1.0335 -1.0767 0.1772, 0.935 -1.0767 0.1772, 1.0335 -1.0579 0.2016, 0.935 -1.0579 0.2016, 1.0335 -1.0335 0.2204, 0.935 -1.0335 0.2204, 1.0335 -1.005 0.2322, 0.935 -1.005 0.2322, 1.0335 -0.9744 0.2362, 0.935 -0.9744 0.2362, 1.0335 0.6004 0.2362, 0.935 0.6004 0.2362, 0.935 0.6004 0.5512, 1.0335 0.6004 0.5512, 0.935 -0.6201 0.5512, 1.0335 -0.6201 0.5512, 1.1319 0.6398 0.6693, 1.0335 0.6398 0.6693, 1.1319 0.6398 0.1181, 1.0335 0.6398 0.1181, 0.8366 -1.0885 0.1487, 0.7382 -1.0885 0.1487, 0.8366 -1.0767 0.1772, 0.7382 -1.0767 0.1772, 0.8366 -1.0579 0.2016, 0.7382 -1.0579 0.2016, 0.8366 -1.0335 0.2204, 0.7382 -1.0335 0.2204, 0.8366 -1.005 0.2322, 0.7382 -1.005 0.2322, 0.8366 -0.9744 0.2362, 0.7382 -0.9744 0.2362, 0.8366 0.6004 0.2362, 0.7382 0.6004 0.2362, 0.7382 0.6004 0.5512, 0.8366 0.6004 0.5512, 0.7382 -0.6201 0.5512, 0.8366 -0.6201 0.5512, 0.935 0.6398 0.6693, 0.8366 0.6398 0.6693, 0.935 0.6398 0.1181, 0.8366 0.6398 0.1181, 0.6398 -1.0885 0.1487, 0.5413 -1.0885 0.1487, 0.6398 -1.0767 0.1772, 0.5413 -1.0767 0.1772, 0.6398 -1.0579 0.2016, 0.5413 -1.0579 0.2016, 0.6398 -1.0335 0.2204, 0.5413 -1.0335 0.2204, 0.6398 -1.005 0.2322, 0.5413 -1.005 0.2322, 0.6398 -0.9744 0.2362, 0.5413 -0.9744 0.2362, 0.6398 0.6004 0.2362, 0.5413 0.6004 0.2362, 0.5413 0.6004 0.5512, 0.6398 0.6004 0.5512, 0.5413 -0.6201 0.5512, 0.6398 -0.6201 0.5512, 0.7382 0.6398 0.6693, 0.6398 0.6398 0.6693, 0.7382 0.6398 0.1181, 0.6398 0.6398 0.1181, 0.4429 -1.0885 0.1487, 0.3445 -1.0885 0.1487, 0.4429 -1.0767 0.1772, 0.3445 -1.0767 0.1772, 0.4429 -1.0579 0.2016, 0.3445 -1.0579 0.2016, 0.4429 -1.0335 0.2204, 0.3445 -1.0335 0.2204, 0.4429 -1.005 0.2322, 0.3445 -1.005 0.2322, 0.4429 -0.9744 0.2362, 0.3445 -0.9744 0.2362, 0.4429 0.6004 0.2362, 0.3445 0.6004 0.2362, 0.3445 0.6004 0.5512, 0.4429 0.6004 0.5512, 0.3445 -0.6201 0.5512, 0.4429 -0.6201 0.5512, 0.5413 0.6398 0.6693, 0.4429 0.6398 0.6693, 0.5413 0.6398 0.1181, 0.4429 0.6398 0.1181, 0.2461 -1.0885 0.1487, 0.1476 -1.0885 0.1487, 0.2461 -1.0767 0.1772, 0.1476 -1.0767 0.1772, 0.2461 -1.0579 0.2016, 0.1476 -1.0579 0.2016, 0.2461 -1.0335 0.2204, 0.1476 -1.0335 0.2204, 0.2461 -1.005 0.2322, 0.1476 -1.005 0.2322, 0.2461 -0.9744 0.2362, 0.1476 -0.9744 0.2362, 0.2461 0.6004 0.2362, 0.1476 0.6004 0.2362, 0.1476 0.6004 0.5512, 0.2461 0.6004 0.5512, 0.1476 -0.6201 0.5512, 0.2461 -0.6201 0.5512, 0.3445 0.6398 0.6693, 0.2461 0.6398 0.6693, 0.3445 0.6398 0.1181, 0.2461 0.6398 0.1181, 0.0492 -1.0885 0.1487, -0.0492 -1.0885 0.1487, 0.0492 -1.0767 0.1772, -0.0492 -1.0767 0.1772, 0.0492 -1.0579 0.2016, -0.0492 -1.0579 0.2016, 0.0492 -1.0335 0.2204, -0.0492 -1.0335 0.2204, 0.0492 -1.005 0.2322, -0.0492 -1.005 0.2322, 0.0492 -0.9744 0.2362, -0.0492 -0.9744 0.2362, 0.0492 0.6004 0.2362, -0.0492 0.6004 0.2362, -0.0492 0.6004 0.5512, 0.0492 0.6004 0.5512, -0.0492 -0.6201 0.5512, 0.0492 -0.6201 0.5512, 0.1476 0.6398 0.6693, 0.0492 0.6398 0.6693, 0.1476 0.6398 0.1181, 0.0492 0.6398 0.1181, -0.1476 -1.0885 0.1487, -0.2461 -1.0885 0.1487, -0.1476 -1.0767 0.1772, -0.2461 -1.0767 0.1772, -0.1476 -1.0579 0.2016, -0.2461 -1.0579 0.2016, -0.1476 -1.0335 0.2204, -0.2461 -1.0335 0.2204, -0.1476 -1.005 0.2322, -0.2461 -1.005 0.2322, -0.1476 -0.9744 0.2362, -0.2461 -0.9744 0.2362, -0.1476 0.6004 0.2362, -0.2461 0.6004 0.2362, -0.2461 0.6004 0.5512, -0.1476 0.6004 0.5512, -0.2461 -0.6201 0.5512, -0.1476 -0.6201 0.5512, -0.0492 0.6398 0.6693, -0.1476 0.6398 0.6693, -0.0492 0.6398 0.1181, -0.1476 0.6398 0.1181, -0.3445 -1.0885 0.1487, -0.4429 -1.0885 0.1487, -0.3445 -1.0767 0.1772, -0.4429 -1.0767 0.1772, -0.3445 -1.0579 0.2016, -0.4429 -1.0579 0.2016, -0.3445 -1.0335 0.2204, -0.4429 -1.0335 0.2204, -0.3445 -1.005 0.2322, -0.4429 -1.005 0.2322, -0.3445 -0.9744 0.2362, -0.4429 -0.9744 0.2362, -0.3445 0.6004 0.2362, -0.4429 0.6004 0.2362, -0.4429 0.6004 0.5512, -0.3445 0.6004 0.5512, -0.4429 -0.6201 0.5512, -0.3445 -0.6201 0.5512, -0.2461 0.6398 0.6693, -0.3445 0.6398 0.6693, -0.2461 0.6398 0.1181, -0.3445 0.6398 0.1181, -0.5413 -1.0885 0.1487, -0.6398 -1.0885 0.1487, -0.5413 -1.0767 0.1772, -0.6398 -1.0767 0.1772, -0.5413 -1.0579 0.2016, -0.6398 -1.0579 0.2016, -0.5413 -1.0335 0.2204, -0.6398 -1.0335 0.2204, -0.5413 -1.005 0.2322, -0.6398 -1.005 0.2322, -0.5413 -0.9744 0.2362, -0.6398 -0.9744 0.2362, -0.5413 0.6004 0.2362, -0.6398 0.6004 0.2362, -0.6398 0.6004 0.5512, -0.5413 0.6004 0.5512, -0.6398 -0.6201 0.5512, -0.5413 -0.6201 0.5512, -0.4429 0.6398 0.6693, -0.5413 0.6398 0.6693, -0.4429 0.6398 0.1181, -0.5413 0.6398 0.1181, -0.7382 -1.0885 0.1487, -0.8366 -1.0885 0.1487, -0.7382 -1.0767 0.1772, -0.8366 -1.0767 0.1772, -0.7382 -1.0579 0.2016, -0.8366 -1.0579 0.2016, -0.7382 -1.0335 0.2204, -0.8366 -1.0335 0.2204, -0.7382 -1.005 0.2322, -0.8366 -1.005 0.2322, -0.7382 -0.9744 0.2362, -0.8366 -0.9744 0.2362, -0.7382 0.6004 0.2362, -0.8366 0.6004 0.2362, -0.8366 0.6004 0.5512, -0.7382 0.6004 0.5512, -0.8366 -0.6201 0.5512, -0.7382 -0.6201 0.5512, -0.6398 0.6398 0.6693, -0.7382 0.6398 0.6693, -0.6398 0.6398 0.1181, -0.7382 0.6398 0.1181, -0.935 -1.0885 0.1487, -1.0335 -1.0885 0.1487, -0.935 -1.0767 0.1772, -1.0335 -1.0767 0.1772, -0.935 -1.0579 0.2016, -1.0335 -1.0579 0.2016, -0.935 -1.0335 0.2204, -1.0335 -1.0335 0.2204, -0.935 -1.005 0.2322, -1.0335 -1.005 0.2322, -0.935 -0.9744 0.2362, -1.0335 -0.9744 0.2362, -0.935 0.6004 0.2362, -1.0335 0.6004 0.2362, -1.0335 0.6004 0.5512, -0.935 0.6004 0.5512, -1.0335 -0.6201 0.5512, -0.935 -0.6201 0.5512, -1.1319 -1.0885 0.1487, -1.2303 -1.0885 0.1487, -1.1319 -1.0767 0.1772, -1.2303 -1.0767 0.1772, -1.1319 -1.0579 0.2016, -1.2303 -1.0579 0.2016, -1.1319 -1.0335 0.2204, -1.2303 -1.0335 0.2204, -1.1319 -1.005 0.2322, -1.2303 -1.005 0.2322, -1.1319 -0.9744 0.2362, -1.2303 -0.9744 0.2362, -1.1319 0.6004 0.2362, -1.2303 0.6004 0.2362, -1.2303 0.6004 0.5512, -1.1319 0.6004 0.5512, -1.2303 -0.6201 0.5512, -1.1319 -0.6201 0.5512, -1.0335 0.6398 0.6693, -1.1319 0.6398 0.6693, -1.0335 0.6398 0.1181, -1.1319 0.6398 0.1181, -0.8366 0.6398 0.6693, -0.935 0.6398 0.6693, -0.8366 0.6398 0.1181, -0.935 0.6398 0.1181, -1.3287 -1.0885 0.1487, -1.4272 -1.0885 0.1487, -1.3287 -1.0767 0.1772, -1.4272 -1.0767 0.1772, -1.3287 -1.0579 0.2016, -1.4272 -1.0579 0.2016, -1.3287 -1.0335 0.2204, -1.4272 -1.0335 0.2204, -1.3287 -1.005 0.2322, -1.4272 -1.005 0.2322, -1.3287 -0.9744 0.2362, -1.4272 -0.9744 0.2362, -1.3287 0.6004 0.2362, -1.4272 0.6004 0.2362, -1.4272 0.6004 0.5512, -1.3287 0.6004 0.5512, -1.4272 -0.6201 0.5512, -1.3287 -0.6201 0.5512, -1.2303 0.6398 0.6693, -1.3287 0.6398 0.6693, -1.2303 0.6398 0.1181, -1.3287 0.6398 0.1181, -1.5256 -1.0885 0.1487, -1.624 -1.0885 0.1487, -1.5256 -1.0767 0.1772, -1.624 -1.0767 0.1772, -1.5256 -1.0579 0.2016, -1.624 -1.0579 0.2016, -1.5256 -1.0335 0.2204, -1.624 -1.0335 0.2204, -1.5256 -1.005 0.2322, -1.624 -1.005 0.2322, -1.5256 -0.9744 0.2362, -1.624 -0.9744 0.2362, -1.5256 0.6004 0.2362, -1.624 0.6004 0.2362, -1.624 0.6004 0.5512, -1.5256 0.6004 0.5512, -1.624 -0.6201 0.5512, -1.5256 -0.6201 0.5512, -1.4272 0.6398 0.6693, -1.5256 0.6398 0.6693, -1.4272 0.6398 0.1181, -1.5256 0.6398 0.1181, -1.7224 -1.0885 0.1487, -1.8209 -1.0885 0.1487, -1.7224 -1.0767 0.1772, -1.8209 -1.0767 0.1772, -1.7224 -1.0579 0.2016, -1.8209 -1.0579 0.2016, -1.7224 -1.0335 0.2204, -1.8209 -1.0335 0.2204, -1.7224 -1.005 0.2322, -1.8209 -1.005 0.2322, -1.7224 -0.9744 0.2362, -1.8209 -0.9744 0.2362, -1.7224 0.6004 0.2362, -1.8209 0.6004 0.2362, -1.8209 0.6004 0.5512, -1.7224 0.6004 0.5512, -1.8209 -0.6201 0.5512, -1.7224 -0.6201 0.5512, -1.624 0.6398 0.6693, -1.7224 0.6398 0.6693, -1.624 0.6398 0.1181, -1.7224 0.6398 0.1181, -1.9193 -1.0885 0.1487, -2.0177 -1.0885 0.1487, -1.9193 -1.0767 0.1772, -2.0177 -1.0767 0.1772, -1.9193 -1.0579 0.2016, -2.0177 -1.0579 0.2016, -1.9193 -1.0335 0.2204, -2.0177 -1.0335 0.2204, -1.9193 -1.005 0.2322, -2.0177 -1.005 0.2322, -1.9193 -0.9744 0.2362, -2.0177 -0.9744 0.2362, -1.9193 0.6004 0.2362, -2.0177 0.6004 0.2362, -2.0177 0.6004 0.5512, -1.9193 0.6004 0.5512, -2.0177 -0.6201 0.5512, -1.9193 -0.6201 0.5512, -1.8209 0.6398 0.6693, -1.9193 0.6398 0.6693, -1.8209 0.6398 0.1181, -1.9193 0.6398 0.1181, -2.1161 -1.0885 0.1487, -2.2146 -1.0885 0.1487, -2.1161 -1.0767 0.1772, -2.2146 -1.0767 0.1772, -2.1161 -1.0579 0.2016, -2.2146 -1.0579 0.2016, -2.1161 -1.0335 0.2204, -2.2146 -1.0335 0.2204, -2.1161 -1.005 0.2322, -2.2146 -1.005 0.2322, -2.1161 -0.9744 0.2362, -2.2146 -0.9744 0.2362, -2.1161 0.6004 0.2362, -2.2146 0.6004 0.2362, -2.2146 0.6004 0.5512, -2.1161 0.6004 0.5512, -2.2146 -0.6201 0.5512, -2.1161 -0.6201 0.5512, -2.0177 0.6398 0.6693, -2.1161 0.6398 0.6693, -2.0177 0.6398 0.1181, -2.1161 0.6398 0.1181, -2.313 -1.0885 0.1487, -2.4114 -1.0885 0.1487, -2.313 -1.0767 0.1772, -2.4114 -1.0767 0.1772, -2.313 -1.0579 0.2016, -2.4114 -1.0579 0.2016, -2.313 -1.0335 0.2204, -2.4114 -1.0335 0.2204, -2.313 -1.005 0.2322, -2.4114 -1.005 0.2322, -2.313 -0.9744 0.2362, -2.4114 -0.9744 0.2362, -2.313 0.6004 0.2362, -2.4114 0.6004 0.2362, -2.4114 0.6004 0.5512, -2.313 0.6004 0.5512, -2.4114 -0.6201 0.5512, -2.313 -0.6201 0.5512, -2.2146 0.6398 0.6693, -2.313 0.6398 0.6693, -2.2146 0.6398 0.1181, -2.313 0.6398 0.1181, -2.5098 -1.0885 0.1487, -2.6083 -1.0885 0.1487, -2.5098 -1.0767 0.1772, -2.6083 -1.0767 0.1772, -2.5098 -1.0579 0.2016, -2.6083 -1.0579 0.2016, -2.5098 -1.0335 0.2204, -2.6083 -1.0335 0.2204, -2.5098 -1.005 0.2322, -2.6083 -1.005 0.2322, -2.5098 -0.9744 0.2362, -2.6083 -0.9744 0.2362, -2.5098 0.6004 0.2362, -2.6083 0.6004 0.2362, -2.6083 0.6004 0.5512, -2.5098 0.6004 0.5512, -2.6083 -0.6201 0.5512, -2.5098 -0.6201 0.5512, -2.4114 0.6398 0.6693, -2.5098 0.6398 0.6693, -2.4114 0.6398 0.1181, -2.5098 0.6398 0.1181, -2.7067 -1.0885 0.1487, -2.8051 -1.0885 0.1487, -2.7067 -1.0767 0.1772, -2.8051 -1.0767 0.1772, -2.7067 -1.0579 0.2016, -2.8051 -1.0579 0.2016, -2.7067 -1.0335 0.2204, -2.8051 -1.0335 0.2204, -2.7067 -1.005 0.2322, -2.8051 -1.005 0.2322, -2.7067 -0.9744 0.2362, -2.8051 -0.9744 0.2362, -2.7067 0.6004 0.2362, -2.8051 0.6004 0.2362, -2.8051 0.6004 0.5512, -2.7067 0.6004 0.5512, -2.8051 -0.6201 0.5512, -2.7067 -0.6201 0.5512, -2.6083 0.6398 0.6693, -2.7067 0.6398 0.6693, -2.6083 0.6398 0.1181, -2.7067 0.6398 0.1181, -2.9035 -1.0885 0.1487, -3.002 -1.0885 0.1487, -2.9035 -1.0767 0.1772, -3.002 -1.0767 0.1772, -2.9035 -1.0579 0.2016, -3.002 -1.0579 0.2016, -2.9035 -1.0335 0.2204, -3.002 -1.0335 0.2204, -2.9035 -1.005 0.2322, -3.002 -1.005 0.2322, -2.9035 -0.9744 0.2362, -3.002 -0.9744 0.2362, -2.9035 0.6004 0.2362, -3.002 0.6004 0.2362, -3.002 0.6004 0.5512, -2.9035 0.6004 0.5512, -3.002 -0.6201 0.5512, -2.9035 -0.6201 0.5512, -2.8051 0.6398 0.6693, -2.9035 0.6398 0.6693, -2.8051 0.6398 0.1181, -2.9035 0.6398 0.1181, -3.002 0.6398 0.6693, -3.1004 0.6398 0.6693, -3.002 0.6398 0.1181, -3.1004 0.6398 0.1181]} coordIndex [0,1,2,-1,2,1,3,-1,1,0,4,-1,1,4,5,-1,5,4,6,-1,5,6,7,-1,7,6,8,-1,7,8,9,-1,9,8,10,-1,10,8,11,-1,10,11,12,-1,12,11,13,-1,13,11,14,-1,13,14,15,-1,15,14,16,-1,16,14,17,-1,16,17,18,-1,19,20,21,-1,21,20,22,-1,2,23,24,-1,24,23,25,-1,24,25,26,-1,26,25,27,-1,26,27,28,-1,28,27,29,-1,30,31,32,-1,32,31,33,-1,2,3,23,-1,23,3,31,-1,23,31,34,-1,34,31,30,-1,35,36,29,-1,29,36,37,-1,29,37,28,-1,35,38,36,-1,36,38,39,-1,36,39,40,-1,41,42,43,-1,41,43,44,-1,44,43,45,-1,44,45,46,-1,47,48,49,-1,50,51,46,-1,52,53,54,-1,55,56,45,-1,45,56,57,-1,45,57,46,-1,46,57,47,-1,46,47,50,-1,50,47,49,-1,58,59,46,-1,60,61,51,-1,51,61,62,-1,51,62,46,-1,46,62,52,-1,46,52,58,-1,58,52,54,-1,63,64,65,-1,66,67,46,-1,65,66,63,-1,63,66,46,-1,63,46,68,-1,68,46,59,-1,68,59,69,-1,69,59,70,-1,71,72,73,-1,74,75,46,-1,73,74,71,-1,71,74,46,-1,71,46,76,-1,76,46,67,-1,76,67,77,-1,77,67,78,-1,79,80,81,-1,82,83,46,-1,81,82,79,-1,79,82,46,-1,79,46,84,-1,84,46,75,-1,84,75,85,-1,85,75,86,-1,87,88,89,-1,90,91,46,-1,89,90,87,-1,87,90,46,-1,87,46,92,-1,92,46,83,-1,92,83,93,-1,93,83,94,-1,95,96,97,-1,98,99,46,-1,97,98,95,-1,95,98,46,-1,95,46,100,-1,100,46,91,-1,100,91,101,-1,101,91,102,-1,103,104,105,-1,106,107,46,-1,105,106,103,-1,103,106,46,-1,103,46,108,-1,108,46,99,-1,108,99,109,-1,109,99,110,-1,111,112,113,-1,114,115,46,-1,113,114,111,-1,111,114,46,-1,111,46,116,-1,116,46,107,-1,116,107,117,-1,117,107,118,-1,119,120,121,-1,122,123,46,-1,121,122,119,-1,119,122,46,-1,119,46,124,-1,124,46,115,-1,124,115,125,-1,125,115,126,-1,127,128,129,-1,130,131,46,-1,129,130,127,-1,127,130,46,-1,127,46,132,-1,132,46,123,-1,132,123,133,-1,133,123,134,-1,135,136,137,-1,138,139,46,-1,137,138,135,-1,135,138,46,-1,135,46,140,-1,140,46,131,-1,140,131,141,-1,141,131,142,-1,143,144,145,-1,146,147,46,-1,145,146,143,-1,143,146,46,-1,143,46,148,-1,148,46,139,-1,148,139,149,-1,149,139,150,-1,151,152,153,-1,154,155,46,-1,153,154,151,-1,151,154,46,-1,151,46,156,-1,156,46,147,-1,156,147,157,-1,157,147,158,-1,159,160,161,-1,162,163,46,-1,161,162,159,-1,159,162,46,-1,159,46,164,-1,164,46,155,-1,164,155,165,-1,165,155,166,-1,167,168,169,-1,170,171,46,-1,169,170,167,-1,167,170,46,-1,167,46,172,-1,172,46,163,-1,172,163,173,-1,173,163,174,-1,175,176,177,-1,178,179,46,-1,177,178,175,-1,175,178,46,-1,175,46,180,-1,180,46,171,-1,180,171,181,-1,181,171,182,-1,183,184,185,-1,186,187,46,-1,185,186,183,-1,183,186,46,-1,183,46,188,-1,188,46,179,-1,188,179,189,-1,189,179,190,-1,191,192,193,-1,194,195,46,-1,193,194,191,-1,191,194,46,-1,191,46,196,-1,196,46,187,-1,196,187,197,-1,197,187,198,-1,20,19,199,-1,199,19,46,-1,199,46,200,-1,200,46,195,-1,200,195,201,-1,201,195,202,-1,203,204,205,-1,205,204,206,-1,205,206,207,-1,207,206,208,-1,207,208,17,-1,17,208,18,-1,209,210,211,-1,212,213,214,-1,214,213,215,-1,216,217,218,-1,218,217,219,-1,218,219,220,-1,221,222,223,-1,223,222,224,-1,225,226,211,-1,214,227,212,-1,212,227,228,-1,212,228,229,-1,230,231,232,-1,232,231,233,-1,225,211,230,-1,226,234,211,-1,211,234,235,-1,211,235,209,-1,236,237,215,-1,238,239,240,-1,240,239,241,-1,240,241,242,-1,243,244,245,-1,220,219,246,-1,246,219,247,-1,246,247,213,-1,213,247,248,-1,213,248,249,-1,249,250,213,-1,213,250,251,-1,213,251,215,-1,215,251,223,-1,215,223,236,-1,236,223,224,-1,252,253,254,-1,254,253,255,-1,254,255,256,-1,252,254,245,-1,245,254,257,-1,245,257,243,-1,258,259,260,-1,259,261,262,-1,262,261,232,-1,262,232,263,-1,263,232,233,-1,263,233,264,-1,265,266,267,-1,267,266,229,-1,267,229,268,-1,268,229,228,-1,269,270,212,-1,270,271,212,-1,212,271,272,-1,212,272,273,-1,240,274,212,-1,259,275,276,-1,277,278,279,-1,273,280,212,-1,212,280,281,-1,212,281,240,-1,240,281,282,-1,240,282,238,-1,258,283,259,-1,259,283,284,-1,259,284,275,-1,276,285,259,-1,259,285,286,-1,259,286,261,-1,287,288,277,-1,277,288,289,-1,277,289,278,-1,290,291,265,-1,265,291,292,-1,265,292,293,-1,256,255,294,-1,294,255,295,-1,294,295,296,-1,296,295,297,-1,296,297,298,-1,299,260,300,-1,300,260,301,-1,299,302,260,-1,260,302,303,-1,260,303,258,-1,264,304,263,-1,263,304,305,-1,263,305,306,-1,293,307,265,-1,265,307,308,-1,265,308,266,-1,269,212,309,-1,309,212,229,-1,309,229,310,-1,245,311,312,-1,313,314,315,-1,244,316,245,-1,245,316,317,-1,245,317,311,-1,311,317,318,-1,279,319,277,-1,277,319,263,-1,277,263,320,-1,320,263,306,-1,310,229,297,-1,297,229,321,-1,297,321,298,-1,312,322,245,-1,245,322,313,-1,245,313,216,-1,216,313,315,-1,216,315,217,-1,323,324,325,-1,326,327,211,-1,211,327,328,-1,328,329,211,-1,211,329,330,-1,211,330,331,-1,332,333,212,-1,212,333,334,-1,335,325,336,-1,336,325,337,-1,211,338,339,-1,340,341,342,-1,343,344,345,-1,345,344,346,-1,345,346,340,-1,340,346,347,-1,340,347,341,-1,348,349,350,-1,350,349,351,-1,352,353,354,-1,355,356,357,-1,358,359,212,-1,360,361,362,-1,331,363,211,-1,211,363,364,-1,211,364,365,-1,339,332,211,-1,211,332,212,-1,211,212,230,-1,230,212,274,-1,230,274,231,-1,354,366,352,-1,352,366,367,-1,352,367,368,-1,368,367,350,-1,368,350,369,-1,369,350,351,-1,370,371,372,-1,372,371,373,-1,374,375,376,-1,377,378,379,-1,380,381,337,-1,335,382,325,-1,325,382,383,-1,325,383,384,-1,385,386,211,-1,211,386,387,-1,211,387,338,-1,334,388,212,-1,212,388,389,-1,212,389,390,-1,390,391,212,-1,212,391,392,-1,212,392,393,-1,393,392,394,-1,342,395,340,-1,340,395,396,-1,340,396,392,-1,392,396,397,-1,392,397,394,-1,355,357,398,-1,399,400,401,-1,401,400,402,-1,401,402,403,-1,403,402,404,-1,403,404,405,-1,406,360,357,-1,357,360,362,-1,357,362,407,-1,408,409,410,-1,410,409,411,-1,411,412,410,-1,410,412,413,-1,410,413,414,-1,415,416,337,-1,337,416,417,-1,337,417,336,-1,418,419,420,-1,421,422,212,-1,212,422,423,-1,212,423,358,-1,380,337,424,-1,424,337,212,-1,424,212,376,-1,376,212,359,-1,376,359,374,-1,425,426,427,-1,427,426,428,-1,427,428,410,-1,410,428,429,-1,410,429,408,-1,430,361,431,-1,431,361,432,-1,430,433,361,-1,361,433,434,-1,361,434,362,-1,379,435,377,-1,377,435,436,-1,377,436,437,-1,438,439,440,-1,440,439,381,-1,393,441,442,-1,443,444,445,-1,353,352,401,-1,401,352,446,-1,401,446,399,-1,420,419,447,-1,447,419,448,-1,447,448,449,-1,406,450,360,-1,360,450,451,-1,360,451,452,-1,453,454,410,-1,410,454,455,-1,410,455,456,-1,437,436,361,-1,361,436,457,-1,361,457,432,-1,365,458,211,-1,211,458,459,-1,211,459,460,-1,461,462,407,-1,407,462,405,-1,356,463,357,-1,357,463,464,-1,357,464,465,-1,465,464,443,-1,465,443,466,-1,466,443,445,-1,370,372,420,-1,420,372,467,-1,420,467,418,-1,373,468,372,-1,372,468,469,-1,372,469,470,-1,414,471,410,-1,410,471,472,-1,410,472,453,-1,381,439,337,-1,337,439,473,-1,337,473,415,-1,405,404,407,-1,407,404,474,-1,407,474,357,-1,357,474,475,-1,357,475,398,-1,425,476,426,-1,426,476,477,-1,426,477,478,-1,478,479,426,-1,426,479,480,-1,426,480,481,-1,481,482,426,-1,426,482,483,-1,426,483,452,-1,452,483,484,-1,452,484,485,-1,486,385,487,-1,487,385,211,-1,487,211,488,-1,488,211,460,-1,489,490,407,-1,407,490,491,-1,407,491,461,-1,492,493,212,-1,212,493,494,-1,212,494,421,-1,375,495,376,-1,376,495,496,-1,376,496,497,-1,497,496,498,-1,497,498,499,-1,499,498,500,-1,499,500,501,-1,501,500,447,-1,501,447,502,-1,502,447,449,-1,485,503,452,-1,452,503,504,-1,452,504,360,-1,505,506,489,-1,489,506,507,-1,489,507,490,-1,393,442,212,-1,212,442,508,-1,212,508,509,-1,441,393,489,-1,489,393,510,-1,489,510,505,-1,509,511,212,-1,212,511,512,-1,212,512,492,-1,456,326,410,-1,410,326,211,-1,410,211,513,-1,514,515,516,-1,517,518,515,-1,519,520,518,-1,518,520,521,-1,516,515,522,-1,523,524,525,-1,526,527,528,-1,529,530,531,-1,518,532,533,-1,518,533,515,-1,515,533,534,-1,515,534,522,-1,535,536,323,-1,530,529,537,-1,537,529,538,-1,537,538,539,-1,540,537,541,-1,541,537,542,-1,470,543,372,-1,372,543,544,-1,372,544,545,-1,545,544,514,-1,545,514,546,-1,546,514,516,-1,384,547,325,-1,325,547,523,-1,325,523,323,-1,323,523,525,-1,323,525,548,-1,528,535,526,-1,526,535,323,-1,526,323,549,-1,549,323,548,-1,549,548,550,-1,550,548,551,-1,539,552,537,-1,537,552,553,-1,537,553,542,-1,554,555,556,-1,557,558,518,-1,518,558,559,-1,518,559,532,-1,531,560,529,-1,529,560,561,-1,529,561,562,-1,563,564,323,-1,556,563,554,-1,554,563,323,-1,554,323,565,-1,565,323,536,-1,565,536,566,-1,566,536,567,-1,525,568,548,-1,548,568,569,-1,548,569,521,-1,521,569,570,-1,521,570,518,-1,518,570,571,-1,572,573,574,-1,571,575,518,-1,518,575,576,-1,518,576,577,-1,577,578,518,-1,518,578,529,-1,518,529,557,-1,557,529,562,-1,579,580,323,-1,574,579,572,-1,572,579,323,-1,572,323,581,-1,581,323,564,-1,581,564,582,-1,582,564,583,-1,584,585,586,-1,587,588,323,-1,586,587,584,-1,584,587,323,-1,584,323,589,-1,589,323,580,-1,589,580,590,-1,590,580,591,-1,592,593,594,-1,595,596,323,-1,594,595,592,-1,592,595,323,-1,592,323,597,-1,597,323,588,-1,597,588,598,-1,598,588,599,-1,600,601,602,-1,603,604,323,-1,602,603,600,-1,600,603,323,-1,600,323,605,-1,605,323,596,-1,605,596,606,-1,606,596,607,-1,608,609,610,-1,611,612,323,-1,610,611,608,-1,608,611,323,-1,608,323,613,-1,613,323,604,-1,613,604,614,-1,614,604,615,-1,616,617,618,-1,619,620,323,-1,618,619,616,-1,616,619,323,-1,616,323,621,-1,621,323,612,-1,621,612,622,-1,622,612,623,-1,624,625,626,-1,627,628,323,-1,626,627,624,-1,624,627,323,-1,624,323,629,-1,629,323,620,-1,629,620,630,-1,630,620,631,-1,632,633,634,-1,634,633,323,-1,634,323,635,-1,635,323,628,-1,635,628,636,-1,636,628,637,-1,218,21,638,-1,638,21,22,-1,210,216,211,-1,211,216,218,-1,211,218,639,-1,639,218,638,-1,640,641,642,-1,643,644,211,-1,642,643,640,-1,640,643,211,-1,640,211,645,-1,645,211,639,-1,645,639,646,-1,646,639,647,-1,648,649,650,-1,651,652,211,-1,650,651,648,-1,648,651,211,-1,648,211,653,-1,653,211,644,-1,653,644,654,-1,654,644,655,-1,656,657,658,-1,659,660,211,-1,658,659,656,-1,656,659,211,-1,656,211,661,-1,661,211,652,-1,661,652,662,-1,662,652,663,-1,664,665,666,-1,667,668,211,-1,666,667,664,-1,664,667,211,-1,664,211,669,-1,669,211,660,-1,669,660,670,-1,670,660,671,-1,672,673,674,-1,675,676,211,-1,674,675,672,-1,672,675,211,-1,672,211,677,-1,677,211,668,-1,677,668,678,-1,678,668,679,-1,680,681,682,-1,683,684,211,-1,682,683,680,-1,680,683,211,-1,680,211,685,-1,685,211,676,-1,685,676,686,-1,686,676,687,-1,688,689,690,-1,691,692,211,-1,690,691,688,-1,688,691,211,-1,688,211,693,-1,693,211,684,-1,693,684,694,-1,694,684,695,-1,696,697,698,-1,699,700,211,-1,698,699,696,-1,696,699,211,-1,696,211,701,-1,701,211,692,-1,701,692,702,-1,702,692,703,-1,704,705,706,-1,707,708,211,-1,706,707,704,-1,704,707,211,-1,704,211,709,-1,709,211,700,-1,709,700,710,-1,710,700,711,-1,515,513,517,-1,517,513,211,-1,517,211,712,-1,712,211,708,-1,712,708,713,-1,713,708,714,-1,715,716,717,-1,717,716,718,-1,717,718,540,-1,540,718,719,-1,540,719,537,-1,220,246,720,-1,721,722,723,-1,720,724,220,-1,220,724,725,-1,220,725,46,-1,46,725,726,-1,46,726,721,-1,727,728,729,-1,729,728,730,-1,731,732,733,-1,734,735,44,-1,721,723,46,-1,46,723,729,-1,46,729,44,-1,44,729,730,-1,44,730,736,-1,737,738,736,-1,736,738,739,-1,736,739,44,-1,44,739,740,-1,741,742,740,-1,740,742,743,-1,740,743,44,-1,44,743,744,-1,745,746,744,-1,744,746,747,-1,744,747,44,-1,44,747,748,-1,749,750,748,-1,748,750,751,-1,748,751,44,-1,44,751,752,-1,753,754,752,-1,752,754,755,-1,752,755,44,-1,44,755,756,-1,757,758,759,-1,760,761,735,-1,735,761,762,-1,735,762,44,-1,44,762,763,-1,764,765,756,-1,756,765,766,-1,756,766,44,-1,44,766,767,-1,768,769,763,-1,763,769,770,-1,763,770,44,-1,44,770,771,-1,772,773,767,-1,767,773,774,-1,767,774,44,-1,44,774,775,-1,776,777,771,-1,771,777,778,-1,771,778,44,-1,44,778,779,-1,780,781,782,-1,783,784,775,-1,775,784,785,-1,775,785,44,-1,44,785,786,-1,787,788,779,-1,779,788,789,-1,779,789,44,-1,44,789,790,-1,791,792,786,-1,786,792,793,-1,786,793,44,-1,44,793,731,-1,44,731,734,-1,734,731,733,-1,794,795,790,-1,790,795,796,-1,790,796,44,-1,44,796,797,-1,44,798,799,-1,759,798,757,-1,757,798,44,-1,757,44,800,-1,800,44,797,-1,800,797,801,-1,801,797,802,-1,803,804,799,-1,799,804,805,-1,799,805,44,-1,44,805,806,-1,807,808,809,-1,810,811,44,-1,782,810,780,-1,780,810,44,-1,780,44,812,-1,812,44,806,-1,812,806,813,-1,813,806,814,-1,815,816,811,-1,811,816,817,-1,811,817,44,-1,44,817,818,-1,819,820,821,-1,822,823,44,-1,809,822,807,-1,807,822,44,-1,807,44,824,-1,824,44,818,-1,824,818,825,-1,825,818,826,-1,827,828,44,-1,829,830,831,-1,821,827,819,-1,819,827,44,-1,819,44,832,-1,832,44,823,-1,832,823,833,-1,833,823,834,-1,835,836,44,-1,837,838,828,-1,828,838,839,-1,828,839,44,-1,44,839,829,-1,44,829,835,-1,835,829,831,-1,840,841,842,-1,843,844,44,-1,845,846,836,-1,836,846,847,-1,836,847,44,-1,44,847,848,-1,842,843,840,-1,840,843,44,-1,840,44,849,-1,849,44,848,-1,849,848,850,-1,850,848,851,-1,852,853,854,-1,855,856,44,-1,854,855,852,-1,852,855,44,-1,852,44,857,-1,857,44,844,-1,857,844,858,-1,858,844,859,-1,860,861,862,-1,863,864,44,-1,862,863,860,-1,860,863,44,-1,860,44,865,-1,865,44,856,-1,865,856,866,-1,866,856,867,-1,868,869,870,-1,871,872,44,-1,870,871,868,-1,868,871,44,-1,868,44,873,-1,873,44,864,-1,873,864,874,-1,874,864,875,-1,876,877,878,-1,878,879,876,-1,876,879,44,-1,876,44,880,-1,880,44,872,-1,880,872,881,-1,881,872,882,-1,879,883,44,-1,44,883,884,-1,44,884,885,-1,886,325,887,-1,887,325,324,-1,887,324,888,-1,888,324,44,-1,888,44,889,-1,889,44,885,-1,28,37,890,-1,890,37,891,-1,721,726,892,-1,23,18,893,-1,893,18,208,-1,25,23,894,-1,894,23,893,-1,894,893,895,-1,895,893,896,-1,204,29,897,-1,897,29,27,-1,206,204,898,-1,898,204,897,-1,898,897,899,-1,899,897,900,-1,19,21,896,-1,896,21,218,-1,896,218,895,-1,895,218,220,-1,895,220,900,-1,900,220,46,-1,900,46,899,-1,899,46,19,-1,899,19,896,-1,897,27,894,-1,894,27,25,-1,900,897,895,-1,895,897,894,-1,898,899,893,-1,893,899,896,-1,206,898,208,-1,208,898,893,-1,891,37,36,-1,891,36,901,-1,901,36,40,-1,901,40,902,-1,902,40,39,-1,902,39,903,-1,903,39,904,-1,904,39,38,-1,904,38,905,-1,905,38,906,-1,906,38,35,-1,906,35,907,-1,907,35,908,-1,908,35,29,-1,908,29,204,-1,18,23,16,-1,16,23,34,-1,30,13,34,-1,34,13,15,-1,34,15,16,-1,9,10,30,-1,30,10,12,-1,30,12,13,-1,30,32,9,-1,9,32,33,-1,9,33,7,-1,7,33,31,-1,7,31,5,-1,5,31,3,-1,5,3,1,-1,204,203,908,-1,908,203,909,-1,910,906,909,-1,909,906,907,-1,909,907,908,-1,903,904,910,-1,910,904,905,-1,910,905,906,-1,910,911,903,-1,903,911,912,-1,903,912,902,-1,902,912,913,-1,902,913,901,-1,901,913,890,-1,901,890,891,-1,24,26,207,-1,207,26,205,-1,24,207,17,-1,2,24,0,-1,0,24,17,-1,0,17,4,-1,4,17,14,-1,14,11,4,-1,4,11,8,-1,4,8,6,-1,205,26,203,-1,203,26,28,-1,910,913,911,-1,911,913,912,-1,28,890,203,-1,203,890,913,-1,203,913,909,-1,909,913,910,-1,914,915,916,-1,916,915,917,-1,916,917,918,-1,918,917,919,-1,919,920,918,-1,918,920,725,-1,918,725,724,-1,726,725,892,-1,892,725,920,-1,892,920,921,-1,921,920,922,-1,922,920,917,-1,917,920,919,-1,720,916,724,-1,724,916,918,-1,923,924,925,-1,923,925,926,-1,926,925,927,-1,926,927,928,-1,928,927,929,-1,928,929,930,-1,930,929,931,-1,930,931,932,-1,932,931,933,-1,932,933,934,-1,934,933,935,-1,934,935,936,-1,935,937,936,-1,936,937,938,-1,938,937,939,-1,939,937,940,-1,939,940,941,-1,941,940,942,-1,941,942,727,-1,727,942,728,-1,202,646,201,-1,201,646,647,-1,337,943,944,-1,944,945,337,-1,337,945,946,-1,337,946,947,-1,947,948,337,-1,337,948,949,-1,337,949,950,-1,950,951,337,-1,337,951,952,-1,337,952,953,-1,953,954,337,-1,337,954,955,-1,337,955,956,-1,956,957,337,-1,337,957,958,-1,337,958,959,-1,959,960,337,-1,337,960,961,-1,337,961,962,-1,962,963,337,-1,337,963,964,-1,337,964,212,-1,212,964,965,-1,212,965,966,-1,966,967,212,-1,212,967,968,-1,212,968,969,-1,969,970,212,-1,212,970,971,-1,212,971,972,-1,972,973,212,-1,212,973,974,-1,212,974,975,-1,975,976,212,-1,212,976,977,-1,212,977,978,-1,978,979,212,-1,212,979,980,-1,212,980,981,-1,981,982,212,-1,212,982,983,-1,212,983,984,-1,984,985,212,-1,212,985,986,-1,212,986,987,-1,987,988,212,-1,212,988,989,-1,212,989,990,-1,990,991,212,-1,212,991,992,-1,212,992,993,-1,993,994,212,-1,212,994,995,-1,212,995,996,-1,996,997,212,-1,212,997,998,-1,212,998,999,-1,999,1000,212,-1,212,1000,1001,-1,212,1001,1002,-1,1002,1003,212,-1,212,1003,1004,-1,212,1004,213,-1,213,1004,1005,-1,213,1005,1006,-1,1006,1007,213,-1,213,1007,1008,-1,213,1008,1009,-1,1009,1010,213,-1,213,1010,1011,-1,213,1011,1012,-1,1012,1013,213,-1,213,1013,1014,-1,213,1014,1015,-1,1015,1016,213,-1,213,1016,1017,-1,213,1017,1018,-1,1018,1019,213,-1,213,1019,1020,-1,213,1020,924,-1,924,923,213,-1,213,923,1021,-1,213,1021,1022,-1,1022,1021,1023,-1,1022,1023,1024,-1,1024,1023,1025,-1,1024,1025,1026,-1,1026,1025,1027,-1,1026,1027,1028,-1,1028,1027,1029,-1,1028,1029,1030,-1,1030,1029,1031,-1,1030,1031,1032,-1,1032,1031,915,-1,1032,915,914,-1,721,892,722,-1,722,892,921,-1,246,213,720,-1,720,213,1022,-1,720,1022,1024,-1,1024,1026,1028,-1,1028,1030,1024,-1,1024,1030,1032,-1,1024,1032,720,-1,720,1032,914,-1,720,914,916,-1,1033,729,1034,-1,1034,729,723,-1,923,1035,1021,-1,1021,1035,1036,-1,1035,639,1036,-1,1036,639,638,-1,200,1033,199,-1,199,1033,1034,-1,200,201,1033,-1,1033,201,647,-1,1033,647,1035,-1,1035,647,639,-1,936,923,926,-1,923,936,1035,-1,1035,936,938,-1,1035,938,1033,-1,1033,938,939,-1,1033,939,729,-1,729,939,941,-1,729,941,727,-1,926,928,936,-1,936,928,930,-1,936,930,934,-1,934,930,932,-1,20,199,1034,-1,922,917,22,-1,22,20,922,-1,922,20,1034,-1,922,1034,921,-1,921,1034,723,-1,921,723,722,-1,638,22,1036,-1,1036,22,917,-1,1036,917,1021,-1,1021,917,915,-1,1021,915,1023,-1,1023,915,1031,-1,1031,1029,1023,-1,1023,1029,1027,-1,1023,1027,1025,-1,1020,1019,1037,-1,1020,1037,1038,-1,1038,1037,1039,-1,1038,1039,1040,-1,1040,1039,1041,-1,1040,1041,1042,-1,1042,1041,1043,-1,1042,1043,1044,-1,1044,1043,1045,-1,1044,1045,1046,-1,1046,1045,1047,-1,1046,1047,1048,-1,1047,1049,1048,-1,1048,1049,1050,-1,1050,1049,1051,-1,1051,1049,1052,-1,1051,1052,1053,-1,1053,1052,1054,-1,1053,1054,737,-1,737,1054,738,-1,192,642,193,-1,193,642,641,-1,1055,736,1056,-1,1056,736,730,-1,1020,1057,924,-1,924,1057,1058,-1,1057,640,1058,-1,1058,640,645,-1,194,1055,195,-1,195,1055,1056,-1,194,193,1055,-1,1055,193,641,-1,1055,641,1057,-1,1057,641,640,-1,1048,1020,1038,-1,1020,1048,1057,-1,1057,1048,1050,-1,1057,1050,1055,-1,1055,1050,1051,-1,1055,1051,736,-1,736,1051,1053,-1,736,1053,737,-1,1038,1040,1048,-1,1048,1040,1042,-1,1048,1042,1046,-1,1046,1042,1044,-1,202,195,1056,-1,940,937,646,-1,646,202,940,-1,940,202,1056,-1,940,1056,942,-1,942,1056,730,-1,942,730,728,-1,645,646,1058,-1,1058,646,937,-1,1058,937,924,-1,924,937,935,-1,924,935,925,-1,933,931,929,-1,933,929,935,-1,935,929,927,-1,935,927,925,-1,1018,1017,1059,-1,1018,1059,1060,-1,1060,1059,1061,-1,1060,1061,1062,-1,1062,1061,1063,-1,1062,1063,1064,-1,1064,1063,1065,-1,1064,1065,1066,-1,1066,1065,1067,-1,1066,1067,1068,-1,1068,1067,1069,-1,1068,1069,1070,-1,1069,1071,1070,-1,1070,1071,1072,-1,1072,1071,1073,-1,1073,1071,1074,-1,1073,1074,1075,-1,1075,1074,1076,-1,1075,1076,741,-1,741,1076,742,-1,198,654,197,-1,197,654,655,-1,1077,740,1078,-1,1078,740,739,-1,1018,1079,1019,-1,1019,1079,1080,-1,1079,644,1080,-1,1080,644,643,-1,196,1077,191,-1,191,1077,1078,-1,196,197,1077,-1,1077,197,655,-1,1077,655,1079,-1,1079,655,644,-1,1070,1018,1060,-1,1018,1070,1079,-1,1079,1070,1072,-1,1079,1072,1077,-1,1077,1072,1073,-1,1077,1073,740,-1,740,1073,1075,-1,740,1075,741,-1,1060,1062,1070,-1,1070,1062,1064,-1,1070,1064,1068,-1,1068,1064,1066,-1,192,191,1078,-1,1052,1049,642,-1,642,192,1052,-1,1052,192,1078,-1,1052,1078,1054,-1,1054,1078,739,-1,1054,739,738,-1,643,642,1080,-1,1080,642,1049,-1,1080,1049,1019,-1,1019,1049,1047,-1,1019,1047,1037,-1,1045,1043,1041,-1,1045,1041,1047,-1,1047,1041,1039,-1,1047,1039,1037,-1,1016,1015,1081,-1,1016,1081,1082,-1,1082,1081,1083,-1,1082,1083,1084,-1,1084,1083,1085,-1,1084,1085,1086,-1,1086,1085,1087,-1,1086,1087,1088,-1,1088,1087,1089,-1,1088,1089,1090,-1,1090,1089,1091,-1,1090,1091,1092,-1,1091,1093,1092,-1,1092,1093,1094,-1,1094,1093,1095,-1,1095,1093,1096,-1,1095,1096,1097,-1,1097,1096,1098,-1,1097,1098,745,-1,745,1098,746,-1,184,650,185,-1,185,650,649,-1,1099,744,1100,-1,1100,744,743,-1,1016,1101,1017,-1,1017,1101,1102,-1,1101,648,1102,-1,1102,648,653,-1,186,1099,187,-1,187,1099,1100,-1,186,185,1099,-1,1099,185,649,-1,1099,649,1101,-1,1101,649,648,-1,1092,1016,1082,-1,1016,1092,1101,-1,1101,1092,1094,-1,1101,1094,1099,-1,1099,1094,1095,-1,1099,1095,744,-1,744,1095,1097,-1,744,1097,745,-1,1082,1084,1092,-1,1092,1084,1086,-1,1092,1086,1090,-1,1090,1086,1088,-1,198,187,1100,-1,1074,1071,654,-1,654,198,1074,-1,1074,198,1100,-1,1074,1100,1076,-1,1076,1100,743,-1,1076,743,742,-1,653,654,1102,-1,1102,654,1071,-1,1102,1071,1017,-1,1017,1071,1069,-1,1017,1069,1059,-1,1067,1065,1063,-1,1067,1063,1069,-1,1069,1063,1061,-1,1069,1061,1059,-1,885,1103,889,-1,1104,1105,1106,-1,1106,1105,1107,-1,1108,1109,1110,-1,1110,1109,1111,-1,1112,1113,1111,-1,1111,1113,1114,-1,1111,1114,1110,-1,1115,1116,1112,-1,1112,1116,1117,-1,1112,1117,1113,-1,1112,1118,1115,-1,1115,1118,1119,-1,1115,1119,1120,-1,1120,1119,1121,-1,1120,1121,1122,-1,1122,1121,1105,-1,1122,1105,1104,-1,42,41,632,-1,632,41,633,-1,1123,1124,1125,-1,1125,1124,1126,-1,1125,1126,1127,-1,1127,1126,1128,-1,1127,1128,1107,-1,1107,1128,1129,-1,1130,1131,1132,-1,1132,1131,1133,-1,1123,1134,1124,-1,1124,1134,1131,-1,1124,1131,1135,-1,1135,1131,1130,-1,1136,1137,1129,-1,1129,1137,1106,-1,1129,1106,1107,-1,1136,1138,1137,-1,1137,1138,1139,-1,1137,1139,1140,-1,1109,1108,1141,-1,1141,1108,1142,-1,1141,1142,1143,-1,1143,1142,1144,-1,1143,1144,1145,-1,1145,1144,1146,-1,1134,1123,1147,-1,1147,1123,1148,-1,1108,1129,1149,-1,1149,1129,1128,-1,1142,1108,1150,-1,1150,1108,1149,-1,1150,1149,1151,-1,1151,1149,1152,-1,1124,1146,1153,-1,1153,1146,1144,-1,1126,1124,1154,-1,1154,1124,1153,-1,1154,1153,1155,-1,1155,1153,1156,-1,1152,1155,44,-1,44,1155,41,-1,41,1155,1156,-1,41,1156,1151,-1,44,324,1152,-1,1152,324,323,-1,1152,323,1151,-1,1151,323,633,-1,1151,633,41,-1,1126,1154,1128,-1,1128,1154,1149,-1,1154,1155,1149,-1,1149,1155,1152,-1,1156,1153,1151,-1,1151,1153,1150,-1,1153,1144,1150,-1,1150,1144,1142,-1,1146,1124,1157,-1,1157,1124,1135,-1,1130,1158,1135,-1,1135,1158,1159,-1,1135,1159,1157,-1,1160,1161,1130,-1,1130,1161,1162,-1,1130,1162,1158,-1,1130,1132,1160,-1,1160,1132,1133,-1,1160,1133,1163,-1,1163,1133,1131,-1,1163,1131,1164,-1,1164,1131,1134,-1,1164,1134,1147,-1,1104,1106,1137,-1,1104,1137,1122,-1,1122,1137,1140,-1,1122,1140,1120,-1,1120,1140,1139,-1,1120,1139,1115,-1,1115,1139,1116,-1,1116,1139,1138,-1,1116,1138,1117,-1,1117,1138,1113,-1,1113,1138,1136,-1,1113,1136,1114,-1,1114,1136,1110,-1,1110,1136,1129,-1,1110,1129,1108,-1,1147,1148,1165,-1,1147,1165,1164,-1,1164,1165,1166,-1,1164,1166,1163,-1,1163,1166,1167,-1,1163,1167,1160,-1,1160,1167,1161,-1,1161,1167,1168,-1,1161,1168,1162,-1,1162,1168,1158,-1,1158,1168,1169,-1,1158,1169,1159,-1,1159,1169,1157,-1,1157,1169,1145,-1,1157,1145,1146,-1,1125,1127,1143,-1,1143,1127,1141,-1,1141,1127,1109,-1,1109,1127,1107,-1,1112,1121,1118,-1,1118,1121,1119,-1,1107,1105,1109,-1,1109,1105,1121,-1,1109,1121,1111,-1,1111,1121,1112,-1,1125,1143,1145,-1,1123,1125,1148,-1,1148,1125,1145,-1,1148,1145,1165,-1,1165,1145,1169,-1,1169,1168,1165,-1,1165,1168,1167,-1,1165,1167,1166,-1,1170,1171,1172,-1,1173,1174,1172,-1,1172,1174,1175,-1,1172,1175,1170,-1,1176,1174,888,-1,888,1174,1173,-1,888,1173,887,-1,888,889,1103,-1,1177,1178,1103,-1,1103,1178,1176,-1,1103,1176,888,-1,1175,1174,1178,-1,1178,1174,1176,-1,1172,886,1173,-1,1173,886,887,-1,337,325,943,-1,943,325,886,-1,943,886,1179,-1,1179,886,1180,-1,1172,1171,886,-1,886,1171,1181,-1,1181,1182,886,-1,886,1182,1183,-1,886,1183,1180,-1,944,943,1179,-1,944,1179,1184,-1,1184,1179,1180,-1,1184,1180,1185,-1,1185,1180,1183,-1,1185,1183,1186,-1,1186,1183,1182,-1,1186,1182,1187,-1,1187,1182,1181,-1,1187,1181,1188,-1,1188,1181,1171,-1,1188,1171,1170,-1,1177,1103,884,-1,884,1103,885,-1,946,945,1189,-1,946,1189,1190,-1,1190,1189,1191,-1,1190,1191,1192,-1,1192,1191,1193,-1,1192,1193,1194,-1,1194,1193,1195,-1,1194,1195,1196,-1,1196,1195,1197,-1,1196,1197,1198,-1,1198,1197,1199,-1,1198,1199,1200,-1,1201,1202,1199,-1,1199,1202,1200,-1,1203,1202,1204,-1,1204,1202,1201,-1,1205,1203,1206,-1,1206,1203,1204,-1,877,1205,878,-1,878,1205,1206,-1,636,637,55,-1,55,637,56,-1,1207,883,1208,-1,1208,883,879,-1,944,1209,945,-1,945,1209,1210,-1,1209,634,1210,-1,1210,634,635,-1,43,1207,45,-1,45,1207,1208,-1,43,42,1207,-1,1207,42,632,-1,1207,632,1209,-1,1209,632,634,-1,1170,944,1184,-1,944,1170,1209,-1,1209,1170,1175,-1,1209,1175,1207,-1,1207,1175,1178,-1,1207,1178,883,-1,883,1178,1177,-1,883,1177,884,-1,1184,1185,1170,-1,1170,1185,1186,-1,1170,1186,1188,-1,1188,1186,1187,-1,55,45,1208,-1,1204,1201,636,-1,636,55,1204,-1,1204,55,1208,-1,1204,1208,1206,-1,1206,1208,879,-1,1206,879,878,-1,635,636,1210,-1,1210,636,1201,-1,1210,1201,945,-1,945,1201,1199,-1,945,1199,1189,-1,1189,1199,1197,-1,1197,1195,1189,-1,1189,1195,1193,-1,1189,1193,1191,-1,948,947,1211,-1,948,1211,1212,-1,1212,1211,1213,-1,1212,1213,1214,-1,1214,1213,1215,-1,1214,1215,1216,-1,1216,1215,1217,-1,1216,1217,1218,-1,1218,1217,1219,-1,1218,1219,1220,-1,1220,1219,1221,-1,1220,1221,1222,-1,1223,1224,1221,-1,1221,1224,1222,-1,1225,1224,1226,-1,1226,1224,1223,-1,1227,1225,1228,-1,1228,1225,1226,-1,882,1227,881,-1,881,1227,1228,-1,626,625,48,-1,48,625,49,-1,1229,876,1230,-1,1230,876,880,-1,946,1231,947,-1,947,1231,1232,-1,1231,628,1232,-1,1232,628,627,-1,57,1229,47,-1,47,1229,1230,-1,57,56,1229,-1,1229,56,637,-1,1229,637,1231,-1,1231,637,628,-1,1200,946,1190,-1,946,1200,1231,-1,1231,1200,1202,-1,1231,1202,1229,-1,1229,1202,1203,-1,1229,1203,876,-1,876,1203,1205,-1,876,1205,877,-1,1190,1192,1194,-1,1194,1196,1190,-1,1190,1196,1198,-1,1190,1198,1200,-1,48,47,1230,-1,1226,1223,626,-1,626,48,1226,-1,1226,48,1230,-1,1226,1230,1228,-1,1228,1230,880,-1,1228,880,881,-1,627,626,1232,-1,1232,626,1223,-1,1232,1223,947,-1,947,1223,1221,-1,947,1221,1211,-1,1211,1221,1219,-1,1219,1217,1211,-1,1211,1217,1215,-1,1211,1215,1213,-1,950,949,1233,-1,950,1233,1234,-1,1234,1233,1235,-1,1234,1235,1236,-1,1236,1235,1237,-1,1236,1237,1238,-1,1238,1237,1239,-1,1238,1239,1240,-1,1240,1239,1241,-1,1240,1241,1242,-1,1242,1241,1243,-1,1242,1243,1244,-1,1245,1246,1243,-1,1243,1246,1244,-1,1247,1246,1248,-1,1248,1246,1245,-1,1249,1247,1250,-1,1250,1247,1248,-1,869,1249,870,-1,870,1249,1250,-1,630,631,60,-1,60,631,61,-1,1251,872,1252,-1,1252,872,871,-1,948,1253,949,-1,949,1253,1254,-1,1253,624,1254,-1,1254,624,629,-1,50,1251,51,-1,51,1251,1252,-1,50,49,1251,-1,1251,49,625,-1,1251,625,1253,-1,1253,625,624,-1,1222,948,1212,-1,948,1222,1253,-1,1253,1222,1224,-1,1253,1224,1251,-1,1251,1224,1225,-1,1251,1225,872,-1,872,1225,1227,-1,872,1227,882,-1,1212,1214,1216,-1,1216,1218,1212,-1,1212,1218,1220,-1,1212,1220,1222,-1,60,51,1252,-1,1248,1245,630,-1,630,60,1248,-1,1248,60,1252,-1,1248,1252,1250,-1,1250,1252,871,-1,1250,871,870,-1,629,630,1254,-1,1254,630,1245,-1,1254,1245,949,-1,949,1245,1243,-1,949,1243,1233,-1,1233,1243,1241,-1,1241,1239,1233,-1,1233,1239,1237,-1,1233,1237,1235,-1,952,951,1255,-1,952,1255,1256,-1,1256,1255,1257,-1,1256,1257,1258,-1,1258,1257,1259,-1,1258,1259,1260,-1,1260,1259,1261,-1,1260,1261,1262,-1,1262,1261,1263,-1,1262,1263,1264,-1,1264,1263,1265,-1,1264,1265,1266,-1,1267,1268,1265,-1,1265,1268,1266,-1,1269,1268,1270,-1,1270,1268,1267,-1,1271,1269,1272,-1,1272,1269,1270,-1,875,1271,874,-1,874,1271,1272,-1,618,617,53,-1,53,617,54,-1,1273,868,1274,-1,1274,868,873,-1,950,1275,951,-1,951,1275,1276,-1,1275,620,1276,-1,1276,620,619,-1,62,1273,52,-1,52,1273,1274,-1,62,61,1273,-1,1273,61,631,-1,1273,631,1275,-1,1275,631,620,-1,1244,950,1234,-1,950,1244,1275,-1,1275,1244,1246,-1,1275,1246,1273,-1,1273,1246,1247,-1,1273,1247,868,-1,868,1247,1249,-1,868,1249,869,-1,1234,1236,1238,-1,1238,1240,1234,-1,1234,1240,1242,-1,1234,1242,1244,-1,53,52,1274,-1,1270,1267,618,-1,618,53,1270,-1,1270,53,1274,-1,1270,1274,1272,-1,1272,1274,873,-1,1272,873,874,-1,619,618,1276,-1,1276,618,1267,-1,1276,1267,951,-1,951,1267,1265,-1,951,1265,1255,-1,1255,1265,1263,-1,1263,1261,1255,-1,1255,1261,1259,-1,1255,1259,1257,-1,954,953,1277,-1,954,1277,1278,-1,1278,1277,1279,-1,1278,1279,1280,-1,1280,1279,1281,-1,1280,1281,1282,-1,1282,1281,1283,-1,1282,1283,1284,-1,1284,1283,1285,-1,1284,1285,1286,-1,1286,1285,1287,-1,1286,1287,1288,-1,1289,1290,1287,-1,1287,1290,1288,-1,1291,1290,1292,-1,1292,1290,1289,-1,1293,1291,1294,-1,1294,1291,1292,-1,861,1293,862,-1,862,1293,1294,-1,622,623,70,-1,70,623,69,-1,1295,864,1296,-1,1296,864,863,-1,952,1297,953,-1,953,1297,1298,-1,1297,616,1298,-1,1298,616,621,-1,58,1295,59,-1,59,1295,1296,-1,58,54,1295,-1,1295,54,617,-1,1295,617,1297,-1,1297,617,616,-1,1266,952,1256,-1,952,1266,1297,-1,1297,1266,1268,-1,1297,1268,1295,-1,1295,1268,1269,-1,1295,1269,864,-1,864,1269,1271,-1,864,1271,875,-1,1256,1258,1260,-1,1260,1262,1256,-1,1256,1262,1264,-1,1256,1264,1266,-1,70,59,1296,-1,1292,1289,622,-1,622,70,1292,-1,1292,70,1296,-1,1292,1296,1294,-1,1294,1296,863,-1,1294,863,862,-1,621,622,1298,-1,1298,622,1289,-1,1298,1289,953,-1,953,1289,1287,-1,953,1287,1277,-1,1277,1287,1285,-1,1285,1283,1277,-1,1277,1283,1281,-1,1277,1281,1279,-1,956,955,1299,-1,956,1299,1300,-1,1300,1299,1301,-1,1300,1301,1302,-1,1302,1301,1303,-1,1302,1303,1304,-1,1304,1303,1305,-1,1304,1305,1306,-1,1306,1305,1307,-1,1306,1307,1308,-1,1308,1307,1309,-1,1308,1309,1310,-1,1311,1312,1309,-1,1309,1312,1310,-1,1313,1312,1314,-1,1314,1312,1311,-1,1315,1313,1316,-1,1316,1313,1314,-1,867,1315,866,-1,866,1315,1316,-1,610,609,64,-1,64,609,65,-1,1317,860,1318,-1,1318,860,865,-1,954,1319,955,-1,955,1319,1320,-1,1319,612,1320,-1,1320,612,611,-1,68,1317,63,-1,63,1317,1318,-1,68,69,1317,-1,1317,69,623,-1,1317,623,1319,-1,1319,623,612,-1,1288,954,1278,-1,954,1288,1319,-1,1319,1288,1290,-1,1319,1290,1317,-1,1317,1290,1291,-1,1317,1291,860,-1,860,1291,1293,-1,860,1293,861,-1,1278,1280,1282,-1,1282,1284,1278,-1,1278,1284,1286,-1,1278,1286,1288,-1,64,63,1318,-1,1314,1311,610,-1,610,64,1314,-1,1314,64,1318,-1,1314,1318,1316,-1,1316,1318,865,-1,1316,865,866,-1,611,610,1320,-1,1320,610,1311,-1,1320,1311,955,-1,955,1311,1309,-1,955,1309,1299,-1,1299,1309,1307,-1,1307,1305,1299,-1,1299,1305,1303,-1,1299,1303,1301,-1,958,957,1321,-1,958,1321,1322,-1,1322,1321,1323,-1,1322,1323,1324,-1,1324,1323,1325,-1,1324,1325,1326,-1,1326,1325,1327,-1,1326,1327,1328,-1,1328,1327,1329,-1,1328,1329,1330,-1,1330,1329,1331,-1,1330,1331,1332,-1,1333,1334,1331,-1,1331,1334,1332,-1,1335,1334,1336,-1,1336,1334,1333,-1,1337,1335,1338,-1,1338,1335,1336,-1,853,1337,854,-1,854,1337,1338,-1,614,615,78,-1,78,615,77,-1,1339,856,1340,-1,1340,856,855,-1,956,1341,957,-1,957,1341,1342,-1,1341,608,1342,-1,1342,608,613,-1,66,1339,67,-1,67,1339,1340,-1,66,65,1339,-1,1339,65,609,-1,1339,609,1341,-1,1341,609,608,-1,1310,956,1300,-1,956,1310,1341,-1,1341,1310,1312,-1,1341,1312,1339,-1,1339,1312,1313,-1,1339,1313,856,-1,856,1313,1315,-1,856,1315,867,-1,1300,1302,1304,-1,1304,1306,1300,-1,1300,1306,1308,-1,1300,1308,1310,-1,78,67,1340,-1,1336,1333,614,-1,614,78,1336,-1,1336,78,1340,-1,1336,1340,1338,-1,1338,1340,855,-1,1338,855,854,-1,613,614,1342,-1,1342,614,1333,-1,1342,1333,957,-1,957,1333,1331,-1,957,1331,1321,-1,1321,1331,1329,-1,1329,1327,1321,-1,1321,1327,1325,-1,1321,1325,1323,-1,960,959,1343,-1,960,1343,1344,-1,1344,1343,1345,-1,1344,1345,1346,-1,1346,1345,1347,-1,1346,1347,1348,-1,1348,1347,1349,-1,1348,1349,1350,-1,1350,1349,1351,-1,1350,1351,1352,-1,1352,1351,1353,-1,1352,1353,1354,-1,1355,1356,1353,-1,1353,1356,1354,-1,1357,1356,1358,-1,1358,1356,1355,-1,1359,1357,1360,-1,1360,1357,1358,-1,859,1359,858,-1,858,1359,1360,-1,602,601,72,-1,72,601,73,-1,1361,852,1362,-1,1362,852,857,-1,958,1363,959,-1,959,1363,1364,-1,1363,604,1364,-1,1364,604,603,-1,76,1361,71,-1,71,1361,1362,-1,76,77,1361,-1,1361,77,615,-1,1361,615,1363,-1,1363,615,604,-1,1332,958,1322,-1,958,1332,1363,-1,1363,1332,1334,-1,1363,1334,1361,-1,1361,1334,1335,-1,1361,1335,852,-1,852,1335,1337,-1,852,1337,853,-1,1322,1324,1326,-1,1326,1328,1322,-1,1322,1328,1330,-1,1322,1330,1332,-1,72,71,1362,-1,1358,1355,602,-1,602,72,1358,-1,1358,72,1362,-1,1358,1362,1360,-1,1360,1362,857,-1,1360,857,858,-1,603,602,1364,-1,1364,602,1355,-1,1364,1355,959,-1,959,1355,1353,-1,959,1353,1343,-1,1343,1353,1351,-1,1351,1349,1343,-1,1343,1349,1347,-1,1343,1347,1345,-1,962,961,1365,-1,962,1365,1366,-1,1366,1365,1367,-1,1366,1367,1368,-1,1368,1367,1369,-1,1368,1369,1370,-1,1370,1369,1371,-1,1370,1371,1372,-1,1372,1371,1373,-1,1372,1373,1374,-1,1374,1373,1375,-1,1374,1375,1376,-1,1377,1378,1375,-1,1375,1378,1376,-1,1379,1378,1380,-1,1380,1378,1377,-1,1381,1379,1382,-1,1382,1379,1380,-1,841,1381,842,-1,842,1381,1382,-1,606,607,86,-1,86,607,85,-1,1383,844,1384,-1,1384,844,843,-1,960,1385,961,-1,961,1385,1386,-1,1385,600,1386,-1,1386,600,605,-1,74,1383,75,-1,75,1383,1384,-1,74,73,1383,-1,1383,73,601,-1,1383,601,1385,-1,1385,601,600,-1,1354,960,1344,-1,960,1354,1385,-1,1385,1354,1356,-1,1385,1356,1383,-1,1383,1356,1357,-1,1383,1357,844,-1,844,1357,1359,-1,844,1359,859,-1,1344,1346,1348,-1,1348,1350,1344,-1,1344,1350,1352,-1,1344,1352,1354,-1,86,75,1384,-1,1380,1377,606,-1,606,86,1380,-1,1380,86,1384,-1,1380,1384,1382,-1,1382,1384,843,-1,1382,843,842,-1,605,606,1386,-1,1386,606,1377,-1,1386,1377,961,-1,961,1377,1375,-1,961,1375,1365,-1,1365,1375,1373,-1,1373,1371,1365,-1,1365,1371,1369,-1,1365,1369,1367,-1,964,963,1387,-1,964,1387,1388,-1,1388,1387,1389,-1,1388,1389,1390,-1,1390,1389,1391,-1,1390,1391,1392,-1,1392,1391,1393,-1,1392,1393,1394,-1,1394,1393,1395,-1,1394,1395,1396,-1,1396,1395,1397,-1,1396,1397,1398,-1,1399,1400,1397,-1,1397,1400,1398,-1,1401,1400,1402,-1,1402,1400,1399,-1,1403,1401,1404,-1,1404,1401,1402,-1,851,1403,850,-1,850,1403,1404,-1,594,593,80,-1,80,593,81,-1,1405,840,1406,-1,1406,840,849,-1,962,1407,963,-1,963,1407,1408,-1,1407,596,1408,-1,1408,596,595,-1,84,1405,79,-1,79,1405,1406,-1,84,85,1405,-1,1405,85,607,-1,1405,607,1407,-1,1407,607,596,-1,1376,962,1366,-1,962,1376,1407,-1,1407,1376,1378,-1,1407,1378,1405,-1,1405,1378,1379,-1,1405,1379,840,-1,840,1379,1381,-1,840,1381,841,-1,1366,1368,1370,-1,1370,1372,1366,-1,1366,1372,1374,-1,1366,1374,1376,-1,80,79,1406,-1,1402,1399,594,-1,594,80,1402,-1,1402,80,1406,-1,1402,1406,1404,-1,1404,1406,849,-1,1404,849,850,-1,595,594,1408,-1,1408,594,1399,-1,1408,1399,963,-1,963,1399,1397,-1,963,1397,1387,-1,1387,1397,1395,-1,1395,1393,1387,-1,1387,1393,1391,-1,1387,1391,1389,-1,966,965,1409,-1,966,1409,1410,-1,1410,1409,1411,-1,1410,1411,1412,-1,1412,1411,1413,-1,1412,1413,1414,-1,1414,1413,1415,-1,1414,1415,1416,-1,1416,1415,1417,-1,1416,1417,1418,-1,1418,1417,1419,-1,1418,1419,1420,-1,1421,1422,1419,-1,1419,1422,1420,-1,1423,1422,1424,-1,1424,1422,1421,-1,1425,1423,1426,-1,1426,1423,1424,-1,845,1425,846,-1,846,1425,1426,-1,598,599,94,-1,94,599,93,-1,1427,848,1428,-1,1428,848,847,-1,964,1429,965,-1,965,1429,1430,-1,1429,592,1430,-1,1430,592,597,-1,82,1427,83,-1,83,1427,1428,-1,82,81,1427,-1,1427,81,593,-1,1427,593,1429,-1,1429,593,592,-1,1398,964,1388,-1,964,1398,1429,-1,1429,1398,1400,-1,1429,1400,1427,-1,1427,1400,1401,-1,1427,1401,848,-1,848,1401,1403,-1,848,1403,851,-1,1388,1390,1392,-1,1392,1394,1388,-1,1388,1394,1396,-1,1388,1396,1398,-1,94,83,1428,-1,1424,1421,598,-1,598,94,1424,-1,1424,94,1428,-1,1424,1428,1426,-1,1426,1428,847,-1,1426,847,846,-1,597,598,1430,-1,1430,598,1421,-1,1430,1421,965,-1,965,1421,1419,-1,965,1419,1409,-1,1409,1419,1417,-1,1417,1415,1409,-1,1409,1415,1413,-1,1409,1413,1411,-1,968,967,1431,-1,968,1431,1432,-1,1432,1431,1433,-1,1432,1433,1434,-1,1434,1433,1435,-1,1434,1435,1436,-1,1436,1435,1437,-1,1436,1437,1438,-1,1438,1437,1439,-1,1438,1439,1440,-1,1440,1439,1441,-1,1440,1441,1442,-1,1443,1444,1441,-1,1441,1444,1442,-1,1445,1444,1446,-1,1446,1444,1443,-1,1447,1445,1448,-1,1448,1445,1446,-1,830,1447,831,-1,831,1447,1448,-1,586,585,88,-1,88,585,89,-1,1449,836,1450,-1,1450,836,835,-1,966,1451,967,-1,967,1451,1452,-1,1451,588,1452,-1,1452,588,587,-1,92,1449,87,-1,87,1449,1450,-1,92,93,1449,-1,1449,93,599,-1,1449,599,1451,-1,1451,599,588,-1,1420,966,1410,-1,966,1420,1451,-1,1451,1420,1422,-1,1451,1422,1449,-1,1449,1422,1423,-1,1449,1423,836,-1,836,1423,1425,-1,836,1425,845,-1,1410,1412,1414,-1,1414,1416,1410,-1,1410,1416,1418,-1,1410,1418,1420,-1,88,87,1450,-1,1446,1443,586,-1,586,88,1446,-1,1446,88,1450,-1,1446,1450,1448,-1,1448,1450,835,-1,1448,835,831,-1,587,586,1452,-1,1452,586,1443,-1,1452,1443,967,-1,967,1443,1441,-1,967,1441,1431,-1,1431,1441,1439,-1,1439,1437,1431,-1,1431,1437,1435,-1,1431,1435,1433,-1,970,969,1453,-1,970,1453,1454,-1,1454,1453,1455,-1,1454,1455,1456,-1,1456,1455,1457,-1,1456,1457,1458,-1,1458,1457,1459,-1,1458,1459,1460,-1,1460,1459,1461,-1,1460,1461,1462,-1,1462,1461,1463,-1,1462,1463,1464,-1,1465,1466,1463,-1,1463,1466,1464,-1,1467,1466,1468,-1,1468,1466,1465,-1,1469,1467,1470,-1,1470,1467,1468,-1,837,1469,838,-1,838,1469,1470,-1,590,591,102,-1,102,591,101,-1,1471,829,1472,-1,1472,829,839,-1,968,1473,969,-1,969,1473,1474,-1,1473,584,1474,-1,1474,584,589,-1,90,1471,91,-1,91,1471,1472,-1,90,89,1471,-1,1471,89,585,-1,1471,585,1473,-1,1473,585,584,-1,1442,968,1432,-1,968,1442,1473,-1,1473,1442,1444,-1,1473,1444,1471,-1,1471,1444,1445,-1,1471,1445,829,-1,829,1445,1447,-1,829,1447,830,-1,1432,1434,1436,-1,1436,1438,1432,-1,1432,1438,1440,-1,1432,1440,1442,-1,102,91,1472,-1,1468,1465,590,-1,590,102,1468,-1,1468,102,1472,-1,1468,1472,1470,-1,1470,1472,839,-1,1470,839,838,-1,589,590,1474,-1,1474,590,1465,-1,1474,1465,969,-1,969,1465,1463,-1,969,1463,1453,-1,1453,1463,1461,-1,1461,1459,1453,-1,1453,1459,1457,-1,1453,1457,1455,-1,972,971,1475,-1,972,1475,1476,-1,1476,1475,1477,-1,1476,1477,1478,-1,1478,1477,1479,-1,1478,1479,1480,-1,1480,1479,1481,-1,1480,1481,1482,-1,1482,1481,1483,-1,1482,1483,1484,-1,1484,1483,1485,-1,1484,1485,1486,-1,1487,1488,1485,-1,1485,1488,1486,-1,1489,1488,1490,-1,1490,1488,1487,-1,1491,1489,1492,-1,1492,1489,1490,-1,820,1491,821,-1,821,1491,1492,-1,574,573,96,-1,96,573,97,-1,1493,828,1494,-1,1494,828,827,-1,970,1495,971,-1,971,1495,1496,-1,1495,580,1496,-1,1496,580,579,-1,100,1493,95,-1,95,1493,1494,-1,100,101,1493,-1,1493,101,591,-1,1493,591,1495,-1,1495,591,580,-1,1464,970,1454,-1,970,1464,1495,-1,1495,1464,1466,-1,1495,1466,1493,-1,1493,1466,1467,-1,1493,1467,828,-1,828,1467,1469,-1,828,1469,837,-1,1454,1456,1458,-1,1458,1460,1454,-1,1454,1460,1462,-1,1454,1462,1464,-1,96,95,1494,-1,1490,1487,574,-1,574,96,1490,-1,1490,96,1494,-1,1490,1494,1492,-1,1492,1494,827,-1,1492,827,821,-1,579,574,1496,-1,1496,574,1487,-1,1496,1487,971,-1,971,1487,1485,-1,971,1485,1475,-1,1475,1485,1483,-1,1483,1481,1475,-1,1475,1481,1479,-1,1475,1479,1477,-1,974,973,1497,-1,974,1497,1498,-1,1498,1497,1499,-1,1498,1499,1500,-1,1500,1499,1501,-1,1500,1501,1502,-1,1502,1501,1503,-1,1502,1503,1504,-1,1504,1503,1505,-1,1504,1505,1506,-1,1506,1505,1507,-1,1506,1507,1508,-1,1509,1510,1507,-1,1507,1510,1508,-1,1511,1510,1512,-1,1512,1510,1509,-1,1513,1511,1514,-1,1514,1511,1512,-1,834,1513,833,-1,833,1513,1514,-1,582,583,110,-1,110,583,109,-1,1515,819,1516,-1,1516,819,832,-1,972,1517,973,-1,973,1517,1518,-1,1517,572,1518,-1,1518,572,581,-1,98,1515,99,-1,99,1515,1516,-1,98,97,1515,-1,1515,97,573,-1,1515,573,1517,-1,1517,573,572,-1,1486,972,1476,-1,972,1486,1517,-1,1517,1486,1488,-1,1517,1488,1515,-1,1515,1488,1489,-1,1515,1489,819,-1,819,1489,1491,-1,819,1491,820,-1,1476,1478,1480,-1,1480,1482,1476,-1,1476,1482,1484,-1,1476,1484,1486,-1,110,99,1516,-1,1512,1509,582,-1,582,110,1512,-1,1512,110,1516,-1,1512,1516,1514,-1,1514,1516,832,-1,1514,832,833,-1,581,582,1518,-1,1518,582,1509,-1,1518,1509,973,-1,973,1509,1507,-1,973,1507,1497,-1,1497,1507,1505,-1,1505,1503,1497,-1,1497,1503,1501,-1,1497,1501,1499,-1,976,975,1519,-1,976,1519,1520,-1,1520,1519,1521,-1,1520,1521,1522,-1,1522,1521,1523,-1,1522,1523,1524,-1,1524,1523,1525,-1,1524,1525,1526,-1,1526,1525,1527,-1,1526,1527,1528,-1,1528,1527,1529,-1,1528,1529,1530,-1,1531,1532,1529,-1,1529,1532,1530,-1,1533,1532,1534,-1,1534,1532,1531,-1,1535,1533,1536,-1,1536,1533,1534,-1,808,1535,809,-1,809,1535,1536,-1,556,555,104,-1,104,555,105,-1,1537,823,1538,-1,1538,823,822,-1,974,1539,975,-1,975,1539,1540,-1,1539,564,1540,-1,1540,564,563,-1,108,1537,103,-1,103,1537,1538,-1,108,109,1537,-1,1537,109,583,-1,1537,583,1539,-1,1539,583,564,-1,1508,974,1498,-1,974,1508,1539,-1,1539,1508,1510,-1,1539,1510,1537,-1,1537,1510,1511,-1,1537,1511,823,-1,823,1511,1513,-1,823,1513,834,-1,1498,1500,1502,-1,1502,1504,1498,-1,1498,1504,1506,-1,1498,1506,1508,-1,104,103,1538,-1,1534,1531,556,-1,556,104,1534,-1,1534,104,1538,-1,1534,1538,1536,-1,1536,1538,822,-1,1536,822,809,-1,563,556,1540,-1,1540,556,1531,-1,1540,1531,975,-1,975,1531,1529,-1,975,1529,1519,-1,1519,1529,1527,-1,1527,1525,1519,-1,1519,1525,1523,-1,1519,1523,1521,-1,978,977,1541,-1,978,1541,1542,-1,1542,1541,1543,-1,1542,1543,1544,-1,1544,1543,1545,-1,1544,1545,1546,-1,1546,1545,1547,-1,1546,1547,1548,-1,1548,1547,1549,-1,1548,1549,1550,-1,1550,1549,1551,-1,1550,1551,1552,-1,1553,1554,1551,-1,1551,1554,1552,-1,1555,1554,1556,-1,1556,1554,1553,-1,1557,1555,1558,-1,1558,1555,1556,-1,826,1557,825,-1,825,1557,1558,-1,566,567,118,-1,118,567,117,-1,1559,807,1560,-1,1560,807,824,-1,976,1561,977,-1,977,1561,1562,-1,1561,554,1562,-1,1562,554,565,-1,106,1559,107,-1,107,1559,1560,-1,106,105,1559,-1,1559,105,555,-1,1559,555,1561,-1,1561,555,554,-1,1530,976,1520,-1,976,1530,1561,-1,1561,1530,1532,-1,1561,1532,1559,-1,1559,1532,1533,-1,1559,1533,807,-1,807,1533,1535,-1,807,1535,808,-1,1520,1522,1524,-1,1524,1526,1520,-1,1520,1526,1528,-1,1520,1528,1530,-1,118,107,1560,-1,1556,1553,566,-1,566,118,1556,-1,1556,118,1560,-1,1556,1560,1558,-1,1558,1560,824,-1,1558,824,825,-1,565,566,1562,-1,1562,566,1553,-1,1562,1553,977,-1,977,1553,1551,-1,977,1551,1541,-1,1541,1551,1549,-1,1549,1547,1541,-1,1541,1547,1545,-1,1541,1545,1543,-1,980,979,1563,-1,980,1563,1564,-1,1564,1563,1565,-1,1564,1565,1566,-1,1566,1565,1567,-1,1566,1567,1568,-1,1568,1567,1569,-1,1568,1569,1570,-1,1570,1569,1571,-1,1570,1571,1572,-1,1572,1571,1573,-1,1572,1573,1574,-1,1575,1576,1573,-1,1573,1576,1574,-1,1577,1576,1578,-1,1578,1576,1575,-1,1579,1577,1580,-1,1580,1577,1578,-1,815,1579,816,-1,816,1579,1580,-1,528,527,112,-1,112,527,113,-1,1581,818,1582,-1,1582,818,817,-1,978,1583,979,-1,979,1583,1584,-1,1583,536,1584,-1,1584,536,535,-1,116,1581,111,-1,111,1581,1582,-1,116,117,1581,-1,1581,117,567,-1,1581,567,1583,-1,1583,567,536,-1,1552,978,1542,-1,978,1552,1583,-1,1583,1552,1554,-1,1583,1554,1581,-1,1581,1554,1555,-1,1581,1555,818,-1,818,1555,1557,-1,818,1557,826,-1,1542,1544,1546,-1,1546,1548,1542,-1,1542,1548,1550,-1,1542,1550,1552,-1,112,111,1582,-1,1578,1575,528,-1,528,112,1578,-1,1578,112,1582,-1,1578,1582,1580,-1,1580,1582,817,-1,1580,817,816,-1,535,528,1584,-1,1584,528,1575,-1,1584,1575,979,-1,979,1575,1573,-1,979,1573,1563,-1,1563,1573,1571,-1,1571,1569,1563,-1,1563,1569,1567,-1,1563,1567,1565,-1,982,981,1585,-1,982,1585,1586,-1,1586,1585,1587,-1,1586,1587,1588,-1,1588,1587,1589,-1,1588,1589,1590,-1,1590,1589,1591,-1,1590,1591,1592,-1,1592,1591,1593,-1,1592,1593,1594,-1,1594,1593,1595,-1,1594,1595,1596,-1,1597,1598,1595,-1,1595,1598,1596,-1,1599,1598,1600,-1,1600,1598,1597,-1,1601,1599,1602,-1,1602,1599,1600,-1,781,1601,782,-1,782,1601,1602,-1,550,551,126,-1,126,551,125,-1,1603,811,1604,-1,1604,811,810,-1,980,1605,981,-1,981,1605,1606,-1,1605,526,1606,-1,1606,526,549,-1,114,1603,115,-1,115,1603,1604,-1,114,113,1603,-1,1603,113,527,-1,1603,527,1605,-1,1605,527,526,-1,1574,980,1564,-1,980,1574,1605,-1,1605,1574,1576,-1,1605,1576,1603,-1,1603,1576,1577,-1,1603,1577,811,-1,811,1577,1579,-1,811,1579,815,-1,1564,1566,1568,-1,1568,1570,1564,-1,1564,1570,1572,-1,1564,1572,1574,-1,126,115,1604,-1,1600,1597,550,-1,550,126,1600,-1,1600,126,1604,-1,1600,1604,1602,-1,1602,1604,810,-1,1602,810,782,-1,549,550,1606,-1,1606,550,1597,-1,1606,1597,981,-1,981,1597,1595,-1,981,1595,1585,-1,1585,1595,1593,-1,1593,1591,1585,-1,1585,1591,1589,-1,1585,1589,1587,-1,984,983,1607,-1,984,1607,1608,-1,1608,1607,1609,-1,1608,1609,1610,-1,1610,1609,1611,-1,1610,1611,1612,-1,1612,1611,1613,-1,1612,1613,1614,-1,1614,1613,1615,-1,1614,1615,1616,-1,1616,1615,1617,-1,1616,1617,1618,-1,1619,1620,1617,-1,1617,1620,1618,-1,1621,1620,1622,-1,1622,1620,1619,-1,1623,1621,1624,-1,1624,1621,1622,-1,814,1623,813,-1,813,1623,1624,-1,520,519,120,-1,120,519,121,-1,1625,780,1626,-1,1626,780,812,-1,982,1627,983,-1,983,1627,1628,-1,1627,548,1628,-1,1628,548,521,-1,124,1625,119,-1,119,1625,1626,-1,124,125,1625,-1,1625,125,551,-1,1625,551,1627,-1,1627,551,548,-1,1596,982,1586,-1,982,1596,1627,-1,1627,1596,1598,-1,1627,1598,1625,-1,1625,1598,1599,-1,1625,1599,780,-1,780,1599,1601,-1,780,1601,781,-1,1586,1588,1590,-1,1590,1592,1586,-1,1586,1592,1594,-1,1586,1594,1596,-1,120,119,1626,-1,1622,1619,520,-1,520,120,1622,-1,1622,120,1626,-1,1622,1626,1624,-1,1624,1626,812,-1,1624,812,813,-1,521,520,1628,-1,1628,520,1619,-1,1628,1619,983,-1,983,1619,1617,-1,983,1617,1607,-1,1607,1617,1615,-1,1615,1613,1607,-1,1607,1613,1611,-1,1607,1611,1609,-1,986,985,1629,-1,986,1629,1630,-1,1630,1629,1631,-1,1630,1631,1632,-1,1632,1631,1633,-1,1632,1633,1634,-1,1634,1633,1635,-1,1634,1635,1636,-1,1636,1635,1637,-1,1636,1637,1638,-1,1638,1637,1639,-1,1638,1639,1640,-1,1641,1642,1639,-1,1639,1642,1640,-1,1643,1642,1644,-1,1644,1642,1641,-1,1645,1643,1646,-1,1646,1643,1644,-1,803,1645,804,-1,804,1645,1646,-1,713,714,134,-1,134,714,133,-1,1647,806,1648,-1,1648,806,805,-1,984,1649,985,-1,985,1649,1650,-1,712,1650,517,-1,517,1650,1649,-1,517,1649,518,-1,122,1647,123,-1,123,1647,1648,-1,122,121,1647,-1,1647,121,519,-1,1647,519,1649,-1,1649,519,518,-1,1618,984,1608,-1,984,1618,1649,-1,1649,1618,1620,-1,1649,1620,1647,-1,1647,1620,1621,-1,1647,1621,806,-1,806,1621,1623,-1,806,1623,814,-1,1608,1610,1612,-1,1612,1614,1608,-1,1608,1614,1616,-1,1608,1616,1618,-1,134,123,1648,-1,1644,1641,713,-1,713,134,1644,-1,1644,134,1648,-1,1644,1648,1646,-1,1646,1648,805,-1,1646,805,804,-1,712,713,1650,-1,1650,713,1641,-1,1650,1641,985,-1,985,1641,1639,-1,985,1639,1629,-1,1629,1639,1637,-1,1637,1635,1629,-1,1629,1635,1633,-1,1629,1633,1631,-1,988,987,1651,-1,988,1651,1652,-1,1652,1651,1653,-1,1652,1653,1654,-1,1654,1653,1655,-1,1654,1655,1656,-1,1656,1655,1657,-1,1656,1657,1658,-1,1658,1657,1659,-1,1658,1659,1660,-1,1660,1659,1661,-1,1660,1661,1662,-1,1663,1664,1661,-1,1661,1664,1662,-1,1665,1664,1666,-1,1666,1664,1663,-1,1667,1665,1668,-1,1668,1665,1666,-1,758,1667,759,-1,759,1667,1668,-1,706,705,128,-1,128,705,129,-1,1669,799,1670,-1,1670,799,798,-1,986,1671,987,-1,987,1671,1672,-1,1671,708,1672,-1,1672,708,707,-1,132,1669,127,-1,127,1669,1670,-1,132,133,1669,-1,1669,133,714,-1,1669,714,1671,-1,1671,714,708,-1,1640,986,1630,-1,986,1640,1671,-1,1671,1640,1642,-1,1671,1642,1669,-1,1669,1642,1643,-1,1669,1643,799,-1,799,1643,1645,-1,799,1645,803,-1,1630,1632,1634,-1,1634,1636,1630,-1,1630,1636,1638,-1,1630,1638,1640,-1,128,127,1670,-1,1666,1663,706,-1,706,128,1666,-1,1666,128,1670,-1,1666,1670,1668,-1,1668,1670,798,-1,1668,798,759,-1,707,706,1672,-1,1672,706,1663,-1,1672,1663,987,-1,987,1663,1661,-1,987,1661,1651,-1,1651,1661,1659,-1,1659,1657,1651,-1,1651,1657,1655,-1,1651,1655,1653,-1,990,989,1673,-1,990,1673,1674,-1,1674,1673,1675,-1,1674,1675,1676,-1,1676,1675,1677,-1,1676,1677,1678,-1,1678,1677,1679,-1,1678,1679,1680,-1,1680,1679,1681,-1,1680,1681,1682,-1,1682,1681,1683,-1,1682,1683,1684,-1,1685,1686,1683,-1,1683,1686,1684,-1,1687,1686,1688,-1,1688,1686,1685,-1,1689,1687,1690,-1,1690,1687,1688,-1,802,1689,801,-1,801,1689,1690,-1,710,711,142,-1,142,711,141,-1,1691,757,1692,-1,1692,757,800,-1,988,1693,989,-1,989,1693,1694,-1,1693,704,1694,-1,1694,704,709,-1,130,1691,131,-1,131,1691,1692,-1,130,129,1691,-1,1691,129,705,-1,1691,705,1693,-1,1693,705,704,-1,1662,988,1652,-1,988,1662,1693,-1,1693,1662,1664,-1,1693,1664,1691,-1,1691,1664,1665,-1,1691,1665,757,-1,757,1665,1667,-1,757,1667,758,-1,1652,1654,1656,-1,1656,1658,1652,-1,1652,1658,1660,-1,1652,1660,1662,-1,142,131,1692,-1,1688,1685,710,-1,710,142,1688,-1,1688,142,1692,-1,1688,1692,1690,-1,1690,1692,800,-1,1690,800,801,-1,709,710,1694,-1,1694,710,1685,-1,1694,1685,989,-1,989,1685,1683,-1,989,1683,1673,-1,1673,1683,1681,-1,1681,1679,1673,-1,1673,1679,1677,-1,1673,1677,1675,-1,992,991,1695,-1,992,1695,1696,-1,1696,1695,1697,-1,1696,1697,1698,-1,1698,1697,1699,-1,1698,1699,1700,-1,1700,1699,1701,-1,1700,1701,1702,-1,1702,1701,1703,-1,1702,1703,1704,-1,1704,1703,1705,-1,1704,1705,1706,-1,1707,1708,1705,-1,1705,1708,1706,-1,1709,1708,1710,-1,1710,1708,1707,-1,1711,1709,1712,-1,1712,1709,1710,-1,794,1711,795,-1,795,1711,1712,-1,698,697,136,-1,136,697,137,-1,1713,797,1714,-1,1714,797,796,-1,990,1715,991,-1,991,1715,1716,-1,1715,700,1716,-1,1716,700,699,-1,140,1713,135,-1,135,1713,1714,-1,140,141,1713,-1,1713,141,711,-1,1713,711,1715,-1,1715,711,700,-1,1684,990,1674,-1,990,1684,1715,-1,1715,1684,1686,-1,1715,1686,1713,-1,1713,1686,1687,-1,1713,1687,797,-1,797,1687,1689,-1,797,1689,802,-1,1674,1676,1678,-1,1678,1680,1674,-1,1674,1680,1682,-1,1674,1682,1684,-1,136,135,1714,-1,1710,1707,698,-1,698,136,1710,-1,1710,136,1714,-1,1710,1714,1712,-1,1712,1714,796,-1,1712,796,795,-1,699,698,1716,-1,1716,698,1707,-1,1716,1707,991,-1,991,1707,1705,-1,991,1705,1695,-1,1695,1705,1703,-1,1703,1701,1695,-1,1695,1701,1699,-1,1695,1699,1697,-1,994,993,1717,-1,994,1717,1718,-1,1718,1717,1719,-1,1718,1719,1720,-1,1720,1719,1721,-1,1720,1721,1722,-1,1722,1721,1723,-1,1722,1723,1724,-1,1724,1723,1725,-1,1724,1725,1726,-1,1726,1725,1727,-1,1726,1727,1728,-1,1727,1729,1728,-1,1728,1729,1730,-1,1730,1729,1731,-1,1731,1729,1732,-1,1731,1732,1733,-1,1733,1732,1734,-1,1733,1734,787,-1,787,1734,788,-1,150,702,149,-1,149,702,703,-1,996,995,1735,-1,996,1735,1736,-1,1736,1735,1737,-1,1736,1737,1738,-1,1738,1737,1739,-1,1738,1739,1740,-1,1740,1739,1741,-1,1740,1741,1742,-1,1742,1741,1743,-1,1742,1743,1744,-1,1744,1743,1745,-1,1744,1745,1746,-1,1747,1748,1745,-1,1745,1748,1746,-1,1749,1748,1750,-1,1750,1748,1747,-1,1751,1749,1752,-1,1752,1749,1750,-1,776,1751,777,-1,777,1751,1752,-1,690,689,144,-1,144,689,145,-1,1753,779,1754,-1,1754,779,778,-1,994,1755,995,-1,995,1755,1756,-1,1755,692,1756,-1,1756,692,691,-1,148,1753,143,-1,143,1753,1754,-1,148,149,1753,-1,1753,149,703,-1,1753,703,1755,-1,1755,703,692,-1,1728,994,1718,-1,994,1728,1755,-1,1755,1728,1730,-1,1755,1730,1753,-1,1753,1730,1731,-1,1753,1731,779,-1,779,1731,1733,-1,779,1733,787,-1,1718,1720,1728,-1,1728,1720,1722,-1,1728,1722,1726,-1,1726,1722,1724,-1,144,143,1754,-1,1750,1747,690,-1,690,144,1750,-1,1750,144,1754,-1,1750,1754,1752,-1,1752,1754,778,-1,1752,778,777,-1,691,690,1756,-1,1756,690,1747,-1,1756,1747,995,-1,995,1747,1745,-1,995,1745,1735,-1,1735,1745,1743,-1,1743,1741,1735,-1,1735,1741,1739,-1,1735,1739,1737,-1,1757,790,1758,-1,1758,790,789,-1,992,1759,993,-1,993,1759,1760,-1,1759,696,1760,-1,1760,696,701,-1,138,1757,139,-1,139,1757,1758,-1,138,137,1757,-1,1757,137,697,-1,1757,697,1759,-1,1759,697,696,-1,1706,992,1696,-1,992,1706,1759,-1,1759,1706,1708,-1,1759,1708,1757,-1,1757,1708,1709,-1,1757,1709,790,-1,790,1709,1711,-1,790,1711,794,-1,1696,1698,1700,-1,1700,1702,1696,-1,1696,1702,1704,-1,1696,1704,1706,-1,150,139,1758,-1,1732,1729,702,-1,702,150,1732,-1,1732,150,1758,-1,1732,1758,1734,-1,1734,1758,789,-1,1734,789,788,-1,701,702,1760,-1,1760,702,1729,-1,1760,1729,993,-1,993,1729,1727,-1,993,1727,1717,-1,1725,1723,1721,-1,1725,1721,1727,-1,1727,1721,1719,-1,1727,1719,1717,-1,998,997,1761,-1,998,1761,1762,-1,1762,1761,1763,-1,1762,1763,1764,-1,1764,1763,1765,-1,1764,1765,1766,-1,1766,1765,1767,-1,1766,1767,1768,-1,1768,1767,1769,-1,1768,1769,1770,-1,1770,1769,1771,-1,1770,1771,1772,-1,1773,1774,1771,-1,1771,1774,1772,-1,1775,1774,1776,-1,1776,1774,1773,-1,1777,1775,1778,-1,1778,1775,1776,-1,768,1777,769,-1,769,1777,1778,-1,694,695,158,-1,158,695,157,-1,1779,771,1780,-1,1780,771,770,-1,996,1781,997,-1,997,1781,1782,-1,1781,688,1782,-1,1782,688,693,-1,146,1779,147,-1,147,1779,1780,-1,146,145,1779,-1,1779,145,689,-1,1779,689,1781,-1,1781,689,688,-1,1746,996,1736,-1,996,1746,1781,-1,1781,1746,1748,-1,1781,1748,1779,-1,1779,1748,1749,-1,1779,1749,771,-1,771,1749,1751,-1,771,1751,776,-1,1736,1738,1740,-1,1740,1742,1736,-1,1736,1742,1744,-1,1736,1744,1746,-1,158,147,1780,-1,1776,1773,694,-1,694,158,1776,-1,1776,158,1780,-1,1776,1780,1778,-1,1778,1780,770,-1,1778,770,769,-1,693,694,1782,-1,1782,694,1773,-1,1782,1773,997,-1,997,1773,1771,-1,997,1771,1761,-1,1761,1771,1769,-1,1769,1767,1761,-1,1761,1767,1765,-1,1761,1765,1763,-1,1000,999,1783,-1,1000,1783,1784,-1,1784,1783,1785,-1,1784,1785,1786,-1,1786,1785,1787,-1,1786,1787,1788,-1,1788,1787,1789,-1,1788,1789,1790,-1,1790,1789,1791,-1,1790,1791,1792,-1,1792,1791,1793,-1,1792,1793,1794,-1,1795,1796,1793,-1,1793,1796,1794,-1,1797,1796,1798,-1,1798,1796,1795,-1,1799,1797,1800,-1,1800,1797,1798,-1,760,1799,761,-1,761,1799,1800,-1,682,681,152,-1,152,681,153,-1,1801,763,1802,-1,1802,763,762,-1,998,1803,999,-1,999,1803,1804,-1,1803,684,1804,-1,1804,684,683,-1,156,1801,151,-1,151,1801,1802,-1,156,157,1801,-1,1801,157,695,-1,1801,695,1803,-1,1803,695,684,-1,1772,998,1762,-1,998,1772,1803,-1,1803,1772,1774,-1,1803,1774,1801,-1,1801,1774,1775,-1,1801,1775,763,-1,763,1775,1777,-1,763,1777,768,-1,1762,1764,1766,-1,1766,1768,1762,-1,1762,1768,1770,-1,1762,1770,1772,-1,152,151,1802,-1,1798,1795,682,-1,682,152,1798,-1,1798,152,1802,-1,1798,1802,1800,-1,1800,1802,762,-1,1800,762,761,-1,683,682,1804,-1,1804,682,1795,-1,1804,1795,999,-1,999,1795,1793,-1,999,1793,1783,-1,1783,1793,1791,-1,1791,1789,1783,-1,1783,1789,1787,-1,1783,1787,1785,-1,1002,1001,1805,-1,1002,1805,1806,-1,1806,1805,1807,-1,1806,1807,1808,-1,1808,1807,1809,-1,1808,1809,1810,-1,1810,1809,1811,-1,1810,1811,1812,-1,1812,1811,1813,-1,1812,1813,1814,-1,1814,1813,1815,-1,1814,1815,1816,-1,1817,1818,1815,-1,1815,1818,1816,-1,1819,1818,1820,-1,1820,1818,1817,-1,1821,1819,1822,-1,1822,1819,1820,-1,732,1821,733,-1,733,1821,1822,-1,686,687,166,-1,166,687,165,-1,1823,735,1824,-1,1824,735,734,-1,1000,1825,1001,-1,1001,1825,1826,-1,1825,680,1826,-1,1826,680,685,-1,154,1823,155,-1,155,1823,1824,-1,154,153,1823,-1,1823,153,681,-1,1823,681,1825,-1,1825,681,680,-1,1794,1000,1784,-1,1000,1794,1825,-1,1825,1794,1796,-1,1825,1796,1823,-1,1823,1796,1797,-1,1823,1797,735,-1,735,1797,1799,-1,735,1799,760,-1,1784,1786,1788,-1,1788,1790,1784,-1,1784,1790,1792,-1,1784,1792,1794,-1,166,155,1824,-1,1820,1817,686,-1,686,166,1820,-1,1820,166,1824,-1,1820,1824,1822,-1,1822,1824,734,-1,1822,734,733,-1,685,686,1826,-1,1826,686,1817,-1,1826,1817,1001,-1,1001,1817,1815,-1,1001,1815,1805,-1,1805,1815,1813,-1,1813,1811,1805,-1,1805,1811,1809,-1,1805,1809,1807,-1,1004,1003,1827,-1,1004,1827,1828,-1,1828,1827,1829,-1,1828,1829,1830,-1,1830,1829,1831,-1,1830,1831,1832,-1,1832,1831,1833,-1,1832,1833,1834,-1,1834,1833,1835,-1,1834,1835,1836,-1,1836,1835,1837,-1,1836,1837,1838,-1,1839,1840,1837,-1,1837,1840,1838,-1,1841,1840,1842,-1,1842,1840,1839,-1,1843,1841,1844,-1,1844,1841,1842,-1,791,1843,792,-1,792,1843,1844,-1,674,673,160,-1,160,673,161,-1,1845,731,1846,-1,1846,731,793,-1,1002,1847,1003,-1,1003,1847,1848,-1,1847,676,1848,-1,1848,676,675,-1,164,1845,159,-1,159,1845,1846,-1,164,165,1845,-1,1845,165,687,-1,1845,687,1847,-1,1847,687,676,-1,1816,1002,1806,-1,1002,1816,1847,-1,1847,1816,1818,-1,1847,1818,1845,-1,1845,1818,1819,-1,1845,1819,731,-1,731,1819,1821,-1,731,1821,732,-1,1806,1808,1810,-1,1810,1812,1806,-1,1806,1812,1814,-1,1806,1814,1816,-1,160,159,1846,-1,1842,1839,674,-1,674,160,1842,-1,1842,160,1846,-1,1842,1846,1844,-1,1844,1846,793,-1,1844,793,792,-1,675,674,1848,-1,1848,674,1839,-1,1848,1839,1003,-1,1003,1839,1837,-1,1003,1837,1827,-1,1827,1837,1835,-1,1835,1833,1827,-1,1827,1833,1831,-1,1827,1831,1829,-1,1006,1005,1849,-1,1006,1849,1850,-1,1850,1849,1851,-1,1850,1851,1852,-1,1852,1851,1853,-1,1852,1853,1854,-1,1854,1853,1855,-1,1854,1855,1856,-1,1856,1855,1857,-1,1856,1857,1858,-1,1858,1857,1859,-1,1858,1859,1860,-1,1861,1862,1859,-1,1859,1862,1860,-1,1863,1862,1864,-1,1864,1862,1861,-1,1865,1863,1866,-1,1866,1863,1864,-1,783,1865,784,-1,784,1865,1866,-1,678,679,174,-1,174,679,173,-1,1867,786,1868,-1,1868,786,785,-1,1004,1869,1005,-1,1005,1869,1870,-1,1869,672,1870,-1,1870,672,677,-1,162,1867,163,-1,163,1867,1868,-1,162,161,1867,-1,1867,161,673,-1,1867,673,1869,-1,1869,673,672,-1,1838,1004,1828,-1,1004,1838,1869,-1,1869,1838,1840,-1,1869,1840,1867,-1,1867,1840,1841,-1,1867,1841,786,-1,786,1841,1843,-1,786,1843,791,-1,1828,1830,1832,-1,1832,1834,1828,-1,1828,1834,1836,-1,1828,1836,1838,-1,174,163,1868,-1,1864,1861,678,-1,678,174,1864,-1,1864,174,1868,-1,1864,1868,1866,-1,1866,1868,785,-1,1866,785,784,-1,677,678,1870,-1,1870,678,1861,-1,1870,1861,1005,-1,1005,1861,1859,-1,1005,1859,1849,-1,1849,1859,1857,-1,1857,1855,1849,-1,1849,1855,1853,-1,1849,1853,1851,-1,1008,1007,1871,-1,1008,1871,1872,-1,1872,1871,1873,-1,1872,1873,1874,-1,1874,1873,1875,-1,1874,1875,1876,-1,1876,1875,1877,-1,1876,1877,1878,-1,1878,1877,1879,-1,1878,1879,1880,-1,1880,1879,1881,-1,1880,1881,1882,-1,1883,1884,1881,-1,1881,1884,1882,-1,1885,1884,1886,-1,1886,1884,1883,-1,1887,1885,1888,-1,1888,1885,1886,-1,772,1887,773,-1,773,1887,1888,-1,666,665,168,-1,168,665,169,-1,1889,775,1890,-1,1890,775,774,-1,1006,1891,1007,-1,1007,1891,1892,-1,1891,668,1892,-1,1892,668,667,-1,172,1889,167,-1,167,1889,1890,-1,172,173,1889,-1,1889,173,679,-1,1889,679,1891,-1,1891,679,668,-1,1860,1006,1850,-1,1006,1860,1891,-1,1891,1860,1862,-1,1891,1862,1889,-1,1889,1862,1863,-1,1889,1863,775,-1,775,1863,1865,-1,775,1865,783,-1,1850,1852,1854,-1,1854,1856,1850,-1,1850,1856,1858,-1,1850,1858,1860,-1,168,167,1890,-1,1886,1883,666,-1,666,168,1886,-1,1886,168,1890,-1,1886,1890,1888,-1,1888,1890,774,-1,1888,774,773,-1,667,666,1892,-1,1892,666,1883,-1,1892,1883,1007,-1,1007,1883,1881,-1,1007,1881,1871,-1,1871,1881,1879,-1,1879,1877,1871,-1,1871,1877,1875,-1,1871,1875,1873,-1,1010,1009,1893,-1,1010,1893,1894,-1,1894,1893,1895,-1,1894,1895,1896,-1,1896,1895,1897,-1,1896,1897,1898,-1,1898,1897,1899,-1,1898,1899,1900,-1,1900,1899,1901,-1,1900,1901,1902,-1,1902,1901,1903,-1,1902,1903,1904,-1,1905,1906,1903,-1,1903,1906,1904,-1,1907,1906,1908,-1,1908,1906,1905,-1,1909,1907,1910,-1,1910,1907,1908,-1,764,1909,765,-1,765,1909,1910,-1,670,671,182,-1,182,671,181,-1,1911,767,1912,-1,1912,767,766,-1,1008,1913,1009,-1,1009,1913,1914,-1,1913,664,1914,-1,1914,664,669,-1,170,1911,171,-1,171,1911,1912,-1,170,169,1911,-1,1911,169,665,-1,1911,665,1913,-1,1913,665,664,-1,1882,1008,1872,-1,1008,1882,1913,-1,1913,1882,1884,-1,1913,1884,1911,-1,1911,1884,1885,-1,1911,1885,767,-1,767,1885,1887,-1,767,1887,772,-1,1872,1874,1876,-1,1876,1878,1872,-1,1872,1878,1880,-1,1872,1880,1882,-1,182,171,1912,-1,1908,1905,670,-1,670,182,1908,-1,1908,182,1912,-1,1908,1912,1910,-1,1910,1912,766,-1,1910,766,765,-1,669,670,1914,-1,1914,670,1905,-1,1914,1905,1009,-1,1009,1905,1903,-1,1009,1903,1893,-1,1893,1903,1901,-1,1901,1899,1893,-1,1893,1899,1897,-1,1893,1897,1895,-1,1012,1011,1915,-1,1012,1915,1916,-1,1916,1915,1917,-1,1916,1917,1918,-1,1918,1917,1919,-1,1918,1919,1920,-1,1920,1919,1921,-1,1920,1921,1922,-1,1922,1921,1923,-1,1922,1923,1924,-1,1924,1923,1925,-1,1924,1925,1926,-1,1927,1928,1925,-1,1925,1928,1926,-1,1929,1928,1930,-1,1930,1928,1927,-1,1931,1929,1932,-1,1932,1929,1930,-1,753,1931,754,-1,754,1931,1932,-1,658,657,176,-1,176,657,177,-1,1933,756,1934,-1,1934,756,755,-1,1010,1935,1011,-1,1011,1935,1936,-1,1935,660,1936,-1,1936,660,659,-1,180,1933,175,-1,175,1933,1934,-1,180,181,1933,-1,1933,181,671,-1,1933,671,1935,-1,1935,671,660,-1,1904,1010,1894,-1,1010,1904,1935,-1,1935,1904,1906,-1,1935,1906,1933,-1,1933,1906,1907,-1,1933,1907,756,-1,756,1907,1909,-1,756,1909,764,-1,1894,1896,1898,-1,1898,1900,1894,-1,1894,1900,1902,-1,1894,1902,1904,-1,176,175,1934,-1,1930,1927,658,-1,658,176,1930,-1,1930,176,1934,-1,1930,1934,1932,-1,1932,1934,755,-1,1932,755,754,-1,659,658,1936,-1,1936,658,1927,-1,1936,1927,1011,-1,1011,1927,1925,-1,1011,1925,1915,-1,1915,1925,1923,-1,1923,1921,1915,-1,1915,1921,1919,-1,1915,1919,1917,-1,1014,1013,1937,-1,1014,1937,1938,-1,1938,1937,1939,-1,1938,1939,1940,-1,1940,1939,1941,-1,1940,1941,1942,-1,1942,1941,1943,-1,1942,1943,1944,-1,1944,1943,1945,-1,1944,1945,1946,-1,1946,1945,1947,-1,1946,1947,1948,-1,1949,1950,1947,-1,1947,1950,1948,-1,1951,1950,1952,-1,1952,1950,1949,-1,1953,1951,1954,-1,1954,1951,1952,-1,749,1953,750,-1,750,1953,1954,-1,662,663,190,-1,190,663,189,-1,1955,752,1956,-1,1956,752,751,-1,1012,1957,1013,-1,1013,1957,1958,-1,1957,656,1958,-1,1958,656,661,-1,178,1955,179,-1,179,1955,1956,-1,178,177,1955,-1,1955,177,657,-1,1955,657,1957,-1,1957,657,656,-1,1926,1012,1916,-1,1012,1926,1957,-1,1957,1926,1928,-1,1957,1928,1955,-1,1955,1928,1929,-1,1955,1929,752,-1,752,1929,1931,-1,752,1931,753,-1,1916,1918,1920,-1,1920,1922,1916,-1,1916,1922,1924,-1,1916,1924,1926,-1,190,179,1956,-1,1952,1949,662,-1,662,190,1952,-1,1952,190,1956,-1,1952,1956,1954,-1,1954,1956,751,-1,1954,751,750,-1,661,662,1958,-1,1958,662,1949,-1,1958,1949,1013,-1,1013,1949,1947,-1,1013,1947,1937,-1,1937,1947,1945,-1,1945,1943,1937,-1,1937,1943,1941,-1,1937,1941,1939,-1,1959,748,1960,-1,1960,748,747,-1,1014,1961,1015,-1,1015,1961,1962,-1,1961,652,1962,-1,1962,652,651,-1,188,1959,183,-1,183,1959,1960,-1,188,189,1959,-1,1959,189,663,-1,1959,663,1961,-1,1961,663,652,-1,1948,1014,1938,-1,1014,1948,1961,-1,1961,1948,1950,-1,1961,1950,1959,-1,1959,1950,1951,-1,1959,1951,748,-1,748,1951,1953,-1,748,1953,749,-1,1938,1940,1942,-1,1942,1944,1938,-1,1938,1944,1946,-1,1938,1946,1948,-1,184,183,1960,-1,1096,1093,650,-1,650,184,1096,-1,1096,184,1960,-1,1096,1960,1098,-1,1098,1960,747,-1,1098,747,746,-1,651,650,1962,-1,1962,650,1093,-1,1962,1093,1015,-1,1015,1093,1091,-1,1015,1091,1081,-1,1089,1087,1085,-1,1089,1085,1091,-1,1091,1085,1083,-1,1091,1083,1081,-1]}}
Shape{appearance Appearance{material Material{diffuseColor 0.792156862745098 0.8196078431372549 0.9333333333333333 transparency 0.0}}geometry IndexedFaceSet{ccw TRUE solid FALSE coord Coordinate{point [0.115 -0.0399 0.0039, 0.115 -0.0399 0.0, 0.124 -0.0821 0.0039, 0.124 -0.0821 0.0, 0.1107 -0.0184 0.0039, 0.1107 -0.0184 0.0, 0.109 -0.0116 0.0039, 0.109 -0.0116 0.0, 0.11 -0.0155 0.0, 0.1086 -0.0106 0.0039, 0.1086 -0.0106 0.0, 0.1083 -0.01 0.0039, 0.1083 -0.01 0.0, 0.108 -0.0095 0.0039, 0.108 -0.0095 0.0, 0.1077 -0.0092 0.0039, 0.1077 -0.0092 0.0, 0.1075 -0.009 0.0039, 0.1075 -0.009 0.0, 0.1073 -0.0089 0.0039, 0.1073 -0.0089 0.0, 0.107 -0.0089 0.0039, 0.107 -0.0089 0.0, 0.1068 -0.0089 0.0039, 0.1068 -0.0089 0.0, 0.1066 -0.009 0.0039, 0.1066 -0.009 0.0, 0.1064 -0.0091 0.0039, 0.1064 -0.0091 0.0, 0.1062 -0.0093 0.0039, 0.1062 -0.0093 0.0, 0.1061 -0.0096 0.0039, 0.1061 -0.0096 0.0, 0.1059 -0.0103 0.0039, 0.1059 -0.0103 0.0, 0.1054 -0.0139 0.0039, 0.1054 -0.0139 0.0, 0.1052 -0.0155 0.0, 0.105 -0.0173 0.0039, 0.105 -0.0173 0.0, 0.1036 -0.0292 0.0039, 0.1036 -0.0292 0.0, 0.1032 -0.0347 0.0039, 0.1032 -0.0347 0.0, 0.1034 -0.0373 0.0039, 0.1034 -0.0373 0.0, 0.1039 -0.0388 0.0039, 0.1039 -0.0388 0.0, 0.1045 -0.0399 0.0039, 0.1045 -0.0399 0.0, 0.1059 -0.0425 0.0039, 0.1059 -0.0425 0.0, 0.1096 -0.0549 0.0039, 0.1096 -0.0549 0.0, 0.1127 -0.0674 0.0039, 0.1127 -0.0674 0.0, 0.1418 -0.2024 0.0039, 0.1418 -0.2024 0.0, 0.1458 -0.2024 0.0039, 0.1458 -0.2024 0.0, 0.1733 -0.081 0.0039, 0.1733 -0.081 0.0, 0.1767 -0.0668 0.0039, 0.1767 -0.0668 0.0, 0.1782 -0.0601 0.0039, 0.1782 -0.0601 0.0, 0.1801 -0.0535 0.0039, 0.1801 -0.0535 0.0, 0.182 -0.0482 0.0039, 0.182 -0.0482 0.0, 0.1838 -0.0431 0.0039, 0.1838 -0.0431 0.0, 0.185 -0.0413 0.0039, 0.185 -0.0413 0.0, 0.1859 -0.0403 0.0039, 0.1859 -0.0403 0.0, 0.1862 -0.0398 0.0039, 0.1862 -0.0398 0.0, 0.1864 -0.0395 0.0039, 0.1864 -0.0395 0.0, 0.1865 -0.0392 0.0039, 0.1865 -0.0392 0.0, 0.1865 -0.0382 0.0039, 0.1865 -0.0382 0.0, 0.186 -0.0315 0.0039, 0.186 -0.0315 0.0, 0.186 -0.0314 0.0039, 0.186 -0.0314 0.0, 0.1849 -0.0187 0.0039, 0.1849 -0.0187 0.0, 0.1845 -0.0155 0.0, 0.1843 -0.0139 0.0039, 0.1843 -0.0139 0.0, 0.1842 -0.0124 0.0039, 0.1842 -0.0124 0.0, 0.184 -0.0113 0.0039, 0.184 -0.0113 0.0, 0.1839 -0.0106 0.0039, 0.1839 -0.0106 0.0, 0.1838 -0.0102 0.0039, 0.1838 -0.0102 0.0, 0.1836 -0.0099 0.0039, 0.1836 -0.0099 0.0, 0.1835 -0.0096 0.0039, 0.1835 -0.0096 0.0, 0.1833 -0.0095 0.0039, 0.1833 -0.0095 0.0, 0.1831 -0.0094 0.0039, 0.1831 -0.0094 0.0, 0.1829 -0.0093 0.0039, 0.1829 -0.0093 0.0, 0.1827 -0.0093 0.0039, 0.1827 -0.0093 0.0, 0.1824 -0.0094 0.0039, 0.1824 -0.0094 0.0, 0.1821 -0.0095 0.0039, 0.1821 -0.0095 0.0, 0.1819 -0.0097 0.0039, 0.1819 -0.0097 0.0, 0.1816 -0.0101 0.0039, 0.1816 -0.0101 0.0, 0.1814 -0.0106 0.0039, 0.1814 -0.0106 0.0, 0.1812 -0.0113 0.0039, 0.1812 -0.0113 0.0, 0.1792 -0.0227 0.0039, 0.1792 -0.0227 0.0, 0.1805 -0.0155 0.0, 0.1625 -0.0914 0.0039, 0.1625 -0.0914 0.0, 0.1438 -0.1752 0.0039, 0.1254 -0.092 0.0039, 0.1619 -0.0957 0.0039, 0.1543 -0.1031 0.0039, 0.1472 -0.0982 0.0039, 0.1448 -0.0969 0.0039, 0.1365 -0.0944 0.0039, 0.1254 -0.092 0.0, 0.1438 -0.1752 0.0, 0.1365 -0.0944 0.0, 0.1448 -0.0969 0.0, 0.1472 -0.0982 0.0, 0.1543 -0.1031 0.0, 0.1619 -0.0957 0.0, 0.0013 -0.1846 0.0039, 0.0013 -0.1846 0.0, 0.0064 -0.1804 0.0039, 0.0064 -0.1804 0.0, 0.0001 -0.1856 0.0039, 0.0001 -0.1856 0.0, -0.0007 -0.1866 0.0039, -0.0007 -0.1866 0.0, -0.0012 -0.1876 0.0039, -0.0012 -0.1876 0.0, -0.0013 -0.1883 0.0039, -0.0013 -0.1883 0.0, -0.0013 -0.189 0.0039, -0.0013 -0.189 0.0, -0.0011 -0.1897 0.0039, -0.0011 -0.1897 0.0, -0.0008 -0.1901 0.0039, -0.0008 -0.1901 0.0, -0.0005 -0.1906 0.0039, -0.0005 -0.1906 0.0, -0.0001 -0.1909 0.0039, -0.0001 -0.1909 0.0, 0.005 -0.19 0.0039, 0.005 -0.19 0.0, 0.0109 -0.19 0.0039, 0.0109 -0.19 0.0, 0.0133 -0.1904 0.0039, 0.0133 -0.1904 0.0, 0.0158 -0.1909 0.0039, 0.0158 -0.1909 0.0, 0.0217 -0.1914 0.0039, 0.0217 -0.1914 0.0, 0.0324 -0.1945 0.0039, 0.0324 -0.1945 0.0, 0.0386 -0.1957 0.0039, 0.0386 -0.1957 0.0, 0.0449 -0.1962 0.0039, 0.0449 -0.1962 0.0, 0.0537 -0.1957 0.0039, 0.0537 -0.1957 0.0, 0.0601 -0.1941 0.0039, 0.0601 -0.1941 0.0, 0.0653 -0.1914 0.0039, 0.0653 -0.1914 0.0, 0.0699 -0.1873 0.0039, 0.0699 -0.1873 0.0, 0.0745 -0.1807 0.0039, 0.0745 -0.1807 0.0, 0.0789 -0.1692 0.0039, 0.0789 -0.1692 0.0, 0.083 -0.1375 0.0039, 0.083 -0.1375 0.0, 0.0843 -0.0982 0.0039, 0.0843 -0.0982 0.0, 0.0814 -0.0648 0.0039, 0.0814 -0.0648 0.0, 0.076 -0.0461 0.0039, 0.076 -0.0461 0.0, 0.0702 -0.0356 0.0039, 0.0702 -0.0356 0.0, 0.0652 -0.0297 0.0039, 0.0652 -0.0297 0.0, 0.0597 -0.0257 0.0039, 0.0597 -0.0257 0.0, 0.0544 -0.0236 0.0039, 0.0544 -0.0236 0.0, 0.0339 -0.0204 0.0039, 0.0339 -0.0204 0.0, 0.0214 -0.019 0.0039, 0.0214 -0.019 0.0, 0.0168 -0.0177 0.0039, 0.0168 -0.0177 0.0, 0.0138 -0.0159 0.0039, 0.0138 -0.0159 0.0, 0.0131 -0.0155 0.0, 0.0129 -0.0154 0.0039, 0.0129 -0.0154 0.0, 0.0126 -0.0153 0.0039, 0.0126 -0.0153 0.0, 0.0119 -0.0154 0.0, 0.0119 -0.0154 0.0039, 0.0116 -0.0155 0.0, 0.0113 -0.0156 0.0039, 0.0113 -0.0156 0.0, 0.0095 -0.0169 0.0039, 0.0095 -0.0169 0.0, 0.0054 -0.0207 0.0039, 0.0054 -0.0207 0.0, 0.0041 -0.0221 0.0039, 0.0041 -0.0221 0.0, 0.0007 -0.0258 0.0039, 0.0007 -0.0258 0.0, 0.0 -0.0265 0.0039, 0.0 -0.0265 0.0, -0.0004 -0.0271 0.0039, -0.0004 -0.0271 0.0, -0.0008 -0.0276 0.0039, -0.0008 -0.0276 0.0, -0.001 -0.0279 0.0039, -0.001 -0.0279 0.0, -0.0011 -0.0282 0.0039, -0.0011 -0.0282 0.0, -0.0011 -0.0286 0.0039, -0.0011 -0.0286 0.0, -0.001 -0.0289 0.0039, -0.001 -0.0289 0.0, -0.0008 -0.0295 0.0039, -0.0008 -0.0295 0.0, -0.0006 -0.0297 0.0039, -0.0006 -0.0297 0.0, -0.0005 -0.0299 0.0039, -0.0005 -0.0299 0.0, -0.0003 -0.03 0.0039, -0.0003 -0.03 0.0, -0.0001 -0.0301 0.0039, -0.0001 -0.0301 0.0, 0.0006 -0.0301 0.0039, 0.0006 -0.0301 0.0, 0.0016 -0.03 0.0039, 0.0016 -0.03 0.0, 0.0056 -0.03 0.0039, 0.0056 -0.03 0.0, 0.0101 -0.03 0.0039, 0.0101 -0.03 0.0, 0.0101 -0.1784 0.0039, 0.0101 -0.1784 0.0, 0.0082 -0.1793 0.0039, 0.0082 -0.1793 0.0, 0.0224 -0.0304 0.0039, 0.018 -0.0306 0.0039, 0.018 -0.1804 0.0039, 0.0234 -0.1826 0.0039, 0.0354 -0.1854 0.0039, 0.0478 -0.1863 0.0039, 0.0552 -0.1849 0.0039, 0.0757 -0.0815 0.0039, 0.0712 -0.0563 0.0039, 0.0656 -0.0437 0.0039, 0.0623 -0.0395 0.0039, 0.0589 -0.0368 0.0039, 0.0543 -0.0348 0.0039, 0.048 -0.0331 0.0039, 0.0392 -0.032 0.0039, 0.0268 -0.0306 0.0039, 0.0607 -0.1827 0.0039, 0.064 -0.1803 0.0039, 0.0674 -0.1762 0.0039, 0.0706 -0.1701 0.0039, 0.0731 -0.1616 0.0039, 0.0764 -0.1232 0.0039, 0.0392 -0.032 0.0, 0.0268 -0.0306 0.0, 0.048 -0.0331 0.0, 0.0543 -0.0348 0.0, 0.0589 -0.0368 0.0, 0.0623 -0.0395 0.0, 0.0656 -0.0437 0.0, 0.0712 -0.0563 0.0, 0.0757 -0.0815 0.0, 0.0764 -0.1232 0.0, 0.0731 -0.1616 0.0, 0.0706 -0.1701 0.0, 0.0674 -0.1762 0.0, 0.064 -0.1803 0.0, 0.0607 -0.1827 0.0, 0.0552 -0.1849 0.0, 0.0478 -0.1863 0.0, 0.0354 -0.1854 0.0, 0.0234 -0.1826 0.0, 0.018 -0.1804 0.0, 0.018 -0.0306 0.0, 0.0224 -0.0304 0.0, -0.0599 -0.1198 0.0039, -0.0599 -0.1198 0.0, -0.0837 -0.1167 0.0039, -0.0837 -0.1167 0.0, -0.0501 -0.1217 0.0039, -0.0501 -0.1217 0.0, -0.0438 -0.124 0.0039, -0.0438 -0.124 0.0, -0.041 -0.1257 0.0039, -0.041 -0.1257 0.0, -0.0384 -0.1271 0.0039, -0.0384 -0.1271 0.0, -0.0302 -0.1189 0.0039, -0.0302 -0.1189 0.0, -0.0296 -0.1181 0.0039, -0.0296 -0.1181 0.0, -0.0292 -0.1175 0.0039, -0.0292 -0.1175 0.0, -0.029 -0.1169 0.0039, -0.029 -0.1169 0.0, -0.0289 -0.1165 0.0039, -0.0289 -0.1165 0.0, -0.0289 -0.116 0.0039, -0.0289 -0.116 0.0, -0.0291 -0.1156 0.0039, -0.0291 -0.1156 0.0, -0.0295 -0.115 0.0039, -0.0295 -0.115 0.0, -0.0299 -0.1146 0.0039, -0.0299 -0.1146 0.0, -0.0304 -0.1143 0.0039, -0.0304 -0.1143 0.0, -0.0309 -0.1142 0.0039, -0.0309 -0.1142 0.0, -0.0316 -0.1141 0.0039, -0.0316 -0.1141 0.0, -0.0837 -0.1068 0.0039, -0.0837 -0.1068 0.0, -0.0837 -0.03 0.0039, -0.0837 -0.03 0.0, -0.0415 -0.0359 0.0039, -0.0415 -0.0359 0.0, -0.0374 -0.037 0.0039, -0.0374 -0.037 0.0, -0.0336 -0.0388 0.0039, -0.0336 -0.0388 0.0, -0.0311 -0.0402 0.0039, -0.0311 -0.0402 0.0, -0.0231 -0.0314 0.0039, -0.0231 -0.0314 0.0, -0.0223 -0.0302 0.0039, -0.0223 -0.0302 0.0, -0.022 -0.0296 0.0039, -0.022 -0.0296 0.0, -0.0219 -0.0291 0.0039, -0.0219 -0.0291 0.0, -0.022 -0.0287 0.0039, -0.022 -0.0287 0.0, -0.0221 -0.0282 0.0039, -0.0221 -0.0282 0.0, -0.0224 -0.0277 0.0039, -0.0224 -0.0277 0.0, -0.0226 -0.0274 0.0039, -0.0226 -0.0274 0.0, -0.0228 -0.0272 0.0039, -0.0228 -0.0272 0.0, -0.0231 -0.0271 0.0039, -0.0231 -0.0271 0.0, -0.0231 -0.0271 0.0039, -0.0231 -0.0271 0.0, -0.0239 -0.0269 0.0039, -0.0239 -0.0269 0.0, -0.0248 -0.0269 0.0039, -0.0248 -0.0269 0.0, -0.029 -0.0266 0.0039, -0.029 -0.0266 0.0, -0.0505 -0.024 0.0039, -0.0505 -0.024 0.0, -0.0718 -0.0207 0.0039, -0.0718 -0.0207 0.0, -0.0848 -0.0184 0.0039, -0.0848 -0.0184 0.0, -0.088 -0.0173 0.0039, -0.088 -0.0173 0.0, -0.09 -0.0168 0.0039, -0.09 -0.0168 0.0, -0.0914 -0.0167 0.0039, -0.0914 -0.0167 0.0, -0.0922 -0.0168 0.0039, -0.0922 -0.0168 0.0, -0.0928 -0.0171 0.0039, -0.0928 -0.0171 0.0, -0.0935 -0.0177 0.0039, -0.0935 -0.0177 0.0, -0.0941 -0.0184 0.0039, -0.0941 -0.0184 0.0, -0.0944 -0.019 0.0039, -0.0944 -0.019 0.0, -0.0946 -0.0202 0.0039, -0.0946 -0.0202 0.0, -0.0946 -0.0218 0.0039, -0.0946 -0.0218 0.0, -0.0945 -0.0224 0.0039, -0.0945 -0.0224 0.0, -0.0927 -0.0295 0.0039, -0.0927 -0.0295 0.0, -0.0919 -0.0368 0.0039, -0.0919 -0.0368 0.0, -0.0919 -0.0422 0.0039, -0.0919 -0.0422 0.0, -0.0918 -0.0457 0.0039, -0.0918 -0.0457 0.0, -0.0916 -0.0493 0.0039, -0.0916 -0.0493 0.0, -0.0919 -0.1789 0.0039, -0.0919 -0.1789 0.0, -0.0951 -0.1827 0.0039, -0.0951 -0.1827 0.0, -0.097 -0.1851 0.0039, -0.097 -0.1851 0.0, -0.0982 -0.1867 0.0039, -0.0982 -0.1867 0.0, -0.0986 -0.1877 0.0039, -0.0986 -0.1877 0.0, -0.0989 -0.1891 0.0039, -0.0989 -0.1891 0.0, -0.0989 -0.1899 0.0039, -0.0989 -0.1899 0.0, -0.0989 -0.1905 0.0039, -0.0989 -0.1905 0.0, -0.0989 -0.1908 0.0039, -0.0989 -0.1908 0.0, -0.0988 -0.191 0.0039, -0.0988 -0.191 0.0, -0.0987 -0.1911 0.0039, -0.0987 -0.1911 0.0, -0.0986 -0.1912 0.0039, -0.0986 -0.1912 0.0, -0.0984 -0.1913 0.0039, -0.0984 -0.1913 0.0, -0.098 -0.1914 0.0039, -0.098 -0.1914 0.0, -0.0972 -0.1915 0.0039, -0.0972 -0.1915 0.0, -0.0965 -0.1914 0.0039, -0.0965 -0.1914 0.0, -0.0911 -0.1906 0.0039, -0.0911 -0.1906 0.0, -0.0863 -0.19 0.0039, -0.0863 -0.19 0.0, -0.0814 -0.19 0.0039, -0.0814 -0.19 0.0, -0.0806 -0.19 0.0039, -0.0806 -0.19 0.0, -0.0751 -0.1901 0.0039, -0.0751 -0.1901 0.0, -0.0696 -0.1909 0.0039, -0.0696 -0.1909 0.0, -0.0585 -0.1928 0.0039, -0.0585 -0.1928 0.0, -0.0487 -0.1948 0.0039, -0.0487 -0.1948 0.0, -0.041 -0.1976 0.0039, -0.041 -0.1976 0.0, -0.0395 -0.1985 0.0039, -0.0395 -0.1985 0.0, -0.037 -0.2002 0.0039, -0.037 -0.2002 0.0, -0.0288 -0.1917 0.0039, -0.0288 -0.1917 0.0, -0.0282 -0.1908 0.0039, -0.0282 -0.1908 0.0, -0.0279 -0.1901 0.0039, -0.0279 -0.1901 0.0, -0.0277 -0.1896 0.0039, -0.0277 -0.1896 0.0, -0.0277 -0.1892 0.0039, -0.0277 -0.1892 0.0, -0.0277 -0.1888 0.0039, -0.0277 -0.1888 0.0, -0.0278 -0.1884 0.0039, -0.0278 -0.1884 0.0, -0.0281 -0.188 0.0039, -0.0281 -0.188 0.0, -0.0285 -0.1877 0.0039, -0.0285 -0.1877 0.0, -0.029 -0.1874 0.0039, -0.029 -0.1874 0.0, -0.0295 -0.1872 0.0039, -0.0295 -0.1872 0.0, -0.0302 -0.1872 0.0039, -0.0302 -0.1872 0.0, -0.0347 -0.1866 0.0039, -0.0347 -0.1866 0.0, -0.0414 -0.1857 0.0039, -0.0414 -0.1857 0.0, -0.048 -0.1849 0.0039, -0.048 -0.1849 0.0, -0.0837 -0.1789 0.0039, -0.0837 -0.1789 0.0, -0.1268 -0.1959 0.0039, -0.1268 -0.1959 0.0, -0.1311 -0.1959 0.0039, -0.1311 -0.1959 0.0, -0.1268 -0.1203 0.0039, -0.1268 -0.1203 0.0, -0.1322 -0.1203 0.0039, -0.1322 -0.1203 0.0, -0.1346 -0.1602 0.0039, -0.1346 -0.1602 0.0, -0.1381 -0.1731 0.0039, -0.1381 -0.1731 0.0, -0.1416 -0.18 0.0039, -0.1416 -0.18 0.0, -0.1451 -0.1841 0.0039, -0.1451 -0.1841 0.0, -0.1488 -0.187 0.0039, -0.1488 -0.187 0.0, -0.1528 -0.1888 0.0039, -0.1528 -0.1888 0.0, -0.1571 -0.1897 0.0039, -0.1571 -0.1897 0.0, -0.163 -0.1894 0.0039, -0.163 -0.1894 0.0, -0.1681 -0.1877 0.0039, -0.1681 -0.1877 0.0, -0.1729 -0.1847 0.0039, -0.1729 -0.1847 0.0, -0.1774 -0.1802 0.0039, -0.1774 -0.1802 0.0, -0.1823 -0.1725 0.0039, -0.1823 -0.1725 0.0, -0.1889 -0.1535 0.0039, -0.1889 -0.1535 0.0, -0.1915 -0.1387 0.0039, -0.1915 -0.1387 0.0, -0.1925 -0.0937 0.0039, -0.1925 -0.0937 0.0, -0.1855 -0.0533 0.0039, -0.1855 -0.0533 0.0, -0.1812 -0.0417 0.0039, -0.1812 -0.0417 0.0, -0.1748 -0.0326 0.0039, -0.1748 -0.0326 0.0, -0.1707 -0.0289 0.0039, -0.1707 -0.0289 0.0, -0.1671 -0.0267 0.0039, -0.1671 -0.0267 0.0, -0.1633 -0.0256 0.0039, -0.1633 -0.0256 0.0, -0.1594 -0.0252 0.0039, -0.1594 -0.0252 0.0, -0.153 -0.0257 0.0039, -0.153 -0.0257 0.0, -0.1468 -0.028 0.0039, -0.1468 -0.028 0.0, -0.1417 -0.0316 0.0039, -0.1417 -0.0316 0.0, -0.1375 -0.0364 0.0039, -0.1375 -0.0364 0.0, -0.1338 -0.0437 0.0039, -0.1338 -0.0437 0.0, -0.1298 -0.0624 0.0039, -0.1298 -0.0624 0.0, -0.1285 -0.0708 0.0039, -0.1285 -0.0708 0.0, -0.1271 -0.0858 0.0039, -0.1271 -0.0858 0.0, -0.1226 -0.0855 0.0039, -0.1226 -0.0855 0.0, -0.1247 -0.0517 0.0039, -0.1247 -0.0517 0.0, -0.128 -0.0391 0.0039, -0.128 -0.0391 0.0, -0.1328 -0.0292 0.0039, -0.1328 -0.0292 0.0, -0.1365 -0.0245 0.0039, -0.1365 -0.0245 0.0, -0.1419 -0.0202 0.0039, -0.1419 -0.0202 0.0, -0.1487 -0.017 0.0039, -0.1487 -0.017 0.0, -0.1554 -0.0159 0.0039, -0.1554 -0.0159 0.0, -0.1627 -0.0161 0.0039, -0.1627 -0.0161 0.0, -0.1702 -0.0184 0.0039, -0.1702 -0.0184 0.0, -0.1767 -0.0223 0.0039, -0.1767 -0.0223 0.0, -0.1814 -0.0271 0.0039, -0.1814 -0.0271 0.0, -0.1879 -0.0377 0.0039, -0.1879 -0.0377 0.0, -0.1958 -0.0614 0.0039, -0.1958 -0.0614 0.0, -0.1989 -0.0806 0.0039, -0.1989 -0.0806 0.0, -0.199 -0.1376 0.0039, -0.199 -0.1376 0.0, -0.1922 -0.1683 0.0039, -0.1922 -0.1683 0.0, -0.1862 -0.1818 0.0039, -0.1862 -0.1818 0.0, -0.1804 -0.1893 0.0039, -0.1804 -0.1893 0.0, -0.1716 -0.1961 0.0039, -0.1716 -0.1961 0.0, -0.1674 -0.1982 0.0039, -0.1674 -0.1982 0.0, -0.1634 -0.199 0.0039, -0.1634 -0.199 0.0, -0.1594 -0.199 0.0039, -0.1594 -0.199 0.0, -0.151 -0.1969 0.0039, -0.151 -0.1969 0.0, -0.1445 -0.1933 0.0039, -0.1445 -0.1933 0.0, -0.1389 -0.1882 0.0039, -0.1389 -0.1882 0.0, -0.1356 -0.1838 0.0039, -0.1356 -0.1838 0.0, -0.1331 -0.1792 0.0039, -0.1331 -0.1792 0.0, -0.2712 -0.1909 0.0039, -0.2712 -0.1909 0.0, -0.2837 -0.2064 0.0039, -0.2837 -0.2064 0.0, -0.2741 -0.1846 0.0039, -0.2741 -0.1846 0.0, -0.2754 -0.1766 0.0039, -0.2754 -0.1766 0.0, -0.2754 -0.173 0.0039, -0.2754 -0.173 0.0, -0.2754 -0.0286 0.0039, -0.2754 -0.0286 0.0, -0.2536 -0.0304 0.0039, -0.2536 -0.0304 0.0, -0.2432 -0.032 0.0039, -0.2432 -0.032 0.0, -0.2398 -0.0328 0.0039, -0.2398 -0.0328 0.0, -0.2377 -0.0338 0.0039, -0.2377 -0.0338 0.0, -0.2351 -0.0361 0.0039, -0.2351 -0.0361 0.0, -0.2342 -0.0367 0.0039, -0.2342 -0.0367 0.0, -0.2333 -0.0371 0.0039, -0.2333 -0.0371 0.0, -0.2267 -0.0313 0.0039, -0.2267 -0.0313 0.0, -0.2235 -0.0284 0.0039, -0.2235 -0.0284 0.0, -0.2225 -0.0272 0.0039, -0.2225 -0.0272 0.0, -0.222 -0.0264 0.0039, -0.222 -0.0264 0.0, -0.2218 -0.0254 0.0039, -0.2218 -0.0254 0.0, -0.2217 -0.0244 0.0039, -0.2217 -0.0244 0.0, -0.222 -0.0237 0.0039, -0.222 -0.0237 0.0, -0.2222 -0.0235 0.0039, -0.2222 -0.0235 0.0, -0.2226 -0.0232 0.0039, -0.2226 -0.0232 0.0, -0.2233 -0.023 0.0039, -0.2233 -0.023 0.0, -0.2243 -0.0228 0.0039, -0.2243 -0.0228 0.0, -0.2293 -0.0227 0.0039, -0.2293 -0.0227 0.0, -0.2365 -0.0217 0.0039, -0.2365 -0.0217 0.0, -0.2551 -0.0198 0.0039, -0.2551 -0.0198 0.0, -0.2613 -0.0193 0.0039, -0.2613 -0.0193 0.0, -0.2732 -0.0181 0.0039, -0.2732 -0.0181 0.0, -0.2797 -0.0176 0.0039, -0.2797 -0.0176 0.0, -0.2812 -0.0171 0.0039, -0.2812 -0.0171 0.0, -0.282 -0.0171 0.0039, -0.282 -0.0171 0.0, -0.2825 -0.0172 0.0039, -0.2825 -0.0172 0.0, -0.2829 -0.0173 0.0039, -0.2829 -0.0173 0.0, -0.2833 -0.0176 0.0039, -0.2833 -0.0176 0.0, -0.2836 -0.018 0.0039, -0.2836 -0.018 0.0, -0.2841 -0.0188 0.0039, -0.2841 -0.0188 0.0, -0.2843 -0.0196 0.0039, -0.2843 -0.0196 0.0, -0.2843 -0.0211 0.0039, -0.2843 -0.0211 0.0, -0.2835 -0.0281 0.0039, -0.2835 -0.0281 0.0, -0.2834 -0.0297 0.0039, -0.2834 -0.0297 0.0, -0.2828 -0.0464 0.0039, -0.2828 -0.0464 0.0, -0.2828 -0.1739 0.0039, -0.2828 -0.1739 0.0, -0.283 -0.1877 0.0039, -0.283 -0.1877 0.0, -0.2851 -0.2013 0.0039, -0.2851 -0.2013 0.0, -0.2856 -0.2041 0.0039, -0.2856 -0.2041 0.0]} coordIndex [0,1,2,-1,2,1,3,-1,4,5,0,-1,0,5,1,-1,6,7,4,-1,4,7,8,-1,4,8,5,-1,7,6,9,-1,7,9,10,-1,10,9,11,-1,10,11,12,-1,12,11,13,-1,12,13,14,-1,14,13,15,-1,14,15,16,-1,16,15,17,-1,16,17,18,-1,18,17,19,-1,18,19,20,-1,20,19,21,-1,20,21,22,-1,22,21,23,-1,22,23,24,-1,24,23,25,-1,24,25,26,-1,26,25,27,-1,26,27,28,-1,28,27,29,-1,28,29,30,-1,30,29,31,-1,30,31,32,-1,32,31,33,-1,32,33,34,-1,34,33,35,-1,34,35,36,-1,36,35,37,-1,37,35,38,-1,37,38,39,-1,40,41,38,-1,38,41,39,-1,41,40,42,-1,41,42,43,-1,43,42,44,-1,43,44,45,-1,45,44,46,-1,45,46,47,-1,47,46,48,-1,47,48,49,-1,50,51,48,-1,48,51,49,-1,51,50,52,-1,51,52,53,-1,53,52,54,-1,53,54,55,-1,56,57,54,-1,54,57,55,-1,58,59,56,-1,56,59,57,-1,60,61,58,-1,58,61,59,-1,62,63,60,-1,60,63,61,-1,63,62,64,-1,63,64,65,-1,65,64,66,-1,65,66,67,-1,68,69,66,-1,66,69,67,-1,69,68,70,-1,69,70,71,-1,71,70,72,-1,71,72,73,-1,73,72,74,-1,73,74,75,-1,75,74,76,-1,75,76,77,-1,77,76,78,-1,77,78,79,-1,79,78,80,-1,79,80,81,-1,81,80,82,-1,81,82,83,-1,83,82,84,-1,83,84,85,-1,85,84,86,-1,85,86,87,-1,88,89,86,-1,86,89,87,-1,89,88,90,-1,90,88,91,-1,90,91,92,-1,92,91,93,-1,92,93,94,-1,94,93,95,-1,94,95,96,-1,96,95,97,-1,96,97,98,-1,98,97,99,-1,98,99,100,-1,100,99,101,-1,100,101,102,-1,102,101,103,-1,102,103,104,-1,104,103,105,-1,104,105,106,-1,106,105,107,-1,106,107,108,-1,108,107,109,-1,108,109,110,-1,110,109,111,-1,110,111,112,-1,112,111,113,-1,112,113,114,-1,114,113,115,-1,114,115,116,-1,116,115,117,-1,116,117,118,-1,118,117,119,-1,118,119,120,-1,120,119,121,-1,120,121,122,-1,122,121,123,-1,122,123,124,-1,125,126,123,-1,123,126,127,-1,123,127,124,-1,128,129,125,-1,125,129,126,-1,128,2,129,-1,129,2,3,-1,130,56,131,-1,131,56,54,-1,6,4,35,-1,128,132,133,-1,72,70,125,-1,125,70,68,-1,133,134,128,-1,128,134,135,-1,128,135,2,-1,2,135,136,-1,52,0,54,-1,54,0,2,-1,54,2,131,-1,131,2,136,-1,68,66,125,-1,125,66,64,-1,125,64,128,-1,128,64,62,-1,128,62,132,-1,132,62,60,-1,132,60,130,-1,130,60,58,-1,130,58,56,-1,0,40,4,-1,4,40,38,-1,4,38,35,-1,95,93,123,-1,123,93,91,-1,123,91,125,-1,125,91,88,-1,88,86,125,-1,125,86,84,-1,125,84,72,-1,72,84,82,-1,72,82,74,-1,52,50,0,-1,0,50,48,-1,0,48,46,-1,33,11,35,-1,35,11,9,-1,35,9,6,-1,46,44,0,-1,0,44,42,-1,0,42,40,-1,80,78,82,-1,82,78,76,-1,82,76,74,-1,119,101,121,-1,121,101,99,-1,121,99,123,-1,123,99,97,-1,123,97,95,-1,119,117,101,-1,101,117,115,-1,101,115,103,-1,31,15,33,-1,33,15,13,-1,33,13,11,-1,31,29,15,-1,15,29,27,-1,15,27,25,-1,19,17,21,-1,21,17,15,-1,21,15,23,-1,23,15,25,-1,111,109,113,-1,113,109,107,-1,113,107,115,-1,115,107,105,-1,115,105,103,-1,131,137,130,-1,130,137,138,-1,137,131,136,-1,137,136,139,-1,139,136,135,-1,139,135,140,-1,140,135,134,-1,140,134,141,-1,133,142,134,-1,134,142,141,-1,132,143,133,-1,133,143,142,-1,138,143,130,-1,130,143,132,-1,144,145,146,-1,146,145,147,-1,145,144,148,-1,145,148,149,-1,149,148,150,-1,149,150,151,-1,151,150,152,-1,151,152,153,-1,153,152,154,-1,153,154,155,-1,155,154,156,-1,155,156,157,-1,157,156,158,-1,157,158,159,-1,159,158,160,-1,159,160,161,-1,161,160,162,-1,161,162,163,-1,163,162,164,-1,163,164,165,-1,166,167,164,-1,164,167,165,-1,168,169,166,-1,166,169,167,-1,169,168,170,-1,169,170,171,-1,171,170,172,-1,171,172,173,-1,174,175,172,-1,172,175,173,-1,176,177,174,-1,174,177,175,-1,177,176,178,-1,177,178,179,-1,179,178,180,-1,179,180,181,-1,181,180,182,-1,181,182,183,-1,183,182,184,-1,183,184,185,-1,185,184,186,-1,185,186,187,-1,187,186,188,-1,187,188,189,-1,189,188,190,-1,189,190,191,-1,191,190,192,-1,191,192,193,-1,193,192,194,-1,193,194,195,-1,195,194,196,-1,195,196,197,-1,197,196,198,-1,197,198,199,-1,199,198,200,-1,199,200,201,-1,201,200,202,-1,201,202,203,-1,203,202,204,-1,203,204,205,-1,205,204,206,-1,205,206,207,-1,207,206,208,-1,207,208,209,-1,209,208,210,-1,209,210,211,-1,212,213,210,-1,210,213,211,-1,213,212,214,-1,213,214,215,-1,215,214,216,-1,215,216,217,-1,217,216,218,-1,218,216,219,-1,218,219,220,-1,220,219,221,-1,220,221,222,-1,223,222,224,-1,224,222,221,-1,223,224,225,-1,225,224,226,-1,225,226,227,-1,227,226,228,-1,227,228,229,-1,229,228,230,-1,229,230,231,-1,231,230,232,-1,231,232,233,-1,234,235,232,-1,232,235,233,-1,235,234,236,-1,235,236,237,-1,237,236,238,-1,237,238,239,-1,239,238,240,-1,239,240,241,-1,241,240,242,-1,241,242,243,-1,243,242,244,-1,243,244,245,-1,245,244,246,-1,245,246,247,-1,247,246,248,-1,247,248,249,-1,249,248,250,-1,249,250,251,-1,251,250,252,-1,251,252,253,-1,253,252,254,-1,253,254,255,-1,255,254,256,-1,255,256,257,-1,257,256,258,-1,257,258,259,-1,259,258,260,-1,259,260,261,-1,261,260,262,-1,261,262,263,-1,264,265,262,-1,262,265,263,-1,266,267,264,-1,264,267,265,-1,268,269,266,-1,266,269,267,-1,269,268,270,-1,269,270,271,-1,271,270,146,-1,271,146,147,-1,212,272,273,-1,216,214,266,-1,168,166,274,-1,240,238,262,-1,216,266,219,-1,166,164,144,-1,144,164,162,-1,144,162,148,-1,214,212,266,-1,266,212,273,-1,266,273,268,-1,268,273,274,-1,268,274,270,-1,270,274,166,-1,270,166,146,-1,146,166,144,-1,275,276,176,-1,176,276,178,-1,178,276,277,-1,178,277,180,-1,238,236,262,-1,262,236,234,-1,262,234,264,-1,264,234,232,-1,264,232,266,-1,266,232,230,-1,266,230,228,-1,176,174,275,-1,275,174,172,-1,275,172,274,-1,274,172,170,-1,274,170,168,-1,256,254,252,-1,180,277,182,-1,182,277,278,-1,182,278,184,-1,279,280,200,-1,262,248,246,-1,160,152,162,-1,162,152,150,-1,162,150,148,-1,160,158,152,-1,152,158,156,-1,152,156,154,-1,200,280,202,-1,280,281,202,-1,202,281,282,-1,202,282,204,-1,204,282,283,-1,204,283,206,-1,206,283,284,-1,206,284,208,-1,208,284,285,-1,208,285,210,-1,210,285,286,-1,210,286,212,-1,212,286,287,-1,212,287,272,-1,248,262,250,-1,250,262,260,-1,250,260,252,-1,252,260,258,-1,252,258,256,-1,246,244,262,-1,262,244,242,-1,262,242,240,-1,221,219,224,-1,224,219,266,-1,224,266,226,-1,226,266,228,-1,184,278,186,-1,186,278,288,-1,186,288,188,-1,188,288,289,-1,188,289,190,-1,190,289,290,-1,190,290,192,-1,290,291,192,-1,192,291,292,-1,192,292,194,-1,194,292,293,-1,194,293,196,-1,196,293,279,-1,196,279,198,-1,198,279,200,-1,286,294,287,-1,287,294,295,-1,294,286,285,-1,294,285,296,-1,296,285,284,-1,296,284,297,-1,297,284,283,-1,297,283,298,-1,298,283,282,-1,298,282,299,-1,299,282,281,-1,299,281,300,-1,300,281,280,-1,300,280,301,-1,301,280,279,-1,301,279,302,-1,302,279,293,-1,302,293,303,-1,303,293,292,-1,303,292,304,-1,304,292,291,-1,304,291,305,-1,305,291,290,-1,305,290,306,-1,306,290,289,-1,306,289,307,-1,307,289,288,-1,307,288,308,-1,308,288,278,-1,308,278,309,-1,309,278,277,-1,309,277,310,-1,310,277,276,-1,310,276,311,-1,311,276,275,-1,311,275,312,-1,274,313,275,-1,275,313,312,-1,273,314,274,-1,274,314,313,-1,314,273,272,-1,314,272,315,-1,315,272,287,-1,315,287,295,-1,316,317,318,-1,318,317,319,-1,317,316,320,-1,317,320,321,-1,321,320,322,-1,321,322,323,-1,323,322,324,-1,323,324,325,-1,326,327,324,-1,324,327,325,-1,328,329,326,-1,326,329,327,-1,329,328,330,-1,329,330,331,-1,331,330,332,-1,331,332,333,-1,333,332,334,-1,333,334,335,-1,335,334,336,-1,335,336,337,-1,337,336,338,-1,337,338,339,-1,339,338,340,-1,339,340,341,-1,341,340,342,-1,341,342,343,-1,343,342,344,-1,343,344,345,-1,345,344,346,-1,345,346,347,-1,347,346,348,-1,347,348,349,-1,349,348,350,-1,349,350,351,-1,352,353,350,-1,350,353,351,-1,354,355,352,-1,352,355,353,-1,356,357,354,-1,354,357,355,-1,357,356,358,-1,357,358,359,-1,359,358,360,-1,359,360,361,-1,362,363,360,-1,360,363,361,-1,364,365,362,-1,362,365,363,-1,365,364,366,-1,365,366,367,-1,367,366,368,-1,367,368,369,-1,369,368,370,-1,369,370,371,-1,371,370,372,-1,371,372,373,-1,373,372,374,-1,373,374,375,-1,375,374,376,-1,375,376,377,-1,377,376,378,-1,377,378,379,-1,379,378,380,-1,379,380,381,-1,381,380,382,-1,381,382,383,-1,383,382,384,-1,383,384,385,-1,385,384,386,-1,385,386,387,-1,387,386,388,-1,387,388,389,-1,390,391,388,-1,388,391,389,-1,391,390,392,-1,391,392,393,-1,393,392,394,-1,393,394,395,-1,396,397,394,-1,394,397,395,-1,397,396,398,-1,397,398,399,-1,399,398,400,-1,399,400,401,-1,401,400,402,-1,401,402,403,-1,403,402,404,-1,403,404,405,-1,405,404,406,-1,405,406,407,-1,407,406,408,-1,407,408,409,-1,409,408,410,-1,409,410,411,-1,411,410,412,-1,411,412,413,-1,413,412,414,-1,413,414,415,-1,415,414,416,-1,415,416,417,-1,417,416,418,-1,417,418,419,-1,419,418,420,-1,419,420,421,-1,421,420,422,-1,421,422,423,-1,424,425,422,-1,422,425,423,-1,425,424,426,-1,425,426,427,-1,427,426,428,-1,427,428,429,-1,430,431,428,-1,428,431,429,-1,431,430,432,-1,431,432,433,-1,433,432,434,-1,433,434,435,-1,435,434,436,-1,435,436,437,-1,437,436,438,-1,437,438,439,-1,439,438,440,-1,439,440,441,-1,441,440,442,-1,441,442,443,-1,443,442,444,-1,443,444,445,-1,445,444,446,-1,445,446,447,-1,447,446,448,-1,447,448,449,-1,449,448,450,-1,449,450,451,-1,451,450,452,-1,451,452,453,-1,453,452,454,-1,453,454,455,-1,455,454,456,-1,455,456,457,-1,457,456,458,-1,457,458,459,-1,459,458,460,-1,459,460,461,-1,462,463,460,-1,460,463,461,-1,463,462,464,-1,463,464,465,-1,465,464,466,-1,465,466,467,-1,468,469,466,-1,466,469,467,-1,469,468,470,-1,469,470,471,-1,471,470,472,-1,471,472,473,-1,474,475,472,-1,472,475,473,-1,475,474,476,-1,475,476,477,-1,477,476,478,-1,477,478,479,-1,479,478,480,-1,479,480,481,-1,482,483,480,-1,480,483,481,-1,484,485,482,-1,482,485,483,-1,485,484,486,-1,485,486,487,-1,487,486,488,-1,487,488,489,-1,489,488,490,-1,489,490,491,-1,491,490,492,-1,491,492,493,-1,493,492,494,-1,493,494,495,-1,495,494,496,-1,495,496,497,-1,497,496,498,-1,497,498,499,-1,499,498,500,-1,499,500,501,-1,501,500,502,-1,501,502,503,-1,503,502,504,-1,503,504,505,-1,505,504,506,-1,505,506,507,-1,508,509,506,-1,506,509,507,-1,509,508,510,-1,509,510,511,-1,511,510,512,-1,511,512,513,-1,514,515,512,-1,512,515,513,-1,514,318,515,-1,515,318,319,-1,400,398,354,-1,360,358,390,-1,390,358,356,-1,324,322,350,-1,398,396,354,-1,354,396,394,-1,354,394,356,-1,356,394,392,-1,356,392,390,-1,428,426,354,-1,426,424,354,-1,354,424,422,-1,354,422,420,-1,420,418,354,-1,354,418,416,-1,354,416,414,-1,318,352,316,-1,316,352,350,-1,316,350,320,-1,320,350,322,-1,360,390,362,-1,362,390,388,-1,362,388,364,-1,364,388,386,-1,364,386,384,-1,354,408,406,-1,434,432,514,-1,514,432,430,-1,514,430,318,-1,318,430,428,-1,318,428,352,-1,352,428,354,-1,414,412,354,-1,354,412,410,-1,354,410,408,-1,334,332,348,-1,348,332,350,-1,326,324,328,-1,328,324,350,-1,328,350,330,-1,330,350,332,-1,446,444,514,-1,514,444,442,-1,514,442,440,-1,384,382,364,-1,364,382,380,-1,364,380,378,-1,406,404,354,-1,354,404,402,-1,354,402,400,-1,492,490,504,-1,504,490,488,-1,504,488,506,-1,506,488,486,-1,506,486,484,-1,470,468,514,-1,514,468,466,-1,514,466,464,-1,464,462,514,-1,514,462,460,-1,514,460,458,-1,368,374,370,-1,370,374,372,-1,378,376,364,-1,364,376,374,-1,364,374,366,-1,366,374,368,-1,452,450,514,-1,514,450,448,-1,514,448,446,-1,440,438,514,-1,514,438,436,-1,514,436,434,-1,484,482,506,-1,506,482,480,-1,506,480,508,-1,508,480,478,-1,508,478,510,-1,510,478,476,-1,510,476,512,-1,512,476,474,-1,512,474,514,-1,514,474,472,-1,514,472,470,-1,458,456,514,-1,514,456,454,-1,514,454,452,-1,340,338,348,-1,348,338,336,-1,348,336,334,-1,498,504,500,-1,500,504,502,-1,498,496,504,-1,504,496,494,-1,504,494,492,-1,346,344,348,-1,348,344,342,-1,348,342,340,-1,516,517,518,-1,518,517,519,-1,520,521,516,-1,516,521,517,-1,522,523,520,-1,520,523,521,-1,523,522,524,-1,523,524,525,-1,525,524,526,-1,525,526,527,-1,527,526,528,-1,527,528,529,-1,529,528,530,-1,529,530,531,-1,531,530,532,-1,531,532,533,-1,533,532,534,-1,533,534,535,-1,535,534,536,-1,535,536,537,-1,537,536,538,-1,537,538,539,-1,539,538,540,-1,539,540,541,-1,541,540,542,-1,541,542,543,-1,543,542,544,-1,543,544,545,-1,545,544,546,-1,545,546,547,-1,547,546,548,-1,547,548,549,-1,549,548,550,-1,549,550,551,-1,551,550,552,-1,551,552,553,-1,553,552,554,-1,553,554,555,-1,555,554,556,-1,555,556,557,-1,557,556,558,-1,557,558,559,-1,559,558,560,-1,559,560,561,-1,561,560,562,-1,561,562,563,-1,563,562,564,-1,563,564,565,-1,565,564,566,-1,565,566,567,-1,567,566,568,-1,567,568,569,-1,569,568,570,-1,569,570,571,-1,571,570,572,-1,571,572,573,-1,573,572,574,-1,573,574,575,-1,575,574,576,-1,575,576,577,-1,577,576,578,-1,577,578,579,-1,579,578,580,-1,579,580,581,-1,582,583,580,-1,580,583,581,-1,584,585,582,-1,582,585,583,-1,585,584,586,-1,585,586,587,-1,587,586,588,-1,587,588,589,-1,589,588,590,-1,589,590,591,-1,591,590,592,-1,591,592,593,-1,593,592,594,-1,593,594,595,-1,595,594,596,-1,595,596,597,-1,597,596,598,-1,597,598,599,-1,599,598,600,-1,599,600,601,-1,601,600,602,-1,601,602,603,-1,603,602,604,-1,603,604,605,-1,605,604,606,-1,605,606,607,-1,607,606,608,-1,607,608,609,-1,609,608,610,-1,609,610,611,-1,611,610,612,-1,611,612,613,-1,613,612,614,-1,613,614,615,-1,615,614,616,-1,615,616,617,-1,617,616,618,-1,617,618,619,-1,619,618,620,-1,619,620,621,-1,621,620,622,-1,621,622,623,-1,623,622,624,-1,623,624,625,-1,625,624,626,-1,625,626,627,-1,627,626,628,-1,627,628,629,-1,629,628,630,-1,629,630,631,-1,631,630,632,-1,631,632,633,-1,633,632,634,-1,633,634,635,-1,635,634,636,-1,635,636,637,-1,638,639,636,-1,636,639,637,-1,638,518,639,-1,639,518,519,-1,520,516,638,-1,638,516,518,-1,636,532,638,-1,638,532,530,-1,638,530,528,-1,522,520,524,-1,524,520,638,-1,524,638,526,-1,526,638,528,-1,636,634,532,-1,532,634,632,-1,532,632,534,-1,534,632,630,-1,534,630,536,-1,536,630,628,-1,536,628,538,-1,628,626,538,-1,538,626,624,-1,538,624,540,-1,540,624,622,-1,540,622,542,-1,542,622,620,-1,542,620,544,-1,544,620,618,-1,544,618,546,-1,546,618,548,-1,548,618,616,-1,548,616,550,-1,550,616,614,-1,550,614,552,-1,552,614,612,-1,552,612,554,-1,554,612,610,-1,554,610,556,-1,556,610,608,-1,556,608,558,-1,558,608,606,-1,558,606,560,-1,560,606,604,-1,560,604,562,-1,562,604,602,-1,562,602,564,-1,564,602,600,-1,564,600,566,-1,566,600,598,-1,566,598,568,-1,568,598,596,-1,568,596,570,-1,570,596,594,-1,570,594,572,-1,572,594,592,-1,572,592,574,-1,574,592,590,-1,574,590,576,-1,576,590,588,-1,576,588,578,-1,578,588,586,-1,578,586,580,-1,580,586,584,-1,580,584,582,-1,640,641,642,-1,642,641,643,-1,641,640,644,-1,641,644,645,-1,645,644,646,-1,645,646,647,-1,647,646,648,-1,647,648,649,-1,650,651,648,-1,648,651,649,-1,651,650,652,-1,651,652,653,-1,653,652,654,-1,653,654,655,-1,655,654,656,-1,655,656,657,-1,657,656,658,-1,657,658,659,-1,659,658,660,-1,659,660,661,-1,661,660,662,-1,661,662,663,-1,663,662,664,-1,663,664,665,-1,665,664,666,-1,665,666,667,-1,667,666,668,-1,667,668,669,-1,669,668,670,-1,669,670,671,-1,671,670,672,-1,671,672,673,-1,673,672,674,-1,673,674,675,-1,675,674,676,-1,675,676,677,-1,677,676,678,-1,677,678,679,-1,679,678,680,-1,679,680,681,-1,681,680,682,-1,681,682,683,-1,683,682,684,-1,683,684,685,-1,685,684,686,-1,685,686,687,-1,687,686,688,-1,687,688,689,-1,689,688,690,-1,689,690,691,-1,691,690,692,-1,691,692,693,-1,693,692,694,-1,693,694,695,-1,696,697,694,-1,694,697,695,-1,698,699,696,-1,696,699,697,-1,699,698,700,-1,699,700,701,-1,701,700,702,-1,701,702,703,-1,703,702,704,-1,703,704,705,-1,705,704,706,-1,705,706,707,-1,707,706,708,-1,707,708,709,-1,709,708,710,-1,709,710,711,-1,711,710,712,-1,711,712,713,-1,713,712,714,-1,713,714,715,-1,715,714,716,-1,715,716,717,-1,717,716,718,-1,717,718,719,-1,719,718,720,-1,719,720,721,-1,722,723,720,-1,720,723,721,-1,724,725,722,-1,722,725,723,-1,725,724,726,-1,725,726,727,-1,727,726,728,-1,727,728,729,-1,730,731,728,-1,728,731,729,-1,730,642,731,-1,731,642,643,-1,662,660,688,-1,688,660,658,-1,688,658,690,-1,664,662,666,-1,666,662,688,-1,666,688,668,-1,668,688,686,-1,668,686,670,-1,724,722,650,-1,650,722,720,-1,650,720,718,-1,658,656,690,-1,690,656,654,-1,690,654,692,-1,692,654,652,-1,642,730,640,-1,640,730,728,-1,640,728,644,-1,644,728,726,-1,644,726,646,-1,646,726,724,-1,646,724,648,-1,648,724,650,-1,718,716,650,-1,650,716,714,-1,650,714,712,-1,674,684,682,-1,684,674,686,-1,686,674,672,-1,686,672,670,-1,712,710,650,-1,650,710,708,-1,650,708,706,-1,706,704,650,-1,650,704,702,-1,650,702,700,-1,700,698,650,-1,650,698,696,-1,650,696,652,-1,652,696,694,-1,652,694,692,-1,682,680,674,-1,674,680,678,-1,674,678,676,-1]}}
Shape{appearance Appearance{material Material{diffuseColor 0.6784313725490196 0.6784313725490196 0.6784313725490196 transparency 0.0}}geometry IndexedFaceSet{ccw TRUE solid FALSE coord Coordinate{point [0.1543 -0.1031 0.0, 0.1619 -0.0957 0.0, 0.1438 -0.1752 0.0, 0.1254 -0.092 0.0, 0.1365 -0.0944 0.0, 0.1448 -0.0969 0.0, 0.1472 -0.0982 0.0, 0.018 -0.1804 0.0, 0.018 -0.0306 0.0, 0.0234 -0.1826 0.0, 0.0224 -0.0304 0.0, 0.0268 -0.0306 0.0, 0.0392 -0.032 0.0, 0.048 -0.0331 0.0, 0.0478 -0.1863 0.0, 0.0354 -0.1854 0.0, 0.0764 -0.1232 0.0, 0.0757 -0.0815 0.0, 0.0552 -0.1849 0.0, 0.0731 -0.1616 0.0, 0.0706 -0.1701 0.0, 0.0543 -0.0348 0.0, 0.0589 -0.0368 0.0, 0.0623 -0.0395 0.0, 0.0674 -0.1762 0.0, 0.064 -0.1803 0.0, 0.0607 -0.1827 0.0, 0.0656 -0.0437 0.0, 0.0712 -0.0563 0.0]} coordIndex [0,1,2,-1,2,3,4,-1,4,5,2,-1,2,5,6,-1,2,6,0,-1,7,8,9,-1,9,8,10,-1,10,11,9,-1,9,11,12,-1,9,12,13,-1,14,15,16,-1,16,15,9,-1,16,9,17,-1,14,16,18,-1,18,16,19,-1,18,19,20,-1,13,21,9,-1,9,21,22,-1,9,22,23,-1,20,24,18,-1,18,24,25,-1,18,25,26,-1,23,27,9,-1,9,27,28,-1,9,28,17,-1]}}
Shape{appearance Appearance{material Material{diffuseColor 0.6470588235294118 0.6196078431372549 0.5882352941176471 transparency 0.0}}geometry IndexedFaceSet{ccw TRUE solid FALSE coord Coordinate{point [-3.0906 0.7579 0.6614, -3.0906 0.7579 0.7874, -3.0118 0.7579 0.6614, -3.0118 0.7579 0.7874, -3.0906 0.7382 0.6614, -3.0118 0.7382 0.6614, -3.0906 0.7382 0.5906, -3.0118 0.7382 0.5906, -3.0906 0.7579 0.5906, -3.0118 0.7579 0.5906, -3.0906 0.7579 0.5315, -3.0118 0.7579 0.5315, -3.0906 0.7382 0.5315, -3.0118 0.7382 0.5315, -3.0906 0.7382 0.4134, -3.0118 0.7382 0.4134, -3.0906 0.7579 0.4134, -3.0118 0.7579 0.4134, -3.0906 0.7579 0.3543, -3.0118 0.7579 0.3543, -3.0906 0.7382 0.3543, -3.0118 0.7382 0.3543, -3.0906 0.7382 0.2108, -3.0118 0.7382 0.2108, -3.0906 0.8169 0.1181, -3.0118 0.8169 0.1181, -3.0906 1.1043 0.1181, -3.0118 1.1043 0.1181, -3.0118 1.1115 0.1172, -3.0906 1.1115 0.1172, -3.0118 1.1181 0.1144, -3.0906 1.1181 0.1144, -3.0118 1.1238 0.11, -3.0906 1.1238 0.11, -3.0118 1.1282 0.1043, -3.0906 1.1282 0.1043, -3.0118 1.131 0.0977, -3.0906 1.131 0.0977, -3.0118 1.1319 0.0906, -3.0906 1.1319 0.0906, -3.0906 1.1319 0.0276, -3.0118 1.1319 0.0276, -3.0118 1.131 0.0204, -3.0906 1.131 0.0204, -3.0118 1.1282 0.0138, -3.0906 1.1282 0.0138, -3.0118 1.1238 0.0081, -3.0906 1.1238 0.0081, -3.0118 1.1181 0.0037, -3.0906 1.1181 0.0037, -3.0118 1.1115 0.0009, -3.0906 1.1115 0.0009, -3.0118 1.1043 0.0, -3.0906 1.1043 0.0, -3.0906 0.935 0.0, -3.0118 0.935 0.0, -3.0906 0.915 0.0236, -3.0118 0.915 0.0236, -3.0906 0.7579 0.0236, -3.0118 0.7579 0.0236, -3.0906 0.7579 0.1181, -3.0118 0.7579 0.1181, -3.0906 0.4429 0.1181, -3.0118 0.4429 0.1181, -3.0906 -0.2533 0.2139, -3.0118 -0.2533 0.2139, -3.0906 -0.3084 0.2021, -3.0118 -0.3084 0.2021, -3.0118 -0.3185 0.2012, -3.0906 -0.3185 0.2012, -3.0118 -0.3284 0.203, -3.0906 -0.3284 0.203, -3.0118 -0.3376 0.2072, -3.0906 -0.3376 0.2072, -3.0118 -0.3454 0.2136, -3.0906 -0.3454 0.2136, -3.0118 -0.3513 0.2218, -3.0906 -0.3513 0.2218, -3.0118 -0.3549 0.2312, -3.0906 -0.3549 0.2312, -3.0118 -0.356 0.2412, -3.0906 -0.356 0.2412, -3.0118 -0.3546 0.2512, -3.0906 -0.3546 0.2512, -3.0118 -0.3506 0.2605, -3.0906 -0.3506 0.2605, -3.0118 -0.3444 0.2685, -3.0906 -0.3444 0.2685, -3.0118 -0.3364 0.2746, -3.0906 -0.3364 0.2746, -3.0906 -0.2461 0.3268, -3.0118 -0.2461 0.3268, -3.0906 -0.2461 0.2677, -3.0118 -0.2461 0.2677, -3.0906 -0.2454 0.2626, -3.0118 -0.2454 0.2626, -3.0906 -0.2434 0.2579, -3.0118 -0.2434 0.2579, -3.0906 -0.2403 0.2538, -3.0118 -0.2403 0.2538, -3.0906 -0.2362 0.2507, -3.0118 -0.2362 0.2507, -3.0906 -0.2315 0.2487, -3.0118 -0.2315 0.2487, -3.0906 -0.2264 0.248, -3.0118 -0.2264 0.248, -3.0906 0.3839 0.248, -3.0118 0.3839 0.248, -3.0906 0.4189 0.252, -3.0118 0.4189 0.252, -3.0906 0.4522 0.2636, -3.0118 0.4522 0.2636, -3.0906 0.482 0.2824, -3.0118 0.482 0.2824, -3.0906 0.507 0.3073, -3.0118 0.507 0.3073, -3.0906 0.5257 0.3372, -3.0118 0.5257 0.3372, -3.0906 0.5374 0.3705, -3.0118 0.5374 0.3705, -3.0906 0.5413 0.4055, -3.0118 0.5413 0.4055, -3.0906 0.5413 0.4843, -3.0118 0.5413 0.4843, -3.0906 0.5387 0.5046, -3.0118 0.5387 0.5046, -3.0906 0.5308 0.5236, -3.0118 0.5308 0.5236, -3.0906 0.5183 0.5399, -3.0118 0.5183 0.5399, -3.0906 0.502 0.5524, -3.0118 0.502 0.5524, -3.0906 0.483 0.5603, -3.0118 0.483 0.5603, -3.0906 0.4626 0.563, -3.0118 0.4626 0.563, -3.0906 -0.187 0.563, -3.0118 -0.187 0.563, -3.0118 -0.1997 0.5647, -3.0906 -0.1997 0.5647, -3.0118 -0.2116 0.5696, -3.0906 -0.2116 0.5696, -3.0118 -0.2218 0.5774, -3.0906 -0.2218 0.5774, -3.0118 -0.2296 0.5876, -3.0906 -0.2296 0.5876, -3.0118 -0.2345 0.5995, -3.0906 -0.2345 0.5995, -3.0118 -0.2362 0.6122, -3.0906 -0.2362 0.6122, -3.0118 -0.2345 0.6249, -3.0906 -0.2345 0.6249, -3.0118 -0.2296 0.6368, -3.0906 -0.2296 0.6368, -3.0118 -0.2218 0.647, -3.0906 -0.2218 0.647, -3.0118 -0.2116 0.6548, -3.0906 -0.2116 0.6548, -3.0118 -0.1997 0.6597, -3.0906 -0.1997 0.6597, -3.0118 -0.187 0.6614, -3.0906 -0.187 0.6614, -3.0906 0.6594 0.6614, -3.0118 0.6594 0.6614, -3.0906 0.6594 0.7874, -3.0118 0.6594 0.7874, -2.8937 0.7579 0.6614, -2.8937 0.7579 0.7874, -2.815 0.7579 0.6614, -2.815 0.7579 0.7874, -2.8937 0.7382 0.6614, -2.815 0.7382 0.6614, -2.8937 0.7382 0.5906, -2.815 0.7382 0.5906, -2.8937 0.7579 0.5906, -2.815 0.7579 0.5906, -2.8937 0.7579 0.5315, -2.815 0.7579 0.5315, -2.8937 0.7382 0.5315, -2.815 0.7382 0.5315, -2.8937 0.7382 0.4134, -2.815 0.7382 0.4134, -2.8937 0.7579 0.4134, -2.815 0.7579 0.4134, -2.8937 0.7579 0.3543, -2.815 0.7579 0.3543, -2.8937 0.7382 0.3543, -2.815 0.7382 0.3543, -2.8937 0.7382 0.2108, -2.815 0.7382 0.2108, -2.8937 0.8169 0.1181, -2.815 0.8169 0.1181, -2.8937 1.1043 0.1181, -2.815 1.1043 0.1181, -2.815 1.1115 0.1172, -2.8937 1.1115 0.1172, -2.815 1.1181 0.1144, -2.8937 1.1181 0.1144, -2.815 1.1238 0.11, -2.8937 1.1238 0.11, -2.815 1.1282 0.1043, -2.8937 1.1282 0.1043, -2.815 1.131 0.0977, -2.8937 1.131 0.0977, -2.815 1.1319 0.0906, -2.8937 1.1319 0.0906, -2.8937 1.1319 0.0276, -2.815 1.1319 0.0276, -2.815 1.131 0.0204, -2.8937 1.131 0.0204, -2.815 1.1282 0.0138, -2.8937 1.1282 0.0138, -2.815 1.1238 0.0081, -2.8937 1.1238 0.0081, -2.815 1.1181 0.0037, -2.8937 1.1181 0.0037, -2.815 1.1115 0.0009, -2.8937 1.1115 0.0009, -2.815 1.1043 0.0, -2.8937 1.1043 0.0, -2.8937 0.935 0.0, -2.815 0.935 0.0, -2.8937 0.915 0.0236, -2.815 0.915 0.0236, -2.8937 0.7579 0.0236, -2.815 0.7579 0.0236, -2.8937 0.7579 0.1181, -2.815 0.7579 0.1181, -2.8937 0.4429 0.1181, -2.815 0.4429 0.1181, -2.8937 -0.2533 0.2139, -2.815 -0.2533 0.2139, -2.8937 -0.3084 0.2021, -2.815 -0.3084 0.2021, -2.815 -0.3185 0.2012, -2.8937 -0.3185 0.2012, -2.815 -0.3284 0.203, -2.8937 -0.3284 0.203, -2.815 -0.3376 0.2072, -2.8937 -0.3376 0.2072, -2.815 -0.3454 0.2136, -2.8937 -0.3454 0.2136, -2.815 -0.3513 0.2218, -2.8937 -0.3513 0.2218, -2.815 -0.3549 0.2312, -2.8937 -0.3549 0.2312, -2.815 -0.356 0.2412, -2.8937 -0.356 0.2412, -2.815 -0.3546 0.2512, -2.8937 -0.3546 0.2512, -2.815 -0.3506 0.2605, -2.8937 -0.3506 0.2605, -2.815 -0.3444 0.2685, -2.8937 -0.3444 0.2685, -2.815 -0.3364 0.2746, -2.8937 -0.3364 0.2746, -2.8937 -0.2461 0.3268, -2.815 -0.2461 0.3268, -2.8937 -0.2461 0.2677, -2.815 -0.2461 0.2677, -2.8937 -0.2454 0.2626, -2.815 -0.2454 0.2626, -2.8937 -0.2434 0.2579, -2.815 -0.2434 0.2579, -2.8937 -0.2403 0.2538, -2.815 -0.2403 0.2538, -2.8937 -0.2362 0.2507, -2.815 -0.2362 0.2507, -2.8937 -0.2315 0.2487, -2.815 -0.2315 0.2487, -2.8937 -0.2264 0.248, -2.815 -0.2264 0.248, -2.8937 0.3839 0.248, -2.815 0.3839 0.248, -2.8937 0.4189 0.252, -2.815 0.4189 0.252, -2.8937 0.4522 0.2636, -2.815 0.4522 0.2636, -2.8937 0.482 0.2824, -2.815 0.482 0.2824, -2.8937 0.507 0.3073, -2.815 0.507 0.3073, -2.8937 0.5257 0.3372, -2.815 0.5257 0.3372, -2.8937 0.5374 0.3705, -2.815 0.5374 0.3705, -2.8937 0.5413 0.4055, -2.815 0.5413 0.4055, -2.8937 0.5413 0.4843, -2.815 0.5413 0.4843, -2.8937 0.5387 0.5046, -2.815 0.5387 0.5046, -2.8937 0.5308 0.5236, -2.815 0.5308 0.5236, -2.8937 0.5183 0.5399, -2.815 0.5183 0.5399, -2.8937 0.502 0.5524, -2.815 0.502 0.5524, -2.8937 0.483 0.5603, -2.815 0.483 0.5603, -2.8937 0.4626 0.563, -2.815 0.4626 0.563, -2.8937 -0.187 0.563, -2.815 -0.187 0.563, -2.815 -0.1997 0.5647, -2.8937 -0.1997 0.5647, -2.815 -0.2116 0.5696, -2.8937 -0.2116 0.5696, -2.815 -0.2218 0.5774, -2.8937 -0.2218 0.5774, -2.815 -0.2296 0.5876, -2.8937 -0.2296 0.5876, -2.815 -0.2345 0.5995, -2.8937 -0.2345 0.5995, -2.815 -0.2362 0.6122, -2.8937 -0.2362 0.6122, -2.815 -0.2345 0.6249, -2.8937 -0.2345 0.6249, -2.815 -0.2296 0.6368, -2.8937 -0.2296 0.6368, -2.815 -0.2218 0.647, -2.8937 -0.2218 0.647, -2.815 -0.2116 0.6548, -2.8937 -0.2116 0.6548, -2.815 -0.1997 0.6597, -2.8937 -0.1997 0.6597, -2.815 -0.187 0.6614, -2.8937 -0.187 0.6614, -2.8937 0.6594 0.6614, -2.815 0.6594 0.6614, -2.8937 0.6594 0.7874, -2.815 0.6594 0.7874, -2.6969 0.7579 0.6614, -2.6969 0.7579 0.7874, -2.6181 0.7579 0.6614, -2.6181 0.7579 0.7874, -2.6969 0.7382 0.6614, -2.6181 0.7382 0.6614, -2.6969 0.7382 0.5906, -2.6181 0.7382 0.5906, -2.6969 0.7579 0.5906, -2.6181 0.7579 0.5906, -2.6969 0.7579 0.5315, -2.6181 0.7579 0.5315, -2.6969 0.7382 0.5315, -2.6181 0.7382 0.5315, -2.6969 0.7382 0.4134, -2.6181 0.7382 0.4134, -2.6969 0.7579 0.4134, -2.6181 0.7579 0.4134, -2.6969 0.7579 0.3543, -2.6181 0.7579 0.3543, -2.6969 0.7382 0.3543, -2.6181 0.7382 0.3543, -2.6969 0.7382 0.2108, -2.6181 0.7382 0.2108, -2.6969 0.8169 0.1181, -2.6181 0.8169 0.1181, -2.6969 1.1043 0.1181, -2.6181 1.1043 0.1181, -2.6181 1.1115 0.1172, -2.6969 1.1115 0.1172, -2.6181 1.1181 0.1144, -2.6969 1.1181 0.1144, -2.6181 1.1238 0.11, -2.6969 1.1238 0.11, -2.6181 1.1282 0.1043, -2.6969 1.1282 0.1043, -2.6181 1.131 0.0977, -2.6969 1.131 0.0977, -2.6181 1.1319 0.0906, -2.6969 1.1319 0.0906, -2.6969 1.1319 0.0276, -2.6181 1.1319 0.0276, -2.6181 1.131 0.0204, -2.6969 1.131 0.0204, -2.6181 1.1282 0.0138, -2.6969 1.1282 0.0138, -2.6181 1.1238 0.0081, -2.6969 1.1238 0.0081, -2.6181 1.1181 0.0037, -2.6969 1.1181 0.0037, -2.6181 1.1115 0.0009, -2.6969 1.1115 0.0009, -2.6181 1.1043 0.0, -2.6969 1.1043 0.0, -2.6969 0.935 0.0, -2.6181 0.935 0.0, -2.6969 0.915 0.0236, -2.6181 0.915 0.0236, -2.6969 0.7579 0.0236, -2.6181 0.7579 0.0236, -2.6969 0.7579 0.1181, -2.6181 0.7579 0.1181, -2.6969 0.4429 0.1181, -2.6181 0.4429 0.1181, -2.6969 -0.2533 0.2139, -2.6181 -0.2533 0.2139, -2.6969 -0.3084 0.2021, -2.6181 -0.3084 0.2021, -2.6181 -0.3185 0.2012, -2.6969 -0.3185 0.2012, -2.6181 -0.3284 0.203, -2.6969 -0.3284 0.203, -2.6181 -0.3376 0.2072, -2.6969 -0.3376 0.2072, -2.6181 -0.3454 0.2136, -2.6969 -0.3454 0.2136, -2.6181 -0.3513 0.2218, -2.6969 -0.3513 0.2218, -2.6181 -0.3549 0.2312, -2.6969 -0.3549 0.2312, -2.6181 -0.356 0.2412, -2.6969 -0.356 0.2412, -2.6181 -0.3546 0.2512, -2.6969 -0.3546 0.2512, -2.6181 -0.3506 0.2605, -2.6969 -0.3506 0.2605, -2.6181 -0.3444 0.2685, -2.6969 -0.3444 0.2685, -2.6181 -0.3364 0.2746, -2.6969 -0.3364 0.2746, -2.6969 -0.2461 0.3268, -2.6181 -0.2461 0.3268, -2.6969 -0.2461 0.2677, -2.6181 -0.2461 0.2677, -2.6969 -0.2454 0.2626, -2.6181 -0.2454 0.2626, -2.6969 -0.2434 0.2579, -2.6181 -0.2434 0.2579, -2.6969 -0.2403 0.2538, -2.6181 -0.2403 0.2538, -2.6969 -0.2362 0.2507, -2.6181 -0.2362 0.2507, -2.6969 -0.2315 0.2487, -2.6181 -0.2315 0.2487, -2.6969 -0.2264 0.248, -2.6181 -0.2264 0.248, -2.6969 0.3839 0.248, -2.6181 0.3839 0.248, -2.6969 0.4189 0.252, -2.6181 0.4189 0.252, -2.6969 0.4522 0.2636, -2.6181 0.4522 0.2636, -2.6969 0.482 0.2824, -2.6181 0.482 0.2824, -2.6969 0.507 0.3073, -2.6181 0.507 0.3073, -2.6969 0.5257 0.3372, -2.6181 0.5257 0.3372, -2.6969 0.5374 0.3705, -2.6181 0.5374 0.3705, -2.6969 0.5413 0.4055, -2.6181 0.5413 0.4055, -2.6969 0.5413 0.4843, -2.6181 0.5413 0.4843, -2.6969 0.5387 0.5046, -2.6181 0.5387 0.5046, -2.6969 0.5308 0.5236, -2.6181 0.5308 0.5236, -2.6969 0.5183 0.5399, -2.6181 0.5183 0.5399, -2.6969 0.502 0.5524, -2.6181 0.502 0.5524, -2.6969 0.483 0.5603, -2.6181 0.483 0.5603, -2.6969 0.4626 0.563, -2.6181 0.4626 0.563, -2.6969 -0.187 0.563, -2.6181 -0.187 0.563, -2.6181 -0.1997 0.5647, -2.6969 -0.1997 0.5647, -2.6181 -0.2116 0.5696, -2.6969 -0.2116 0.5696, -2.6181 -0.2218 0.5774, -2.6969 -0.2218 0.5774, -2.6181 -0.2296 0.5876, -2.6969 -0.2296 0.5876, -2.6181 -0.2345 0.5995, -2.6969 -0.2345 0.5995, -2.6181 -0.2362 0.6122, -2.6969 -0.2362 0.6122, -2.6181 -0.2345 0.6249, -2.6969 -0.2345 0.6249, -2.6181 -0.2296 0.6368, -2.6969 -0.2296 0.6368, -2.6181 -0.2218 0.647, -2.6969 -0.2218 0.647, -2.6181 -0.2116 0.6548, -2.6969 -0.2116 0.6548, -2.6181 -0.1997 0.6597, -2.6969 -0.1997 0.6597, -2.6181 -0.187 0.6614, -2.6969 -0.187 0.6614, -2.6969 0.6594 0.6614, -2.6181 0.6594 0.6614, -2.6969 0.6594 0.7874, -2.6181 0.6594 0.7874, -2.5 0.7579 0.6614, -2.5 0.7579 0.7874, -2.4213 0.7579 0.6614, -2.4213 0.7579 0.7874, -2.5 0.7382 0.6614, -2.4213 0.7382 0.6614, -2.5 0.7382 0.5906, -2.4213 0.7382 0.5906, -2.5 0.7579 0.5906, -2.4213 0.7579 0.5906, -2.5 0.7579 0.5315, -2.4213 0.7579 0.5315, -2.5 0.7382 0.5315, -2.4213 0.7382 0.5315, -2.5 0.7382 0.4134, -2.4213 0.7382 0.4134, -2.5 0.7579 0.4134, -2.4213 0.7579 0.4134, -2.5 0.7579 0.3543, -2.4213 0.7579 0.3543, -2.5 0.7382 0.3543, -2.4213 0.7382 0.3543, -2.5 0.7382 0.2108, -2.4213 0.7382 0.2108, -2.5 0.8169 0.1181, -2.4213 0.8169 0.1181, -2.5 1.1043 0.1181, -2.4213 1.1043 0.1181, -2.4213 1.1115 0.1172, -2.5 1.1115 0.1172, -2.4213 1.1181 0.1144, -2.5 1.1181 0.1144, -2.4213 1.1238 0.11, -2.5 1.1238 0.11, -2.4213 1.1282 0.1043, -2.5 1.1282 0.1043, -2.4213 1.131 0.0977, -2.5 1.131 0.0977, -2.4213 1.1319 0.0906, -2.5 1.1319 0.0906, -2.5 1.1319 0.0276, -2.4213 1.1319 0.0276, -2.4213 1.131 0.0204, -2.5 1.131 0.0204, -2.4213 1.1282 0.0138, -2.5 1.1282 0.0138, -2.4213 1.1238 0.0081, -2.5 1.1238 0.0081, -2.4213 1.1181 0.0037, -2.5 1.1181 0.0037, -2.4213 1.1115 0.0009, -2.5 1.1115 0.0009, -2.4213 1.1043 0.0, -2.5 1.1043 0.0, -2.5 0.935 0.0, -2.4213 0.935 0.0, -2.5 0.915 0.0236, -2.4213 0.915 0.0236, -2.5 0.7579 0.0236, -2.4213 0.7579 0.0236, -2.5 0.7579 0.1181, -2.4213 0.7579 0.1181, -2.5 0.4429 0.1181, -2.4213 0.4429 0.1181, -2.5 -0.2533 0.2139, -2.4213 -0.2533 0.2139, -2.5 -0.3084 0.2021, -2.4213 -0.3084 0.2021, -2.4213 -0.3185 0.2012, -2.5 -0.3185 0.2012, -2.4213 -0.3284 0.203, -2.5 -0.3284 0.203, -2.4213 -0.3376 0.2072, -2.5 -0.3376 0.2072, -2.4213 -0.3454 0.2136, -2.5 -0.3454 0.2136, -2.4213 -0.3513 0.2218, -2.5 -0.3513 0.2218, -2.4213 -0.3549 0.2312, -2.5 -0.3549 0.2312, -2.4213 -0.356 0.2412, -2.5 -0.356 0.2412, -2.4213 -0.3546 0.2512, -2.5 -0.3546 0.2512, -2.4213 -0.3506 0.2605, -2.5 -0.3506 0.2605, -2.4213 -0.3444 0.2685, -2.5 -0.3444 0.2685, -2.4213 -0.3364 0.2746, -2.5 -0.3364 0.2746, -2.5 -0.2461 0.3268, -2.4213 -0.2461 0.3268, -2.5 -0.2461 0.2677, -2.4213 -0.2461 0.2677, -2.5 -0.2454 0.2626, -2.4213 -0.2454 0.2626, -2.5 -0.2434 0.2579, -2.4213 -0.2434 0.2579, -2.5 -0.2403 0.2538, -2.4213 -0.2403 0.2538, -2.5 -0.2362 0.2507, -2.4213 -0.2362 0.2507, -2.5 -0.2315 0.2487, -2.4213 -0.2315 0.2487, -2.5 -0.2264 0.248, -2.4213 -0.2264 0.248, -2.5 0.3839 0.248, -2.4213 0.3839 0.248, -2.5 0.4189 0.252, -2.4213 0.4189 0.252, -2.5 0.4522 0.2636, -2.4213 0.4522 0.2636, -2.5 0.482 0.2824, -2.4213 0.482 0.2824, -2.5 0.507 0.3073, -2.4213 0.507 0.3073, -2.5 0.5257 0.3372, -2.4213 0.5257 0.3372, -2.5 0.5374 0.3705, -2.4213 0.5374 0.3705, -2.5 0.5413 0.4055, -2.4213 0.5413 0.4055, -2.5 0.5413 0.4843, -2.4213 0.5413 0.4843, -2.5 0.5387 0.5046, -2.4213 0.5387 0.5046, -2.5 0.5308 0.5236, -2.4213 0.5308 0.5236, -2.5 0.5183 0.5399, -2.4213 0.5183 0.5399, -2.5 0.502 0.5524, -2.4213 0.502 0.5524, -2.5 0.483 0.5603, -2.4213 0.483 0.5603, -2.5 0.4626 0.563, -2.4213 0.4626 0.563, -2.5 -0.187 0.563, -2.4213 -0.187 0.563, -2.4213 -0.1997 0.5647, -2.5 -0.1997 0.5647, -2.4213 -0.2116 0.5696, -2.5 -0.2116 0.5696, -2.4213 -0.2218 0.5774, -2.5 -0.2218 0.5774, -2.4213 -0.2296 0.5876, -2.5 -0.2296 0.5876, -2.4213 -0.2345 0.5995, -2.5 -0.2345 0.5995, -2.4213 -0.2362 0.6122, -2.5 -0.2362 0.6122, -2.4213 -0.2345 0.6249, -2.5 -0.2345 0.6249, -2.4213 -0.2296 0.6368, -2.5 -0.2296 0.6368, -2.4213 -0.2218 0.647, -2.5 -0.2218 0.647, -2.4213 -0.2116 0.6548, -2.5 -0.2116 0.6548, -2.4213 -0.1997 0.6597, -2.5 -0.1997 0.6597, -2.4213 -0.187 0.6614, -2.5 -0.187 0.6614, -2.5 0.6594 0.6614, -2.4213 0.6594 0.6614, -2.5 0.6594 0.7874, -2.4213 0.6594 0.7874, -2.3031 0.7579 0.6614, -2.3031 0.7579 0.7874, -2.2244 0.7579 0.6614, -2.2244 0.7579 0.7874, -2.3031 0.7382 0.6614, -2.2244 0.7382 0.6614, -2.3031 0.7382 0.5906, -2.2244 0.7382 0.5906, -2.3031 0.7579 0.5906, -2.2244 0.7579 0.5906, -2.3031 0.7579 0.5315, -2.2244 0.7579 0.5315, -2.3031 0.7382 0.5315, -2.2244 0.7382 0.5315, -2.3031 0.7382 0.4134, -2.2244 0.7382 0.4134, -2.3031 0.7579 0.4134, -2.2244 0.7579 0.4134, -2.3031 0.7579 0.3543, -2.2244 0.7579 0.3543, -2.3031 0.7382 0.3543, -2.2244 0.7382 0.3543, -2.3031 0.7382 0.2108, -2.2244 0.7382 0.2108, -2.3031 0.8169 0.1181, -2.2244 0.8169 0.1181, -2.3031 1.1043 0.1181, -2.2244 1.1043 0.1181, -2.2244 1.1115 0.1172, -2.3031 1.1115 0.1172, -2.2244 1.1181 0.1144, -2.3031 1.1181 0.1144, -2.2244 1.1238 0.11, -2.3031 1.1238 0.11, -2.2244 1.1282 0.1043, -2.3031 1.1282 0.1043, -2.2244 1.131 0.0977, -2.3031 1.131 0.0977, -2.2244 1.1319 0.0906, -2.3031 1.1319 0.0906, -2.3031 1.1319 0.0276, -2.2244 1.1319 0.0276, -2.2244 1.131 0.0204, -2.3031 1.131 0.0204, -2.2244 1.1282 0.0138, -2.3031 1.1282 0.0138, -2.2244 1.1238 0.0081, -2.3031 1.1238 0.0081, -2.2244 1.1181 0.0037, -2.3031 1.1181 0.0037, -2.2244 1.1115 0.0009, -2.3031 1.1115 0.0009, -2.2244 1.1043 0.0, -2.3031 1.1043 0.0, -2.3031 0.935 0.0, -2.2244 0.935 0.0, -2.3031 0.915 0.0236, -2.2244 0.915 0.0236, -2.3031 0.7579 0.0236, -2.2244 0.7579 0.0236, -2.3031 0.7579 0.1181, -2.2244 0.7579 0.1181, -2.3031 0.4429 0.1181, -2.2244 0.4429 0.1181, -2.3031 -0.2533 0.2139, -2.2244 -0.2533 0.2139, -2.3031 -0.3084 0.2021, -2.2244 -0.3084 0.2021, -2.2244 -0.3185 0.2012, -2.3031 -0.3185 0.2012, -2.2244 -0.3284 0.203, -2.3031 -0.3284 0.203, -2.2244 -0.3376 0.2072, -2.3031 -0.3376 0.2072, -2.2244 -0.3454 0.2136, -2.3031 -0.3454 0.2136, -2.2244 -0.3513 0.2218, -2.3031 -0.3513 0.2218, -2.2244 -0.3549 0.2312, -2.3031 -0.3549 0.2312, -2.2244 -0.356 0.2412, -2.3031 -0.356 0.2412, -2.2244 -0.3546 0.2512, -2.3031 -0.3546 0.2512, -2.2244 -0.3506 0.2605, -2.3031 -0.3506 0.2605, -2.2244 -0.3444 0.2685, -2.3031 -0.3444 0.2685, -2.2244 -0.3364 0.2746, -2.3031 -0.3364 0.2746, -2.3031 -0.2461 0.3268, -2.2244 -0.2461 0.3268, -2.3031 -0.2461 0.2677, -2.2244 -0.2461 0.2677, -2.3031 -0.2454 0.2626, -2.2244 -0.2454 0.2626, -2.3031 -0.2434 0.2579, -2.2244 -0.2434 0.2579, -2.3031 -0.2403 0.2538, -2.2244 -0.2403 0.2538, -2.3031 -0.2362 0.2507, -2.2244 -0.2362 0.2507, -2.3031 -0.2315 0.2487, -2.2244 -0.2315 0.2487, -2.3031 -0.2264 0.248, -2.2244 -0.2264 0.248, -2.3031 0.3839 0.248, -2.2244 0.3839 0.248, -2.3031 0.4189 0.252, -2.2244 0.4189 0.252, -2.3031 0.4522 0.2636, -2.2244 0.4522 0.2636, -2.3031 0.482 0.2824, -2.2244 0.482 0.2824, -2.3031 0.507 0.3073, -2.2244 0.507 0.3073, -2.3031 0.5257 0.3372, -2.2244 0.5257 0.3372, -2.3031 0.5374 0.3705, -2.2244 0.5374 0.3705, -2.3031 0.5413 0.4055, -2.2244 0.5413 0.4055, -2.3031 0.5413 0.4843, -2.2244 0.5413 0.4843, -2.3031 0.5387 0.5046, -2.2244 0.5387 0.5046, -2.3031 0.5308 0.5236, -2.2244 0.5308 0.5236, -2.3031 0.5183 0.5399, -2.2244 0.5183 0.5399, -2.3031 0.502 0.5524, -2.2244 0.502 0.5524, -2.3031 0.483 0.5603, -2.2244 0.483 0.5603, -2.3031 0.4626 0.563, -2.2244 0.4626 0.563, -2.3031 -0.187 0.563, -2.2244 -0.187 0.563, -2.2244 -0.1997 0.5647, -2.3031 -0.1997 0.5647, -2.2244 -0.2116 0.5696, -2.3031 -0.2116 0.5696, -2.2244 -0.2218 0.5774, -2.3031 -0.2218 0.5774, -2.2244 -0.2296 0.5876, -2.3031 -0.2296 0.5876, -2.2244 -0.2345 0.5995, -2.3031 -0.2345 0.5995, -2.2244 -0.2362 0.6122, -2.3031 -0.2362 0.6122, -2.2244 -0.2345 0.6249, -2.3031 -0.2345 0.6249, -2.2244 -0.2296 0.6368, -2.3031 -0.2296 0.6368, -2.2244 -0.2218 0.647, -2.3031 -0.2218 0.647, -2.2244 -0.2116 0.6548, -2.3031 -0.2116 0.6548, -2.2244 -0.1997 0.6597, -2.3031 -0.1997 0.6597, -2.2244 -0.187 0.6614, -2.3031 -0.187 0.6614, -2.3031 0.6594 0.6614, -2.2244 0.6594 0.6614, -2.3031 0.6594 0.7874, -2.2244 0.6594 0.7874, -2.1063 0.7579 0.6614, -2.1063 0.7579 0.7874, -2.0276 0.7579 0.6614, -2.0276 0.7579 0.7874, -2.1063 0.7382 0.6614, -2.0276 0.7382 0.6614, -2.1063 0.7382 0.5906, -2.0276 0.7382 0.5906, -2.1063 0.7579 0.5906, -2.0276 0.7579 0.5906, -2.1063 0.7579 0.5315, -2.0276 0.7579 0.5315, -2.1063 0.7382 0.5315, -2.0276 0.7382 0.5315, -2.1063 0.7382 0.4134, -2.0276 0.7382 0.4134, -2.1063 0.7579 0.4134, -2.0276 0.7579 0.4134, -2.1063 0.7579 0.3543, -2.0276 0.7579 0.3543, -2.1063 0.7382 0.3543, -2.0276 0.7382 0.3543, -2.1063 0.7382 0.2108, -2.0276 0.7382 0.2108, -2.1063 0.8169 0.1181, -2.0276 0.8169 0.1181, -2.1063 1.1043 0.1181, -2.0276 1.1043 0.1181, -2.0276 1.1115 0.1172, -2.1063 1.1115 0.1172, -2.0276 1.1181 0.1144, -2.1063 1.1181 0.1144, -2.0276 1.1238 0.11, -2.1063 1.1238 0.11, -2.0276 1.1282 0.1043, -2.1063 1.1282 0.1043, -2.0276 1.131 0.0977, -2.1063 1.131 0.0977, -2.0276 1.1319 0.0906, -2.1063 1.1319 0.0906, -2.1063 1.1319 0.0276, -2.0276 1.1319 0.0276, -2.0276 1.131 0.0204, -2.1063 1.131 0.0204, -2.0276 1.1282 0.0138, -2.1063 1.1282 0.0138, -2.0276 1.1238 0.0081, -2.1063 1.1238 0.0081, -2.0276 1.1181 0.0037, -2.1063 1.1181 0.0037, -2.0276 1.1115 0.0009, -2.1063 1.1115 0.0009, -2.0276 1.1043 0.0, -2.1063 1.1043 0.0, -2.1063 0.935 0.0, -2.0276 0.935 0.0, -2.1063 0.915 0.0236, -2.0276 0.915 0.0236, -2.1063 0.7579 0.0236, -2.0276 0.7579 0.0236, -2.1063 0.7579 0.1181, -2.0276 0.7579 0.1181, -2.1063 0.4429 0.1181, -2.0276 0.4429 0.1181, -2.1063 -0.2533 0.2139, -2.0276 -0.2533 0.2139, -2.1063 -0.3084 0.2021, -2.0276 -0.3084 0.2021, -2.0276 -0.3185 0.2012, -2.1063 -0.3185 0.2012, -2.0276 -0.3284 0.203, -2.1063 -0.3284 0.203, -2.0276 -0.3376 0.2072, -2.1063 -0.3376 0.2072, -2.0276 -0.3454 0.2136, -2.1063 -0.3454 0.2136, -2.0276 -0.3513 0.2218, -2.1063 -0.3513 0.2218, -2.0276 -0.3549 0.2312, -2.1063 -0.3549 0.2312, -2.0276 -0.356 0.2412, -2.1063 -0.356 0.2412, -2.0276 -0.3546 0.2512, -2.1063 -0.3546 0.2512, -2.0276 -0.3506 0.2605, -2.1063 -0.3506 0.2605, -2.0276 -0.3444 0.2685, -2.1063 -0.3444 0.2685, -2.0276 -0.3364 0.2746, -2.1063 -0.3364 0.2746, -2.1063 -0.2461 0.3268, -2.0276 -0.2461 0.3268, -2.1063 -0.2461 0.2677, -2.0276 -0.2461 0.2677, -2.1063 -0.2454 0.2626, -2.0276 -0.2454 0.2626, -2.1063 -0.2434 0.2579, -2.0276 -0.2434 0.2579, -2.1063 -0.2403 0.2538, -2.0276 -0.2403 0.2538, -2.1063 -0.2362 0.2507, -2.0276 -0.2362 0.2507, -2.1063 -0.2315 0.2487, -2.0276 -0.2315 0.2487, -2.1063 -0.2264 0.248, -2.0276 -0.2264 0.248, -2.1063 0.3839 0.248, -2.0276 0.3839 0.248, -2.1063 0.4189 0.252, -2.0276 0.4189 0.252, -2.1063 0.4522 0.2636, -2.0276 0.4522 0.2636, -2.1063 0.482 0.2824, -2.0276 0.482 0.2824, -2.1063 0.507 0.3073, -2.0276 0.507 0.3073, -2.1063 0.5257 0.3372, -2.0276 0.5257 0.3372, -2.1063 0.5374 0.3705, -2.0276 0.5374 0.3705, -2.1063 0.5413 0.4055, -2.0276 0.5413 0.4055, -2.1063 0.5413 0.4843, -2.0276 0.5413 0.4843, -2.1063 0.5387 0.5046, -2.0276 0.5387 0.5046, -2.1063 0.5308 0.5236, -2.0276 0.5308 0.5236, -2.1063 0.5183 0.5399, -2.0276 0.5183 0.5399, -2.1063 0.502 0.5524, -2.0276 0.502 0.5524, -2.1063 0.483 0.5603, -2.0276 0.483 0.5603, -2.1063 0.4626 0.563, -2.0276 0.4626 0.563, -2.1063 -0.187 0.563, -2.0276 -0.187 0.563, -2.0276 -0.1997 0.5647, -2.1063 -0.1997 0.5647, -2.0276 -0.2116 0.5696, -2.1063 -0.2116 0.5696, -2.0276 -0.2218 0.5774, -2.1063 -0.2218 0.5774, -2.0276 -0.2296 0.5876, -2.1063 -0.2296 0.5876, -2.0276 -0.2345 0.5995, -2.1063 -0.2345 0.5995, -2.0276 -0.2362 0.6122, -2.1063 -0.2362 0.6122, -2.0276 -0.2345 0.6249, -2.1063 -0.2345 0.6249, -2.0276 -0.2296 0.6368, -2.1063 -0.2296 0.6368, -2.0276 -0.2218 0.647, -2.1063 -0.2218 0.647, -2.0276 -0.2116 0.6548, -2.1063 -0.2116 0.6548, -2.0276 -0.1997 0.6597, -2.1063 -0.1997 0.6597, -2.0276 -0.187 0.6614, -2.1063 -0.187 0.6614, -2.1063 0.6594 0.6614, -2.0276 0.6594 0.6614, -2.1063 0.6594 0.7874, -2.0276 0.6594 0.7874, -1.9094 0.7579 0.6614, -1.9094 0.7579 0.7874, -1.8307 0.7579 0.6614, -1.8307 0.7579 0.7874, -1.9094 0.7382 0.6614, -1.8307 0.7382 0.6614, -1.9094 0.7382 0.5906, -1.8307 0.7382 0.5906, -1.9094 0.7579 0.5906, -1.8307 0.7579 0.5906, -1.9094 0.7579 0.5315, -1.8307 0.7579 0.5315, -1.9094 0.7382 0.5315, -1.8307 0.7382 0.5315, -1.9094 0.7382 0.4134, -1.8307 0.7382 0.4134, -1.9094 0.7579 0.4134, -1.8307 0.7579 0.4134, -1.9094 0.7579 0.3543, -1.8307 0.7579 0.3543, -1.9094 0.7382 0.3543, -1.8307 0.7382 0.3543, -1.9094 0.7382 0.2108, -1.8307 0.7382 0.2108, -1.9094 0.8169 0.1181, -1.8307 0.8169 0.1181, -1.9094 1.1043 0.1181, -1.8307 1.1043 0.1181, -1.8307 1.1115 0.1172, -1.9094 1.1115 0.1172, -1.8307 1.1181 0.1144, -1.9094 1.1181 0.1144, -1.8307 1.1238 0.11, -1.9094 1.1238 0.11, -1.8307 1.1282 0.1043, -1.9094 1.1282 0.1043, -1.8307 1.131 0.0977, -1.9094 1.131 0.0977, -1.8307 1.1319 0.0906, -1.9094 1.1319 0.0906, -1.9094 1.1319 0.0276, -1.8307 1.1319 0.0276, -1.8307 1.131 0.0204, -1.9094 1.131 0.0204, -1.8307 1.1282 0.0138, -1.9094 1.1282 0.0138, -1.8307 1.1238 0.0081, -1.9094 1.1238 0.0081, -1.8307 1.1181 0.0037, -1.9094 1.1181 0.0037, -1.8307 1.1115 0.0009, -1.9094 1.1115 0.0009, -1.8307 1.1043 0.0, -1.9094 1.1043 0.0, -1.9094 0.935 0.0, -1.8307 0.935 0.0, -1.9094 0.915 0.0236, -1.8307 0.915 0.0236, -1.9094 0.7579 0.0236, -1.8307 0.7579 0.0236, -1.9094 0.7579 0.1181, -1.8307 0.7579 0.1181, -1.9094 0.4429 0.1181, -1.8307 0.4429 0.1181, -1.9094 -0.2533 0.2139, -1.8307 -0.2533 0.2139, -1.9094 -0.3084 0.2021, -1.8307 -0.3084 0.2021, -1.8307 -0.3185 0.2012, -1.9094 -0.3185 0.2012, -1.8307 -0.3284 0.203, -1.9094 -0.3284 0.203, -1.8307 -0.3376 0.2072, -1.9094 -0.3376 0.2072, -1.8307 -0.3454 0.2136, -1.9094 -0.3454 0.2136, -1.8307 -0.3513 0.2218, -1.9094 -0.3513 0.2218, -1.8307 -0.3549 0.2312, -1.9094 -0.3549 0.2312, -1.8307 -0.356 0.2412, -1.9094 -0.356 0.2412, -1.8307 -0.3546 0.2512, -1.9094 -0.3546 0.2512, -1.8307 -0.3506 0.2605, -1.9094 -0.3506 0.2605, -1.8307 -0.3444 0.2685, -1.9094 -0.3444 0.2685, -1.8307 -0.3364 0.2746, -1.9094 -0.3364 0.2746, -1.9094 -0.2461 0.3268, -1.8307 -0.2461 0.3268, -1.9094 -0.2461 0.2677, -1.8307 -0.2461 0.2677, -1.9094 -0.2454 0.2626, -1.8307 -0.2454 0.2626, -1.9094 -0.2434 0.2579, -1.8307 -0.2434 0.2579, -1.9094 -0.2403 0.2538, -1.8307 -0.2403 0.2538, -1.9094 -0.2362 0.2507, -1.8307 -0.2362 0.2507, -1.9094 -0.2315 0.2487, -1.8307 -0.2315 0.2487, -1.9094 -0.2264 0.248, -1.8307 -0.2264 0.248, -1.9094 0.3839 0.248, -1.8307 0.3839 0.248, -1.9094 0.4189 0.252, -1.8307 0.4189 0.252, -1.9094 0.4522 0.2636, -1.8307 0.4522 0.2636, -1.9094 0.482 0.2824, -1.8307 0.482 0.2824, -1.9094 0.507 0.3073, -1.8307 0.507 0.3073, -1.9094 0.5257 0.3372, -1.8307 0.5257 0.3372, -1.9094 0.5374 0.3705, -1.8307 0.5374 0.3705, -1.9094 0.5413 0.4055, -1.8307 0.5413 0.4055, -1.9094 0.5413 0.4843, -1.8307 0.5413 0.4843, -1.9094 0.5387 0.5046, -1.8307 0.5387 0.5046, -1.9094 0.5308 0.5236, -1.8307 0.5308 0.5236, -1.9094 0.5183 0.5399, -1.8307 0.5183 0.5399, -1.9094 0.502 0.5524, -1.8307 0.502 0.5524, -1.9094 0.483 0.5603, -1.8307 0.483 0.5603, -1.9094 0.4626 0.563, -1.8307 0.4626 0.563, -1.9094 -0.187 0.563, -1.8307 -0.187 0.563, -1.8307 -0.1997 0.5647, -1.9094 -0.1997 0.5647, -1.8307 -0.2116 0.5696, -1.9094 -0.2116 0.5696, -1.8307 -0.2218 0.5774, -1.9094 -0.2218 0.5774, -1.8307 -0.2296 0.5876, -1.9094 -0.2296 0.5876, -1.8307 -0.2345 0.5995, -1.9094 -0.2345 0.5995, -1.8307 -0.2362 0.6122, -1.9094 -0.2362 0.6122, -1.8307 -0.2345 0.6249, -1.9094 -0.2345 0.6249, -1.8307 -0.2296 0.6368, -1.9094 -0.2296 0.6368, -1.8307 -0.2218 0.647, -1.9094 -0.2218 0.647, -1.8307 -0.2116 0.6548, -1.9094 -0.2116 0.6548, -1.8307 -0.1997 0.6597, -1.9094 -0.1997 0.6597, -1.8307 -0.187 0.6614, -1.9094 -0.187 0.6614, -1.9094 0.6594 0.6614, -1.8307 0.6594 0.6614, -1.9094 0.6594 0.7874, -1.8307 0.6594 0.7874, -1.7126 0.7579 0.6614, -1.7126 0.7579 0.7874, -1.6339 0.7579 0.6614, -1.6339 0.7579 0.7874, -1.7126 0.7382 0.6614, -1.6339 0.7382 0.6614, -1.7126 0.7382 0.5906, -1.6339 0.7382 0.5906, -1.7126 0.7579 0.5906, -1.6339 0.7579 0.5906, -1.7126 0.7579 0.5315, -1.6339 0.7579 0.5315, -1.7126 0.7382 0.5315, -1.6339 0.7382 0.5315, -1.7126 0.7382 0.4134, -1.6339 0.7382 0.4134, -1.7126 0.7579 0.4134, -1.6339 0.7579 0.4134, -1.7126 0.7579 0.3543, -1.6339 0.7579 0.3543, -1.7126 0.7382 0.3543, -1.6339 0.7382 0.3543, -1.7126 0.7382 0.2108, -1.6339 0.7382 0.2108, -1.7126 0.8169 0.1181, -1.6339 0.8169 0.1181, -1.7126 1.1043 0.1181, -1.6339 1.1043 0.1181, -1.6339 1.1115 0.1172, -1.7126 1.1115 0.1172, -1.6339 1.1181 0.1144, -1.7126 1.1181 0.1144, -1.6339 1.1238 0.11, -1.7126 1.1238 0.11, -1.6339 1.1282 0.1043, -1.7126 1.1282 0.1043, -1.6339 1.131 0.0977, -1.7126 1.131 0.0977, -1.6339 1.1319 0.0906, -1.7126 1.1319 0.0906, -1.7126 1.1319 0.0276, -1.6339 1.1319 0.0276, -1.6339 1.131 0.0204, -1.7126 1.131 0.0204, -1.6339 1.1282 0.0138, -1.7126 1.1282 0.0138, -1.6339 1.1238 0.0081, -1.7126 1.1238 0.0081, -1.6339 1.1181 0.0037, -1.7126 1.1181 0.0037, -1.6339 1.1115 0.0009, -1.7126 1.1115 0.0009, -1.6339 1.1043 0.0, -1.7126 1.1043 0.0, -1.7126 0.935 0.0, -1.6339 0.935 0.0, -1.7126 0.915 0.0236, -1.6339 0.915 0.0236, -1.7126 0.7579 0.0236, -1.6339 0.7579 0.0236, -1.7126 0.7579 0.1181, -1.6339 0.7579 0.1181, -1.7126 0.4429 0.1181, -1.6339 0.4429 0.1181, -1.7126 -0.2533 0.2139, -1.6339 -0.2533 0.2139, -1.7126 -0.3084 0.2021, -1.6339 -0.3084 0.2021, -1.6339 -0.3185 0.2012, -1.7126 -0.3185 0.2012, -1.6339 -0.3284 0.203, -1.7126 -0.3284 0.203, -1.6339 -0.3376 0.2072, -1.7126 -0.3376 0.2072, -1.6339 -0.3454 0.2136, -1.7126 -0.3454 0.2136, -1.6339 -0.3513 0.2218, -1.7126 -0.3513 0.2218, -1.6339 -0.3549 0.2312, -1.7126 -0.3549 0.2312, -1.6339 -0.356 0.2412, -1.7126 -0.356 0.2412, -1.6339 -0.3546 0.2512, -1.7126 -0.3546 0.2512, -1.6339 -0.3506 0.2605, -1.7126 -0.3506 0.2605, -1.6339 -0.3444 0.2685, -1.7126 -0.3444 0.2685, -1.6339 -0.3364 0.2746, -1.7126 -0.3364 0.2746, -1.7126 -0.2461 0.3268, -1.6339 -0.2461 0.3268, -1.7126 -0.2461 0.2677, -1.6339 -0.2461 0.2677, -1.7126 -0.2454 0.2626, -1.6339 -0.2454 0.2626, -1.7126 -0.2434 0.2579, -1.6339 -0.2434 0.2579, -1.7126 -0.2403 0.2538, -1.6339 -0.2403 0.2538, -1.7126 -0.2362 0.2507, -1.6339 -0.2362 0.2507, -1.7126 -0.2315 0.2487, -1.6339 -0.2315 0.2487, -1.7126 -0.2264 0.248, -1.6339 -0.2264 0.248, -1.7126 0.3839 0.248, -1.6339 0.3839 0.248, -1.7126 0.4189 0.252, -1.6339 0.4189 0.252, -1.7126 0.4522 0.2636, -1.6339 0.4522 0.2636, -1.7126 0.482 0.2824, -1.6339 0.482 0.2824, -1.7126 0.507 0.3073, -1.6339 0.507 0.3073, -1.7126 0.5257 0.3372, -1.6339 0.5257 0.3372, -1.7126 0.5374 0.3705, -1.6339 0.5374 0.3705, -1.7126 0.5413 0.4055, -1.6339 0.5413 0.4055, -1.7126 0.5413 0.4843, -1.6339 0.5413 0.4843, -1.7126 0.5387 0.5046, -1.6339 0.5387 0.5046, -1.7126 0.5308 0.5236, -1.6339 0.5308 0.5236, -1.7126 0.5183 0.5399, -1.6339 0.5183 0.5399, -1.7126 0.502 0.5524, -1.6339 0.502 0.5524, -1.7126 0.483 0.5603, -1.6339 0.483 0.5603, -1.7126 0.4626 0.563, -1.6339 0.4626 0.563, -1.7126 -0.187 0.563, -1.6339 -0.187 0.563, -1.6339 -0.1997 0.5647, -1.7126 -0.1997 0.5647, -1.6339 -0.2116 0.5696, -1.7126 -0.2116 0.5696, -1.6339 -0.2218 0.5774, -1.7126 -0.2218 0.5774, -1.6339 -0.2296 0.5876, -1.7126 -0.2296 0.5876, -1.6339 -0.2345 0.5995, -1.7126 -0.2345 0.5995, -1.6339 -0.2362 0.6122, -1.7126 -0.2362 0.6122, -1.6339 -0.2345 0.6249, -1.7126 -0.2345 0.6249, -1.6339 -0.2296 0.6368, -1.7126 -0.2296 0.6368, -1.6339 -0.2218 0.647, -1.7126 -0.2218 0.647, -1.6339 -0.2116 0.6548, -1.7126 -0.2116 0.6548, -1.6339 -0.1997 0.6597, -1.7126 -0.1997 0.6597, -1.6339 -0.187 0.6614, -1.7126 -0.187 0.6614, -1.7126 0.6594 0.6614, -1.6339 0.6594 0.6614, -1.7126 0.6594 0.7874, -1.6339 0.6594 0.7874, -1.5157 0.7579 0.6614, -1.5157 0.7579 0.7874, -1.437 0.7579 0.6614, -1.437 0.7579 0.7874, -1.5157 0.7382 0.6614, -1.437 0.7382 0.6614, -1.5157 0.7382 0.5906, -1.437 0.7382 0.5906, -1.5157 0.7579 0.5906, -1.437 0.7579 0.5906, -1.5157 0.7579 0.5315, -1.437 0.7579 0.5315, -1.5157 0.7382 0.5315, -1.437 0.7382 0.5315, -1.5157 0.7382 0.4134, -1.437 0.7382 0.4134, -1.5157 0.7579 0.4134, -1.437 0.7579 0.4134, -1.5157 0.7579 0.3543, -1.437 0.7579 0.3543, -1.5157 0.7382 0.3543, -1.437 0.7382 0.3543, -1.5157 0.7382 0.2108, -1.437 0.7382 0.2108, -1.5157 0.8169 0.1181, -1.437 0.8169 0.1181, -1.5157 1.1043 0.1181, -1.437 1.1043 0.1181, -1.437 1.1115 0.1172, -1.5157 1.1115 0.1172, -1.437 1.1181 0.1144, -1.5157 1.1181 0.1144, -1.437 1.1238 0.11, -1.5157 1.1238 0.11, -1.437 1.1282 0.1043, -1.5157 1.1282 0.1043, -1.437 1.131 0.0977, -1.5157 1.131 0.0977, -1.437 1.1319 0.0906, -1.5157 1.1319 0.0906, -1.5157 1.1319 0.0276, -1.437 1.1319 0.0276, -1.437 1.131 0.0204, -1.5157 1.131 0.0204, -1.437 1.1282 0.0138, -1.5157 1.1282 0.0138, -1.437 1.1238 0.0081, -1.5157 1.1238 0.0081, -1.437 1.1181 0.0037, -1.5157 1.1181 0.0037, -1.437 1.1115 0.0009, -1.5157 1.1115 0.0009, -1.437 1.1043 0.0, -1.5157 1.1043 0.0, -1.5157 0.935 0.0, -1.437 0.935 0.0, -1.5157 0.915 0.0236, -1.437 0.915 0.0236, -1.5157 0.7579 0.0236, -1.437 0.7579 0.0236, -1.5157 0.7579 0.1181, -1.437 0.7579 0.1181, -1.5157 0.4429 0.1181, -1.437 0.4429 0.1181, -1.5157 -0.2533 0.2139, -1.437 -0.2533 0.2139, -1.5157 -0.3084 0.2021, -1.437 -0.3084 0.2021, -1.437 -0.3185 0.2012, -1.5157 -0.3185 0.2012, -1.437 -0.3284 0.203, -1.5157 -0.3284 0.203, -1.437 -0.3376 0.2072, -1.5157 -0.3376 0.2072, -1.437 -0.3454 0.2136, -1.5157 -0.3454 0.2136, -1.437 -0.3513 0.2218, -1.5157 -0.3513 0.2218, -1.437 -0.3549 0.2312, -1.5157 -0.3549 0.2312, -1.437 -0.356 0.2412, -1.5157 -0.356 0.2412, -1.437 -0.3546 0.2512, -1.5157 -0.3546 0.2512, -1.437 -0.3506 0.2605, -1.5157 -0.3506 0.2605, -1.437 -0.3444 0.2685, -1.5157 -0.3444 0.2685, -1.437 -0.3364 0.2746, -1.5157 -0.3364 0.2746, -1.5157 -0.2461 0.3268, -1.437 -0.2461 0.3268, -1.5157 -0.2461 0.2677, -1.437 -0.2461 0.2677, -1.5157 -0.2454 0.2626, -1.437 -0.2454 0.2626, -1.5157 -0.2434 0.2579, -1.437 -0.2434 0.2579, -1.5157 -0.2403 0.2538, -1.437 -0.2403 0.2538, -1.5157 -0.2362 0.2507, -1.437 -0.2362 0.2507, -1.5157 -0.2315 0.2487, -1.437 -0.2315 0.2487, -1.5157 -0.2264 0.248, -1.437 -0.2264 0.248, -1.5157 0.3839 0.248, -1.437 0.3839 0.248, -1.5157 0.4189 0.252, -1.437 0.4189 0.252, -1.5157 0.4522 0.2636, -1.437 0.4522 0.2636, -1.5157 0.482 0.2824, -1.437 0.482 0.2824, -1.5157 0.507 0.3073, -1.437 0.507 0.3073, -1.5157 0.5257 0.3372, -1.437 0.5257 0.3372, -1.5157 0.5374 0.3705, -1.437 0.5374 0.3705, -1.5157 0.5413 0.4055, -1.437 0.5413 0.4055, -1.5157 0.5413 0.4843, -1.437 0.5413 0.4843, -1.5157 0.5387 0.5046, -1.437 0.5387 0.5046, -1.5157 0.5308 0.5236, -1.437 0.5308 0.5236, -1.5157 0.5183 0.5399, -1.437 0.5183 0.5399, -1.5157 0.502 0.5524, -1.437 0.502 0.5524, -1.5157 0.483 0.5603, -1.437 0.483 0.5603, -1.5157 0.4626 0.563, -1.437 0.4626 0.563, -1.5157 -0.187 0.563, -1.437 -0.187 0.563, -1.437 -0.1997 0.5647, -1.5157 -0.1997 0.5647, -1.437 -0.2116 0.5696, -1.5157 -0.2116 0.5696, -1.437 -0.2218 0.5774, -1.5157 -0.2218 0.5774, -1.437 -0.2296 0.5876, -1.5157 -0.2296 0.5876, -1.437 -0.2345 0.5995, -1.5157 -0.2345 0.5995, -1.437 -0.2362 0.6122, -1.5157 -0.2362 0.6122, -1.437 -0.2345 0.6249, -1.5157 -0.2345 0.6249, -1.437 -0.2296 0.6368, -1.5157 -0.2296 0.6368, -1.437 -0.2218 0.647, -1.5157 -0.2218 0.647, -1.437 -0.2116 0.6548, -1.5157 -0.2116 0.6548, -1.437 -0.1997 0.6597, -1.5157 -0.1997 0.6597, -1.437 -0.187 0.6614, -1.5157 -0.187 0.6614, -1.5157 0.6594 0.6614, -1.437 0.6594 0.6614, -1.5157 0.6594 0.7874, -1.437 0.6594 0.7874, -1.3189 0.7579 0.6614, -1.3189 0.7579 0.7874, -1.2402 0.7579 0.6614, -1.2402 0.7579 0.7874, -1.3189 0.7382 0.6614, -1.2402 0.7382 0.6614, -1.3189 0.7382 0.5906, -1.2402 0.7382 0.5906, -1.3189 0.7579 0.5906, -1.2402 0.7579 0.5906, -1.3189 0.7579 0.5315, -1.2402 0.7579 0.5315, -1.3189 0.7382 0.5315, -1.2402 0.7382 0.5315, -1.3189 0.7382 0.4134, -1.2402 0.7382 0.4134, -1.3189 0.7579 0.4134, -1.2402 0.7579 0.4134, -1.3189 0.7579 0.3543, -1.2402 0.7579 0.3543, -1.3189 0.7382 0.3543, -1.2402 0.7382 0.3543, -1.3189 0.7382 0.2108, -1.2402 0.7382 0.2108, -1.3189 0.8169 0.1181, -1.2402 0.8169 0.1181, -1.3189 1.1043 0.1181, -1.2402 1.1043 0.1181, -1.2402 1.1115 0.1172, -1.3189 1.1115 0.1172, -1.2402 1.1181 0.1144, -1.3189 1.1181 0.1144, -1.2402 1.1238 0.11, -1.3189 1.1238 0.11, -1.2402 1.1282 0.1043, -1.3189 1.1282 0.1043, -1.2402 1.131 0.0977, -1.3189 1.131 0.0977, -1.2402 1.1319 0.0906, -1.3189 1.1319 0.0906, -1.3189 1.1319 0.0276, -1.2402 1.1319 0.0276, -1.2402 1.131 0.0204, -1.3189 1.131 0.0204, -1.2402 1.1282 0.0138, -1.3189 1.1282 0.0138, -1.2402 1.1238 0.0081, -1.3189 1.1238 0.0081, -1.2402 1.1181 0.0037, -1.3189 1.1181 0.0037, -1.2402 1.1115 0.0009, -1.3189 1.1115 0.0009, -1.2402 1.1043 0.0, -1.3189 1.1043 0.0, -1.3189 0.935 0.0, -1.2402 0.935 0.0, -1.3189 0.915 0.0236, -1.2402 0.915 0.0236, -1.3189 0.7579 0.0236, -1.2402 0.7579 0.0236, -1.3189 0.7579 0.1181, -1.2402 0.7579 0.1181, -1.3189 0.4429 0.1181, -1.2402 0.4429 0.1181, -1.3189 -0.2533 0.2139, -1.2402 -0.2533 0.2139, -1.3189 -0.3084 0.2021, -1.2402 -0.3084 0.2021, -1.2402 -0.3185 0.2012, -1.3189 -0.3185 0.2012, -1.2402 -0.3284 0.203, -1.3189 -0.3284 0.203, -1.2402 -0.3376 0.2072, -1.3189 -0.3376 0.2072, -1.2402 -0.3454 0.2136, -1.3189 -0.3454 0.2136, -1.2402 -0.3513 0.2218, -1.3189 -0.3513 0.2218, -1.2402 -0.3549 0.2312, -1.3189 -0.3549 0.2312, -1.2402 -0.356 0.2412, -1.3189 -0.356 0.2412, -1.2402 -0.3546 0.2512, -1.3189 -0.3546 0.2512, -1.2402 -0.3506 0.2605, -1.3189 -0.3506 0.2605, -1.2402 -0.3444 0.2685, -1.3189 -0.3444 0.2685, -1.2402 -0.3364 0.2746, -1.3189 -0.3364 0.2746, -1.3189 -0.2461 0.3268, -1.2402 -0.2461 0.3268, -1.3189 -0.2461 0.2677, -1.2402 -0.2461 0.2677, -1.3189 -0.2454 0.2626, -1.2402 -0.2454 0.2626, -1.3189 -0.2434 0.2579, -1.2402 -0.2434 0.2579, -1.3189 -0.2403 0.2538, -1.2402 -0.2403 0.2538, -1.3189 -0.2362 0.2507, -1.2402 -0.2362 0.2507, -1.3189 -0.2315 0.2487, -1.2402 -0.2315 0.2487, -1.3189 -0.2264 0.248, -1.2402 -0.2264 0.248, -1.3189 0.3839 0.248, -1.2402 0.3839 0.248, -1.3189 0.4189 0.252, -1.2402 0.4189 0.252, -1.3189 0.4522 0.2636, -1.2402 0.4522 0.2636, -1.3189 0.482 0.2824, -1.2402 0.482 0.2824, -1.3189 0.507 0.3073, -1.2402 0.507 0.3073, -1.3189 0.5257 0.3372, -1.2402 0.5257 0.3372, -1.3189 0.5374 0.3705, -1.2402 0.5374 0.3705, -1.3189 0.5413 0.4055, -1.2402 0.5413 0.4055, -1.3189 0.5413 0.4843, -1.2402 0.5413 0.4843, -1.3189 0.5387 0.5046, -1.2402 0.5387 0.5046, -1.3189 0.5308 0.5236, -1.2402 0.5308 0.5236, -1.3189 0.5183 0.5399, -1.2402 0.5183 0.5399, -1.3189 0.502 0.5524, -1.2402 0.502 0.5524, -1.3189 0.483 0.5603, -1.2402 0.483 0.5603, -1.3189 0.4626 0.563, -1.2402 0.4626 0.563, -1.3189 -0.187 0.563, -1.2402 -0.187 0.563, -1.2402 -0.1997 0.5647, -1.3189 -0.1997 0.5647, -1.2402 -0.2116 0.5696, -1.3189 -0.2116 0.5696, -1.2402 -0.2218 0.5774, -1.3189 -0.2218 0.5774, -1.2402 -0.2296 0.5876, -1.3189 -0.2296 0.5876, -1.2402 -0.2345 0.5995, -1.3189 -0.2345 0.5995, -1.2402 -0.2362 0.6122, -1.3189 -0.2362 0.6122, -1.2402 -0.2345 0.6249, -1.3189 -0.2345 0.6249, -1.2402 -0.2296 0.6368, -1.3189 -0.2296 0.6368, -1.2402 -0.2218 0.647, -1.3189 -0.2218 0.647, -1.2402 -0.2116 0.6548, -1.3189 -0.2116 0.6548, -1.2402 -0.1997 0.6597, -1.3189 -0.1997 0.6597, -1.2402 -0.187 0.6614, -1.3189 -0.187 0.6614, -1.3189 0.6594 0.6614, -1.2402 0.6594 0.6614, -1.3189 0.6594 0.7874, -1.2402 0.6594 0.7874, -1.122 0.7579 0.6614, -1.122 0.7579 0.7874, -1.0433 0.7579 0.6614, -1.0433 0.7579 0.7874, -1.122 0.7382 0.6614, -1.0433 0.7382 0.6614, -1.122 0.7382 0.5906, -1.0433 0.7382 0.5906, -1.122 0.7579 0.5906, -1.0433 0.7579 0.5906, -1.122 0.7579 0.5315, -1.0433 0.7579 0.5315, -1.122 0.7382 0.5315, -1.0433 0.7382 0.5315, -1.122 0.7382 0.4134, -1.0433 0.7382 0.4134, -1.122 0.7579 0.4134, -1.0433 0.7579 0.4134, -1.122 0.7579 0.3543, -1.0433 0.7579 0.3543, -1.122 0.7382 0.3543, -1.0433 0.7382 0.3543, -1.122 0.7382 0.2108, -1.0433 0.7382 0.2108, -1.122 0.8169 0.1181, -1.0433 0.8169 0.1181, -1.122 1.1043 0.1181, -1.0433 1.1043 0.1181, -1.0433 1.1115 0.1172, -1.122 1.1115 0.1172, -1.0433 1.1181 0.1144, -1.122 1.1181 0.1144, -1.0433 1.1238 0.11, -1.122 1.1238 0.11, -1.0433 1.1282 0.1043, -1.122 1.1282 0.1043, -1.0433 1.131 0.0977, -1.122 1.131 0.0977, -1.0433 1.1319 0.0906, -1.122 1.1319 0.0906, -1.122 1.1319 0.0276, -1.0433 1.1319 0.0276, -1.0433 1.131 0.0204, -1.122 1.131 0.0204, -1.0433 1.1282 0.0138, -1.122 1.1282 0.0138, -1.0433 1.1238 0.0081, -1.122 1.1238 0.0081, -1.0433 1.1181 0.0037, -1.122 1.1181 0.0037, -1.0433 1.1115 0.0009, -1.122 1.1115 0.0009, -1.0433 1.1043 0.0, -1.122 1.1043 0.0, -1.122 0.935 0.0, -1.0433 0.935 0.0, -1.122 0.915 0.0236, -1.0433 0.915 0.0236, -1.122 0.7579 0.0236, -1.0433 0.7579 0.0236, -1.122 0.7579 0.1181, -1.0433 0.7579 0.1181, -1.122 0.4429 0.1181, -1.0433 0.4429 0.1181, -1.122 -0.2533 0.2139, -1.0433 -0.2533 0.2139, -1.122 -0.3084 0.2021, -1.0433 -0.3084 0.2021, -1.0433 -0.3185 0.2012, -1.122 -0.3185 0.2012, -1.0433 -0.3284 0.203, -1.122 -0.3284 0.203, -1.0433 -0.3376 0.2072, -1.122 -0.3376 0.2072, -1.0433 -0.3454 0.2136, -1.122 -0.3454 0.2136, -1.0433 -0.3513 0.2218, -1.122 -0.3513 0.2218, -1.0433 -0.3549 0.2312, -1.122 -0.3549 0.2312, -1.0433 -0.356 0.2412, -1.122 -0.356 0.2412, -1.0433 -0.3546 0.2512, -1.122 -0.3546 0.2512, -1.0433 -0.3506 0.2605, -1.122 -0.3506 0.2605, -1.0433 -0.3444 0.2685, -1.122 -0.3444 0.2685, -1.0433 -0.3364 0.2746, -1.122 -0.3364 0.2746, -1.122 -0.2461 0.3268, -1.0433 -0.2461 0.3268, -1.122 -0.2461 0.2677, -1.0433 -0.2461 0.2677, -1.122 -0.2454 0.2626, -1.0433 -0.2454 0.2626, -1.122 -0.2434 0.2579, -1.0433 -0.2434 0.2579, -1.122 -0.2403 0.2538, -1.0433 -0.2403 0.2538, -1.122 -0.2362 0.2507, -1.0433 -0.2362 0.2507, -1.122 -0.2315 0.2487, -1.0433 -0.2315 0.2487, -1.122 -0.2264 0.248, -1.0433 -0.2264 0.248, -1.122 0.3839 0.248, -1.0433 0.3839 0.248, -1.122 0.4189 0.252, -1.0433 0.4189 0.252, -1.122 0.4522 0.2636, -1.0433 0.4522 0.2636, -1.122 0.482 0.2824, -1.0433 0.482 0.2824, -1.122 0.507 0.3073, -1.0433 0.507 0.3073, -1.122 0.5257 0.3372, -1.0433 0.5257 0.3372, -1.122 0.5374 0.3705, -1.0433 0.5374 0.3705, -1.122 0.5413 0.4055, -1.0433 0.5413 0.4055, -1.122 0.5413 0.4843, -1.0433 0.5413 0.4843, -1.122 0.5387 0.5046, -1.0433 0.5387 0.5046, -1.122 0.5308 0.5236, -1.0433 0.5308 0.5236, -1.122 0.5183 0.5399, -1.0433 0.5183 0.5399, -1.122 0.502 0.5524, -1.0433 0.502 0.5524, -1.122 0.483 0.5603, -1.0433 0.483 0.5603, -1.122 0.4626 0.563, -1.0433 0.4626 0.563, -1.122 -0.187 0.563, -1.0433 -0.187 0.563, -1.0433 -0.1997 0.5647, -1.122 -0.1997 0.5647, -1.0433 -0.2116 0.5696, -1.122 -0.2116 0.5696, -1.0433 -0.2218 0.5774, -1.122 -0.2218 0.5774, -1.0433 -0.2296 0.5876, -1.122 -0.2296 0.5876, -1.0433 -0.2345 0.5995, -1.122 -0.2345 0.5995, -1.0433 -0.2362 0.6122, -1.122 -0.2362 0.6122, -1.0433 -0.2345 0.6249, -1.122 -0.2345 0.6249, -1.0433 -0.2296 0.6368, -1.122 -0.2296 0.6368, -1.0433 -0.2218 0.647, -1.122 -0.2218 0.647, -1.0433 -0.2116 0.6548, -1.122 -0.2116 0.6548, -1.0433 -0.1997 0.6597, -1.122 -0.1997 0.6597, -1.0433 -0.187 0.6614, -1.122 -0.187 0.6614, -1.122 0.6594 0.6614, -1.0433 0.6594 0.6614, -1.122 0.6594 0.7874, -1.0433 0.6594 0.7874, -0.9252 0.7579 0.6614, -0.9252 0.7579 0.7874, -0.8465 0.7579 0.6614, -0.8465 0.7579 0.7874, -0.9252 0.7382 0.6614, -0.8465 0.7382 0.6614, -0.9252 0.7382 0.5906, -0.8465 0.7382 0.5906, -0.9252 0.7579 0.5906, -0.8465 0.7579 0.5906, -0.9252 0.7579 0.5315, -0.8465 0.7579 0.5315, -0.9252 0.7382 0.5315, -0.8465 0.7382 0.5315, -0.9252 0.7382 0.4134, -0.8465 0.7382 0.4134, -0.9252 0.7579 0.4134, -0.8465 0.7579 0.4134, -0.9252 0.7579 0.3543, -0.8465 0.7579 0.3543, -0.9252 0.7382 0.3543, -0.8465 0.7382 0.3543, -0.9252 0.7382 0.2108, -0.8465 0.7382 0.2108, -0.9252 0.8169 0.1181, -0.8465 0.8169 0.1181, -0.9252 1.1043 0.1181, -0.8465 1.1043 0.1181, -0.8465 1.1115 0.1172, -0.9252 1.1115 0.1172, -0.8465 1.1181 0.1144, -0.9252 1.1181 0.1144, -0.8465 1.1238 0.11, -0.9252 1.1238 0.11, -0.8465 1.1282 0.1043, -0.9252 1.1282 0.1043, -0.8465 1.131 0.0977, -0.9252 1.131 0.0977, -0.8465 1.1319 0.0906, -0.9252 1.1319 0.0906, -0.9252 1.1319 0.0276, -0.8465 1.1319 0.0276, -0.8465 1.131 0.0204, -0.9252 1.131 0.0204, -0.8465 1.1282 0.0138, -0.9252 1.1282 0.0138, -0.8465 1.1238 0.0081, -0.9252 1.1238 0.0081, -0.8465 1.1181 0.0037, -0.9252 1.1181 0.0037, -0.8465 1.1115 0.0009, -0.9252 1.1115 0.0009, -0.8465 1.1043 0.0, -0.9252 1.1043 0.0, -0.9252 0.935 0.0, -0.8465 0.935 0.0, -0.9252 0.915 0.0236, -0.8465 0.915 0.0236, -0.9252 0.7579 0.0236, -0.8465 0.7579 0.0236, -0.9252 0.7579 0.1181, -0.8465 0.7579 0.1181, -0.9252 0.4429 0.1181, -0.8465 0.4429 0.1181, -0.9252 -0.2533 0.2139, -0.8465 -0.2533 0.2139, -0.9252 -0.3084 0.2021, -0.8465 -0.3084 0.2021, -0.8465 -0.3185 0.2012, -0.9252 -0.3185 0.2012, -0.8465 -0.3284 0.203, -0.9252 -0.3284 0.203, -0.8465 -0.3376 0.2072, -0.9252 -0.3376 0.2072, -0.8465 -0.3454 0.2136, -0.9252 -0.3454 0.2136, -0.8465 -0.3513 0.2218, -0.9252 -0.3513 0.2218, -0.8465 -0.3549 0.2312, -0.9252 -0.3549 0.2312, -0.8465 -0.356 0.2412, -0.9252 -0.356 0.2412, -0.8465 -0.3546 0.2512, -0.9252 -0.3546 0.2512, -0.8465 -0.3506 0.2605, -0.9252 -0.3506 0.2605, -0.8465 -0.3444 0.2685, -0.9252 -0.3444 0.2685, -0.8465 -0.3364 0.2746, -0.9252 -0.3364 0.2746, -0.9252 -0.2461 0.3268, -0.8465 -0.2461 0.3268, -0.9252 -0.2461 0.2677, -0.8465 -0.2461 0.2677, -0.9252 -0.2454 0.2626, -0.8465 -0.2454 0.2626, -0.9252 -0.2434 0.2579, -0.8465 -0.2434 0.2579, -0.9252 -0.2403 0.2538, -0.8465 -0.2403 0.2538, -0.9252 -0.2362 0.2507, -0.8465 -0.2362 0.2507, -0.9252 -0.2315 0.2487, -0.8465 -0.2315 0.2487, -0.9252 -0.2264 0.248, -0.8465 -0.2264 0.248, -0.9252 0.3839 0.248, -0.8465 0.3839 0.248, -0.9252 0.4189 0.252, -0.8465 0.4189 0.252, -0.9252 0.4522 0.2636, -0.8465 0.4522 0.2636, -0.9252 0.482 0.2824, -0.8465 0.482 0.2824, -0.9252 0.507 0.3073, -0.8465 0.507 0.3073, -0.9252 0.5257 0.3372, -0.8465 0.5257 0.3372, -0.9252 0.5374 0.3705, -0.8465 0.5374 0.3705, -0.9252 0.5413 0.4055, -0.8465 0.5413 0.4055, -0.9252 0.5413 0.4843, -0.8465 0.5413 0.4843, -0.9252 0.5387 0.5046, -0.8465 0.5387 0.5046, -0.9252 0.5308 0.5236, -0.8465 0.5308 0.5236, -0.9252 0.5183 0.5399, -0.8465 0.5183 0.5399, -0.9252 0.502 0.5524, -0.8465 0.502 0.5524, -0.9252 0.483 0.5603, -0.8465 0.483 0.5603, -0.9252 0.4626 0.563, -0.8465 0.4626 0.563, -0.9252 -0.187 0.563, -0.8465 -0.187 0.563, -0.8465 -0.1997 0.5647, -0.9252 -0.1997 0.5647, -0.8465 -0.2116 0.5696, -0.9252 -0.2116 0.5696, -0.8465 -0.2218 0.5774, -0.9252 -0.2218 0.5774, -0.8465 -0.2296 0.5876, -0.9252 -0.2296 0.5876, -0.8465 -0.2345 0.5995, -0.9252 -0.2345 0.5995, -0.8465 -0.2362 0.6122, -0.9252 -0.2362 0.6122, -0.8465 -0.2345 0.6249, -0.9252 -0.2345 0.6249, -0.8465 -0.2296 0.6368, -0.9252 -0.2296 0.6368, -0.8465 -0.2218 0.647, -0.9252 -0.2218 0.647, -0.8465 -0.2116 0.6548, -0.9252 -0.2116 0.6548, -0.8465 -0.1997 0.6597, -0.9252 -0.1997 0.6597, -0.8465 -0.187 0.6614, -0.9252 -0.187 0.6614, -0.9252 0.6594 0.6614, -0.8465 0.6594 0.6614, -0.9252 0.6594 0.7874, -0.8465 0.6594 0.7874, -0.7283 0.7579 0.6614, -0.7283 0.7579 0.7874, -0.6496 0.7579 0.6614, -0.6496 0.7579 0.7874, -0.7283 0.7382 0.6614, -0.6496 0.7382 0.6614, -0.7283 0.7382 0.5906, -0.6496 0.7382 0.5906, -0.7283 0.7579 0.5906, -0.6496 0.7579 0.5906, -0.7283 0.7579 0.5315, -0.6496 0.7579 0.5315, -0.7283 0.7382 0.5315, -0.6496 0.7382 0.5315, -0.7283 0.7382 0.4134, -0.6496 0.7382 0.4134, -0.7283 0.7579 0.4134, -0.6496 0.7579 0.4134, -0.7283 0.7579 0.3543, -0.6496 0.7579 0.3543, -0.7283 0.7382 0.3543, -0.6496 0.7382 0.3543, -0.7283 0.7382 0.2108, -0.6496 0.7382 0.2108, -0.7283 0.8169 0.1181, -0.6496 0.8169 0.1181, -0.7283 1.1043 0.1181, -0.6496 1.1043 0.1181, -0.6496 1.1115 0.1172, -0.7283 1.1115 0.1172, -0.6496 1.1181 0.1144, -0.7283 1.1181 0.1144, -0.6496 1.1238 0.11, -0.7283 1.1238 0.11, -0.6496 1.1282 0.1043, -0.7283 1.1282 0.1043, -0.6496 1.131 0.0977, -0.7283 1.131 0.0977, -0.6496 1.1319 0.0906, -0.7283 1.1319 0.0906, -0.7283 1.1319 0.0276, -0.6496 1.1319 0.0276, -0.6496 1.131 0.0204, -0.7283 1.131 0.0204, -0.6496 1.1282 0.0138, -0.7283 1.1282 0.0138, -0.6496 1.1238 0.0081, -0.7283 1.1238 0.0081, -0.6496 1.1181 0.0037, -0.7283 1.1181 0.0037, -0.6496 1.1115 0.0009, -0.7283 1.1115 0.0009, -0.6496 1.1043 0.0, -0.7283 1.1043 0.0, -0.7283 0.935 0.0, -0.6496 0.935 0.0, -0.7283 0.915 0.0236, -0.6496 0.915 0.0236, -0.7283 0.7579 0.0236, -0.6496 0.7579 0.0236, -0.7283 0.7579 0.1181, -0.6496 0.7579 0.1181, -0.7283 0.4429 0.1181, -0.6496 0.4429 0.1181, -0.7283 -0.2533 0.2139, -0.6496 -0.2533 0.2139, -0.7283 -0.3084 0.2021, -0.6496 -0.3084 0.2021, -0.6496 -0.3185 0.2012, -0.7283 -0.3185 0.2012, -0.6496 -0.3284 0.203, -0.7283 -0.3284 0.203, -0.6496 -0.3376 0.2072, -0.7283 -0.3376 0.2072, -0.6496 -0.3454 0.2136, -0.7283 -0.3454 0.2136, -0.6496 -0.3513 0.2218, -0.7283 -0.3513 0.2218, -0.6496 -0.3549 0.2312, -0.7283 -0.3549 0.2312, -0.6496 -0.356 0.2412, -0.7283 -0.356 0.2412, -0.6496 -0.3546 0.2512, -0.7283 -0.3546 0.2512, -0.6496 -0.3506 0.2605, -0.7283 -0.3506 0.2605, -0.6496 -0.3444 0.2685, -0.7283 -0.3444 0.2685, -0.6496 -0.3364 0.2746, -0.7283 -0.3364 0.2746, -0.7283 -0.2461 0.3268, -0.6496 -0.2461 0.3268, -0.7283 -0.2461 0.2677, -0.6496 -0.2461 0.2677, -0.7283 -0.2454 0.2626, -0.6496 -0.2454 0.2626, -0.7283 -0.2434 0.2579, -0.6496 -0.2434 0.2579, -0.7283 -0.2403 0.2538, -0.6496 -0.2403 0.2538, -0.7283 -0.2362 0.2507, -0.6496 -0.2362 0.2507, -0.7283 -0.2315 0.2487, -0.6496 -0.2315 0.2487, -0.7283 -0.2264 0.248, -0.6496 -0.2264 0.248, -0.7283 0.3839 0.248, -0.6496 0.3839 0.248, -0.7283 0.4189 0.252, -0.6496 0.4189 0.252, -0.7283 0.4522 0.2636, -0.6496 0.4522 0.2636, -0.7283 0.482 0.2824, -0.6496 0.482 0.2824, -0.7283 0.507 0.3073, -0.6496 0.507 0.3073, -0.7283 0.5257 0.3372, -0.6496 0.5257 0.3372, -0.7283 0.5374 0.3705, -0.6496 0.5374 0.3705, -0.7283 0.5413 0.4055, -0.6496 0.5413 0.4055, -0.7283 0.5413 0.4843, -0.6496 0.5413 0.4843, -0.7283 0.5387 0.5046, -0.6496 0.5387 0.5046, -0.7283 0.5308 0.5236, -0.6496 0.5308 0.5236, -0.7283 0.5183 0.5399, -0.6496 0.5183 0.5399, -0.7283 0.502 0.5524, -0.6496 0.502 0.5524, -0.7283 0.483 0.5603, -0.6496 0.483 0.5603, -0.7283 0.4626 0.563, -0.6496 0.4626 0.563, -0.7283 -0.187 0.563, -0.6496 -0.187 0.563, -0.6496 -0.1997 0.5647, -0.7283 -0.1997 0.5647, -0.6496 -0.2116 0.5696, -0.7283 -0.2116 0.5696, -0.6496 -0.2218 0.5774, -0.7283 -0.2218 0.5774, -0.6496 -0.2296 0.5876, -0.7283 -0.2296 0.5876, -0.6496 -0.2345 0.5995, -0.7283 -0.2345 0.5995, -0.6496 -0.2362 0.6122, -0.7283 -0.2362 0.6122, -0.6496 -0.2345 0.6249, -0.7283 -0.2345 0.6249, -0.6496 -0.2296 0.6368, -0.7283 -0.2296 0.6368, -0.6496 -0.2218 0.647, -0.7283 -0.2218 0.647, -0.6496 -0.2116 0.6548, -0.7283 -0.2116 0.6548, -0.6496 -0.1997 0.6597, -0.7283 -0.1997 0.6597, -0.6496 -0.187 0.6614, -0.7283 -0.187 0.6614, -0.7283 0.6594 0.6614, -0.6496 0.6594 0.6614, -0.7283 0.6594 0.7874, -0.6496 0.6594 0.7874, -0.5315 0.7579 0.6614, -0.5315 0.7579 0.7874, -0.4528 0.7579 0.6614, -0.4528 0.7579 0.7874, -0.5315 0.7382 0.6614, -0.4528 0.7382 0.6614, -0.5315 0.7382 0.5906, -0.4528 0.7382 0.5906, -0.5315 0.7579 0.5906, -0.4528 0.7579 0.5906, -0.5315 0.7579 0.5315, -0.4528 0.7579 0.5315, -0.5315 0.7382 0.5315, -0.4528 0.7382 0.5315, -0.5315 0.7382 0.4134, -0.4528 0.7382 0.4134, -0.5315 0.7579 0.4134, -0.4528 0.7579 0.4134, -0.5315 0.7579 0.3543, -0.4528 0.7579 0.3543, -0.5315 0.7382 0.3543, -0.4528 0.7382 0.3543, -0.5315 0.7382 0.2108, -0.4528 0.7382 0.2108, -0.5315 0.8169 0.1181, -0.4528 0.8169 0.1181, -0.5315 1.1043 0.1181, -0.4528 1.1043 0.1181, -0.4528 1.1115 0.1172, -0.5315 1.1115 0.1172, -0.4528 1.1181 0.1144, -0.5315 1.1181 0.1144, -0.4528 1.1238 0.11, -0.5315 1.1238 0.11, -0.4528 1.1282 0.1043, -0.5315 1.1282 0.1043, -0.4528 1.131 0.0977, -0.5315 1.131 0.0977, -0.4528 1.1319 0.0906, -0.5315 1.1319 0.0906, -0.5315 1.1319 0.0276, -0.4528 1.1319 0.0276, -0.4528 1.131 0.0204, -0.5315 1.131 0.0204, -0.4528 1.1282 0.0138, -0.5315 1.1282 0.0138, -0.4528 1.1238 0.0081, -0.5315 1.1238 0.0081, -0.4528 1.1181 0.0037, -0.5315 1.1181 0.0037, -0.4528 1.1115 0.0009, -0.5315 1.1115 0.0009, -0.4528 1.1043 0.0, -0.5315 1.1043 0.0, -0.5315 0.935 0.0, -0.4528 0.935 0.0, -0.5315 0.915 0.0236, -0.4528 0.915 0.0236, -0.5315 0.7579 0.0236, -0.4528 0.7579 0.0236, -0.5315 0.7579 0.1181, -0.4528 0.7579 0.1181, -0.5315 0.4429 0.1181, -0.4528 0.4429 0.1181, -0.5315 -0.2533 0.2139, -0.4528 -0.2533 0.2139, -0.5315 -0.3084 0.2021, -0.4528 -0.3084 0.2021, -0.4528 -0.3185 0.2012, -0.5315 -0.3185 0.2012, -0.4528 -0.3284 0.203, -0.5315 -0.3284 0.203, -0.4528 -0.3376 0.2072, -0.5315 -0.3376 0.2072, -0.4528 -0.3454 0.2136, -0.5315 -0.3454 0.2136, -0.4528 -0.3513 0.2218, -0.5315 -0.3513 0.2218, -0.4528 -0.3549 0.2312, -0.5315 -0.3549 0.2312, -0.4528 -0.356 0.2412, -0.5315 -0.356 0.2412, -0.4528 -0.3546 0.2512, -0.5315 -0.3546 0.2512, -0.4528 -0.3506 0.2605, -0.5315 -0.3506 0.2605, -0.4528 -0.3444 0.2685, -0.5315 -0.3444 0.2685, -0.4528 -0.3364 0.2746, -0.5315 -0.3364 0.2746, -0.5315 -0.2461 0.3268, -0.4528 -0.2461 0.3268, -0.5315 -0.2461 0.2677, -0.4528 -0.2461 0.2677, -0.5315 -0.2454 0.2626, -0.4528 -0.2454 0.2626, -0.5315 -0.2434 0.2579, -0.4528 -0.2434 0.2579, -0.5315 -0.2403 0.2538, -0.4528 -0.2403 0.2538, -0.5315 -0.2362 0.2507, -0.4528 -0.2362 0.2507, -0.5315 -0.2315 0.2487, -0.4528 -0.2315 0.2487, -0.5315 -0.2264 0.248, -0.4528 -0.2264 0.248, -0.5315 0.3839 0.248, -0.4528 0.3839 0.248, -0.5315 0.4189 0.252, -0.4528 0.4189 0.252, -0.5315 0.4522 0.2636, -0.4528 0.4522 0.2636, -0.5315 0.482 0.2824, -0.4528 0.482 0.2824, -0.5315 0.507 0.3073, -0.4528 0.507 0.3073, -0.5315 0.5257 0.3372, -0.4528 0.5257 0.3372, -0.5315 0.5374 0.3705, -0.4528 0.5374 0.3705, -0.5315 0.5413 0.4055, -0.4528 0.5413 0.4055, -0.5315 0.5413 0.4843, -0.4528 0.5413 0.4843, -0.5315 0.5387 0.5046, -0.4528 0.5387 0.5046, -0.5315 0.5308 0.5236, -0.4528 0.5308 0.5236, -0.5315 0.5183 0.5399, -0.4528 0.5183 0.5399, -0.5315 0.502 0.5524, -0.4528 0.502 0.5524, -0.5315 0.483 0.5603, -0.4528 0.483 0.5603, -0.5315 0.4626 0.563, -0.4528 0.4626 0.563, -0.5315 -0.187 0.563, -0.4528 -0.187 0.563, -0.4528 -0.1997 0.5647, -0.5315 -0.1997 0.5647, -0.4528 -0.2116 0.5696, -0.5315 -0.2116 0.5696, -0.4528 -0.2218 0.5774, -0.5315 -0.2218 0.5774, -0.4528 -0.2296 0.5876, -0.5315 -0.2296 0.5876, -0.4528 -0.2345 0.5995, -0.5315 -0.2345 0.5995, -0.4528 -0.2362 0.6122, -0.5315 -0.2362 0.6122, -0.4528 -0.2345 0.6249, -0.5315 -0.2345 0.6249, -0.4528 -0.2296 0.6368, -0.5315 -0.2296 0.6368, -0.4528 -0.2218 0.647, -0.5315 -0.2218 0.647, -0.4528 -0.2116 0.6548, -0.5315 -0.2116 0.6548, -0.4528 -0.1997 0.6597, -0.5315 -0.1997 0.6597, -0.4528 -0.187 0.6614, -0.5315 -0.187 0.6614, -0.5315 0.6594 0.6614, -0.4528 0.6594 0.6614, -0.5315 0.6594 0.7874, -0.4528 0.6594 0.7874, -0.3346 0.7579 0.6614, -0.3346 0.7579 0.7874, -0.2559 0.7579 0.6614, -0.2559 0.7579 0.7874, -0.3346 0.7382 0.6614, -0.2559 0.7382 0.6614, -0.3346 0.7382 0.5906, -0.2559 0.7382 0.5906, -0.3346 0.7579 0.5906, -0.2559 0.7579 0.5906, -0.3346 0.7579 0.5315, -0.2559 0.7579 0.5315, -0.3346 0.7382 0.5315, -0.2559 0.7382 0.5315, -0.3346 0.7382 0.4134, -0.2559 0.7382 0.4134, -0.3346 0.7579 0.4134, -0.2559 0.7579 0.4134, -0.3346 0.7579 0.3543, -0.2559 0.7579 0.3543, -0.3346 0.7382 0.3543, -0.2559 0.7382 0.3543, -0.3346 0.7382 0.2108, -0.2559 0.7382 0.2108, -0.3346 0.8169 0.1181, -0.2559 0.8169 0.1181, -0.3346 1.1043 0.1181, -0.2559 1.1043 0.1181, -0.2559 1.1115 0.1172, -0.3346 1.1115 0.1172, -0.2559 1.1181 0.1144, -0.3346 1.1181 0.1144, -0.2559 1.1238 0.11, -0.3346 1.1238 0.11, -0.2559 1.1282 0.1043, -0.3346 1.1282 0.1043, -0.2559 1.131 0.0977, -0.3346 1.131 0.0977, -0.2559 1.1319 0.0906, -0.3346 1.1319 0.0906, -0.3346 1.1319 0.0276, -0.2559 1.1319 0.0276, -0.2559 1.131 0.0204, -0.3346 1.131 0.0204, -0.2559 1.1282 0.0138, -0.3346 1.1282 0.0138, -0.2559 1.1238 0.0081, -0.3346 1.1238 0.0081, -0.2559 1.1181 0.0037, -0.3346 1.1181 0.0037, -0.2559 1.1115 0.0009, -0.3346 1.1115 0.0009, -0.2559 1.1043 0.0, -0.3346 1.1043 0.0, -0.3346 0.935 0.0, -0.2559 0.935 0.0, -0.3346 0.915 0.0236, -0.2559 0.915 0.0236, -0.3346 0.7579 0.0236, -0.2559 0.7579 0.0236, -0.3346 0.7579 0.1181, -0.2559 0.7579 0.1181, -0.3346 0.4429 0.1181, -0.2559 0.4429 0.1181, -0.3346 -0.2533 0.2139, -0.2559 -0.2533 0.2139, -0.3346 -0.3084 0.2021, -0.2559 -0.3084 0.2021, -0.2559 -0.3185 0.2012, -0.3346 -0.3185 0.2012, -0.2559 -0.3284 0.203, -0.3346 -0.3284 0.203, -0.2559 -0.3376 0.2072, -0.3346 -0.3376 0.2072, -0.2559 -0.3454 0.2136, -0.3346 -0.3454 0.2136, -0.2559 -0.3513 0.2218, -0.3346 -0.3513 0.2218, -0.2559 -0.3549 0.2312, -0.3346 -0.3549 0.2312, -0.2559 -0.356 0.2412, -0.3346 -0.356 0.2412, -0.2559 -0.3546 0.2512, -0.3346 -0.3546 0.2512, -0.2559 -0.3506 0.2605, -0.3346 -0.3506 0.2605, -0.2559 -0.3444 0.2685, -0.3346 -0.3444 0.2685, -0.2559 -0.3364 0.2746, -0.3346 -0.3364 0.2746, -0.3346 -0.2461 0.3268, -0.2559 -0.2461 0.3268, -0.3346 -0.2461 0.2677, -0.2559 -0.2461 0.2677, -0.3346 -0.2454 0.2626, -0.2559 -0.2454 0.2626, -0.3346 -0.2434 0.2579, -0.2559 -0.2434 0.2579, -0.3346 -0.2403 0.2538, -0.2559 -0.2403 0.2538, -0.3346 -0.2362 0.2507, -0.2559 -0.2362 0.2507, -0.3346 -0.2315 0.2487, -0.2559 -0.2315 0.2487, -0.3346 -0.2264 0.248, -0.2559 -0.2264 0.248, -0.3346 0.3839 0.248, -0.2559 0.3839 0.248, -0.3346 0.4189 0.252, -0.2559 0.4189 0.252, -0.3346 0.4522 0.2636, -0.2559 0.4522 0.2636, -0.3346 0.482 0.2824, -0.2559 0.482 0.2824, -0.3346 0.507 0.3073, -0.2559 0.507 0.3073, -0.3346 0.5257 0.3372, -0.2559 0.5257 0.3372, -0.3346 0.5374 0.3705, -0.2559 0.5374 0.3705, -0.3346 0.5413 0.4055, -0.2559 0.5413 0.4055, -0.3346 0.5413 0.4843, -0.2559 0.5413 0.4843, -0.3346 0.5387 0.5046, -0.2559 0.5387 0.5046, -0.3346 0.5308 0.5236, -0.2559 0.5308 0.5236, -0.3346 0.5183 0.5399, -0.2559 0.5183 0.5399, -0.3346 0.502 0.5524, -0.2559 0.502 0.5524, -0.3346 0.483 0.5603, -0.2559 0.483 0.5603, -0.3346 0.4626 0.563, -0.2559 0.4626 0.563, -0.3346 -0.187 0.563, -0.2559 -0.187 0.563, -0.2559 -0.1997 0.5647, -0.3346 -0.1997 0.5647, -0.2559 -0.2116 0.5696, -0.3346 -0.2116 0.5696, -0.2559 -0.2218 0.5774, -0.3346 -0.2218 0.5774, -0.2559 -0.2296 0.5876, -0.3346 -0.2296 0.5876, -0.2559 -0.2345 0.5995, -0.3346 -0.2345 0.5995, -0.2559 -0.2362 0.6122, -0.3346 -0.2362 0.6122, -0.2559 -0.2345 0.6249, -0.3346 -0.2345 0.6249, -0.2559 -0.2296 0.6368, -0.3346 -0.2296 0.6368, -0.2559 -0.2218 0.647, -0.3346 -0.2218 0.647, -0.2559 -0.2116 0.6548, -0.3346 -0.2116 0.6548, -0.2559 -0.1997 0.6597, -0.3346 -0.1997 0.6597, -0.2559 -0.187 0.6614, -0.3346 -0.187 0.6614, -0.3346 0.6594 0.6614, -0.2559 0.6594 0.6614, -0.3346 0.6594 0.7874, -0.2559 0.6594 0.7874, -0.1378 0.7579 0.6614, -0.1378 0.7579 0.7874, -0.0591 0.7579 0.6614, -0.0591 0.7579 0.7874, -0.1378 0.7382 0.6614, -0.0591 0.7382 0.6614, -0.1378 0.7382 0.5906, -0.0591 0.7382 0.5906, -0.1378 0.7579 0.5906, -0.0591 0.7579 0.5906, -0.1378 0.7579 0.5315, -0.0591 0.7579 0.5315, -0.1378 0.7382 0.5315, -0.0591 0.7382 0.5315, -0.1378 0.7382 0.4134, -0.0591 0.7382 0.4134, -0.1378 0.7579 0.4134, -0.0591 0.7579 0.4134, -0.1378 0.7579 0.3543, -0.0591 0.7579 0.3543, -0.1378 0.7382 0.3543, -0.0591 0.7382 0.3543, -0.1378 0.7382 0.2108, -0.0591 0.7382 0.2108, -0.1378 0.8169 0.1181, -0.0591 0.8169 0.1181, -0.1378 1.1043 0.1181, -0.0591 1.1043 0.1181, -0.0591 1.1115 0.1172, -0.1378 1.1115 0.1172, -0.0591 1.1181 0.1144, -0.1378 1.1181 0.1144, -0.0591 1.1238 0.11, -0.1378 1.1238 0.11, -0.0591 1.1282 0.1043, -0.1378 1.1282 0.1043, -0.0591 1.131 0.0977, -0.1378 1.131 0.0977, -0.0591 1.1319 0.0906, -0.1378 1.1319 0.0906, -0.1378 1.1319 0.0276, -0.0591 1.1319 0.0276, -0.0591 1.131 0.0204, -0.1378 1.131 0.0204, -0.0591 1.1282 0.0138, -0.1378 1.1282 0.0138, -0.0591 1.1238 0.0081, -0.1378 1.1238 0.0081, -0.0591 1.1181 0.0037, -0.1378 1.1181 0.0037, -0.0591 1.1115 0.0009, -0.1378 1.1115 0.0009, -0.0591 1.1043 0.0, -0.1378 1.1043 0.0, -0.1378 0.935 0.0, -0.0591 0.935 0.0, -0.1378 0.915 0.0236, -0.0591 0.915 0.0236, -0.1378 0.7579 0.0236, -0.0591 0.7579 0.0236, -0.1378 0.7579 0.1181, -0.0591 0.7579 0.1181, -0.1378 0.4429 0.1181, -0.0591 0.4429 0.1181, -0.1378 -0.2533 0.2139, -0.0591 -0.2533 0.2139, -0.1378 -0.3084 0.2021, -0.0591 -0.3084 0.2021, -0.0591 -0.3185 0.2012, -0.1378 -0.3185 0.2012, -0.0591 -0.3284 0.203, -0.1378 -0.3284 0.203, -0.0591 -0.3376 0.2072, -0.1378 -0.3376 0.2072, -0.0591 -0.3454 0.2136, -0.1378 -0.3454 0.2136, -0.0591 -0.3513 0.2218, -0.1378 -0.3513 0.2218, -0.0591 -0.3549 0.2312, -0.1378 -0.3549 0.2312, -0.0591 -0.356 0.2412, -0.1378 -0.356 0.2412, -0.0591 -0.3546 0.2512, -0.1378 -0.3546 0.2512, -0.0591 -0.3506 0.2605, -0.1378 -0.3506 0.2605, -0.0591 -0.3444 0.2685, -0.1378 -0.3444 0.2685, -0.0591 -0.3364 0.2746, -0.1378 -0.3364 0.2746, -0.1378 -0.2461 0.3268, -0.0591 -0.2461 0.3268, -0.1378 -0.2461 0.2677, -0.0591 -0.2461 0.2677, -0.1378 -0.2454 0.2626, -0.0591 -0.2454 0.2626, -0.1378 -0.2434 0.2579, -0.0591 -0.2434 0.2579, -0.1378 -0.2403 0.2538, -0.0591 -0.2403 0.2538, -0.1378 -0.2362 0.2507, -0.0591 -0.2362 0.2507, -0.1378 -0.2315 0.2487, -0.0591 -0.2315 0.2487, -0.1378 -0.2264 0.248, -0.0591 -0.2264 0.248, -0.1378 0.3839 0.248, -0.0591 0.3839 0.248, -0.1378 0.4189 0.252, -0.0591 0.4189 0.252, -0.1378 0.4522 0.2636, -0.0591 0.4522 0.2636, -0.1378 0.482 0.2824, -0.0591 0.482 0.2824, -0.1378 0.507 0.3073, -0.0591 0.507 0.3073, -0.1378 0.5257 0.3372, -0.0591 0.5257 0.3372, -0.1378 0.5374 0.3705, -0.0591 0.5374 0.3705, -0.1378 0.5413 0.4055, -0.0591 0.5413 0.4055, -0.1378 0.5413 0.4843, -0.0591 0.5413 0.4843, -0.1378 0.5387 0.5046, -0.0591 0.5387 0.5046, -0.1378 0.5308 0.5236, -0.0591 0.5308 0.5236, -0.1378 0.5183 0.5399, -0.0591 0.5183 0.5399, -0.1378 0.502 0.5524, -0.0591 0.502 0.5524, -0.1378 0.483 0.5603, -0.0591 0.483 0.5603, -0.1378 0.4626 0.563, -0.0591 0.4626 0.563, -0.1378 -0.187 0.563, -0.0591 -0.187 0.563, -0.0591 -0.1997 0.5647, -0.1378 -0.1997 0.5647, -0.0591 -0.2116 0.5696, -0.1378 -0.2116 0.5696, -0.0591 -0.2218 0.5774, -0.1378 -0.2218 0.5774, -0.0591 -0.2296 0.5876, -0.1378 -0.2296 0.5876, -0.0591 -0.2345 0.5995, -0.1378 -0.2345 0.5995, -0.0591 -0.2362 0.6122, -0.1378 -0.2362 0.6122, -0.0591 -0.2345 0.6249, -0.1378 -0.2345 0.6249, -0.0591 -0.2296 0.6368, -0.1378 -0.2296 0.6368, -0.0591 -0.2218 0.647, -0.1378 -0.2218 0.647, -0.0591 -0.2116 0.6548, -0.1378 -0.2116 0.6548, -0.0591 -0.1997 0.6597, -0.1378 -0.1997 0.6597, -0.0591 -0.187 0.6614, -0.1378 -0.187 0.6614, -0.1378 0.6594 0.6614, -0.0591 0.6594 0.6614, -0.1378 0.6594 0.7874, -0.0591 0.6594 0.7874, 0.0591 0.7579 0.6614, 0.0591 0.7579 0.7874, 0.1378 0.7579 0.6614, 0.1378 0.7579 0.7874, 0.0591 0.7382 0.6614, 0.1378 0.7382 0.6614, 0.0591 0.7382 0.5906, 0.1378 0.7382 0.5906, 0.0591 0.7579 0.5906, 0.1378 0.7579 0.5906, 0.0591 0.7579 0.5315, 0.1378 0.7579 0.5315, 0.0591 0.7382 0.5315, 0.1378 0.7382 0.5315, 0.0591 0.7382 0.4134, 0.1378 0.7382 0.4134, 0.0591 0.7579 0.4134, 0.1378 0.7579 0.4134, 0.0591 0.7579 0.3543, 0.1378 0.7579 0.3543, 0.0591 0.7382 0.3543, 0.1378 0.7382 0.3543, 0.0591 0.7382 0.2108, 0.1378 0.7382 0.2108, 0.0591 0.8169 0.1181, 0.1378 0.8169 0.1181, 0.0591 1.1043 0.1181, 0.1378 1.1043 0.1181, 0.1378 1.1115 0.1172, 0.0591 1.1115 0.1172, 0.1378 1.1181 0.1144, 0.0591 1.1181 0.1144, 0.1378 1.1238 0.11, 0.0591 1.1238 0.11, 0.1378 1.1282 0.1043, 0.0591 1.1282 0.1043, 0.1378 1.131 0.0977, 0.0591 1.131 0.0977, 0.1378 1.1319 0.0906, 0.0591 1.1319 0.0906, 0.0591 1.1319 0.0276, 0.1378 1.1319 0.0276, 0.1378 1.131 0.0204, 0.0591 1.131 0.0204, 0.1378 1.1282 0.0138, 0.0591 1.1282 0.0138, 0.1378 1.1238 0.0081, 0.0591 1.1238 0.0081, 0.1378 1.1181 0.0037, 0.0591 1.1181 0.0037, 0.1378 1.1115 0.0009, 0.0591 1.1115 0.0009, 0.1378 1.1043 0.0, 0.0591 1.1043 0.0, 0.0591 0.935 0.0, 0.1378 0.935 0.0, 0.0591 0.915 0.0236, 0.1378 0.915 0.0236, 0.0591 0.7579 0.0236, 0.1378 0.7579 0.0236, 0.0591 0.7579 0.1181, 0.1378 0.7579 0.1181, 0.0591 0.4429 0.1181, 0.1378 0.4429 0.1181, 0.0591 -0.2533 0.2139, 0.1378 -0.2533 0.2139, 0.0591 -0.3084 0.2021, 0.1378 -0.3084 0.2021, 0.1378 -0.3185 0.2012, 0.0591 -0.3185 0.2012, 0.1378 -0.3284 0.203, 0.0591 -0.3284 0.203, 0.1378 -0.3376 0.2072, 0.0591 -0.3376 0.2072, 0.1378 -0.3454 0.2136, 0.0591 -0.3454 0.2136, 0.1378 -0.3513 0.2218, 0.0591 -0.3513 0.2218, 0.1378 -0.3549 0.2312, 0.0591 -0.3549 0.2312, 0.1378 -0.356 0.2412, 0.0591 -0.356 0.2412, 0.1378 -0.3546 0.2512, 0.0591 -0.3546 0.2512, 0.1378 -0.3506 0.2605, 0.0591 -0.3506 0.2605, 0.1378 -0.3444 0.2685, 0.0591 -0.3444 0.2685, 0.1378 -0.3364 0.2746, 0.0591 -0.3364 0.2746, 0.0591 -0.2461 0.3268, 0.1378 -0.2461 0.3268, 0.0591 -0.2461 0.2677, 0.1378 -0.2461 0.2677, 0.0591 -0.2454 0.2626, 0.1378 -0.2454 0.2626, 0.0591 -0.2434 0.2579, 0.1378 -0.2434 0.2579, 0.0591 -0.2403 0.2538, 0.1378 -0.2403 0.2538, 0.0591 -0.2362 0.2507, 0.1378 -0.2362 0.2507, 0.0591 -0.2315 0.2487, 0.1378 -0.2315 0.2487, 0.0591 -0.2264 0.248, 0.1378 -0.2264 0.248, 0.0591 0.3839 0.248, 0.1378 0.3839 0.248, 0.0591 0.4189 0.252, 0.1378 0.4189 0.252, 0.0591 0.4522 0.2636, 0.1378 0.4522 0.2636, 0.0591 0.482 0.2824, 0.1378 0.482 0.2824, 0.0591 0.507 0.3073, 0.1378 0.507 0.3073, 0.0591 0.5257 0.3372, 0.1378 0.5257 0.3372, 0.0591 0.5374 0.3705, 0.1378 0.5374 0.3705, 0.0591 0.5413 0.4055, 0.1378 0.5413 0.4055, 0.0591 0.5413 0.4843, 0.1378 0.5413 0.4843, 0.0591 0.5387 0.5046, 0.1378 0.5387 0.5046, 0.0591 0.5308 0.5236, 0.1378 0.5308 0.5236, 0.0591 0.5183 0.5399, 0.1378 0.5183 0.5399, 0.0591 0.502 0.5524, 0.1378 0.502 0.5524, 0.0591 0.483 0.5603, 0.1378 0.483 0.5603, 0.0591 0.4626 0.563, 0.1378 0.4626 0.563, 0.0591 -0.187 0.563, 0.1378 -0.187 0.563, 0.1378 -0.1997 0.5647, 0.0591 -0.1997 0.5647, 0.1378 -0.2116 0.5696, 0.0591 -0.2116 0.5696, 0.1378 -0.2218 0.5774, 0.0591 -0.2218 0.5774, 0.1378 -0.2296 0.5876, 0.0591 -0.2296 0.5876, 0.1378 -0.2345 0.5995, 0.0591 -0.2345 0.5995, 0.1378 -0.2362 0.6122, 0.0591 -0.2362 0.6122, 0.1378 -0.2345 0.6249, 0.0591 -0.2345 0.6249, 0.1378 -0.2296 0.6368, 0.0591 -0.2296 0.6368, 0.1378 -0.2218 0.647, 0.0591 -0.2218 0.647, 0.1378 -0.2116 0.6548, 0.0591 -0.2116 0.6548, 0.1378 -0.1997 0.6597, 0.0591 -0.1997 0.6597, 0.1378 -0.187 0.6614, 0.0591 -0.187 0.6614, 0.0591 0.6594 0.6614, 0.1378 0.6594 0.6614, 0.0591 0.6594 0.7874, 0.1378 0.6594 0.7874, 0.2559 0.7579 0.6614, 0.2559 0.7579 0.7874, 0.3346 0.7579 0.6614, 0.3346 0.7579 0.7874, 0.2559 0.7382 0.6614, 0.3346 0.7382 0.6614, 0.2559 0.7382 0.5906, 0.3346 0.7382 0.5906, 0.2559 0.7579 0.5906, 0.3346 0.7579 0.5906, 0.2559 0.7579 0.5315, 0.3346 0.7579 0.5315, 0.2559 0.7382 0.5315, 0.3346 0.7382 0.5315, 0.2559 0.7382 0.4134, 0.3346 0.7382 0.4134, 0.2559 0.7579 0.4134, 0.3346 0.7579 0.4134, 0.2559 0.7579 0.3543, 0.3346 0.7579 0.3543, 0.2559 0.7382 0.3543, 0.3346 0.7382 0.3543, 0.2559 0.7382 0.2108, 0.3346 0.7382 0.2108, 0.2559 0.8169 0.1181, 0.3346 0.8169 0.1181, 0.2559 1.1043 0.1181, 0.3346 1.1043 0.1181, 0.3346 1.1115 0.1172, 0.2559 1.1115 0.1172, 0.3346 1.1181 0.1144, 0.2559 1.1181 0.1144, 0.3346 1.1238 0.11, 0.2559 1.1238 0.11, 0.3346 1.1282 0.1043, 0.2559 1.1282 0.1043, 0.3346 1.131 0.0977, 0.2559 1.131 0.0977, 0.3346 1.1319 0.0906, 0.2559 1.1319 0.0906, 0.2559 1.1319 0.0276, 0.3346 1.1319 0.0276, 0.3346 1.131 0.0204, 0.2559 1.131 0.0204, 0.3346 1.1282 0.0138, 0.2559 1.1282 0.0138, 0.3346 1.1238 0.0081, 0.2559 1.1238 0.0081, 0.3346 1.1181 0.0037, 0.2559 1.1181 0.0037, 0.3346 1.1115 0.0009, 0.2559 1.1115 0.0009, 0.3346 1.1043 0.0, 0.2559 1.1043 0.0, 0.2559 0.935 0.0, 0.3346 0.935 0.0, 0.2559 0.915 0.0236, 0.3346 0.915 0.0236, 0.2559 0.7579 0.0236, 0.3346 0.7579 0.0236, 0.2559 0.7579 0.1181, 0.3346 0.7579 0.1181, 0.2559 0.4429 0.1181, 0.3346 0.4429 0.1181, 0.2559 -0.2533 0.2139, 0.3346 -0.2533 0.2139, 0.2559 -0.3084 0.2021, 0.3346 -0.3084 0.2021, 0.3346 -0.3185 0.2012, 0.2559 -0.3185 0.2012, 0.3346 -0.3284 0.203, 0.2559 -0.3284 0.203, 0.3346 -0.3376 0.2072, 0.2559 -0.3376 0.2072, 0.3346 -0.3454 0.2136, 0.2559 -0.3454 0.2136, 0.3346 -0.3513 0.2218, 0.2559 -0.3513 0.2218, 0.3346 -0.3549 0.2312, 0.2559 -0.3549 0.2312, 0.3346 -0.356 0.2412, 0.2559 -0.356 0.2412, 0.3346 -0.3546 0.2512, 0.2559 -0.3546 0.2512, 0.3346 -0.3506 0.2605, 0.2559 -0.3506 0.2605, 0.3346 -0.3444 0.2685, 0.2559 -0.3444 0.2685, 0.3346 -0.3364 0.2746, 0.2559 -0.3364 0.2746, 0.2559 -0.2461 0.3268, 0.3346 -0.2461 0.3268, 0.2559 -0.2461 0.2677, 0.3346 -0.2461 0.2677, 0.2559 -0.2454 0.2626, 0.3346 -0.2454 0.2626, 0.2559 -0.2434 0.2579, 0.3346 -0.2434 0.2579, 0.2559 -0.2403 0.2538, 0.3346 -0.2403 0.2538, 0.2559 -0.2362 0.2507, 0.3346 -0.2362 0.2507, 0.2559 -0.2315 0.2487, 0.3346 -0.2315 0.2487, 0.2559 -0.2264 0.248, 0.3346 -0.2264 0.248, 0.2559 0.3839 0.248, 0.3346 0.3839 0.248, 0.2559 0.4189 0.252, 0.3346 0.4189 0.252, 0.2559 0.4522 0.2636, 0.3346 0.4522 0.2636, 0.2559 0.482 0.2824, 0.3346 0.482 0.2824, 0.2559 0.507 0.3073, 0.3346 0.507 0.3073, 0.2559 0.5257 0.3372, 0.3346 0.5257 0.3372, 0.2559 0.5374 0.3705, 0.3346 0.5374 0.3705, 0.2559 0.5413 0.4055, 0.3346 0.5413 0.4055, 0.2559 0.5413 0.4843, 0.3346 0.5413 0.4843, 0.2559 0.5387 0.5046, 0.3346 0.5387 0.5046, 0.2559 0.5308 0.5236, 0.3346 0.5308 0.5236, 0.2559 0.5183 0.5399, 0.3346 0.5183 0.5399, 0.2559 0.502 0.5524, 0.3346 0.502 0.5524, 0.2559 0.483 0.5603, 0.3346 0.483 0.5603, 0.2559 0.4626 0.563, 0.3346 0.4626 0.563, 0.2559 -0.187 0.563, 0.3346 -0.187 0.563, 0.3346 -0.1997 0.5647, 0.2559 -0.1997 0.5647, 0.3346 -0.2116 0.5696, 0.2559 -0.2116 0.5696, 0.3346 -0.2218 0.5774, 0.2559 -0.2218 0.5774, 0.3346 -0.2296 0.5876, 0.2559 -0.2296 0.5876, 0.3346 -0.2345 0.5995, 0.2559 -0.2345 0.5995, 0.3346 -0.2362 0.6122, 0.2559 -0.2362 0.6122, 0.3346 -0.2345 0.6249, 0.2559 -0.2345 0.6249, 0.3346 -0.2296 0.6368, 0.2559 -0.2296 0.6368, 0.3346 -0.2218 0.647, 0.2559 -0.2218 0.647, 0.3346 -0.2116 0.6548, 0.2559 -0.2116 0.6548, 0.3346 -0.1997 0.6597, 0.2559 -0.1997 0.6597, 0.3346 -0.187 0.6614, 0.2559 -0.187 0.6614, 0.2559 0.6594 0.6614, 0.3346 0.6594 0.6614, 0.2559 0.6594 0.7874, 0.3346 0.6594 0.7874, 0.4528 0.7579 0.6614, 0.4528 0.7579 0.7874, 0.5315 0.7579 0.6614, 0.5315 0.7579 0.7874, 0.4528 0.7382 0.6614, 0.5315 0.7382 0.6614, 0.4528 0.7382 0.5906, 0.5315 0.7382 0.5906, 0.4528 0.7579 0.5906, 0.5315 0.7579 0.5906, 0.4528 0.7579 0.5315, 0.5315 0.7579 0.5315, 0.4528 0.7382 0.5315, 0.5315 0.7382 0.5315, 0.4528 0.7382 0.4134, 0.5315 0.7382 0.4134, 0.4528 0.7579 0.4134, 0.5315 0.7579 0.4134, 0.4528 0.7579 0.3543, 0.5315 0.7579 0.3543, 0.4528 0.7382 0.3543, 0.5315 0.7382 0.3543, 0.4528 0.7382 0.2108, 0.5315 0.7382 0.2108, 0.4528 0.8169 0.1181, 0.5315 0.8169 0.1181, 0.4528 1.1043 0.1181, 0.5315 1.1043 0.1181, 0.5315 1.1115 0.1172, 0.4528 1.1115 0.1172, 0.5315 1.1181 0.1144, 0.4528 1.1181 0.1144, 0.5315 1.1238 0.11, 0.4528 1.1238 0.11, 0.5315 1.1282 0.1043, 0.4528 1.1282 0.1043, 0.5315 1.131 0.0977, 0.4528 1.131 0.0977, 0.5315 1.1319 0.0906, 0.4528 1.1319 0.0906, 0.4528 1.1319 0.0276, 0.5315 1.1319 0.0276, 0.5315 1.131 0.0204, 0.4528 1.131 0.0204, 0.5315 1.1282 0.0138, 0.4528 1.1282 0.0138, 0.5315 1.1238 0.0081, 0.4528 1.1238 0.0081, 0.5315 1.1181 0.0037, 0.4528 1.1181 0.0037, 0.5315 1.1115 0.0009, 0.4528 1.1115 0.0009, 0.5315 1.1043 0.0, 0.4528 1.1043 0.0, 0.4528 0.935 0.0, 0.5315 0.935 0.0, 0.4528 0.915 0.0236, 0.5315 0.915 0.0236, 0.4528 0.7579 0.0236, 0.5315 0.7579 0.0236, 0.4528 0.7579 0.1181, 0.5315 0.7579 0.1181, 0.4528 0.4429 0.1181, 0.5315 0.4429 0.1181, 0.4528 -0.2533 0.2139, 0.5315 -0.2533 0.2139, 0.4528 -0.3084 0.2021, 0.5315 -0.3084 0.2021, 0.5315 -0.3185 0.2012, 0.4528 -0.3185 0.2012, 0.5315 -0.3284 0.203, 0.4528 -0.3284 0.203, 0.5315 -0.3376 0.2072, 0.4528 -0.3376 0.2072, 0.5315 -0.3454 0.2136, 0.4528 -0.3454 0.2136, 0.5315 -0.3513 0.2218, 0.4528 -0.3513 0.2218, 0.5315 -0.3549 0.2312, 0.4528 -0.3549 0.2312, 0.5315 -0.356 0.2412, 0.4528 -0.356 0.2412, 0.5315 -0.3546 0.2512, 0.4528 -0.3546 0.2512, 0.5315 -0.3506 0.2605, 0.4528 -0.3506 0.2605, 0.5315 -0.3444 0.2685, 0.4528 -0.3444 0.2685, 0.5315 -0.3364 0.2746, 0.4528 -0.3364 0.2746, 0.4528 -0.2461 0.3268, 0.5315 -0.2461 0.3268, 0.4528 -0.2461 0.2677, 0.5315 -0.2461 0.2677, 0.4528 -0.2454 0.2626, 0.5315 -0.2454 0.2626, 0.4528 -0.2434 0.2579, 0.5315 -0.2434 0.2579, 0.4528 -0.2403 0.2538, 0.5315 -0.2403 0.2538, 0.4528 -0.2362 0.2507, 0.5315 -0.2362 0.2507, 0.4528 -0.2315 0.2487, 0.5315 -0.2315 0.2487, 0.4528 -0.2264 0.248, 0.5315 -0.2264 0.248, 0.4528 0.3839 0.248, 0.5315 0.3839 0.248, 0.4528 0.4189 0.252, 0.5315 0.4189 0.252, 0.4528 0.4522 0.2636, 0.5315 0.4522 0.2636, 0.4528 0.482 0.2824, 0.5315 0.482 0.2824, 0.4528 0.507 0.3073, 0.5315 0.507 0.3073, 0.4528 0.5257 0.3372, 0.5315 0.5257 0.3372, 0.4528 0.5374 0.3705, 0.5315 0.5374 0.3705, 0.4528 0.5413 0.4055, 0.5315 0.5413 0.4055, 0.4528 0.5413 0.4843, 0.5315 0.5413 0.4843, 0.4528 0.5387 0.5046, 0.5315 0.5387 0.5046, 0.4528 0.5308 0.5236, 0.5315 0.5308 0.5236, 0.4528 0.5183 0.5399, 0.5315 0.5183 0.5399, 0.4528 0.502 0.5524, 0.5315 0.502 0.5524, 0.4528 0.483 0.5603, 0.5315 0.483 0.5603, 0.4528 0.4626 0.563, 0.5315 0.4626 0.563, 0.4528 -0.187 0.563, 0.5315 -0.187 0.563, 0.5315 -0.1997 0.5647, 0.4528 -0.1997 0.5647, 0.5315 -0.2116 0.5696, 0.4528 -0.2116 0.5696, 0.5315 -0.2218 0.5774, 0.4528 -0.2218 0.5774, 0.5315 -0.2296 0.5876, 0.4528 -0.2296 0.5876, 0.5315 -0.2345 0.5995, 0.4528 -0.2345 0.5995, 0.5315 -0.2362 0.6122, 0.4528 -0.2362 0.6122, 0.5315 -0.2345 0.6249, 0.4528 -0.2345 0.6249, 0.5315 -0.2296 0.6368, 0.4528 -0.2296 0.6368, 0.5315 -0.2218 0.647, 0.4528 -0.2218 0.647, 0.5315 -0.2116 0.6548, 0.4528 -0.2116 0.6548, 0.5315 -0.1997 0.6597, 0.4528 -0.1997 0.6597, 0.5315 -0.187 0.6614, 0.4528 -0.187 0.6614, 0.4528 0.6594 0.6614, 0.5315 0.6594 0.6614, 0.4528 0.6594 0.7874, 0.5315 0.6594 0.7874, 0.6496 0.7579 0.6614, 0.6496 0.7579 0.7874, 0.7283 0.7579 0.6614, 0.7283 0.7579 0.7874, 0.6496 0.7382 0.6614, 0.7283 0.7382 0.6614, 0.6496 0.7382 0.5906, 0.7283 0.7382 0.5906, 0.6496 0.7579 0.5906, 0.7283 0.7579 0.5906, 0.6496 0.7579 0.5315, 0.7283 0.7579 0.5315, 0.6496 0.7382 0.5315, 0.7283 0.7382 0.5315, 0.6496 0.7382 0.4134, 0.7283 0.7382 0.4134, 0.6496 0.7579 0.4134, 0.7283 0.7579 0.4134, 0.6496 0.7579 0.3543, 0.7283 0.7579 0.3543, 0.6496 0.7382 0.3543, 0.7283 0.7382 0.3543, 0.6496 0.7382 0.2108, 0.7283 0.7382 0.2108, 0.6496 0.8169 0.1181, 0.7283 0.8169 0.1181, 0.6496 1.1043 0.1181, 0.7283 1.1043 0.1181, 0.7283 1.1115 0.1172, 0.6496 1.1115 0.1172, 0.7283 1.1181 0.1144, 0.6496 1.1181 0.1144, 0.7283 1.1238 0.11, 0.6496 1.1238 0.11, 0.7283 1.1282 0.1043, 0.6496 1.1282 0.1043, 0.7283 1.131 0.0977, 0.6496 1.131 0.0977, 0.7283 1.1319 0.0906, 0.6496 1.1319 0.0906, 0.6496 1.1319 0.0276, 0.7283 1.1319 0.0276, 0.7283 1.131 0.0204, 0.6496 1.131 0.0204, 0.7283 1.1282 0.0138, 0.6496 1.1282 0.0138, 0.7283 1.1238 0.0081, 0.6496 1.1238 0.0081, 0.7283 1.1181 0.0037, 0.6496 1.1181 0.0037, 0.7283 1.1115 0.0009, 0.6496 1.1115 0.0009, 0.7283 1.1043 0.0, 0.6496 1.1043 0.0, 0.6496 0.935 0.0, 0.7283 0.935 0.0, 0.6496 0.915 0.0236, 0.7283 0.915 0.0236, 0.6496 0.7579 0.0236, 0.7283 0.7579 0.0236, 0.6496 0.7579 0.1181, 0.7283 0.7579 0.1181, 0.6496 0.4429 0.1181, 0.7283 0.4429 0.1181, 0.6496 -0.2533 0.2139, 0.7283 -0.2533 0.2139, 0.6496 -0.3084 0.2021, 0.7283 -0.3084 0.2021, 0.7283 -0.3185 0.2012, 0.6496 -0.3185 0.2012, 0.7283 -0.3284 0.203, 0.6496 -0.3284 0.203, 0.7283 -0.3376 0.2072, 0.6496 -0.3376 0.2072, 0.7283 -0.3454 0.2136, 0.6496 -0.3454 0.2136, 0.7283 -0.3513 0.2218, 0.6496 -0.3513 0.2218, 0.7283 -0.3549 0.2312, 0.6496 -0.3549 0.2312, 0.7283 -0.356 0.2412, 0.6496 -0.356 0.2412, 0.7283 -0.3546 0.2512, 0.6496 -0.3546 0.2512, 0.7283 -0.3506 0.2605, 0.6496 -0.3506 0.2605, 0.7283 -0.3444 0.2685, 0.6496 -0.3444 0.2685, 0.7283 -0.3364 0.2746, 0.6496 -0.3364 0.2746, 0.6496 -0.2461 0.3268, 0.7283 -0.2461 0.3268, 0.6496 -0.2461 0.2677, 0.7283 -0.2461 0.2677, 0.6496 -0.2454 0.2626, 0.7283 -0.2454 0.2626, 0.6496 -0.2434 0.2579, 0.7283 -0.2434 0.2579, 0.6496 -0.2403 0.2538, 0.7283 -0.2403 0.2538, 0.6496 -0.2362 0.2507, 0.7283 -0.2362 0.2507, 0.6496 -0.2315 0.2487, 0.7283 -0.2315 0.2487, 0.6496 -0.2264 0.248, 0.7283 -0.2264 0.248, 0.6496 0.3839 0.248, 0.7283 0.3839 0.248, 0.6496 0.4189 0.252, 0.7283 0.4189 0.252, 0.6496 0.4522 0.2636, 0.7283 0.4522 0.2636, 0.6496 0.482 0.2824, 0.7283 0.482 0.2824, 0.6496 0.507 0.3073, 0.7283 0.507 0.3073, 0.6496 0.5257 0.3372, 0.7283 0.5257 0.3372, 0.6496 0.5374 0.3705, 0.7283 0.5374 0.3705, 0.6496 0.5413 0.4055, 0.7283 0.5413 0.4055, 0.6496 0.5413 0.4843, 0.7283 0.5413 0.4843, 0.6496 0.5387 0.5046, 0.7283 0.5387 0.5046, 0.6496 0.5308 0.5236, 0.7283 0.5308 0.5236, 0.6496 0.5183 0.5399, 0.7283 0.5183 0.5399, 0.6496 0.502 0.5524, 0.7283 0.502 0.5524, 0.6496 0.483 0.5603, 0.7283 0.483 0.5603, 0.6496 0.4626 0.563, 0.7283 0.4626 0.563, 0.6496 -0.187 0.563, 0.7283 -0.187 0.563, 0.7283 -0.1997 0.5647, 0.6496 -0.1997 0.5647, 0.7283 -0.2116 0.5696, 0.6496 -0.2116 0.5696, 0.7283 -0.2218 0.5774, 0.6496 -0.2218 0.5774, 0.7283 -0.2296 0.5876, 0.6496 -0.2296 0.5876, 0.7283 -0.2345 0.5995, 0.6496 -0.2345 0.5995, 0.7283 -0.2362 0.6122, 0.6496 -0.2362 0.6122, 0.7283 -0.2345 0.6249, 0.6496 -0.2345 0.6249, 0.7283 -0.2296 0.6368, 0.6496 -0.2296 0.6368, 0.7283 -0.2218 0.647, 0.6496 -0.2218 0.647, 0.7283 -0.2116 0.6548, 0.6496 -0.2116 0.6548, 0.7283 -0.1997 0.6597, 0.6496 -0.1997 0.6597, 0.7283 -0.187 0.6614, 0.6496 -0.187 0.6614, 0.6496 0.6594 0.6614, 0.7283 0.6594 0.6614, 0.6496 0.6594 0.7874, 0.7283 0.6594 0.7874, 0.8465 0.7579 0.6614, 0.8465 0.7579 0.7874, 0.9252 0.7579 0.6614, 0.9252 0.7579 0.7874, 0.8465 0.7382 0.6614, 0.9252 0.7382 0.6614, 0.8465 0.7382 0.5906, 0.9252 0.7382 0.5906, 0.8465 0.7579 0.5906, 0.9252 0.7579 0.5906, 0.8465 0.7579 0.5315, 0.9252 0.7579 0.5315, 0.8465 0.7382 0.5315, 0.9252 0.7382 0.5315, 0.8465 0.7382 0.4134, 0.9252 0.7382 0.4134, 0.8465 0.7579 0.4134, 0.9252 0.7579 0.4134, 0.8465 0.7579 0.3543, 0.9252 0.7579 0.3543, 0.8465 0.7382 0.3543, 0.9252 0.7382 0.3543, 0.8465 0.7382 0.2108, 0.9252 0.7382 0.2108, 0.8465 0.8169 0.1181, 0.9252 0.8169 0.1181, 0.8465 1.1043 0.1181, 0.9252 1.1043 0.1181, 0.9252 1.1115 0.1172, 0.8465 1.1115 0.1172, 0.9252 1.1181 0.1144, 0.8465 1.1181 0.1144, 0.9252 1.1238 0.11, 0.8465 1.1238 0.11, 0.9252 1.1282 0.1043, 0.8465 1.1282 0.1043, 0.9252 1.131 0.0977, 0.8465 1.131 0.0977, 0.9252 1.1319 0.0906, 0.8465 1.1319 0.0906, 0.8465 1.1319 0.0276, 0.9252 1.1319 0.0276, 0.9252 1.131 0.0204, 0.8465 1.131 0.0204, 0.9252 1.1282 0.0138, 0.8465 1.1282 0.0138, 0.9252 1.1238 0.0081, 0.8465 1.1238 0.0081, 0.9252 1.1181 0.0037, 0.8465 1.1181 0.0037, 0.9252 1.1115 0.0009, 0.8465 1.1115 0.0009, 0.9252 1.1043 0.0, 0.8465 1.1043 0.0, 0.8465 0.935 0.0, 0.9252 0.935 0.0, 0.8465 0.915 0.0236, 0.9252 0.915 0.0236, 0.8465 0.7579 0.0236, 0.9252 0.7579 0.0236, 0.8465 0.7579 0.1181, 0.9252 0.7579 0.1181, 0.8465 0.4429 0.1181, 0.9252 0.4429 0.1181, 0.8465 -0.2533 0.2139, 0.9252 -0.2533 0.2139, 0.8465 -0.3084 0.2021, 0.9252 -0.3084 0.2021, 0.9252 -0.3185 0.2012, 0.8465 -0.3185 0.2012, 0.9252 -0.3284 0.203, 0.8465 -0.3284 0.203, 0.9252 -0.3376 0.2072, 0.8465 -0.3376 0.2072, 0.9252 -0.3454 0.2136, 0.8465 -0.3454 0.2136, 0.9252 -0.3513 0.2218, 0.8465 -0.3513 0.2218, 0.9252 -0.3549 0.2312, 0.8465 -0.3549 0.2312, 0.9252 -0.356 0.2412, 0.8465 -0.356 0.2412, 0.9252 -0.3546 0.2512, 0.8465 -0.3546 0.2512, 0.9252 -0.3506 0.2605, 0.8465 -0.3506 0.2605, 0.9252 -0.3444 0.2685, 0.8465 -0.3444 0.2685, 0.9252 -0.3364 0.2746, 0.8465 -0.3364 0.2746, 0.8465 -0.2461 0.3268, 0.9252 -0.2461 0.3268, 0.8465 -0.2461 0.2677, 0.9252 -0.2461 0.2677, 0.8465 -0.2454 0.2626, 0.9252 -0.2454 0.2626, 0.8465 -0.2434 0.2579, 0.9252 -0.2434 0.2579, 0.8465 -0.2403 0.2538, 0.9252 -0.2403 0.2538, 0.8465 -0.2362 0.2507, 0.9252 -0.2362 0.2507, 0.8465 -0.2315 0.2487, 0.9252 -0.2315 0.2487, 0.8465 -0.2264 0.248, 0.9252 -0.2264 0.248, 0.8465 0.3839 0.248, 0.9252 0.3839 0.248, 0.8465 0.4189 0.252, 0.9252 0.4189 0.252, 0.8465 0.4522 0.2636, 0.9252 0.4522 0.2636, 0.8465 0.482 0.2824, 0.9252 0.482 0.2824, 0.8465 0.507 0.3073, 0.9252 0.507 0.3073, 0.8465 0.5257 0.3372, 0.9252 0.5257 0.3372, 0.8465 0.5374 0.3705, 0.9252 0.5374 0.3705, 0.8465 0.5413 0.4055, 0.9252 0.5413 0.4055, 0.8465 0.5413 0.4843, 0.9252 0.5413 0.4843, 0.8465 0.5387 0.5046, 0.9252 0.5387 0.5046, 0.8465 0.5308 0.5236, 0.9252 0.5308 0.5236, 0.8465 0.5183 0.5399, 0.9252 0.5183 0.5399, 0.8465 0.502 0.5524, 0.9252 0.502 0.5524, 0.8465 0.483 0.5603, 0.9252 0.483 0.5603, 0.8465 0.4626 0.563, 0.9252 0.4626 0.563, 0.8465 -0.187 0.563, 0.9252 -0.187 0.563, 0.9252 -0.1997 0.5647, 0.8465 -0.1997 0.5647, 0.9252 -0.2116 0.5696, 0.8465 -0.2116 0.5696, 0.9252 -0.2218 0.5774, 0.8465 -0.2218 0.5774, 0.9252 -0.2296 0.5876, 0.8465 -0.2296 0.5876, 0.9252 -0.2345 0.5995, 0.8465 -0.2345 0.5995, 0.9252 -0.2362 0.6122, 0.8465 -0.2362 0.6122, 0.9252 -0.2345 0.6249, 0.8465 -0.2345 0.6249, 0.9252 -0.2296 0.6368, 0.8465 -0.2296 0.6368, 0.9252 -0.2218 0.647, 0.8465 -0.2218 0.647, 0.9252 -0.2116 0.6548, 0.8465 -0.2116 0.6548, 0.9252 -0.1997 0.6597, 0.8465 -0.1997 0.6597, 0.9252 -0.187 0.6614, 0.8465 -0.187 0.6614, 0.8465 0.6594 0.6614, 0.9252 0.6594 0.6614, 0.8465 0.6594 0.7874, 0.9252 0.6594 0.7874, 1.0433 0.7579 0.6614, 1.0433 0.7579 0.7874, 1.122 0.7579 0.6614, 1.122 0.7579 0.7874, 1.0433 0.7382 0.6614, 1.122 0.7382 0.6614, 1.0433 0.7382 0.5906, 1.122 0.7382 0.5906, 1.0433 0.7579 0.5906, 1.122 0.7579 0.5906, 1.0433 0.7579 0.5315, 1.122 0.7579 0.5315, 1.0433 0.7382 0.5315, 1.122 0.7382 0.5315, 1.0433 0.7382 0.4134, 1.122 0.7382 0.4134, 1.0433 0.7579 0.4134, 1.122 0.7579 0.4134, 1.0433 0.7579 0.3543, 1.122 0.7579 0.3543, 1.0433 0.7382 0.3543, 1.122 0.7382 0.3543, 1.0433 0.7382 0.2108, 1.122 0.7382 0.2108, 1.0433 0.8169 0.1181, 1.122 0.8169 0.1181, 1.0433 1.1043 0.1181, 1.122 1.1043 0.1181, 1.122 1.1115 0.1172, 1.0433 1.1115 0.1172, 1.122 1.1181 0.1144, 1.0433 1.1181 0.1144, 1.122 1.1238 0.11, 1.0433 1.1238 0.11, 1.122 1.1282 0.1043, 1.0433 1.1282 0.1043, 1.122 1.131 0.0977, 1.0433 1.131 0.0977, 1.122 1.1319 0.0906, 1.0433 1.1319 0.0906, 1.0433 1.1319 0.0276, 1.122 1.1319 0.0276, 1.122 1.131 0.0204, 1.0433 1.131 0.0204, 1.122 1.1282 0.0138, 1.0433 1.1282 0.0138, 1.122 1.1238 0.0081, 1.0433 1.1238 0.0081, 1.122 1.1181 0.0037, 1.0433 1.1181 0.0037, 1.122 1.1115 0.0009, 1.0433 1.1115 0.0009, 1.122 1.1043 0.0, 1.0433 1.1043 0.0, 1.0433 0.935 0.0, 1.122 0.935 0.0, 1.0433 0.915 0.0236, 1.122 0.915 0.0236, 1.0433 0.7579 0.0236, 1.122 0.7579 0.0236, 1.0433 0.7579 0.1181, 1.122 0.7579 0.1181, 1.0433 0.4429 0.1181, 1.122 0.4429 0.1181, 1.0433 -0.2533 0.2139, 1.122 -0.2533 0.2139, 1.0433 -0.3084 0.2021, 1.122 -0.3084 0.2021, 1.122 -0.3185 0.2012, 1.0433 -0.3185 0.2012, 1.122 -0.3284 0.203, 1.0433 -0.3284 0.203, 1.122 -0.3376 0.2072, 1.0433 -0.3376 0.2072, 1.122 -0.3454 0.2136, 1.0433 -0.3454 0.2136, 1.122 -0.3513 0.2218, 1.0433 -0.3513 0.2218, 1.122 -0.3549 0.2312, 1.0433 -0.3549 0.2312, 1.122 -0.356 0.2412, 1.0433 -0.356 0.2412, 1.122 -0.3546 0.2512, 1.0433 -0.3546 0.2512, 1.122 -0.3506 0.2605, 1.0433 -0.3506 0.2605, 1.122 -0.3444 0.2685, 1.0433 -0.3444 0.2685, 1.122 -0.3364 0.2746, 1.0433 -0.3364 0.2746, 1.0433 -0.2461 0.3268, 1.122 -0.2461 0.3268, 1.0433 -0.2461 0.2677, 1.122 -0.2461 0.2677, 1.0433 -0.2454 0.2626, 1.122 -0.2454 0.2626, 1.0433 -0.2434 0.2579, 1.122 -0.2434 0.2579, 1.0433 -0.2403 0.2538, 1.122 -0.2403 0.2538, 1.0433 -0.2362 0.2507, 1.122 -0.2362 0.2507, 1.0433 -0.2315 0.2487, 1.122 -0.2315 0.2487, 1.0433 -0.2264 0.248, 1.122 -0.2264 0.248, 1.0433 0.3839 0.248, 1.122 0.3839 0.248, 1.0433 0.4189 0.252, 1.122 0.4189 0.252, 1.0433 0.4522 0.2636, 1.122 0.4522 0.2636, 1.0433 0.482 0.2824, 1.122 0.482 0.2824, 1.0433 0.507 0.3073, 1.122 0.507 0.3073, 1.0433 0.5257 0.3372, 1.122 0.5257 0.3372, 1.0433 0.5374 0.3705, 1.122 0.5374 0.3705, 1.0433 0.5413 0.4055, 1.122 0.5413 0.4055, 1.0433 0.5413 0.4843, 1.122 0.5413 0.4843, 1.0433 0.5387 0.5046, 1.122 0.5387 0.5046, 1.0433 0.5308 0.5236, 1.122 0.5308 0.5236, 1.0433 0.5183 0.5399, 1.122 0.5183 0.5399, 1.0433 0.502 0.5524, 1.122 0.502 0.5524, 1.0433 0.483 0.5603, 1.122 0.483 0.5603, 1.0433 0.4626 0.563, 1.122 0.4626 0.563, 1.0433 -0.187 0.563, 1.122 -0.187 0.563, 1.122 -0.1997 0.5647, 1.0433 -0.1997 0.5647, 1.122 -0.2116 0.5696, 1.0433 -0.2116 0.5696, 1.122 -0.2218 0.5774, 1.0433 -0.2218 0.5774, 1.122 -0.2296 0.5876, 1.0433 -0.2296 0.5876, 1.122 -0.2345 0.5995, 1.0433 -0.2345 0.5995, 1.122 -0.2362 0.6122, 1.0433 -0.2362 0.6122, 1.122 -0.2345 0.6249, 1.0433 -0.2345 0.6249, 1.122 -0.2296 0.6368, 1.0433 -0.2296 0.6368, 1.122 -0.2218 0.647, 1.0433 -0.2218 0.647, 1.122 -0.2116 0.6548, 1.0433 -0.2116 0.6548, 1.122 -0.1997 0.6597, 1.0433 -0.1997 0.6597, 1.122 -0.187 0.6614, 1.0433 -0.187 0.6614, 1.0433 0.6594 0.6614, 1.122 0.6594 0.6614, 1.0433 0.6594 0.7874, 1.122 0.6594 0.7874, 1.2402 0.7579 0.6614, 1.2402 0.7579 0.7874, 1.3189 0.7579 0.6614, 1.3189 0.7579 0.7874, 1.2402 0.7382 0.6614, 1.3189 0.7382 0.6614, 1.2402 0.7382 0.5906, 1.3189 0.7382 0.5906, 1.2402 0.7579 0.5906, 1.3189 0.7579 0.5906, 1.2402 0.7579 0.5315, 1.3189 0.7579 0.5315, 1.2402 0.7382 0.5315, 1.3189 0.7382 0.5315, 1.2402 0.7382 0.4134, 1.3189 0.7382 0.4134, 1.2402 0.7579 0.4134, 1.3189 0.7579 0.4134, 1.2402 0.7579 0.3543, 1.3189 0.7579 0.3543, 1.2402 0.7382 0.3543, 1.3189 0.7382 0.3543, 1.2402 0.7382 0.2108, 1.3189 0.7382 0.2108, 1.2402 0.8169 0.1181, 1.3189 0.8169 0.1181, 1.2402 1.1043 0.1181, 1.3189 1.1043 0.1181, 1.3189 1.1115 0.1172, 1.2402 1.1115 0.1172, 1.3189 1.1181 0.1144, 1.2402 1.1181 0.1144, 1.3189 1.1238 0.11, 1.2402 1.1238 0.11, 1.3189 1.1282 0.1043, 1.2402 1.1282 0.1043, 1.3189 1.131 0.0977, 1.2402 1.131 0.0977, 1.3189 1.1319 0.0906, 1.2402 1.1319 0.0906, 1.2402 1.1319 0.0276, 1.3189 1.1319 0.0276, 1.3189 1.131 0.0204, 1.2402 1.131 0.0204, 1.3189 1.1282 0.0138, 1.2402 1.1282 0.0138, 1.3189 1.1238 0.0081, 1.2402 1.1238 0.0081, 1.3189 1.1181 0.0037, 1.2402 1.1181 0.0037, 1.3189 1.1115 0.0009, 1.2402 1.1115 0.0009, 1.3189 1.1043 0.0, 1.2402 1.1043 0.0, 1.2402 0.935 0.0, 1.3189 0.935 0.0, 1.2402 0.915 0.0236, 1.3189 0.915 0.0236, 1.2402 0.7579 0.0236, 1.3189 0.7579 0.0236, 1.2402 0.7579 0.1181, 1.3189 0.7579 0.1181, 1.2402 0.4429 0.1181, 1.3189 0.4429 0.1181, 1.2402 -0.2533 0.2139, 1.3189 -0.2533 0.2139, 1.2402 -0.3084 0.2021, 1.3189 -0.3084 0.2021, 1.3189 -0.3185 0.2012, 1.2402 -0.3185 0.2012, 1.3189 -0.3284 0.203, 1.2402 -0.3284 0.203, 1.3189 -0.3376 0.2072, 1.2402 -0.3376 0.2072, 1.3189 -0.3454 0.2136, 1.2402 -0.3454 0.2136, 1.3189 -0.3513 0.2218, 1.2402 -0.3513 0.2218, 1.3189 -0.3549 0.2312, 1.2402 -0.3549 0.2312, 1.3189 -0.356 0.2412, 1.2402 -0.356 0.2412, 1.3189 -0.3546 0.2512, 1.2402 -0.3546 0.2512, 1.3189 -0.3506 0.2605, 1.2402 -0.3506 0.2605, 1.3189 -0.3444 0.2685, 1.2402 -0.3444 0.2685, 1.3189 -0.3364 0.2746, 1.2402 -0.3364 0.2746, 1.2402 -0.2461 0.3268, 1.3189 -0.2461 0.3268, 1.2402 -0.2461 0.2677, 1.3189 -0.2461 0.2677, 1.2402 -0.2454 0.2626, 1.3189 -0.2454 0.2626, 1.2402 -0.2434 0.2579, 1.3189 -0.2434 0.2579, 1.2402 -0.2403 0.2538, 1.3189 -0.2403 0.2538, 1.2402 -0.2362 0.2507, 1.3189 -0.2362 0.2507, 1.2402 -0.2315 0.2487, 1.3189 -0.2315 0.2487, 1.2402 -0.2264 0.248, 1.3189 -0.2264 0.248, 1.2402 0.3839 0.248, 1.3189 0.3839 0.248, 1.2402 0.4189 0.252, 1.3189 0.4189 0.252, 1.2402 0.4522 0.2636, 1.3189 0.4522 0.2636, 1.2402 0.482 0.2824, 1.3189 0.482 0.2824, 1.2402 0.507 0.3073, 1.3189 0.507 0.3073, 1.2402 0.5257 0.3372, 1.3189 0.5257 0.3372, 1.2402 0.5374 0.3705, 1.3189 0.5374 0.3705, 1.2402 0.5413 0.4055, 1.3189 0.5413 0.4055, 1.2402 0.5413 0.4843, 1.3189 0.5413 0.4843, 1.2402 0.5387 0.5046, 1.3189 0.5387 0.5046, 1.2402 0.5308 0.5236, 1.3189 0.5308 0.5236, 1.2402 0.5183 0.5399, 1.3189 0.5183 0.5399, 1.2402 0.502 0.5524, 1.3189 0.502 0.5524, 1.2402 0.483 0.5603, 1.3189 0.483 0.5603, 1.2402 0.4626 0.563, 1.3189 0.4626 0.563, 1.2402 -0.187 0.563, 1.3189 -0.187 0.563, 1.3189 -0.1997 0.5647, 1.2402 -0.1997 0.5647, 1.3189 -0.2116 0.5696, 1.2402 -0.2116 0.5696, 1.3189 -0.2218 0.5774, 1.2402 -0.2218 0.5774, 1.3189 -0.2296 0.5876, 1.2402 -0.2296 0.5876, 1.3189 -0.2345 0.5995, 1.2402 -0.2345 0.5995, 1.3189 -0.2362 0.6122, 1.2402 -0.2362 0.6122, 1.3189 -0.2345 0.6249, 1.2402 -0.2345 0.6249, 1.3189 -0.2296 0.6368, 1.2402 -0.2296 0.6368, 1.3189 -0.2218 0.647, 1.2402 -0.2218 0.647, 1.3189 -0.2116 0.6548, 1.2402 -0.2116 0.6548, 1.3189 -0.1997 0.6597, 1.2402 -0.1997 0.6597, 1.3189 -0.187 0.6614, 1.2402 -0.187 0.6614, 1.2402 0.6594 0.6614, 1.3189 0.6594 0.6614, 1.2402 0.6594 0.7874, 1.3189 0.6594 0.7874, 1.437 0.7579 0.6614, 1.437 0.7579 0.7874, 1.5157 0.7579 0.6614, 1.5157 0.7579 0.7874, 1.437 0.7382 0.6614, 1.5157 0.7382 0.6614, 1.437 0.7382 0.5906, 1.5157 0.7382 0.5906, 1.437 0.7579 0.5906, 1.5157 0.7579 0.5906, 1.437 0.7579 0.5315, 1.5157 0.7579 0.5315, 1.437 0.7382 0.5315, 1.5157 0.7382 0.5315, 1.437 0.7382 0.4134, 1.5157 0.7382 0.4134, 1.437 0.7579 0.4134, 1.5157 0.7579 0.4134, 1.437 0.7579 0.3543, 1.5157 0.7579 0.3543, 1.437 0.7382 0.3543, 1.5157 0.7382 0.3543, 1.437 0.7382 0.2108, 1.5157 0.7382 0.2108, 1.437 0.8169 0.1181, 1.5157 0.8169 0.1181, 1.437 1.1043 0.1181, 1.5157 1.1043 0.1181, 1.5157 1.1115 0.1172, 1.437 1.1115 0.1172, 1.5157 1.1181 0.1144, 1.437 1.1181 0.1144, 1.5157 1.1238 0.11, 1.437 1.1238 0.11, 1.5157 1.1282 0.1043, 1.437 1.1282 0.1043, 1.5157 1.131 0.0977, 1.437 1.131 0.0977, 1.5157 1.1319 0.0906, 1.437 1.1319 0.0906, 1.437 1.1319 0.0276, 1.5157 1.1319 0.0276, 1.5157 1.131 0.0204, 1.437 1.131 0.0204, 1.5157 1.1282 0.0138, 1.437 1.1282 0.0138, 1.5157 1.1238 0.0081, 1.437 1.1238 0.0081, 1.5157 1.1181 0.0037, 1.437 1.1181 0.0037, 1.5157 1.1115 0.0009, 1.437 1.1115 0.0009, 1.5157 1.1043 0.0, 1.437 1.1043 0.0, 1.437 0.935 0.0, 1.5157 0.935 0.0, 1.437 0.915 0.0236, 1.5157 0.915 0.0236, 1.437 0.7579 0.0236, 1.5157 0.7579 0.0236, 1.437 0.7579 0.1181, 1.5157 0.7579 0.1181, 1.437 0.4429 0.1181, 1.5157 0.4429 0.1181, 1.437 -0.2533 0.2139, 1.5157 -0.2533 0.2139, 1.437 -0.3084 0.2021, 1.5157 -0.3084 0.2021, 1.5157 -0.3185 0.2012, 1.437 -0.3185 0.2012, 1.5157 -0.3284 0.203, 1.437 -0.3284 0.203, 1.5157 -0.3376 0.2072, 1.437 -0.3376 0.2072, 1.5157 -0.3454 0.2136, 1.437 -0.3454 0.2136, 1.5157 -0.3513 0.2218, 1.437 -0.3513 0.2218, 1.5157 -0.3549 0.2312, 1.437 -0.3549 0.2312, 1.5157 -0.356 0.2412, 1.437 -0.356 0.2412, 1.5157 -0.3546 0.2512, 1.437 -0.3546 0.2512, 1.5157 -0.3506 0.2605, 1.437 -0.3506 0.2605, 1.5157 -0.3444 0.2685, 1.437 -0.3444 0.2685, 1.5157 -0.3364 0.2746, 1.437 -0.3364 0.2746, 1.437 -0.2461 0.3268, 1.5157 -0.2461 0.3268, 1.437 -0.2461 0.2677, 1.5157 -0.2461 0.2677, 1.437 -0.2454 0.2626, 1.5157 -0.2454 0.2626, 1.437 -0.2434 0.2579, 1.5157 -0.2434 0.2579, 1.437 -0.2403 0.2538, 1.5157 -0.2403 0.2538, 1.437 -0.2362 0.2507, 1.5157 -0.2362 0.2507, 1.437 -0.2315 0.2487, 1.5157 -0.2315 0.2487, 1.437 -0.2264 0.248, 1.5157 -0.2264 0.248, 1.437 0.3839 0.248, 1.5157 0.3839 0.248, 1.437 0.4189 0.252, 1.5157 0.4189 0.252, 1.437 0.4522 0.2636, 1.5157 0.4522 0.2636, 1.437 0.482 0.2824, 1.5157 0.482 0.2824, 1.437 0.507 0.3073, 1.5157 0.507 0.3073, 1.437 0.5257 0.3372, 1.5157 0.5257 0.3372, 1.437 0.5374 0.3705, 1.5157 0.5374 0.3705, 1.437 0.5413 0.4055, 1.5157 0.5413 0.4055, 1.437 0.5413 0.4843, 1.5157 0.5413 0.4843, 1.437 0.5387 0.5046, 1.5157 0.5387 0.5046, 1.437 0.5308 0.5236, 1.5157 0.5308 0.5236, 1.437 0.5183 0.5399, 1.5157 0.5183 0.5399, 1.437 0.502 0.5524, 1.5157 0.502 0.5524, 1.437 0.483 0.5603, 1.5157 0.483 0.5603, 1.437 0.4626 0.563, 1.5157 0.4626 0.563, 1.437 -0.187 0.563, 1.5157 -0.187 0.563, 1.5157 -0.1997 0.5647, 1.437 -0.1997 0.5647, 1.5157 -0.2116 0.5696, 1.437 -0.2116 0.5696, 1.5157 -0.2218 0.5774, 1.437 -0.2218 0.5774, 1.5157 -0.2296 0.5876, 1.437 -0.2296 0.5876, 1.5157 -0.2345 0.5995, 1.437 -0.2345 0.5995, 1.5157 -0.2362 0.6122, 1.437 -0.2362 0.6122, 1.5157 -0.2345 0.6249, 1.437 -0.2345 0.6249, 1.5157 -0.2296 0.6368, 1.437 -0.2296 0.6368, 1.5157 -0.2218 0.647, 1.437 -0.2218 0.647, 1.5157 -0.2116 0.6548, 1.437 -0.2116 0.6548, 1.5157 -0.1997 0.6597, 1.437 -0.1997 0.6597, 1.5157 -0.187 0.6614, 1.437 -0.187 0.6614, 1.437 0.6594 0.6614, 1.5157 0.6594 0.6614, 1.437 0.6594 0.7874, 1.5157 0.6594 0.7874, 1.6339 0.7579 0.6614, 1.6339 0.7579 0.7874, 1.7126 0.7579 0.6614, 1.7126 0.7579 0.7874, 1.6339 0.7382 0.6614, 1.7126 0.7382 0.6614, 1.6339 0.7382 0.5906, 1.7126 0.7382 0.5906, 1.6339 0.7579 0.5906, 1.7126 0.7579 0.5906, 1.6339 0.7579 0.5315, 1.7126 0.7579 0.5315, 1.6339 0.7382 0.5315, 1.7126 0.7382 0.5315, 1.6339 0.7382 0.4134, 1.7126 0.7382 0.4134, 1.6339 0.7579 0.4134, 1.7126 0.7579 0.4134, 1.6339 0.7579 0.3543, 1.7126 0.7579 0.3543, 1.6339 0.7382 0.3543, 1.7126 0.7382 0.3543, 1.6339 0.7382 0.2108, 1.7126 0.7382 0.2108, 1.6339 0.8169 0.1181, 1.7126 0.8169 0.1181, 1.6339 1.1043 0.1181, 1.7126 1.1043 0.1181, 1.7126 1.1115 0.1172, 1.6339 1.1115 0.1172, 1.7126 1.1181 0.1144, 1.6339 1.1181 0.1144, 1.7126 1.1238 0.11, 1.6339 1.1238 0.11, 1.7126 1.1282 0.1043, 1.6339 1.1282 0.1043, 1.7126 1.131 0.0977, 1.6339 1.131 0.0977, 1.7126 1.1319 0.0906, 1.6339 1.1319 0.0906, 1.6339 1.1319 0.0276, 1.7126 1.1319 0.0276, 1.7126 1.131 0.0204, 1.6339 1.131 0.0204, 1.7126 1.1282 0.0138, 1.6339 1.1282 0.0138, 1.7126 1.1238 0.0081, 1.6339 1.1238 0.0081, 1.7126 1.1181 0.0037, 1.6339 1.1181 0.0037, 1.7126 1.1115 0.0009, 1.6339 1.1115 0.0009, 1.7126 1.1043 0.0, 1.6339 1.1043 0.0, 1.6339 0.935 0.0, 1.7126 0.935 0.0, 1.6339 0.915 0.0236, 1.7126 0.915 0.0236, 1.6339 0.7579 0.0236, 1.7126 0.7579 0.0236, 1.6339 0.7579 0.1181, 1.7126 0.7579 0.1181, 1.6339 0.4429 0.1181, 1.7126 0.4429 0.1181, 1.6339 -0.2533 0.2139, 1.7126 -0.2533 0.2139, 1.6339 -0.3084 0.2021, 1.7126 -0.3084 0.2021, 1.7126 -0.3185 0.2012, 1.6339 -0.3185 0.2012, 1.7126 -0.3284 0.203, 1.6339 -0.3284 0.203, 1.7126 -0.3376 0.2072, 1.6339 -0.3376 0.2072, 1.7126 -0.3454 0.2136, 1.6339 -0.3454 0.2136, 1.7126 -0.3513 0.2218, 1.6339 -0.3513 0.2218, 1.7126 -0.3549 0.2312, 1.6339 -0.3549 0.2312, 1.7126 -0.356 0.2412, 1.6339 -0.356 0.2412, 1.7126 -0.3546 0.2512, 1.6339 -0.3546 0.2512, 1.7126 -0.3506 0.2605, 1.6339 -0.3506 0.2605, 1.7126 -0.3444 0.2685, 1.6339 -0.3444 0.2685, 1.7126 -0.3364 0.2746, 1.6339 -0.3364 0.2746, 1.6339 -0.2461 0.3268, 1.7126 -0.2461 0.3268, 1.6339 -0.2461 0.2677, 1.7126 -0.2461 0.2677, 1.6339 -0.2454 0.2626, 1.7126 -0.2454 0.2626, 1.6339 -0.2434 0.2579, 1.7126 -0.2434 0.2579, 1.6339 -0.2403 0.2538, 1.7126 -0.2403 0.2538, 1.6339 -0.2362 0.2507, 1.7126 -0.2362 0.2507, 1.6339 -0.2315 0.2487, 1.7126 -0.2315 0.2487, 1.6339 -0.2264 0.248, 1.7126 -0.2264 0.248, 1.6339 0.3839 0.248, 1.7126 0.3839 0.248, 1.6339 0.4189 0.252, 1.7126 0.4189 0.252, 1.6339 0.4522 0.2636, 1.7126 0.4522 0.2636, 1.6339 0.482 0.2824, 1.7126 0.482 0.2824, 1.6339 0.507 0.3073, 1.7126 0.507 0.3073, 1.6339 0.5257 0.3372, 1.7126 0.5257 0.3372, 1.6339 0.5374 0.3705, 1.7126 0.5374 0.3705, 1.6339 0.5413 0.4055, 1.7126 0.5413 0.4055, 1.6339 0.5413 0.4843, 1.7126 0.5413 0.4843, 1.6339 0.5387 0.5046, 1.7126 0.5387 0.5046, 1.6339 0.5308 0.5236, 1.7126 0.5308 0.5236, 1.6339 0.5183 0.5399, 1.7126 0.5183 0.5399, 1.6339 0.502 0.5524, 1.7126 0.502 0.5524, 1.6339 0.483 0.5603, 1.7126 0.483 0.5603, 1.6339 0.4626 0.563, 1.7126 0.4626 0.563, 1.6339 -0.187 0.563, 1.7126 -0.187 0.563, 1.7126 -0.1997 0.5647, 1.6339 -0.1997 0.5647, 1.7126 -0.2116 0.5696, 1.6339 -0.2116 0.5696, 1.7126 -0.2218 0.5774, 1.6339 -0.2218 0.5774, 1.7126 -0.2296 0.5876, 1.6339 -0.2296 0.5876, 1.7126 -0.2345 0.5995, 1.6339 -0.2345 0.5995, 1.7126 -0.2362 0.6122, 1.6339 -0.2362 0.6122, 1.7126 -0.2345 0.6249, 1.6339 -0.2345 0.6249, 1.7126 -0.2296 0.6368, 1.6339 -0.2296 0.6368, 1.7126 -0.2218 0.647, 1.6339 -0.2218 0.647, 1.7126 -0.2116 0.6548, 1.6339 -0.2116 0.6548, 1.7126 -0.1997 0.6597, 1.6339 -0.1997 0.6597, 1.7126 -0.187 0.6614, 1.6339 -0.187 0.6614, 1.6339 0.6594 0.6614, 1.7126 0.6594 0.6614, 1.6339 0.6594 0.7874, 1.7126 0.6594 0.7874, 1.8307 0.7579 0.6614, 1.8307 0.7579 0.7874, 1.9094 0.7579 0.6614, 1.9094 0.7579 0.7874, 1.8307 0.7382 0.6614, 1.9094 0.7382 0.6614, 1.8307 0.7382 0.5906, 1.9094 0.7382 0.5906, 1.8307 0.7579 0.5906, 1.9094 0.7579 0.5906, 1.8307 0.7579 0.5315, 1.9094 0.7579 0.5315, 1.8307 0.7382 0.5315, 1.9094 0.7382 0.5315, 1.8307 0.7382 0.4134, 1.9094 0.7382 0.4134, 1.8307 0.7579 0.4134, 1.9094 0.7579 0.4134, 1.8307 0.7579 0.3543, 1.9094 0.7579 0.3543, 1.8307 0.7382 0.3543, 1.9094 0.7382 0.3543, 1.8307 0.7382 0.2108, 1.9094 0.7382 0.2108, 1.8307 0.8169 0.1181, 1.9094 0.8169 0.1181, 1.8307 1.1043 0.1181, 1.9094 1.1043 0.1181, 1.9094 1.1115 0.1172, 1.8307 1.1115 0.1172, 1.9094 1.1181 0.1144, 1.8307 1.1181 0.1144, 1.9094 1.1238 0.11, 1.8307 1.1238 0.11, 1.9094 1.1282 0.1043, 1.8307 1.1282 0.1043, 1.9094 1.131 0.0977, 1.8307 1.131 0.0977, 1.9094 1.1319 0.0906, 1.8307 1.1319 0.0906, 1.8307 1.1319 0.0276, 1.9094 1.1319 0.0276, 1.9094 1.131 0.0204, 1.8307 1.131 0.0204, 1.9094 1.1282 0.0138, 1.8307 1.1282 0.0138, 1.9094 1.1238 0.0081, 1.8307 1.1238 0.0081, 1.9094 1.1181 0.0037, 1.8307 1.1181 0.0037, 1.9094 1.1115 0.0009, 1.8307 1.1115 0.0009, 1.9094 1.1043 0.0, 1.8307 1.1043 0.0, 1.8307 0.935 0.0, 1.9094 0.935 0.0, 1.8307 0.915 0.0236, 1.9094 0.915 0.0236, 1.8307 0.7579 0.0236, 1.9094 0.7579 0.0236, 1.8307 0.7579 0.1181, 1.9094 0.7579 0.1181, 1.8307 0.4429 0.1181, 1.9094 0.4429 0.1181, 1.8307 -0.2533 0.2139, 1.9094 -0.2533 0.2139, 1.8307 -0.3084 0.2021, 1.9094 -0.3084 0.2021, 1.9094 -0.3185 0.2012, 1.8307 -0.3185 0.2012, 1.9094 -0.3284 0.203, 1.8307 -0.3284 0.203, 1.9094 -0.3376 0.2072, 1.8307 -0.3376 0.2072, 1.9094 -0.3454 0.2136, 1.8307 -0.3454 0.2136, 1.9094 -0.3513 0.2218, 1.8307 -0.3513 0.2218, 1.9094 -0.3549 0.2312, 1.8307 -0.3549 0.2312, 1.9094 -0.356 0.2412, 1.8307 -0.356 0.2412, 1.9094 -0.3546 0.2512, 1.8307 -0.3546 0.2512, 1.9094 -0.3506 0.2605, 1.8307 -0.3506 0.2605, 1.9094 -0.3444 0.2685, 1.8307 -0.3444 0.2685, 1.9094 -0.3364 0.2746, 1.8307 -0.3364 0.2746, 1.8307 -0.2461 0.3268, 1.9094 -0.2461 0.3268, 1.8307 -0.2461 0.2677, 1.9094 -0.2461 0.2677, 1.8307 -0.2454 0.2626, 1.9094 -0.2454 0.2626, 1.8307 -0.2434 0.2579, 1.9094 -0.2434 0.2579, 1.8307 -0.2403 0.2538, 1.9094 -0.2403 0.2538, 1.8307 -0.2362 0.2507, 1.9094 -0.2362 0.2507, 1.8307 -0.2315 0.2487, 1.9094 -0.2315 0.2487, 1.8307 -0.2264 0.248, 1.9094 -0.2264 0.248, 1.8307 0.3839 0.248, 1.9094 0.3839 0.248, 1.8307 0.4189 0.252, 1.9094 0.4189 0.252, 1.8307 0.4522 0.2636, 1.9094 0.4522 0.2636, 1.8307 0.482 0.2824, 1.9094 0.482 0.2824, 1.8307 0.507 0.3073, 1.9094 0.507 0.3073, 1.8307 0.5257 0.3372, 1.9094 0.5257 0.3372, 1.8307 0.5374 0.3705, 1.9094 0.5374 0.3705, 1.8307 0.5413 0.4055, 1.9094 0.5413 0.4055, 1.8307 0.5413 0.4843, 1.9094 0.5413 0.4843, 1.8307 0.5387 0.5046, 1.9094 0.5387 0.5046, 1.8307 0.5308 0.5236, 1.9094 0.5308 0.5236, 1.8307 0.5183 0.5399, 1.9094 0.5183 0.5399, 1.8307 0.502 0.5524, 1.9094 0.502 0.5524, 1.8307 0.483 0.5603, 1.9094 0.483 0.5603, 1.8307 0.4626 0.563, 1.9094 0.4626 0.563, 1.8307 -0.187 0.563, 1.9094 -0.187 0.563, 1.9094 -0.1997 0.5647, 1.8307 -0.1997 0.5647, 1.9094 -0.2116 0.5696, 1.8307 -0.2116 0.5696, 1.9094 -0.2218 0.5774, 1.8307 -0.2218 0.5774, 1.9094 -0.2296 0.5876, 1.8307 -0.2296 0.5876, 1.9094 -0.2345 0.5995, 1.8307 -0.2345 0.5995, 1.9094 -0.2362 0.6122, 1.8307 -0.2362 0.6122, 1.9094 -0.2345 0.6249, 1.8307 -0.2345 0.6249, 1.9094 -0.2296 0.6368, 1.8307 -0.2296 0.6368, 1.9094 -0.2218 0.647, 1.8307 -0.2218 0.647, 1.9094 -0.2116 0.6548, 1.8307 -0.2116 0.6548, 1.9094 -0.1997 0.6597, 1.8307 -0.1997 0.6597, 1.9094 -0.187 0.6614, 1.8307 -0.187 0.6614, 1.8307 0.6594 0.6614, 1.9094 0.6594 0.6614, 1.8307 0.6594 0.7874, 1.9094 0.6594 0.7874, 2.0276 0.7579 0.6614, 2.0276 0.7579 0.7874, 2.1063 0.7579 0.6614, 2.1063 0.7579 0.7874, 2.0276 0.7382 0.6614, 2.1063 0.7382 0.6614, 2.0276 0.7382 0.5906, 2.1063 0.7382 0.5906, 2.0276 0.7579 0.5906, 2.1063 0.7579 0.5906, 2.0276 0.7579 0.5315, 2.1063 0.7579 0.5315, 2.0276 0.7382 0.5315, 2.1063 0.7382 0.5315, 2.0276 0.7382 0.4134, 2.1063 0.7382 0.4134, 2.0276 0.7579 0.4134, 2.1063 0.7579 0.4134, 2.0276 0.7579 0.3543, 2.1063 0.7579 0.3543, 2.0276 0.7382 0.3543, 2.1063 0.7382 0.3543, 2.0276 0.7382 0.2108, 2.1063 0.7382 0.2108, 2.0276 0.8169 0.1181, 2.1063 0.8169 0.1181, 2.0276 1.1043 0.1181, 2.1063 1.1043 0.1181, 2.1063 1.1115 0.1172, 2.0276 1.1115 0.1172, 2.1063 1.1181 0.1144, 2.0276 1.1181 0.1144, 2.1063 1.1238 0.11, 2.0276 1.1238 0.11, 2.1063 1.1282 0.1043, 2.0276 1.1282 0.1043, 2.1063 1.131 0.0977, 2.0276 1.131 0.0977, 2.1063 1.1319 0.0906, 2.0276 1.1319 0.0906, 2.0276 1.1319 0.0276, 2.1063 1.1319 0.0276, 2.1063 1.131 0.0204, 2.0276 1.131 0.0204, 2.1063 1.1282 0.0138, 2.0276 1.1282 0.0138, 2.1063 1.1238 0.0081, 2.0276 1.1238 0.0081, 2.1063 1.1181 0.0037, 2.0276 1.1181 0.0037, 2.1063 1.1115 0.0009, 2.0276 1.1115 0.0009, 2.1063 1.1043 0.0, 2.0276 1.1043 0.0, 2.0276 0.935 0.0, 2.1063 0.935 0.0, 2.0276 0.915 0.0236, 2.1063 0.915 0.0236, 2.0276 0.7579 0.0236, 2.1063 0.7579 0.0236, 2.0276 0.7579 0.1181, 2.1063 0.7579 0.1181, 2.0276 0.4429 0.1181, 2.1063 0.4429 0.1181, 2.0276 -0.2533 0.2139, 2.1063 -0.2533 0.2139, 2.0276 -0.3084 0.2021, 2.1063 -0.3084 0.2021, 2.1063 -0.3185 0.2012, 2.0276 -0.3185 0.2012, 2.1063 -0.3284 0.203, 2.0276 -0.3284 0.203, 2.1063 -0.3376 0.2072, 2.0276 -0.3376 0.2072, 2.1063 -0.3454 0.2136, 2.0276 -0.3454 0.2136, 2.1063 -0.3513 0.2218, 2.0276 -0.3513 0.2218, 2.1063 -0.3549 0.2312, 2.0276 -0.3549 0.2312, 2.1063 -0.356 0.2412, 2.0276 -0.356 0.2412, 2.1063 -0.3546 0.2512, 2.0276 -0.3546 0.2512, 2.1063 -0.3506 0.2605, 2.0276 -0.3506 0.2605, 2.1063 -0.3444 0.2685, 2.0276 -0.3444 0.2685, 2.1063 -0.3364 0.2746, 2.0276 -0.3364 0.2746, 2.0276 -0.2461 0.3268, 2.1063 -0.2461 0.3268, 2.0276 -0.2461 0.2677, 2.1063 -0.2461 0.2677, 2.0276 -0.2454 0.2626, 2.1063 -0.2454 0.2626, 2.0276 -0.2434 0.2579, 2.1063 -0.2434 0.2579, 2.0276 -0.2403 0.2538, 2.1063 -0.2403 0.2538, 2.0276 -0.2362 0.2507, 2.1063 -0.2362 0.2507, 2.0276 -0.2315 0.2487, 2.1063 -0.2315 0.2487, 2.0276 -0.2264 0.248, 2.1063 -0.2264 0.248, 2.0276 0.3839 0.248, 2.1063 0.3839 0.248, 2.0276 0.4189 0.252, 2.1063 0.4189 0.252, 2.0276 0.4522 0.2636, 2.1063 0.4522 0.2636, 2.0276 0.482 0.2824, 2.1063 0.482 0.2824, 2.0276 0.507 0.3073, 2.1063 0.507 0.3073, 2.0276 0.5257 0.3372, 2.1063 0.5257 0.3372, 2.0276 0.5374 0.3705, 2.1063 0.5374 0.3705, 2.0276 0.5413 0.4055, 2.1063 0.5413 0.4055, 2.0276 0.5413 0.4843, 2.1063 0.5413 0.4843, 2.0276 0.5387 0.5046, 2.1063 0.5387 0.5046, 2.0276 0.5308 0.5236, 2.1063 0.5308 0.5236, 2.0276 0.5183 0.5399, 2.1063 0.5183 0.5399, 2.0276 0.502 0.5524, 2.1063 0.502 0.5524, 2.0276 0.483 0.5603, 2.1063 0.483 0.5603, 2.0276 0.4626 0.563, 2.1063 0.4626 0.563, 2.0276 -0.187 0.563, 2.1063 -0.187 0.563, 2.1063 -0.1997 0.5647, 2.0276 -0.1997 0.5647, 2.1063 -0.2116 0.5696, 2.0276 -0.2116 0.5696, 2.1063 -0.2218 0.5774, 2.0276 -0.2218 0.5774, 2.1063 -0.2296 0.5876, 2.0276 -0.2296 0.5876, 2.1063 -0.2345 0.5995, 2.0276 -0.2345 0.5995, 2.1063 -0.2362 0.6122, 2.0276 -0.2362 0.6122, 2.1063 -0.2345 0.6249, 2.0276 -0.2345 0.6249, 2.1063 -0.2296 0.6368, 2.0276 -0.2296 0.6368, 2.1063 -0.2218 0.647, 2.0276 -0.2218 0.647, 2.1063 -0.2116 0.6548, 2.0276 -0.2116 0.6548, 2.1063 -0.1997 0.6597, 2.0276 -0.1997 0.6597, 2.1063 -0.187 0.6614, 2.0276 -0.187 0.6614, 2.0276 0.6594 0.6614, 2.1063 0.6594 0.6614, 2.0276 0.6594 0.7874, 2.1063 0.6594 0.7874, 2.2244 0.7579 0.6614, 2.2244 0.7579 0.7874, 2.3031 0.7579 0.6614, 2.3031 0.7579 0.7874, 2.2244 0.7382 0.6614, 2.3031 0.7382 0.6614, 2.2244 0.7382 0.5906, 2.3031 0.7382 0.5906, 2.2244 0.7579 0.5906, 2.3031 0.7579 0.5906, 2.2244 0.7579 0.5315, 2.3031 0.7579 0.5315, 2.2244 0.7382 0.5315, 2.3031 0.7382 0.5315, 2.2244 0.7382 0.4134, 2.3031 0.7382 0.4134, 2.2244 0.7579 0.4134, 2.3031 0.7579 0.4134, 2.2244 0.7579 0.3543, 2.3031 0.7579 0.3543, 2.2244 0.7382 0.3543, 2.3031 0.7382 0.3543, 2.2244 0.7382 0.2108, 2.3031 0.7382 0.2108, 2.2244 0.8169 0.1181, 2.3031 0.8169 0.1181, 2.2244 1.1043 0.1181, 2.3031 1.1043 0.1181, 2.3031 1.1115 0.1172, 2.2244 1.1115 0.1172, 2.3031 1.1181 0.1144, 2.2244 1.1181 0.1144, 2.3031 1.1238 0.11, 2.2244 1.1238 0.11, 2.3031 1.1282 0.1043, 2.2244 1.1282 0.1043, 2.3031 1.131 0.0977, 2.2244 1.131 0.0977, 2.3031 1.1319 0.0906, 2.2244 1.1319 0.0906, 2.2244 1.1319 0.0276, 2.3031 1.1319 0.0276, 2.3031 1.131 0.0204, 2.2244 1.131 0.0204, 2.3031 1.1282 0.0138, 2.2244 1.1282 0.0138, 2.3031 1.1238 0.0081, 2.2244 1.1238 0.0081, 2.3031 1.1181 0.0037, 2.2244 1.1181 0.0037, 2.3031 1.1115 0.0009, 2.2244 1.1115 0.0009, 2.3031 1.1043 0.0, 2.2244 1.1043 0.0, 2.2244 0.935 0.0, 2.3031 0.935 0.0, 2.2244 0.915 0.0236, 2.3031 0.915 0.0236, 2.2244 0.7579 0.0236, 2.3031 0.7579 0.0236, 2.2244 0.7579 0.1181, 2.3031 0.7579 0.1181, 2.2244 0.4429 0.1181, 2.3031 0.4429 0.1181, 2.2244 -0.2533 0.2139, 2.3031 -0.2533 0.2139, 2.2244 -0.3084 0.2021, 2.3031 -0.3084 0.2021, 2.3031 -0.3185 0.2012, 2.2244 -0.3185 0.2012, 2.3031 -0.3284 0.203, 2.2244 -0.3284 0.203, 2.3031 -0.3376 0.2072, 2.2244 -0.3376 0.2072, 2.3031 -0.3454 0.2136, 2.2244 -0.3454 0.2136, 2.3031 -0.3513 0.2218, 2.2244 -0.3513 0.2218, 2.3031 -0.3549 0.2312, 2.2244 -0.3549 0.2312, 2.3031 -0.356 0.2412, 2.2244 -0.356 0.2412, 2.3031 -0.3546 0.2512, 2.2244 -0.3546 0.2512, 2.3031 -0.3506 0.2605, 2.2244 -0.3506 0.2605, 2.3031 -0.3444 0.2685, 2.2244 -0.3444 0.2685, 2.3031 -0.3364 0.2746, 2.2244 -0.3364 0.2746, 2.2244 -0.2461 0.3268, 2.3031 -0.2461 0.3268, 2.2244 -0.2461 0.2677, 2.3031 -0.2461 0.2677, 2.2244 -0.2454 0.2626, 2.3031 -0.2454 0.2626, 2.2244 -0.2434 0.2579, 2.3031 -0.2434 0.2579, 2.2244 -0.2403 0.2538, 2.3031 -0.2403 0.2538, 2.2244 -0.2362 0.2507, 2.3031 -0.2362 0.2507, 2.2244 -0.2315 0.2487, 2.3031 -0.2315 0.2487, 2.2244 -0.2264 0.248, 2.3031 -0.2264 0.248, 2.2244 0.3839 0.248, 2.3031 0.3839 0.248, 2.2244 0.4189 0.252, 2.3031 0.4189 0.252, 2.2244 0.4522 0.2636, 2.3031 0.4522 0.2636, 2.2244 0.482 0.2824, 2.3031 0.482 0.2824, 2.2244 0.507 0.3073, 2.3031 0.507 0.3073, 2.2244 0.5257 0.3372, 2.3031 0.5257 0.3372, 2.2244 0.5374 0.3705, 2.3031 0.5374 0.3705, 2.2244 0.5413 0.4055, 2.3031 0.5413 0.4055, 2.2244 0.5413 0.4843, 2.3031 0.5413 0.4843, 2.2244 0.5387 0.5046, 2.3031 0.5387 0.5046, 2.2244 0.5308 0.5236, 2.3031 0.5308 0.5236, 2.2244 0.5183 0.5399, 2.3031 0.5183 0.5399, 2.2244 0.502 0.5524, 2.3031 0.502 0.5524, 2.2244 0.483 0.5603, 2.3031 0.483 0.5603, 2.2244 0.4626 0.563, 2.3031 0.4626 0.563, 2.2244 -0.187 0.563, 2.3031 -0.187 0.563, 2.3031 -0.1997 0.5647, 2.2244 -0.1997 0.5647, 2.3031 -0.2116 0.5696, 2.2244 -0.2116 0.5696, 2.3031 -0.2218 0.5774, 2.2244 -0.2218 0.5774, 2.3031 -0.2296 0.5876, 2.2244 -0.2296 0.5876, 2.3031 -0.2345 0.5995, 2.2244 -0.2345 0.5995, 2.3031 -0.2362 0.6122, 2.2244 -0.2362 0.6122, 2.3031 -0.2345 0.6249, 2.2244 -0.2345 0.6249, 2.3031 -0.2296 0.6368, 2.2244 -0.2296 0.6368, 2.3031 -0.2218 0.647, 2.2244 -0.2218 0.647, 2.3031 -0.2116 0.6548, 2.2244 -0.2116 0.6548, 2.3031 -0.1997 0.6597, 2.2244 -0.1997 0.6597, 2.3031 -0.187 0.6614, 2.2244 -0.187 0.6614, 2.2244 0.6594 0.6614, 2.3031 0.6594 0.6614, 2.2244 0.6594 0.7874, 2.3031 0.6594 0.7874, 2.4213 0.7579 0.6614, 2.4213 0.7579 0.7874, 2.5 0.7579 0.6614, 2.5 0.7579 0.7874, 2.4213 0.7382 0.6614, 2.5 0.7382 0.6614, 2.4213 0.7382 0.5906, 2.5 0.7382 0.5906, 2.4213 0.7579 0.5906, 2.5 0.7579 0.5906, 2.4213 0.7579 0.5315, 2.5 0.7579 0.5315, 2.4213 0.7382 0.5315, 2.5 0.7382 0.5315, 2.4213 0.7382 0.4134, 2.5 0.7382 0.4134, 2.4213 0.7579 0.4134, 2.5 0.7579 0.4134, 2.4213 0.7579 0.3543, 2.5 0.7579 0.3543, 2.4213 0.7382 0.3543, 2.5 0.7382 0.3543, 2.4213 0.7382 0.2108, 2.5 0.7382 0.2108, 2.4213 0.8169 0.1181, 2.5 0.8169 0.1181, 2.4213 1.1043 0.1181, 2.5 1.1043 0.1181, 2.5 1.1115 0.1172, 2.4213 1.1115 0.1172, 2.5 1.1181 0.1144, 2.4213 1.1181 0.1144, 2.5 1.1238 0.11, 2.4213 1.1238 0.11, 2.5 1.1282 0.1043, 2.4213 1.1282 0.1043, 2.5 1.131 0.0977, 2.4213 1.131 0.0977, 2.5 1.1319 0.0906, 2.4213 1.1319 0.0906, 2.4213 1.1319 0.0276, 2.5 1.1319 0.0276, 2.5 1.131 0.0204, 2.4213 1.131 0.0204, 2.5 1.1282 0.0138, 2.4213 1.1282 0.0138, 2.5 1.1238 0.0081, 2.4213 1.1238 0.0081, 2.5 1.1181 0.0037, 2.4213 1.1181 0.0037, 2.5 1.1115 0.0009, 2.4213 1.1115 0.0009, 2.5 1.1043 0.0, 2.4213 1.1043 0.0, 2.4213 0.935 0.0, 2.5 0.935 0.0, 2.4213 0.915 0.0236, 2.5 0.915 0.0236, 2.4213 0.7579 0.0236, 2.5 0.7579 0.0236, 2.4213 0.7579 0.1181, 2.5 0.7579 0.1181, 2.4213 0.4429 0.1181, 2.5 0.4429 0.1181, 2.4213 -0.2533 0.2139, 2.5 -0.2533 0.2139, 2.4213 -0.3084 0.2021, 2.5 -0.3084 0.2021, 2.5 -0.3185 0.2012, 2.4213 -0.3185 0.2012, 2.5 -0.3284 0.203, 2.4213 -0.3284 0.203, 2.5 -0.3376 0.2072, 2.4213 -0.3376 0.2072, 2.5 -0.3454 0.2136, 2.4213 -0.3454 0.2136, 2.5 -0.3513 0.2218, 2.4213 -0.3513 0.2218, 2.5 -0.3549 0.2312, 2.4213 -0.3549 0.2312, 2.5 -0.356 0.2412, 2.4213 -0.356 0.2412, 2.5 -0.3546 0.2512, 2.4213 -0.3546 0.2512, 2.5 -0.3506 0.2605, 2.4213 -0.3506 0.2605, 2.5 -0.3444 0.2685, 2.4213 -0.3444 0.2685, 2.5 -0.3364 0.2746, 2.4213 -0.3364 0.2746, 2.4213 -0.2461 0.3268, 2.5 -0.2461 0.3268, 2.4213 -0.2461 0.2677, 2.5 -0.2461 0.2677, 2.4213 -0.2454 0.2626, 2.5 -0.2454 0.2626, 2.4213 -0.2434 0.2579, 2.5 -0.2434 0.2579, 2.4213 -0.2403 0.2538, 2.5 -0.2403 0.2538, 2.4213 -0.2362 0.2507, 2.5 -0.2362 0.2507, 2.4213 -0.2315 0.2487, 2.5 -0.2315 0.2487, 2.4213 -0.2264 0.248, 2.5 -0.2264 0.248, 2.4213 0.3839 0.248, 2.5 0.3839 0.248, 2.4213 0.4189 0.252, 2.5 0.4189 0.252, 2.4213 0.4522 0.2636, 2.5 0.4522 0.2636, 2.4213 0.482 0.2824, 2.5 0.482 0.2824, 2.4213 0.507 0.3073, 2.5 0.507 0.3073, 2.4213 0.5257 0.3372, 2.5 0.5257 0.3372, 2.4213 0.5374 0.3705, 2.5 0.5374 0.3705, 2.4213 0.5413 0.4055, 2.5 0.5413 0.4055, 2.4213 0.5413 0.4843, 2.5 0.5413 0.4843, 2.4213 0.5387 0.5046, 2.5 0.5387 0.5046, 2.4213 0.5308 0.5236, 2.5 0.5308 0.5236, 2.4213 0.5183 0.5399, 2.5 0.5183 0.5399, 2.4213 0.502 0.5524, 2.5 0.502 0.5524, 2.4213 0.483 0.5603, 2.5 0.483 0.5603, 2.4213 0.4626 0.563, 2.5 0.4626 0.563, 2.4213 -0.187 0.563, 2.5 -0.187 0.563, 2.5 -0.1997 0.5647, 2.4213 -0.1997 0.5647, 2.5 -0.2116 0.5696, 2.4213 -0.2116 0.5696, 2.5 -0.2218 0.5774, 2.4213 -0.2218 0.5774, 2.5 -0.2296 0.5876, 2.4213 -0.2296 0.5876, 2.5 -0.2345 0.5995, 2.4213 -0.2345 0.5995, 2.5 -0.2362 0.6122, 2.4213 -0.2362 0.6122, 2.5 -0.2345 0.6249, 2.4213 -0.2345 0.6249, 2.5 -0.2296 0.6368, 2.4213 -0.2296 0.6368, 2.5 -0.2218 0.647, 2.4213 -0.2218 0.647, 2.5 -0.2116 0.6548, 2.4213 -0.2116 0.6548, 2.5 -0.1997 0.6597, 2.4213 -0.1997 0.6597, 2.5 -0.187 0.6614, 2.4213 -0.187 0.6614, 2.4213 0.6594 0.6614, 2.5 0.6594 0.6614, 2.4213 0.6594 0.7874, 2.5 0.6594 0.7874, 2.6181 0.7579 0.6614, 2.6181 0.7579 0.7874, 2.6969 0.7579 0.6614, 2.6969 0.7579 0.7874, 2.6181 0.7382 0.6614, 2.6969 0.7382 0.6614, 2.6181 0.7382 0.5906, 2.6969 0.7382 0.5906, 2.6181 0.7579 0.5906, 2.6969 0.7579 0.5906, 2.6181 0.7579 0.5315, 2.6969 0.7579 0.5315, 2.6181 0.7382 0.5315, 2.6969 0.7382 0.5315, 2.6181 0.7382 0.4134, 2.6969 0.7382 0.4134, 2.6181 0.7579 0.4134, 2.6969 0.7579 0.4134, 2.6181 0.7579 0.3543, 2.6969 0.7579 0.3543, 2.6181 0.7382 0.3543, 2.6969 0.7382 0.3543, 2.6181 0.7382 0.2108, 2.6969 0.7382 0.2108, 2.6181 0.8169 0.1181, 2.6969 0.8169 0.1181, 2.6181 1.1043 0.1181, 2.6969 1.1043 0.1181, 2.6969 1.1115 0.1172, 2.6181 1.1115 0.1172, 2.6969 1.1181 0.1144, 2.6181 1.1181 0.1144, 2.6969 1.1238 0.11, 2.6181 1.1238 0.11, 2.6969 1.1282 0.1043, 2.6181 1.1282 0.1043, 2.6969 1.131 0.0977, 2.6181 1.131 0.0977, 2.6969 1.1319 0.0906, 2.6181 1.1319 0.0906, 2.6181 1.1319 0.0276, 2.6969 1.1319 0.0276, 2.6969 1.131 0.0204, 2.6181 1.131 0.0204, 2.6969 1.1282 0.0138, 2.6181 1.1282 0.0138, 2.6969 1.1238 0.0081, 2.6181 1.1238 0.0081, 2.6969 1.1181 0.0037, 2.6181 1.1181 0.0037, 2.6969 1.1115 0.0009, 2.6181 1.1115 0.0009, 2.6969 1.1043 0.0, 2.6181 1.1043 0.0, 2.6181 0.935 0.0, 2.6969 0.935 0.0, 2.6181 0.915 0.0236, 2.6969 0.915 0.0236, 2.6181 0.7579 0.0236, 2.6969 0.7579 0.0236, 2.6181 0.7579 0.1181, 2.6969 0.7579 0.1181, 2.6181 0.4429 0.1181, 2.6969 0.4429 0.1181, 2.6181 -0.2533 0.2139, 2.6969 -0.2533 0.2139, 2.6181 -0.3084 0.2021, 2.6969 -0.3084 0.2021, 2.6969 -0.3185 0.2012, 2.6181 -0.3185 0.2012, 2.6969 -0.3284 0.203, 2.6181 -0.3284 0.203, 2.6969 -0.3376 0.2072, 2.6181 -0.3376 0.2072, 2.6969 -0.3454 0.2136, 2.6181 -0.3454 0.2136, 2.6969 -0.3513 0.2218, 2.6181 -0.3513 0.2218, 2.6969 -0.3549 0.2312, 2.6181 -0.3549 0.2312, 2.6969 -0.356 0.2412, 2.6181 -0.356 0.2412, 2.6969 -0.3546 0.2512, 2.6181 -0.3546 0.2512, 2.6969 -0.3506 0.2605, 2.6181 -0.3506 0.2605, 2.6969 -0.3444 0.2685, 2.6181 -0.3444 0.2685, 2.6969 -0.3364 0.2746, 2.6181 -0.3364 0.2746, 2.6181 -0.2461 0.3268, 2.6969 -0.2461 0.3268, 2.6181 -0.2461 0.2677, 2.6969 -0.2461 0.2677, 2.6181 -0.2454 0.2626, 2.6969 -0.2454 0.2626, 2.6181 -0.2434 0.2579, 2.6969 -0.2434 0.2579, 2.6181 -0.2403 0.2538, 2.6969 -0.2403 0.2538, 2.6181 -0.2362 0.2507, 2.6969 -0.2362 0.2507, 2.6181 -0.2315 0.2487, 2.6969 -0.2315 0.2487, 2.6181 -0.2264 0.248, 2.6969 -0.2264 0.248, 2.6181 0.3839 0.248, 2.6969 0.3839 0.248, 2.6181 0.4189 0.252, 2.6969 0.4189 0.252, 2.6181 0.4522 0.2636, 2.6969 0.4522 0.2636, 2.6181 0.482 0.2824, 2.6969 0.482 0.2824, 2.6181 0.507 0.3073, 2.6969 0.507 0.3073, 2.6181 0.5257 0.3372, 2.6969 0.5257 0.3372, 2.6181 0.5374 0.3705, 2.6969 0.5374 0.3705, 2.6181 0.5413 0.4055, 2.6969 0.5413 0.4055, 2.6181 0.5413 0.4843, 2.6969 0.5413 0.4843, 2.6181 0.5387 0.5046, 2.6969 0.5387 0.5046, 2.6181 0.5308 0.5236, 2.6969 0.5308 0.5236, 2.6181 0.5183 0.5399, 2.6969 0.5183 0.5399, 2.6181 0.502 0.5524, 2.6969 0.502 0.5524, 2.6181 0.483 0.5603, 2.6969 0.483 0.5603, 2.6181 0.4626 0.563, 2.6969 0.4626 0.563, 2.6181 -0.187 0.563, 2.6969 -0.187 0.563, 2.6969 -0.1997 0.5647, 2.6181 -0.1997 0.5647, 2.6969 -0.2116 0.5696, 2.6181 -0.2116 0.5696, 2.6969 -0.2218 0.5774, 2.6181 -0.2218 0.5774, 2.6969 -0.2296 0.5876, 2.6181 -0.2296 0.5876, 2.6969 -0.2345 0.5995, 2.6181 -0.2345 0.5995, 2.6969 -0.2362 0.6122, 2.6181 -0.2362 0.6122, 2.6969 -0.2345 0.6249, 2.6181 -0.2345 0.6249, 2.6969 -0.2296 0.6368, 2.6181 -0.2296 0.6368, 2.6969 -0.2218 0.647, 2.6181 -0.2218 0.647, 2.6969 -0.2116 0.6548, 2.6181 -0.2116 0.6548, 2.6969 -0.1997 0.6597, 2.6181 -0.1997 0.6597, 2.6969 -0.187 0.6614, 2.6181 -0.187 0.6614, 2.6181 0.6594 0.6614, 2.6969 0.6594 0.6614, 2.6181 0.6594 0.7874, 2.6969 0.6594 0.7874, 2.815 0.7579 0.6614, 2.815 0.7579 0.7874, 2.8937 0.7579 0.6614, 2.8937 0.7579 0.7874, 2.815 0.7382 0.6614, 2.8937 0.7382 0.6614, 2.815 0.7382 0.5906, 2.8937 0.7382 0.5906, 2.815 0.7579 0.5906, 2.8937 0.7579 0.5906, 2.815 0.7579 0.5315, 2.8937 0.7579 0.5315, 2.815 0.7382 0.5315, 2.8937 0.7382 0.5315, 2.815 0.7382 0.4134, 2.8937 0.7382 0.4134, 2.815 0.7579 0.4134, 2.8937 0.7579 0.4134, 2.815 0.7579 0.3543, 2.8937 0.7579 0.3543, 2.815 0.7382 0.3543, 2.8937 0.7382 0.3543, 2.815 0.7382 0.2108, 2.8937 0.7382 0.2108, 2.815 0.8169 0.1181, 2.8937 0.8169 0.1181, 2.815 1.1043 0.1181, 2.8937 1.1043 0.1181, 2.8937 1.1115 0.1172, 2.815 1.1115 0.1172, 2.8937 1.1181 0.1144, 2.815 1.1181 0.1144, 2.8937 1.1238 0.11, 2.815 1.1238 0.11, 2.8937 1.1282 0.1043, 2.815 1.1282 0.1043, 2.8937 1.131 0.0977, 2.815 1.131 0.0977, 2.8937 1.1319 0.0906, 2.815 1.1319 0.0906, 2.815 1.1319 0.0276, 2.8937 1.1319 0.0276, 2.8937 1.131 0.0204, 2.815 1.131 0.0204, 2.8937 1.1282 0.0138, 2.815 1.1282 0.0138, 2.8937 1.1238 0.0081, 2.815 1.1238 0.0081, 2.8937 1.1181 0.0037, 2.815 1.1181 0.0037, 2.8937 1.1115 0.0009, 2.815 1.1115 0.0009, 2.8937 1.1043 0.0, 2.815 1.1043 0.0, 2.815 0.935 0.0, 2.8937 0.935 0.0, 2.815 0.915 0.0236, 2.8937 0.915 0.0236, 2.815 0.7579 0.0236, 2.8937 0.7579 0.0236, 2.815 0.7579 0.1181, 2.8937 0.7579 0.1181, 2.815 0.4429 0.1181, 2.8937 0.4429 0.1181, 2.815 -0.2533 0.2139, 2.8937 -0.2533 0.2139, 2.815 -0.3084 0.2021, 2.8937 -0.3084 0.2021, 2.8937 -0.3185 0.2012, 2.815 -0.3185 0.2012, 2.8937 -0.3284 0.203, 2.815 -0.3284 0.203, 2.8937 -0.3376 0.2072, 2.815 -0.3376 0.2072, 2.8937 -0.3454 0.2136, 2.815 -0.3454 0.2136, 2.8937 -0.3513 0.2218, 2.815 -0.3513 0.2218, 2.8937 -0.3549 0.2312, 2.815 -0.3549 0.2312, 2.8937 -0.356 0.2412, 2.815 -0.356 0.2412, 2.8937 -0.3546 0.2512, 2.815 -0.3546 0.2512, 2.8937 -0.3506 0.2605, 2.815 -0.3506 0.2605, 2.8937 -0.3444 0.2685, 2.815 -0.3444 0.2685, 2.8937 -0.3364 0.2746, 2.815 -0.3364 0.2746, 2.815 -0.2461 0.3268, 2.8937 -0.2461 0.3268, 2.815 -0.2461 0.2677, 2.8937 -0.2461 0.2677, 2.815 -0.2454 0.2626, 2.8937 -0.2454 0.2626, 2.815 -0.2434 0.2579, 2.8937 -0.2434 0.2579, 2.815 -0.2403 0.2538, 2.8937 -0.2403 0.2538, 2.815 -0.2362 0.2507, 2.8937 -0.2362 0.2507, 2.815 -0.2315 0.2487, 2.8937 -0.2315 0.2487, 2.815 -0.2264 0.248, 2.8937 -0.2264 0.248, 2.815 0.3839 0.248, 2.8937 0.3839 0.248, 2.815 0.4189 0.252, 2.8937 0.4189 0.252, 2.815 0.4522 0.2636, 2.8937 0.4522 0.2636, 2.815 0.482 0.2824, 2.8937 0.482 0.2824, 2.815 0.507 0.3073, 2.8937 0.507 0.3073, 2.815 0.5257 0.3372, 2.8937 0.5257 0.3372, 2.815 0.5374 0.3705, 2.8937 0.5374 0.3705, 2.815 0.5413 0.4055, 2.8937 0.5413 0.4055, 2.815 0.5413 0.4843, 2.8937 0.5413 0.4843, 2.815 0.5387 0.5046, 2.8937 0.5387 0.5046, 2.815 0.5308 0.5236, 2.8937 0.5308 0.5236, 2.815 0.5183 0.5399, 2.8937 0.5183 0.5399, 2.815 0.502 0.5524, 2.8937 0.502 0.5524, 2.815 0.483 0.5603, 2.8937 0.483 0.5603, 2.815 0.4626 0.563, 2.8937 0.4626 0.563, 2.815 -0.187 0.563, 2.8937 -0.187 0.563, 2.8937 -0.1997 0.5647, 2.815 -0.1997 0.5647, 2.8937 -0.2116 0.5696, 2.815 -0.2116 0.5696, 2.8937 -0.2218 0.5774, 2.815 -0.2218 0.5774, 2.8937 -0.2296 0.5876, 2.815 -0.2296 0.5876, 2.8937 -0.2345 0.5995, 2.815 -0.2345 0.5995, 2.8937 -0.2362 0.6122, 2.815 -0.2362 0.6122, 2.8937 -0.2345 0.6249, 2.815 -0.2345 0.6249, 2.8937 -0.2296 0.6368, 2.815 -0.2296 0.6368, 2.8937 -0.2218 0.647, 2.815 -0.2218 0.647, 2.8937 -0.2116 0.6548, 2.815 -0.2116 0.6548, 2.8937 -0.1997 0.6597, 2.815 -0.1997 0.6597, 2.8937 -0.187 0.6614, 2.815 -0.187 0.6614, 2.815 0.6594 0.6614, 2.8937 0.6594 0.6614, 2.815 0.6594 0.7874, 2.8937 0.6594 0.7874, 3.0118 0.7579 0.6614, 3.0118 0.7579 0.7874, 3.0906 0.7579 0.6614, 3.0906 0.7579 0.7874, 3.0118 0.7382 0.6614, 3.0906 0.7382 0.6614, 3.0118 0.7382 0.5906, 3.0906 0.7382 0.5906, 3.0118 0.7579 0.5906, 3.0906 0.7579 0.5906, 3.0118 0.7579 0.5315, 3.0906 0.7579 0.5315, 3.0118 0.7382 0.5315, 3.0906 0.7382 0.5315, 3.0118 0.7382 0.4134, 3.0906 0.7382 0.4134, 3.0118 0.7579 0.4134, 3.0906 0.7579 0.4134, 3.0118 0.7579 0.3543, 3.0906 0.7579 0.3543, 3.0118 0.7382 0.3543, 3.0906 0.7382 0.3543, 3.0118 0.7382 0.2108, 3.0906 0.7382 0.2108, 3.0118 0.8169 0.1181, 3.0906 0.8169 0.1181, 3.0118 1.1043 0.1181, 3.0906 1.1043 0.1181, 3.0906 1.1115 0.1172, 3.0118 1.1115 0.1172, 3.0906 1.1181 0.1144, 3.0118 1.1181 0.1144, 3.0906 1.1238 0.11, 3.0118 1.1238 0.11, 3.0906 1.1282 0.1043, 3.0118 1.1282 0.1043, 3.0906 1.131 0.0977, 3.0118 1.131 0.0977, 3.0906 1.1319 0.0906, 3.0118 1.1319 0.0906, 3.0118 1.1319 0.0276, 3.0906 1.1319 0.0276, 3.0906 1.131 0.0204, 3.0118 1.131 0.0204, 3.0906 1.1282 0.0138, 3.0118 1.1282 0.0138, 3.0906 1.1238 0.0081, 3.0118 1.1238 0.0081, 3.0906 1.1181 0.0037, 3.0118 1.1181 0.0037, 3.0906 1.1115 0.0009, 3.0118 1.1115 0.0009, 3.0906 1.1043 0.0, 3.0118 1.1043 0.0, 3.0118 0.935 0.0, 3.0906 0.935 0.0, 3.0118 0.915 0.0236, 3.0906 0.915 0.0236, 3.0118 0.7579 0.0236, 3.0906 0.7579 0.0236, 3.0118 0.7579 0.1181, 3.0906 0.7579 0.1181, 3.0118 0.4429 0.1181, 3.0906 0.4429 0.1181, 3.0118 -0.2533 0.2139, 3.0906 -0.2533 0.2139, 3.0118 -0.3084 0.2021, 3.0906 -0.3084 0.2021, 3.0906 -0.3185 0.2012, 3.0118 -0.3185 0.2012, 3.0906 -0.3284 0.203, 3.0118 -0.3284 0.203, 3.0906 -0.3376 0.2072, 3.0118 -0.3376 0.2072, 3.0906 -0.3454 0.2136, 3.0118 -0.3454 0.2136, 3.0906 -0.3513 0.2218, 3.0118 -0.3513 0.2218, 3.0906 -0.3549 0.2312, 3.0118 -0.3549 0.2312, 3.0906 -0.356 0.2412, 3.0118 -0.356 0.2412, 3.0906 -0.3546 0.2512, 3.0118 -0.3546 0.2512, 3.0906 -0.3506 0.2605, 3.0118 -0.3506 0.2605, 3.0906 -0.3444 0.2685, 3.0118 -0.3444 0.2685, 3.0906 -0.3364 0.2746, 3.0118 -0.3364 0.2746, 3.0118 -0.2461 0.3268, 3.0906 -0.2461 0.3268, 3.0118 -0.2461 0.2677, 3.0906 -0.2461 0.2677, 3.0118 -0.2454 0.2626, 3.0906 -0.2454 0.2626, 3.0118 -0.2434 0.2579, 3.0906 -0.2434 0.2579, 3.0118 -0.2403 0.2538, 3.0906 -0.2403 0.2538, 3.0118 -0.2362 0.2507, 3.0906 -0.2362 0.2507, 3.0118 -0.2315 0.2487, 3.0906 -0.2315 0.2487, 3.0118 -0.2264 0.248, 3.0906 -0.2264 0.248, 3.0118 0.3839 0.248, 3.0906 0.3839 0.248, 3.0118 0.4189 0.252, 3.0906 0.4189 0.252, 3.0118 0.4522 0.2636, 3.0906 0.4522 0.2636, 3.0118 0.482 0.2824, 3.0906 0.482 0.2824, 3.0118 0.507 0.3073, 3.0906 0.507 0.3073, 3.0118 0.5257 0.3372, 3.0906 0.5257 0.3372, 3.0118 0.5374 0.3705, 3.0906 0.5374 0.3705, 3.0118 0.5413 0.4055, 3.0906 0.5413 0.4055, 3.0118 0.5413 0.4843, 3.0906 0.5413 0.4843, 3.0118 0.5387 0.5046, 3.0906 0.5387 0.5046, 3.0118 0.5308 0.5236, 3.0906 0.5308 0.5236, 3.0118 0.5183 0.5399, 3.0906 0.5183 0.5399, 3.0118 0.502 0.5524, 3.0906 0.502 0.5524, 3.0118 0.483 0.5603, 3.0906 0.483 0.5603, 3.0118 0.4626 0.563, 3.0906 0.4626 0.563, 3.0118 -0.187 0.563, 3.0906 -0.187 0.563, 3.0906 -0.1997 0.5647, 3.0118 -0.1997 0.5647, 3.0906 -0.2116 0.5696, 3.0118 -0.2116 0.5696, 3.0906 -0.2218 0.5774, 3.0118 -0.2218 0.5774, 3.0906 -0.2296 0.5876, 3.0118 -0.2296 0.5876, 3.0906 -0.2345 0.5995, 3.0118 -0.2345 0.5995, 3.0906 -0.2362 0.6122, 3.0118 -0.2362 0.6122, 3.0906 -0.2345 0.6249, 3.0118 -0.2345 0.6249, 3.0906 -0.2296 0.6368, 3.0118 -0.2296 0.6368, 3.0906 -0.2218 0.647, 3.0118 -0.2218 0.647, 3.0906 -0.2116 0.6548, 3.0118 -0.2116 0.6548, 3.0906 -0.1997 0.6597, 3.0118 -0.1997 0.6597, 3.0906 -0.187 0.6614, 3.0118 -0.187 0.6614, 3.0118 0.6594 0.6614, 3.0906 0.6594 0.6614, 3.0118 0.6594 0.7874, 3.0906 0.6594 0.7874, 3.2087 0.7579 0.6614, 3.2087 0.7579 0.7874, 3.2874 0.7579 0.6614, 3.2874 0.7579 0.7874, 3.2087 0.7382 0.6614, 3.2874 0.7382 0.6614, 3.2087 0.7382 0.5906, 3.2874 0.7382 0.5906, 3.2087 0.7579 0.5906, 3.2874 0.7579 0.5906, 3.2087 0.7579 0.5315, 3.2874 0.7579 0.5315, 3.2087 0.7382 0.5315, 3.2874 0.7382 0.5315, 3.2087 0.7382 0.4134, 3.2874 0.7382 0.4134, 3.2087 0.7579 0.4134, 3.2874 0.7579 0.4134, 3.2087 0.7579 0.3543, 3.2874 0.7579 0.3543, 3.2087 0.7382 0.3543, 3.2874 0.7382 0.3543, 3.2087 0.7382 0.2108, 3.2874 0.7382 0.2108, 3.2087 0.8169 0.1181, 3.2874 0.8169 0.1181, 3.2087 1.1043 0.1181, 3.2874 1.1043 0.1181, 3.2874 1.1115 0.1172, 3.2087 1.1115 0.1172, 3.2874 1.1181 0.1144, 3.2087 1.1181 0.1144, 3.2874 1.1238 0.11, 3.2087 1.1238 0.11, 3.2874 1.1282 0.1043, 3.2087 1.1282 0.1043, 3.2874 1.131 0.0977, 3.2087 1.131 0.0977, 3.2874 1.1319 0.0906, 3.2087 1.1319 0.0906, 3.2087 1.1319 0.0276, 3.2874 1.1319 0.0276, 3.2874 1.131 0.0204, 3.2087 1.131 0.0204, 3.2874 1.1282 0.0138, 3.2087 1.1282 0.0138, 3.2874 1.1238 0.0081, 3.2087 1.1238 0.0081, 3.2874 1.1181 0.0037, 3.2087 1.1181 0.0037, 3.2874 1.1115 0.0009, 3.2087 1.1115 0.0009, 3.2874 1.1043 0.0, 3.2087 1.1043 0.0, 3.2087 0.935 0.0, 3.2874 0.935 0.0, 3.2087 0.915 0.0236, 3.2874 0.915 0.0236, 3.2087 0.7579 0.0236, 3.2874 0.7579 0.0236, 3.2087 0.7579 0.1181, 3.2874 0.7579 0.1181, 3.2087 0.4429 0.1181, 3.2874 0.4429 0.1181, 3.2087 -0.2533 0.2139, 3.2874 -0.2533 0.2139, 3.2087 -0.3084 0.2021, 3.2874 -0.3084 0.2021, 3.2874 -0.3185 0.2012, 3.2087 -0.3185 0.2012, 3.2874 -0.3284 0.203, 3.2087 -0.3284 0.203, 3.2874 -0.3376 0.2072, 3.2087 -0.3376 0.2072, 3.2874 -0.3454 0.2136, 3.2087 -0.3454 0.2136, 3.2874 -0.3513 0.2218, 3.2087 -0.3513 0.2218, 3.2874 -0.3549 0.2312, 3.2087 -0.3549 0.2312, 3.2874 -0.356 0.2412, 3.2087 -0.356 0.2412, 3.2874 -0.3546 0.2512, 3.2087 -0.3546 0.2512, 3.2874 -0.3506 0.2605, 3.2087 -0.3506 0.2605, 3.2874 -0.3444 0.2685, 3.2087 -0.3444 0.2685, 3.2874 -0.3364 0.2746, 3.2087 -0.3364 0.2746, 3.2087 -0.2461 0.3268, 3.2874 -0.2461 0.3268, 3.2087 -0.2461 0.2677, 3.2874 -0.2461 0.2677, 3.2087 -0.2454 0.2626, 3.2874 -0.2454 0.2626, 3.2087 -0.2434 0.2579, 3.2874 -0.2434 0.2579, 3.2087 -0.2403 0.2538, 3.2874 -0.2403 0.2538, 3.2087 -0.2362 0.2507, 3.2874 -0.2362 0.2507, 3.2087 -0.2315 0.2487, 3.2874 -0.2315 0.2487, 3.2087 -0.2264 0.248, 3.2874 -0.2264 0.248, 3.2087 0.3839 0.248, 3.2874 0.3839 0.248, 3.2087 0.4189 0.252, 3.2874 0.4189 0.252, 3.2087 0.4522 0.2636, 3.2874 0.4522 0.2636, 3.2087 0.482 0.2824, 3.2874 0.482 0.2824, 3.2087 0.507 0.3073, 3.2874 0.507 0.3073, 3.2087 0.5257 0.3372, 3.2874 0.5257 0.3372, 3.2087 0.5374 0.3705, 3.2874 0.5374 0.3705, 3.2087 0.5413 0.4055, 3.2874 0.5413 0.4055, 3.2087 0.5413 0.4843, 3.2874 0.5413 0.4843, 3.2087 0.5387 0.5046, 3.2874 0.5387 0.5046, 3.2087 0.5308 0.5236, 3.2874 0.5308 0.5236, 3.2087 0.5183 0.5399, 3.2874 0.5183 0.5399, 3.2087 0.502 0.5524, 3.2874 0.502 0.5524, 3.2087 0.483 0.5603, 3.2874 0.483 0.5603, 3.2087 0.4626 0.563, 3.2874 0.4626 0.563, 3.2087 -0.187 0.563, 3.2874 -0.187 0.563, 3.2874 -0.1997 0.5647, 3.2087 -0.1997 0.5647, 3.2874 -0.2116 0.5696, 3.2087 -0.2116 0.5696, 3.2874 -0.2218 0.5774, 3.2087 -0.2218 0.5774, 3.2874 -0.2296 0.5876, 3.2087 -0.2296 0.5876, 3.2874 -0.2345 0.5995, 3.2087 -0.2345 0.5995, 3.2874 -0.2362 0.6122, 3.2087 -0.2362 0.6122, 3.2874 -0.2345 0.6249, 3.2087 -0.2345 0.6249, 3.2874 -0.2296 0.6368, 3.2087 -0.2296 0.6368, 3.2874 -0.2218 0.647, 3.2087 -0.2218 0.647, 3.2874 -0.2116 0.6548, 3.2087 -0.2116 0.6548, 3.2874 -0.1997 0.6597, 3.2087 -0.1997 0.6597, 3.2874 -0.187 0.6614, 3.2087 -0.187 0.6614, 3.2087 0.6594 0.6614, 3.2874 0.6594 0.6614, 3.2087 0.6594 0.7874, 3.2874 0.6594 0.7874, 3.4055 0.7579 0.6614, 3.4055 0.7579 0.7874, 3.4843 0.7579 0.6614, 3.4843 0.7579 0.7874, 3.4055 0.7382 0.6614, 3.4843 0.7382 0.6614, 3.4055 0.7382 0.5906, 3.4843 0.7382 0.5906, 3.4055 0.7579 0.5906, 3.4843 0.7579 0.5906, 3.4055 0.7579 0.5315, 3.4843 0.7579 0.5315, 3.4055 0.7382 0.5315, 3.4843 0.7382 0.5315, 3.4055 0.7382 0.4134, 3.4843 0.7382 0.4134, 3.4055 0.7579 0.4134, 3.4843 0.7579 0.4134, 3.4055 0.7579 0.3543, 3.4843 0.7579 0.3543, 3.4055 0.7382 0.3543, 3.4843 0.7382 0.3543, 3.4055 0.7382 0.2108, 3.4843 0.7382 0.2108, 3.4055 0.8169 0.1181, 3.4843 0.8169 0.1181, 3.4055 1.1043 0.1181, 3.4843 1.1043 0.1181, 3.4843 1.1115 0.1172, 3.4055 1.1115 0.1172, 3.4843 1.1181 0.1144, 3.4055 1.1181 0.1144, 3.4843 1.1238 0.11, 3.4055 1.1238 0.11, 3.4843 1.1282 0.1043, 3.4055 1.1282 0.1043, 3.4843 1.131 0.0977, 3.4055 1.131 0.0977, 3.4843 1.1319 0.0906, 3.4055 1.1319 0.0906, 3.4055 1.1319 0.0276, 3.4843 1.1319 0.0276, 3.4843 1.131 0.0204, 3.4055 1.131 0.0204, 3.4843 1.1282 0.0138, 3.4055 1.1282 0.0138, 3.4843 1.1238 0.0081, 3.4055 1.1238 0.0081, 3.4843 1.1181 0.0037, 3.4055 1.1181 0.0037, 3.4843 1.1115 0.0009, 3.4055 1.1115 0.0009, 3.4843 1.1043 0.0, 3.4055 1.1043 0.0, 3.4055 0.935 0.0, 3.4843 0.935 0.0, 3.4055 0.915 0.0236, 3.4843 0.915 0.0236, 3.4055 0.7579 0.0236, 3.4843 0.7579 0.0236, 3.4055 0.7579 0.1181, 3.4843 0.7579 0.1181, 3.4055 0.4429 0.1181, 3.4843 0.4429 0.1181, 3.4055 -0.2533 0.2139, 3.4843 -0.2533 0.2139, 3.4055 -0.3084 0.2021, 3.4843 -0.3084 0.2021, 3.4843 -0.3185 0.2012, 3.4055 -0.3185 0.2012, 3.4843 -0.3284 0.203, 3.4055 -0.3284 0.203, 3.4843 -0.3376 0.2072, 3.4055 -0.3376 0.2072, 3.4843 -0.3454 0.2136, 3.4055 -0.3454 0.2136, 3.4843 -0.3513 0.2218, 3.4055 -0.3513 0.2218, 3.4843 -0.3549 0.2312, 3.4055 -0.3549 0.2312, 3.4843 -0.356 0.2412, 3.4055 -0.356 0.2412, 3.4843 -0.3546 0.2512, 3.4055 -0.3546 0.2512, 3.4843 -0.3506 0.2605, 3.4055 -0.3506 0.2605, 3.4843 -0.3444 0.2685, 3.4055 -0.3444 0.2685, 3.4843 -0.3364 0.2746, 3.4055 -0.3364 0.2746, 3.4055 -0.2461 0.3268, 3.4843 -0.2461 0.3268, 3.4055 -0.2461 0.2677, 3.4843 -0.2461 0.2677, 3.4055 -0.2454 0.2626, 3.4843 -0.2454 0.2626, 3.4055 -0.2434 0.2579, 3.4843 -0.2434 0.2579, 3.4055 -0.2403 0.2538, 3.4843 -0.2403 0.2538, 3.4055 -0.2362 0.2507, 3.4843 -0.2362 0.2507, 3.4055 -0.2315 0.2487, 3.4843 -0.2315 0.2487, 3.4055 -0.2264 0.248, 3.4843 -0.2264 0.248, 3.4055 0.3839 0.248, 3.4843 0.3839 0.248, 3.4055 0.4189 0.252, 3.4843 0.4189 0.252, 3.4055 0.4522 0.2636, 3.4843 0.4522 0.2636, 3.4055 0.482 0.2824, 3.4843 0.482 0.2824, 3.4055 0.507 0.3073, 3.4843 0.507 0.3073, 3.4055 0.5257 0.3372, 3.4843 0.5257 0.3372, 3.4055 0.5374 0.3705, 3.4843 0.5374 0.3705, 3.4055 0.5413 0.4055, 3.4843 0.5413 0.4055, 3.4055 0.5413 0.4843, 3.4843 0.5413 0.4843, 3.4055 0.5387 0.5046, 3.4843 0.5387 0.5046, 3.4055 0.5308 0.5236, 3.4843 0.5308 0.5236, 3.4055 0.5183 0.5399, 3.4843 0.5183 0.5399, 3.4055 0.502 0.5524, 3.4843 0.502 0.5524, 3.4055 0.483 0.5603, 3.4843 0.483 0.5603, 3.4055 0.4626 0.563, 3.4843 0.4626 0.563, 3.4055 -0.187 0.563, 3.4843 -0.187 0.563, 3.4843 -0.1997 0.5647, 3.4055 -0.1997 0.5647, 3.4843 -0.2116 0.5696, 3.4055 -0.2116 0.5696, 3.4843 -0.2218 0.5774, 3.4055 -0.2218 0.5774, 3.4843 -0.2296 0.5876, 3.4055 -0.2296 0.5876, 3.4843 -0.2345 0.5995, 3.4055 -0.2345 0.5995, 3.4843 -0.2362 0.6122, 3.4055 -0.2362 0.6122, 3.4843 -0.2345 0.6249, 3.4055 -0.2345 0.6249, 3.4843 -0.2296 0.6368, 3.4055 -0.2296 0.6368, 3.4843 -0.2218 0.647, 3.4055 -0.2218 0.647, 3.4843 -0.2116 0.6548, 3.4055 -0.2116 0.6548, 3.4843 -0.1997 0.6597, 3.4055 -0.1997 0.6597, 3.4843 -0.187 0.6614, 3.4055 -0.187 0.6614, 3.4055 0.6594 0.6614, 3.4843 0.6594 0.6614, 3.4055 0.6594 0.7874, 3.4843 0.6594 0.7874, 3.6024 0.7579 0.6614, 3.6024 0.7579 0.7874, 3.6811 0.7579 0.6614, 3.6811 0.7579 0.7874, 3.6024 0.7382 0.6614, 3.6811 0.7382 0.6614, 3.6024 0.7382 0.5906, 3.6811 0.7382 0.5906, 3.6024 0.7579 0.5906, 3.6811 0.7579 0.5906, 3.6024 0.7579 0.5315, 3.6811 0.7579 0.5315, 3.6024 0.7382 0.5315, 3.6811 0.7382 0.5315, 3.6024 0.7382 0.4134, 3.6811 0.7382 0.4134, 3.6024 0.7579 0.4134, 3.6811 0.7579 0.4134, 3.6024 0.7579 0.3543, 3.6811 0.7579 0.3543, 3.6024 0.7382 0.3543, 3.6811 0.7382 0.3543, 3.6024 0.7382 0.2108, 3.6811 0.7382 0.2108, 3.6024 0.8169 0.1181, 3.6811 0.8169 0.1181, 3.6024 1.1043 0.1181, 3.6811 1.1043 0.1181, 3.6811 1.1115 0.1172, 3.6024 1.1115 0.1172, 3.6811 1.1181 0.1144, 3.6024 1.1181 0.1144, 3.6811 1.1238 0.11, 3.6024 1.1238 0.11, 3.6811 1.1282 0.1043, 3.6024 1.1282 0.1043, 3.6811 1.131 0.0977, 3.6024 1.131 0.0977, 3.6811 1.1319 0.0906, 3.6024 1.1319 0.0906, 3.6024 1.1319 0.0276, 3.6811 1.1319 0.0276, 3.6811 1.131 0.0204, 3.6024 1.131 0.0204, 3.6811 1.1282 0.0138, 3.6024 1.1282 0.0138, 3.6811 1.1238 0.0081, 3.6024 1.1238 0.0081, 3.6811 1.1181 0.0037, 3.6024 1.1181 0.0037, 3.6811 1.1115 0.0009, 3.6024 1.1115 0.0009, 3.6811 1.1043 0.0, 3.6024 1.1043 0.0, 3.6024 0.935 0.0, 3.6811 0.935 0.0, 3.6024 0.915 0.0236, 3.6811 0.915 0.0236, 3.6024 0.7579 0.0236, 3.6811 0.7579 0.0236, 3.6024 0.7579 0.1181, 3.6811 0.7579 0.1181, 3.6024 0.4429 0.1181, 3.6811 0.4429 0.1181, 3.6024 -0.2533 0.2139, 3.6811 -0.2533 0.2139, 3.6024 -0.3084 0.2021, 3.6811 -0.3084 0.2021, 3.6811 -0.3185 0.2012, 3.6024 -0.3185 0.2012, 3.6811 -0.3284 0.203, 3.6024 -0.3284 0.203, 3.6811 -0.3376 0.2072, 3.6024 -0.3376 0.2072, 3.6811 -0.3454 0.2136, 3.6024 -0.3454 0.2136, 3.6811 -0.3513 0.2218, 3.6024 -0.3513 0.2218, 3.6811 -0.3549 0.2312, 3.6024 -0.3549 0.2312, 3.6811 -0.356 0.2412, 3.6024 -0.356 0.2412, 3.6811 -0.3546 0.2512, 3.6024 -0.3546 0.2512, 3.6811 -0.3506 0.2605, 3.6024 -0.3506 0.2605, 3.6811 -0.3444 0.2685, 3.6024 -0.3444 0.2685, 3.6811 -0.3364 0.2746, 3.6024 -0.3364 0.2746, 3.6024 -0.2461 0.3268, 3.6811 -0.2461 0.3268, 3.6024 -0.2461 0.2677, 3.6811 -0.2461 0.2677, 3.6024 -0.2454 0.2626, 3.6811 -0.2454 0.2626, 3.6024 -0.2434 0.2579, 3.6811 -0.2434 0.2579, 3.6024 -0.2403 0.2538, 3.6811 -0.2403 0.2538, 3.6024 -0.2362 0.2507, 3.6811 -0.2362 0.2507, 3.6024 -0.2315 0.2487, 3.6811 -0.2315 0.2487, 3.6024 -0.2264 0.248, 3.6811 -0.2264 0.248, 3.6024 0.3839 0.248, 3.6811 0.3839 0.248, 3.6024 0.4189 0.252, 3.6811 0.4189 0.252, 3.6024 0.4522 0.2636, 3.6811 0.4522 0.2636, 3.6024 0.482 0.2824, 3.6811 0.482 0.2824, 3.6024 0.507 0.3073, 3.6811 0.507 0.3073, 3.6024 0.5257 0.3372, 3.6811 0.5257 0.3372, 3.6024 0.5374 0.3705, 3.6811 0.5374 0.3705, 3.6024 0.5413 0.4055, 3.6811 0.5413 0.4055, 3.6024 0.5413 0.4843, 3.6811 0.5413 0.4843, 3.6024 0.5387 0.5046, 3.6811 0.5387 0.5046, 3.6024 0.5308 0.5236, 3.6811 0.5308 0.5236, 3.6024 0.5183 0.5399, 3.6811 0.5183 0.5399, 3.6024 0.502 0.5524, 3.6811 0.502 0.5524, 3.6024 0.483 0.5603, 3.6811 0.483 0.5603, 3.6024 0.4626 0.563, 3.6811 0.4626 0.563, 3.6024 -0.187 0.563, 3.6811 -0.187 0.563, 3.6811 -0.1997 0.5647, 3.6024 -0.1997 0.5647, 3.6811 -0.2116 0.5696, 3.6024 -0.2116 0.5696, 3.6811 -0.2218 0.5774, 3.6024 -0.2218 0.5774, 3.6811 -0.2296 0.5876, 3.6024 -0.2296 0.5876, 3.6811 -0.2345 0.5995, 3.6024 -0.2345 0.5995, 3.6811 -0.2362 0.6122, 3.6024 -0.2362 0.6122, 3.6811 -0.2345 0.6249, 3.6024 -0.2345 0.6249, 3.6811 -0.2296 0.6368, 3.6024 -0.2296 0.6368, 3.6811 -0.2218 0.647, 3.6024 -0.2218 0.647, 3.6811 -0.2116 0.6548, 3.6024 -0.2116 0.6548, 3.6811 -0.1997 0.6597, 3.6024 -0.1997 0.6597, 3.6811 -0.187 0.6614, 3.6024 -0.187 0.6614, 3.6024 0.6594 0.6614, 3.6811 0.6594 0.6614, 3.6024 0.6594 0.7874, 3.6811 0.6594 0.7874, 3.7992 0.7579 0.6614, 3.7992 0.7579 0.7874, 3.878 0.7579 0.6614, 3.878 0.7579 0.7874, 3.7992 0.7382 0.6614, 3.878 0.7382 0.6614, 3.7992 0.7382 0.5906, 3.878 0.7382 0.5906, 3.7992 0.7579 0.5906, 3.878 0.7579 0.5906, 3.7992 0.7579 0.5315, 3.878 0.7579 0.5315, 3.7992 0.7382 0.5315, 3.878 0.7382 0.5315, 3.7992 0.7382 0.4134, 3.878 0.7382 0.4134, 3.7992 0.7579 0.4134, 3.878 0.7579 0.4134, 3.7992 0.7579 0.3543, 3.878 0.7579 0.3543, 3.7992 0.7382 0.3543, 3.878 0.7382 0.3543, 3.7992 0.7382 0.2108, 3.878 0.7382 0.2108, 3.7992 0.8169 0.1181, 3.878 0.8169 0.1181, 3.7992 1.1043 0.1181, 3.878 1.1043 0.1181, 3.878 1.1115 0.1172, 3.7992 1.1115 0.1172, 3.878 1.1181 0.1144, 3.7992 1.1181 0.1144, 3.878 1.1238 0.11, 3.7992 1.1238 0.11, 3.878 1.1282 0.1043, 3.7992 1.1282 0.1043, 3.878 1.131 0.0977, 3.7992 1.131 0.0977, 3.878 1.1319 0.0906, 3.7992 1.1319 0.0906, 3.7992 1.1319 0.0276, 3.878 1.1319 0.0276, 3.878 1.131 0.0204, 3.7992 1.131 0.0204, 3.878 1.1282 0.0138, 3.7992 1.1282 0.0138, 3.878 1.1238 0.0081, 3.7992 1.1238 0.0081, 3.878 1.1181 0.0037, 3.7992 1.1181 0.0037, 3.878 1.1115 0.0009, 3.7992 1.1115 0.0009, 3.878 1.1043 0.0, 3.7992 1.1043 0.0, 3.7992 0.935 0.0, 3.878 0.935 0.0, 3.7992 0.915 0.0236, 3.878 0.915 0.0236, 3.7992 0.7579 0.0236, 3.878 0.7579 0.0236, 3.7992 0.7579 0.1181, 3.878 0.7579 0.1181, 3.7992 0.4429 0.1181, 3.878 0.4429 0.1181, 3.7992 -0.2533 0.2139, 3.878 -0.2533 0.2139, 3.7992 -0.3084 0.2021, 3.878 -0.3084 0.2021, 3.878 -0.3185 0.2012, 3.7992 -0.3185 0.2012, 3.878 -0.3284 0.203, 3.7992 -0.3284 0.203, 3.878 -0.3376 0.2072, 3.7992 -0.3376 0.2072, 3.878 -0.3454 0.2136, 3.7992 -0.3454 0.2136, 3.878 -0.3513 0.2218, 3.7992 -0.3513 0.2218, 3.878 -0.3549 0.2312, 3.7992 -0.3549 0.2312, 3.878 -0.356 0.2412, 3.7992 -0.356 0.2412, 3.878 -0.3546 0.2512, 3.7992 -0.3546 0.2512, 3.878 -0.3506 0.2605, 3.7992 -0.3506 0.2605, 3.878 -0.3444 0.2685, 3.7992 -0.3444 0.2685, 3.878 -0.3364 0.2746, 3.7992 -0.3364 0.2746, 3.7992 -0.2461 0.3268, 3.878 -0.2461 0.3268, 3.7992 -0.2461 0.2677, 3.878 -0.2461 0.2677, 3.7992 -0.2454 0.2626, 3.878 -0.2454 0.2626, 3.7992 -0.2434 0.2579, 3.878 -0.2434 0.2579, 3.7992 -0.2403 0.2538, 3.878 -0.2403 0.2538, 3.7992 -0.2362 0.2507, 3.878 -0.2362 0.2507, 3.7992 -0.2315 0.2487, 3.878 -0.2315 0.2487, 3.7992 -0.2264 0.248, 3.878 -0.2264 0.248, 3.7992 0.3839 0.248, 3.878 0.3839 0.248, 3.7992 0.4189 0.252, 3.878 0.4189 0.252, 3.7992 0.4522 0.2636, 3.878 0.4522 0.2636, 3.7992 0.482 0.2824, 3.878 0.482 0.2824, 3.7992 0.507 0.3073, 3.878 0.507 0.3073, 3.7992 0.5257 0.3372, 3.878 0.5257 0.3372, 3.7992 0.5374 0.3705, 3.878 0.5374 0.3705, 3.7992 0.5413 0.4055, 3.878 0.5413 0.4055, 3.7992 0.5413 0.4843, 3.878 0.5413 0.4843, 3.7992 0.5387 0.5046, 3.878 0.5387 0.5046, 3.7992 0.5308 0.5236, 3.878 0.5308 0.5236, 3.7992 0.5183 0.5399, 3.878 0.5183 0.5399, 3.7992 0.502 0.5524, 3.878 0.502 0.5524, 3.7992 0.483 0.5603, 3.878 0.483 0.5603, 3.7992 0.4626 0.563, 3.878 0.4626 0.563, 3.7992 -0.187 0.563, 3.878 -0.187 0.563, 3.878 -0.1997 0.5647, 3.7992 -0.1997 0.5647, 3.878 -0.2116 0.5696, 3.7992 -0.2116 0.5696, 3.878 -0.2218 0.5774, 3.7992 -0.2218 0.5774, 3.878 -0.2296 0.5876, 3.7992 -0.2296 0.5876, 3.878 -0.2345 0.5995, 3.7992 -0.2345 0.5995, 3.878 -0.2362 0.6122, 3.7992 -0.2362 0.6122, 3.878 -0.2345 0.6249, 3.7992 -0.2345 0.6249, 3.878 -0.2296 0.6368, 3.7992 -0.2296 0.6368, 3.878 -0.2218 0.647, 3.7992 -0.2218 0.647, 3.878 -0.2116 0.6548, 3.7992 -0.2116 0.6548, 3.878 -0.1997 0.6597, 3.7992 -0.1997 0.6597, 3.878 -0.187 0.6614, 3.7992 -0.187 0.6614, 3.7992 0.6594 0.6614, 3.878 0.6594 0.6614, 3.7992 0.6594 0.7874, 3.878 0.6594 0.7874, -4.6644 0.8131 0.5906, -4.6654 0.813 0.5906, -4.6654 0.7382 0.5906, -4.6566 0.7342 0.5906, -4.626 0.7382 0.5906, -4.626 0.8169 0.5906, -4.7283 0.6791 0.5906, -4.7441 0.7382 0.5906, -4.7401 0.6506 0.5906, -4.7441 0.6201 0.5906, -4.685 0.7224 0.5906, -4.7095 0.7036 0.5906, -4.7835 0.7382 0.315, -4.7835 0.7382 0.1969, -4.7897 0.7294 0.1969, -4.6654 0.813 0.1969, -4.6836 0.8083 0.2151, -4.7897 0.7294 0.5906, -4.7835 0.7382 0.5906, -4.7835 0.7382 0.4724, -4.8078 0.6954 0.1969, -4.8078 0.6954 0.5906, -4.8191 0.6585 0.1969, -4.8191 0.6585 0.5906, -4.8228 0.6201 0.1969, -4.8228 0.6201 0.5906, -4.6836 0.8083 0.5723, -4.7013 0.8019 0.5546, -4.7013 0.8019 0.2328, -4.7188 0.7937 0.5371, -4.7188 0.7937 0.2503, -4.7353 0.7838 0.5206, -4.7353 0.7838 0.2668, -4.7509 0.7722 0.505, -4.7509 0.7722 0.2824, -4.7652 0.7593 0.4907, -4.7652 0.7593 0.2967, -4.6644 0.8131 0.1969, -4.626 0.8169 0.1969, -4.2717 0.7382 0.1969, -4.626 0.7382 0.1969, -4.2717 0.8169 0.1969, -4.1535 0.8169 0.4724, -4.1142 0.8169 0.4724, -4.1142 0.8169 0.315, -4.1535 0.8169 0.315, -4.2717 0.8169 0.5906, -4.1535 0.7382 0.315, -4.1142 0.7382 0.315, -4.1142 0.7382 0.4724, -4.1535 0.7382 0.4724, -4.2717 0.7382 0.5906, -4.8228 0.7382 0.5906, -4.8228 0.7382 0.1969, -4.7441 -0.6988 0.5906, -4.7441 0.6201 0.1969, -4.7441 -0.6988 0.1969, -4.8228 -0.6988 0.1969, -4.8228 -0.6988 0.5906, -4.7401 -0.6988 0.1663, -4.626 -0.6988 0.0, -4.626 -0.6988 0.0787, -4.6644 -0.6988 0.0038, -4.6566 -0.6988 0.0828, -4.7013 -0.6988 0.015, -4.685 -0.6988 0.0946, -4.8191 -0.6988 0.1584, -4.8078 -0.6988 0.1215, -4.7283 -0.6988 0.1378, -4.7897 -0.6988 0.0875, -4.7095 -0.6988 0.1133, -4.7652 -0.6988 0.0577, -4.7353 -0.6988 0.0332, -4.6566 -0.6988 0.7046, -4.626 -0.6988 0.7087, -4.626 -0.6988 0.7874, -4.8191 -0.6988 0.629, -4.7401 -0.6988 0.6211, -4.8078 -0.6988 0.6659, -4.7283 -0.6988 0.6496, -4.6644 -0.6988 0.7836, -4.7013 -0.6988 0.7724, -4.685 -0.6988 0.6928, -4.7353 -0.6988 0.7542, -4.7095 -0.6988 0.6741, -4.7652 -0.6988 0.7297, -4.7897 -0.6988 0.6999, -4.1142 -0.6988 0.7087, -4.1142 -0.6988 0.7874, -4.1142 0.7382 0.7087, -4.626 0.7382 0.7087, -4.7401 0.7382 0.6211, -4.6566 0.7382 0.7046, -4.685 0.7382 0.6928, -4.7095 0.7382 0.6741, -4.7283 0.7382 0.6496, -4.7441 0.7382 0.1969, -4.7401 0.7382 0.1663, -4.7283 0.7382 0.1378, -4.7095 0.7382 0.1133, -4.685 0.7382 0.0946, -4.6566 0.7382 0.0828, -4.626 0.7382 0.0787, -4.1142 0.7382 0.0787, -4.1142 -0.6988 0.0787, -4.1142 -0.6988 0.0, -4.1142 0.7382 0.0, -4.626 0.7382 0.0, -4.8191 0.7382 0.1584, -4.6644 0.7382 0.0038, -4.7013 0.7382 0.015, -4.7353 0.7382 0.0332, -4.7652 0.7382 0.0577, -4.7897 0.7382 0.0875, -4.8078 0.7382 0.1215, -4.8191 0.7382 0.629, -4.8078 0.7382 0.6659, -4.7897 0.7382 0.6999, -4.7652 0.7382 0.7297, -4.7353 0.7382 0.7542, -4.7013 0.7382 0.7724, -4.6644 0.7382 0.7836, -4.626 0.7382 0.7874, -4.1142 0.7382 0.7874, -4.6654 0.7382 0.1969, -4.7095 0.7036 0.1969, -4.7283 0.6791 0.1969, -4.7401 0.6506 0.1969, -4.6566 0.7342 0.1969, -4.685 0.7224 0.1969, 4.7095 0.7036 0.5906, 4.7283 0.6791 0.5906, 4.7441 0.7382 0.5906, 4.7401 0.6506 0.5906, 4.7441 0.6201 0.5906, 4.626 0.8169 0.5906, 4.626 0.7382 0.5906, 4.6644 0.8131 0.5906, 4.6566 0.7342 0.5906, 4.6654 0.813 0.5906, 4.6654 0.7382 0.5906, 4.685 0.7224 0.5906, 4.7835 0.7382 0.4724, 4.7835 0.7382 0.5906, 4.7897 0.7294 0.5906, 4.7897 0.7294 0.1969, 4.7835 0.7382 0.1969, 4.7835 0.7382 0.315, 4.7652 0.7593 0.2967, 4.7652 0.7593 0.4907, 4.7353 0.7838 0.2668, 4.7353 0.7838 0.5206, 4.7509 0.7722 0.505, 4.7509 0.7722 0.2824, 4.7188 0.7937 0.5371, 4.7188 0.7937 0.2503, 4.7013 0.8019 0.2328, 4.6836 0.8083 0.5723, 4.6644 0.8131 0.1969, 4.6654 0.813 0.1969, 4.6836 0.8083 0.2151, 4.7013 0.8019 0.5546, 4.626 0.8169 0.1969, 4.8078 0.6954 0.5906, 4.8078 0.6954 0.1969, 4.8191 0.6585 0.5906, 4.8191 0.6585 0.1969, 4.8228 0.6201 0.5906, 4.8228 0.6201 0.1969, 4.626 0.7382 0.1969, 4.2717 0.7382 0.1969, 4.2717 0.8169 0.1969, 4.1142 0.8169 0.315, 4.1142 0.8169 0.4724, 4.1535 0.8169 0.315, 4.1535 0.8169 0.4724, 4.2717 0.8169 0.5906, 4.1142 0.7382 0.4724, 4.1142 0.7382 0.315, 4.1535 0.7382 0.4724, 4.1535 0.7382 0.315, 4.2717 0.7382 0.5906, 4.8228 0.7382 0.5906, 4.8228 0.7382 0.1969, 4.7441 -0.6988 0.5906, 4.7441 -0.6988 0.1969, 4.7441 0.6201 0.1969, 4.8228 -0.6988 0.5906, 4.8228 -0.6988 0.1969, 4.6566 -0.6988 0.0828, 4.626 -0.6988 0.0787, 4.626 -0.6988 0.0, 4.8191 -0.6988 0.1584, 4.7401 -0.6988 0.1663, 4.8078 -0.6988 0.1215, 4.7283 -0.6988 0.1378, 4.6644 -0.6988 0.0038, 4.7013 -0.6988 0.015, 4.685 -0.6988 0.0946, 4.7353 -0.6988 0.0332, 4.7095 -0.6988 0.1133, 4.7652 -0.6988 0.0577, 4.7897 -0.6988 0.0875, 4.7401 -0.6988 0.6211, 4.8191 -0.6988 0.629, 4.8078 -0.6988 0.6659, 4.7283 -0.6988 0.6496, 4.7897 -0.6988 0.6999, 4.7095 -0.6988 0.6741, 4.7652 -0.6988 0.7297, 4.685 -0.6988 0.6928, 4.626 -0.6988 0.7874, 4.626 -0.6988 0.7087, 4.6644 -0.6988 0.7836, 4.6566 -0.6988 0.7046, 4.7013 -0.6988 0.7724, 4.7353 -0.6988 0.7542, 4.1142 -0.6988 0.7087, 4.1142 -0.6988 0.7874, 4.1142 0.7382 0.7087, 4.626 0.7382 0.7087, 4.7401 0.7382 0.6211, 4.7283 0.7382 0.6496, 4.7095 0.7382 0.6741, 4.685 0.7382 0.6928, 4.6566 0.7382 0.7046, 4.7441 0.7382 0.1969, 4.7401 0.7382 0.1663, 4.626 0.7382 0.0787, 4.6566 0.7382 0.0828, 4.685 0.7382 0.0946, 4.7095 0.7382 0.1133, 4.7283 0.7382 0.1378, 4.1142 -0.6988 0.0787, 4.1142 0.7382 0.0787, 4.1142 -0.6988 0.0, 4.1142 0.7382 0.0, 4.626 0.7382 0.0, 4.8191 0.7382 0.1584, 4.8078 0.7382 0.1215, 4.7897 0.7382 0.0875, 4.7652 0.7382 0.0577, 4.7353 0.7382 0.0332, 4.7013 0.7382 0.015, 4.6644 0.7382 0.0038, 4.8191 0.7382 0.629, 4.626 0.7382 0.7874, 4.6644 0.7382 0.7836, 4.7013 0.7382 0.7724, 4.7353 0.7382 0.7542, 4.7652 0.7382 0.7297, 4.7897 0.7382 0.6999, 4.8078 0.7382 0.6659, 4.1142 0.7382 0.7874, 4.6654 0.7382 0.1969, 4.6566 0.7342 0.1969, 4.7283 0.6791 0.1969, 4.7401 0.6506 0.1969, 4.685 0.7224 0.1969, 4.7095 0.7036 0.1969]} coordIndex [0,1,2,-1,2,1,3,-1,4,0,5,-1,5,0,2,-1,6,4,7,-1,7,4,5,-1,8,6,9,-1,9,6,7,-1,10,8,11,-1,11,8,9,-1,12,10,13,-1,13,10,11,-1,14,12,15,-1,15,12,13,-1,16,14,17,-1,17,14,15,-1,18,16,19,-1,19,16,17,-1,20,18,21,-1,21,18,19,-1,22,20,23,-1,23,20,21,-1,24,22,25,-1,25,22,23,-1,26,24,27,-1,27,24,25,-1,26,27,28,-1,26,28,29,-1,29,28,30,-1,29,30,31,-1,31,30,32,-1,31,32,33,-1,33,32,34,-1,33,34,35,-1,35,34,36,-1,35,36,37,-1,37,36,38,-1,37,38,39,-1,40,39,41,-1,41,39,38,-1,40,41,42,-1,40,42,43,-1,43,42,44,-1,43,44,45,-1,45,44,46,-1,45,46,47,-1,47,46,48,-1,47,48,49,-1,49,48,50,-1,49,50,51,-1,51,50,52,-1,51,52,53,-1,54,53,55,-1,55,53,52,-1,56,54,57,-1,57,54,55,-1,58,56,59,-1,59,56,57,-1,60,58,61,-1,61,58,59,-1,62,60,63,-1,63,60,61,-1,64,62,65,-1,65,62,63,-1,66,64,67,-1,67,64,65,-1,66,67,68,-1,66,68,69,-1,69,68,70,-1,69,70,71,-1,71,70,72,-1,71,72,73,-1,73,72,74,-1,73,74,75,-1,75,74,76,-1,75,76,77,-1,77,76,78,-1,77,78,79,-1,79,78,80,-1,79,80,81,-1,81,80,82,-1,81,82,83,-1,83,82,84,-1,83,84,85,-1,85,84,86,-1,85,86,87,-1,87,86,88,-1,87,88,89,-1,90,89,91,-1,91,89,88,-1,92,90,93,-1,93,90,91,-1,92,93,94,-1,94,93,95,-1,94,95,96,-1,96,95,97,-1,96,97,98,-1,98,97,99,-1,98,99,100,-1,100,99,101,-1,100,101,102,-1,102,101,103,-1,102,103,104,-1,104,103,105,-1,106,104,107,-1,107,104,105,-1,106,107,108,-1,108,107,109,-1,108,109,110,-1,110,109,111,-1,110,111,112,-1,112,111,113,-1,112,113,114,-1,114,113,115,-1,114,115,116,-1,116,115,117,-1,116,117,118,-1,118,117,119,-1,118,119,120,-1,120,119,121,-1,122,120,123,-1,123,120,121,-1,122,123,124,-1,124,123,125,-1,124,125,126,-1,126,125,127,-1,126,127,128,-1,128,127,129,-1,128,129,130,-1,130,129,131,-1,130,131,132,-1,132,131,133,-1,132,133,134,-1,134,133,135,-1,136,134,137,-1,137,134,135,-1,136,137,138,-1,136,138,139,-1,139,138,140,-1,139,140,141,-1,141,140,142,-1,141,142,143,-1,143,142,144,-1,143,144,145,-1,145,144,146,-1,145,146,147,-1,147,146,148,-1,147,148,149,-1,149,148,150,-1,149,150,151,-1,151,150,152,-1,151,152,153,-1,153,152,154,-1,153,154,155,-1,155,154,156,-1,155,156,157,-1,157,156,158,-1,157,158,159,-1,159,158,160,-1,159,160,161,-1,162,161,163,-1,163,161,160,-1,164,162,165,-1,165,162,163,-1,1,164,3,-1,3,164,165,-1,124,126,6,-1,1,0,164,-1,164,0,4,-1,164,4,162,-1,162,4,6,-1,8,10,6,-1,6,10,12,-1,14,16,18,-1,87,89,77,-1,56,58,60,-1,6,126,162,-1,162,126,128,-1,162,128,130,-1,118,120,6,-1,6,120,122,-1,6,122,124,-1,92,94,64,-1,71,89,69,-1,69,89,66,-1,130,132,162,-1,162,132,134,-1,162,134,161,-1,161,134,136,-1,66,89,64,-1,64,89,90,-1,64,90,92,-1,94,96,64,-1,64,96,98,-1,64,98,100,-1,60,29,56,-1,56,29,53,-1,56,53,54,-1,26,29,24,-1,24,29,60,-1,24,60,22,-1,22,60,62,-1,22,62,20,-1,100,102,64,-1,64,102,104,-1,64,104,62,-1,62,104,106,-1,62,106,108,-1,108,110,62,-1,62,110,112,-1,62,112,114,-1,71,73,89,-1,89,73,75,-1,89,75,77,-1,77,79,81,-1,81,83,77,-1,77,83,85,-1,77,85,87,-1,43,45,53,-1,143,145,141,-1,141,145,139,-1,149,151,136,-1,136,151,153,-1,136,153,155,-1,155,157,136,-1,136,157,159,-1,136,159,161,-1,18,20,14,-1,14,20,62,-1,14,62,12,-1,12,62,114,-1,12,114,6,-1,6,114,116,-1,6,116,118,-1,35,37,33,-1,33,37,31,-1,31,37,29,-1,29,37,39,-1,29,39,53,-1,53,39,40,-1,53,40,43,-1,139,145,136,-1,136,145,147,-1,136,147,149,-1,45,47,53,-1,53,47,49,-1,53,49,51,-1,103,101,65,-1,55,52,27,-1,72,70,88,-1,28,27,36,-1,36,27,38,-1,101,99,65,-1,65,99,97,-1,65,97,95,-1,135,133,163,-1,11,9,13,-1,13,9,7,-1,38,27,41,-1,41,27,52,-1,41,52,42,-1,86,84,76,-1,70,68,88,-1,88,68,67,-1,88,67,91,-1,91,67,65,-1,91,65,93,-1,93,65,95,-1,52,50,48,-1,86,76,88,-1,88,76,74,-1,88,74,72,-1,19,17,21,-1,21,17,15,-1,21,15,129,-1,129,15,163,-1,129,163,131,-1,131,163,133,-1,2,3,5,-1,5,3,165,-1,5,165,7,-1,7,165,163,-1,7,163,13,-1,13,163,15,-1,48,46,52,-1,52,46,44,-1,52,44,42,-1,34,32,36,-1,36,32,30,-1,36,30,28,-1,84,82,76,-1,76,82,80,-1,76,80,78,-1,129,127,21,-1,21,127,125,-1,21,125,123,-1,123,121,21,-1,21,121,119,-1,21,119,23,-1,119,117,23,-1,23,117,61,-1,23,61,25,-1,25,61,59,-1,25,59,27,-1,27,59,57,-1,27,57,55,-1,111,63,113,-1,113,63,61,-1,113,61,115,-1,115,61,117,-1,156,154,138,-1,138,154,152,-1,138,152,140,-1,135,163,137,-1,137,163,160,-1,137,160,138,-1,138,160,158,-1,138,158,156,-1,148,146,150,-1,150,146,144,-1,150,144,152,-1,152,144,142,-1,152,142,140,-1,111,109,63,-1,63,109,107,-1,63,107,65,-1,65,107,105,-1,65,105,103,-1,166,167,168,-1,168,167,169,-1,170,166,171,-1,171,166,168,-1,172,170,173,-1,173,170,171,-1,174,172,175,-1,175,172,173,-1,176,174,177,-1,177,174,175,-1,178,176,179,-1,179,176,177,-1,180,178,181,-1,181,178,179,-1,182,180,183,-1,183,180,181,-1,184,182,185,-1,185,182,183,-1,186,184,187,-1,187,184,185,-1,188,186,189,-1,189,186,187,-1,190,188,191,-1,191,188,189,-1,192,190,193,-1,193,190,191,-1,192,193,194,-1,192,194,195,-1,195,194,196,-1,195,196,197,-1,197,196,198,-1,197,198,199,-1,199,198,200,-1,199,200,201,-1,201,200,202,-1,201,202,203,-1,203,202,204,-1,203,204,205,-1,206,205,207,-1,207,205,204,-1,206,207,208,-1,206,208,209,-1,209,208,210,-1,209,210,211,-1,211,210,212,-1,211,212,213,-1,213,212,214,-1,213,214,215,-1,215,214,216,-1,215,216,217,-1,217,216,218,-1,217,218,219,-1,220,219,221,-1,221,219,218,-1,222,220,223,-1,223,220,221,-1,224,222,225,-1,225,222,223,-1,226,224,227,-1,227,224,225,-1,228,226,229,-1,229,226,227,-1,230,228,231,-1,231,228,229,-1,232,230,233,-1,233,230,231,-1,232,233,234,-1,232,234,235,-1,235,234,236,-1,235,236,237,-1,237,236,238,-1,237,238,239,-1,239,238,240,-1,239,240,241,-1,241,240,242,-1,241,242,243,-1,243,242,244,-1,243,244,245,-1,245,244,246,-1,245,246,247,-1,247,246,248,-1,247,248,249,-1,249,248,250,-1,249,250,251,-1,251,250,252,-1,251,252,253,-1,253,252,254,-1,253,254,255,-1,256,255,257,-1,257,255,254,-1,258,256,259,-1,259,256,257,-1,258,259,260,-1,260,259,261,-1,260,261,262,-1,262,261,263,-1,262,263,264,-1,264,263,265,-1,264,265,266,-1,266,265,267,-1,266,267,268,-1,268,267,269,-1,268,269,270,-1,270,269,271,-1,272,270,273,-1,273,270,271,-1,272,273,274,-1,274,273,275,-1,274,275,276,-1,276,275,277,-1,276,277,278,-1,278,277,279,-1,278,279,280,-1,280,279,281,-1,280,281,282,-1,282,281,283,-1,282,283,284,-1,284,283,285,-1,284,285,286,-1,286,285,287,-1,288,286,289,-1,289,286,287,-1,288,289,290,-1,290,289,291,-1,290,291,292,-1,292,291,293,-1,292,293,294,-1,294,293,295,-1,294,295,296,-1,296,295,297,-1,296,297,298,-1,298,297,299,-1,298,299,300,-1,300,299,301,-1,302,300,303,-1,303,300,301,-1,302,303,304,-1,302,304,305,-1,305,304,306,-1,305,306,307,-1,307,306,308,-1,307,308,309,-1,309,308,310,-1,309,310,311,-1,311,310,312,-1,311,312,313,-1,313,312,314,-1,313,314,315,-1,315,314,316,-1,315,316,317,-1,317,316,318,-1,317,318,319,-1,319,318,320,-1,319,320,321,-1,321,320,322,-1,321,322,323,-1,323,322,324,-1,323,324,325,-1,325,324,326,-1,325,326,327,-1,328,327,329,-1,329,327,326,-1,330,328,331,-1,331,328,329,-1,167,330,169,-1,169,330,331,-1,290,292,172,-1,167,166,330,-1,330,166,170,-1,330,170,328,-1,328,170,172,-1,174,176,172,-1,172,176,178,-1,180,182,184,-1,253,255,243,-1,222,224,226,-1,172,292,328,-1,328,292,294,-1,328,294,296,-1,284,286,172,-1,172,286,288,-1,172,288,290,-1,258,260,230,-1,237,255,235,-1,235,255,232,-1,296,298,328,-1,328,298,300,-1,328,300,327,-1,327,300,302,-1,232,255,230,-1,230,255,256,-1,230,256,258,-1,260,262,230,-1,230,262,264,-1,230,264,266,-1,226,195,222,-1,222,195,219,-1,222,219,220,-1,192,195,190,-1,190,195,226,-1,190,226,188,-1,188,226,228,-1,188,228,186,-1,266,268,230,-1,230,268,270,-1,230,270,228,-1,228,270,272,-1,228,272,274,-1,274,276,228,-1,228,276,278,-1,228,278,280,-1,237,239,255,-1,255,239,241,-1,255,241,243,-1,243,245,247,-1,247,249,243,-1,243,249,251,-1,243,251,253,-1,209,211,219,-1,309,311,307,-1,307,311,305,-1,315,317,302,-1,302,317,319,-1,302,319,321,-1,321,323,302,-1,302,323,325,-1,302,325,327,-1,184,186,180,-1,180,186,228,-1,180,228,178,-1,178,228,280,-1,178,280,172,-1,172,280,282,-1,172,282,284,-1,201,203,199,-1,199,203,197,-1,197,203,195,-1,195,203,205,-1,195,205,219,-1,219,205,206,-1,219,206,209,-1,305,311,302,-1,302,311,313,-1,302,313,315,-1,211,213,219,-1,219,213,215,-1,219,215,217,-1,269,267,231,-1,221,218,193,-1,238,236,254,-1,194,193,202,-1,202,193,204,-1,267,265,231,-1,231,265,263,-1,231,263,261,-1,301,299,329,-1,177,175,179,-1,179,175,173,-1,204,193,207,-1,207,193,218,-1,207,218,208,-1,252,250,242,-1,236,234,254,-1,254,234,233,-1,254,233,257,-1,257,233,231,-1,257,231,259,-1,259,231,261,-1,218,216,214,-1,252,242,254,-1,254,242,240,-1,254,240,238,-1,185,183,187,-1,187,183,181,-1,187,181,295,-1,295,181,329,-1,295,329,297,-1,297,329,299,-1,168,169,171,-1,171,169,331,-1,171,331,173,-1,173,331,329,-1,173,329,179,-1,179,329,181,-1,214,212,218,-1,218,212,210,-1,218,210,208,-1,200,198,202,-1,202,198,196,-1,202,196,194,-1,250,248,242,-1,242,248,246,-1,242,246,244,-1,295,293,187,-1,187,293,291,-1,187,291,289,-1,289,287,187,-1,187,287,285,-1,187,285,189,-1,285,283,189,-1,189,283,227,-1,189,227,191,-1,191,227,225,-1,191,225,193,-1,193,225,223,-1,193,223,221,-1,277,229,279,-1,279,229,227,-1,279,227,281,-1,281,227,283,-1,322,320,304,-1,304,320,318,-1,304,318,306,-1,301,329,303,-1,303,329,326,-1,303,326,304,-1,304,326,324,-1,304,324,322,-1,314,312,316,-1,316,312,310,-1,316,310,318,-1,318,310,308,-1,318,308,306,-1,277,275,229,-1,229,275,273,-1,229,273,231,-1,231,273,271,-1,231,271,269,-1,332,333,334,-1,334,333,335,-1,336,332,337,-1,337,332,334,-1,338,336,339,-1,339,336,337,-1,340,338,341,-1,341,338,339,-1,342,340,343,-1,343,340,341,-1,344,342,345,-1,345,342,343,-1,346,344,347,-1,347,344,345,-1,348,346,349,-1,349,346,347,-1,350,348,351,-1,351,348,349,-1,352,350,353,-1,353,350,351,-1,354,352,355,-1,355,352,353,-1,356,354,357,-1,357,354,355,-1,358,356,359,-1,359,356,357,-1,358,359,360,-1,358,360,361,-1,361,360,362,-1,361,362,363,-1,363,362,364,-1,363,364,365,-1,365,364,366,-1,365,366,367,-1,367,366,368,-1,367,368,369,-1,369,368,370,-1,369,370,371,-1,372,371,373,-1,373,371,370,-1,372,373,374,-1,372,374,375,-1,375,374,376,-1,375,376,377,-1,377,376,378,-1,377,378,379,-1,379,378,380,-1,379,380,381,-1,381,380,382,-1,381,382,383,-1,383,382,384,-1,383,384,385,-1,386,385,387,-1,387,385,384,-1,388,386,389,-1,389,386,387,-1,390,388,391,-1,391,388,389,-1,392,390,393,-1,393,390,391,-1,394,392,395,-1,395,392,393,-1,396,394,397,-1,397,394,395,-1,398,396,399,-1,399,396,397,-1,398,399,400,-1,398,400,401,-1,401,400,402,-1,401,402,403,-1,403,402,404,-1,403,404,405,-1,405,404,406,-1,405,406,407,-1,407,406,408,-1,407,408,409,-1,409,408,410,-1,409,410,411,-1,411,410,412,-1,411,412,413,-1,413,412,414,-1,413,414,415,-1,415,414,416,-1,415,416,417,-1,417,416,418,-1,417,418,419,-1,419,418,420,-1,419,420,421,-1,422,421,423,-1,423,421,420,-1,424,422,425,-1,425,422,423,-1,424,425,426,-1,426,425,427,-1,426,427,428,-1,428,427,429,-1,428,429,430,-1,430,429,431,-1,430,431,432,-1,432,431,433,-1,432,433,434,-1,434,433,435,-1,434,435,436,-1,436,435,437,-1,438,436,439,-1,439,436,437,-1,438,439,440,-1,440,439,441,-1,440,441,442,-1,442,441,443,-1,442,443,444,-1,444,443,445,-1,444,445,446,-1,446,445,447,-1,446,447,448,-1,448,447,449,-1,448,449,450,-1,450,449,451,-1,450,451,452,-1,452,451,453,-1,454,452,455,-1,455,452,453,-1,454,455,456,-1,456,455,457,-1,456,457,458,-1,458,457,459,-1,458,459,460,-1,460,459,461,-1,460,461,462,-1,462,461,463,-1,462,463,464,-1,464,463,465,-1,464,465,466,-1,466,465,467,-1,468,466,469,-1,469,466,467,-1,468,469,470,-1,468,470,471,-1,471,470,472,-1,471,472,473,-1,473,472,474,-1,473,474,475,-1,475,474,476,-1,475,476,477,-1,477,476,478,-1,477,478,479,-1,479,478,480,-1,479,480,481,-1,481,480,482,-1,481,482,483,-1,483,482,484,-1,483,484,485,-1,485,484,486,-1,485,486,487,-1,487,486,488,-1,487,488,489,-1,489,488,490,-1,489,490,491,-1,491,490,492,-1,491,492,493,-1,494,493,495,-1,495,493,492,-1,496,494,497,-1,497,494,495,-1,333,496,335,-1,335,496,497,-1,456,458,338,-1,333,332,496,-1,496,332,336,-1,496,336,494,-1,494,336,338,-1,340,342,338,-1,338,342,344,-1,346,348,350,-1,419,421,409,-1,388,390,392,-1,338,458,494,-1,494,458,460,-1,494,460,462,-1,450,452,338,-1,338,452,454,-1,338,454,456,-1,424,426,396,-1,403,421,401,-1,401,421,398,-1,462,464,494,-1,494,464,466,-1,494,466,493,-1,493,466,468,-1,398,421,396,-1,396,421,422,-1,396,422,424,-1,426,428,396,-1,396,428,430,-1,396,430,432,-1,392,361,388,-1,388,361,385,-1,388,385,386,-1,358,361,356,-1,356,361,392,-1,356,392,354,-1,354,392,394,-1,354,394,352,-1,432,434,396,-1,396,434,436,-1,396,436,394,-1,394,436,438,-1,394,438,440,-1,440,442,394,-1,394,442,444,-1,394,444,446,-1,403,405,421,-1,421,405,407,-1,421,407,409,-1,409,411,413,-1,413,415,409,-1,409,415,417,-1,409,417,419,-1,375,377,385,-1,475,477,473,-1,473,477,471,-1,481,483,468,-1,468,483,485,-1,468,485,487,-1,487,489,468,-1,468,489,491,-1,468,491,493,-1,350,352,346,-1,346,352,394,-1,346,394,344,-1,344,394,446,-1,344,446,338,-1,338,446,448,-1,338,448,450,-1,367,369,365,-1,365,369,363,-1,363,369,361,-1,361,369,371,-1,361,371,385,-1,385,371,372,-1,385,372,375,-1,471,477,468,-1,468,477,479,-1,468,479,481,-1,377,379,385,-1,385,379,381,-1,385,381,383,-1,435,433,397,-1,387,384,359,-1,404,402,420,-1,360,359,368,-1,368,359,370,-1,433,431,397,-1,397,431,429,-1,397,429,427,-1,467,465,495,-1,343,341,345,-1,345,341,339,-1,370,359,373,-1,373,359,384,-1,373,384,374,-1,418,416,408,-1,402,400,420,-1,420,400,399,-1,420,399,423,-1,423,399,397,-1,423,397,425,-1,425,397,427,-1,384,382,380,-1,418,408,420,-1,420,408,406,-1,420,406,404,-1,351,349,353,-1,353,349,347,-1,353,347,461,-1,461,347,495,-1,461,495,463,-1,463,495,465,-1,334,335,337,-1,337,335,497,-1,337,497,339,-1,339,497,495,-1,339,495,345,-1,345,495,347,-1,380,378,384,-1,384,378,376,-1,384,376,374,-1,366,364,368,-1,368,364,362,-1,368,362,360,-1,416,414,408,-1,408,414,412,-1,408,412,410,-1,461,459,353,-1,353,459,457,-1,353,457,455,-1,455,453,353,-1,353,453,451,-1,353,451,355,-1,451,449,355,-1,355,449,393,-1,355,393,357,-1,357,393,391,-1,357,391,359,-1,359,391,389,-1,359,389,387,-1,443,395,445,-1,445,395,393,-1,445,393,447,-1,447,393,449,-1,488,486,470,-1,470,486,484,-1,470,484,472,-1,467,495,469,-1,469,495,492,-1,469,492,470,-1,470,492,490,-1,470,490,488,-1,480,478,482,-1,482,478,476,-1,482,476,484,-1,484,476,474,-1,484,474,472,-1,443,441,395,-1,395,441,439,-1,395,439,397,-1,397,439,437,-1,397,437,435,-1,498,499,500,-1,500,499,501,-1,502,498,503,-1,503,498,500,-1,504,502,505,-1,505,502,503,-1,506,504,507,-1,507,504,505,-1,508,506,509,-1,509,506,507,-1,510,508,511,-1,511,508,509,-1,512,510,513,-1,513,510,511,-1,514,512,515,-1,515,512,513,-1,516,514,517,-1,517,514,515,-1,518,516,519,-1,519,516,517,-1,520,518,521,-1,521,518,519,-1,522,520,523,-1,523,520,521,-1,524,522,525,-1,525,522,523,-1,524,525,526,-1,524,526,527,-1,527,526,528,-1,527,528,529,-1,529,528,530,-1,529,530,531,-1,531,530,532,-1,531,532,533,-1,533,532,534,-1,533,534,535,-1,535,534,536,-1,535,536,537,-1,538,537,539,-1,539,537,536,-1,538,539,540,-1,538,540,541,-1,541,540,542,-1,541,542,543,-1,543,542,544,-1,543,544,545,-1,545,544,546,-1,545,546,547,-1,547,546,548,-1,547,548,549,-1,549,548,550,-1,549,550,551,-1,552,551,553,-1,553,551,550,-1,554,552,555,-1,555,552,553,-1,556,554,557,-1,557,554,555,-1,558,556,559,-1,559,556,557,-1,560,558,561,-1,561,558,559,-1,562,560,563,-1,563,560,561,-1,564,562,565,-1,565,562,563,-1,564,565,566,-1,564,566,567,-1,567,566,568,-1,567,568,569,-1,569,568,570,-1,569,570,571,-1,571,570,572,-1,571,572,573,-1,573,572,574,-1,573,574,575,-1,575,574,576,-1,575,576,577,-1,577,576,578,-1,577,578,579,-1,579,578,580,-1,579,580,581,-1,581,580,582,-1,581,582,583,-1,583,582,584,-1,583,584,585,-1,585,584,586,-1,585,586,587,-1,588,587,589,-1,589,587,586,-1,590,588,591,-1,591,588,589,-1,590,591,592,-1,592,591,593,-1,592,593,594,-1,594,593,595,-1,594,595,596,-1,596,595,597,-1,596,597,598,-1,598,597,599,-1,598,599,600,-1,600,599,601,-1,600,601,602,-1,602,601,603,-1,604,602,605,-1,605,602,603,-1,604,605,606,-1,606,605,607,-1,606,607,608,-1,608,607,609,-1,608,609,610,-1,610,609,611,-1,610,611,612,-1,612,611,613,-1,612,613,614,-1,614,613,615,-1,614,615,616,-1,616,615,617,-1,616,617,618,-1,618,617,619,-1,620,618,621,-1,621,618,619,-1,620,621,622,-1,622,621,623,-1,622,623,624,-1,624,623,625,-1,624,625,626,-1,626,625,627,-1,626,627,628,-1,628,627,629,-1,628,629,630,-1,630,629,631,-1,630,631,632,-1,632,631,633,-1,634,632,635,-1,635,632,633,-1,634,635,636,-1,634,636,637,-1,637,636,638,-1,637,638,639,-1,639,638,640,-1,639,640,641,-1,641,640,642,-1,641,642,643,-1,643,642,644,-1,643,644,645,-1,645,644,646,-1,645,646,647,-1,647,646,648,-1,647,648,649,-1,649,648,650,-1,649,650,651,-1,651,650,652,-1,651,652,653,-1,653,652,654,-1,653,654,655,-1,655,654,656,-1,655,656,657,-1,657,656,658,-1,657,658,659,-1,660,659,661,-1,661,659,658,-1,662,660,663,-1,663,660,661,-1,499,662,501,-1,501,662,663,-1,622,624,504,-1,499,498,662,-1,662,498,502,-1,662,502,660,-1,660,502,504,-1,506,508,504,-1,504,508,510,-1,512,514,516,-1,585,587,575,-1,554,556,558,-1,504,624,660,-1,660,624,626,-1,660,626,628,-1,616,618,504,-1,504,618,620,-1,504,620,622,-1,590,592,562,-1,569,587,567,-1,567,587,564,-1,628,630,660,-1,660,630,632,-1,660,632,659,-1,659,632,634,-1,564,587,562,-1,562,587,588,-1,562,588,590,-1,592,594,562,-1,562,594,596,-1,562,596,598,-1,558,527,554,-1,554,527,551,-1,554,551,552,-1,524,527,522,-1,522,527,558,-1,522,558,520,-1,520,558,560,-1,520,560,518,-1,598,600,562,-1,562,600,602,-1,562,602,560,-1,560,602,604,-1,560,604,606,-1,606,608,560,-1,560,608,610,-1,560,610,612,-1,569,571,587,-1,587,571,573,-1,587,573,575,-1,575,577,579,-1,579,581,575,-1,575,581,583,-1,575,583,585,-1,541,543,551,-1,641,643,639,-1,639,643,637,-1,647,649,634,-1,634,649,651,-1,634,651,653,-1,653,655,634,-1,634,655,657,-1,634,657,659,-1,516,518,512,-1,512,518,560,-1,512,560,510,-1,510,560,612,-1,510,612,504,-1,504,612,614,-1,504,614,616,-1,533,535,531,-1,531,535,529,-1,529,535,527,-1,527,535,537,-1,527,537,551,-1,551,537,538,-1,551,538,541,-1,637,643,634,-1,634,643,645,-1,634,645,647,-1,543,545,551,-1,551,545,547,-1,551,547,549,-1,601,599,563,-1,553,550,525,-1,570,568,586,-1,526,525,534,-1,534,525,536,-1,599,597,563,-1,563,597,595,-1,563,595,593,-1,633,631,661,-1,509,507,511,-1,511,507,505,-1,536,525,539,-1,539,525,550,-1,539,550,540,-1,584,582,574,-1,568,566,586,-1,586,566,565,-1,586,565,589,-1,589,565,563,-1,589,563,591,-1,591,563,593,-1,550,548,546,-1,584,574,586,-1,586,574,572,-1,586,572,570,-1,517,515,519,-1,519,515,513,-1,519,513,627,-1,627,513,661,-1,627,661,629,-1,629,661,631,-1,500,501,503,-1,503,501,663,-1,503,663,505,-1,505,663,661,-1,505,661,511,-1,511,661,513,-1,546,544,550,-1,550,544,542,-1,550,542,540,-1,532,530,534,-1,534,530,528,-1,534,528,526,-1,582,580,574,-1,574,580,578,-1,574,578,576,-1,627,625,519,-1,519,625,623,-1,519,623,621,-1,621,619,519,-1,519,619,617,-1,519,617,521,-1,617,615,521,-1,521,615,559,-1,521,559,523,-1,523,559,557,-1,523,557,525,-1,525,557,555,-1,525,555,553,-1,609,561,611,-1,611,561,559,-1,611,559,613,-1,613,559,615,-1,654,652,636,-1,636,652,650,-1,636,650,638,-1,633,661,635,-1,635,661,658,-1,635,658,636,-1,636,658,656,-1,636,656,654,-1,646,644,648,-1,648,644,642,-1,648,642,650,-1,650,642,640,-1,650,640,638,-1,609,607,561,-1,561,607,605,-1,561,605,563,-1,563,605,603,-1,563,603,601,-1,664,665,666,-1,666,665,667,-1,668,664,669,-1,669,664,666,-1,670,668,671,-1,671,668,669,-1,672,670,673,-1,673,670,671,-1,674,672,675,-1,675,672,673,-1,676,674,677,-1,677,674,675,-1,678,676,679,-1,679,676,677,-1,680,678,681,-1,681,678,679,-1,682,680,683,-1,683,680,681,-1,684,682,685,-1,685,682,683,-1,686,684,687,-1,687,684,685,-1,688,686,689,-1,689,686,687,-1,690,688,691,-1,691,688,689,-1,690,691,692,-1,690,692,693,-1,693,692,694,-1,693,694,695,-1,695,694,696,-1,695,696,697,-1,697,696,698,-1,697,698,699,-1,699,698,700,-1,699,700,701,-1,701,700,702,-1,701,702,703,-1,704,703,705,-1,705,703,702,-1,704,705,706,-1,704,706,707,-1,707,706,708,-1,707,708,709,-1,709,708,710,-1,709,710,711,-1,711,710,712,-1,711,712,713,-1,713,712,714,-1,713,714,715,-1,715,714,716,-1,715,716,717,-1,718,717,719,-1,719,717,716,-1,720,718,721,-1,721,718,719,-1,722,720,723,-1,723,720,721,-1,724,722,725,-1,725,722,723,-1,726,724,727,-1,727,724,725,-1,728,726,729,-1,729,726,727,-1,730,728,731,-1,731,728,729,-1,730,731,732,-1,730,732,733,-1,733,732,734,-1,733,734,735,-1,735,734,736,-1,735,736,737,-1,737,736,738,-1,737,738,739,-1,739,738,740,-1,739,740,741,-1,741,740,742,-1,741,742,743,-1,743,742,744,-1,743,744,745,-1,745,744,746,-1,745,746,747,-1,747,746,748,-1,747,748,749,-1,749,748,750,-1,749,750,751,-1,751,750,752,-1,751,752,753,-1,754,753,755,-1,755,753,752,-1,756,754,757,-1,757,754,755,-1,756,757,758,-1,758,757,759,-1,758,759,760,-1,760,759,761,-1,760,761,762,-1,762,761,763,-1,762,763,764,-1,764,763,765,-1,764,765,766,-1,766,765,767,-1,766,767,768,-1,768,767,769,-1,770,768,771,-1,771,768,769,-1,770,771,772,-1,772,771,773,-1,772,773,774,-1,774,773,775,-1,774,775,776,-1,776,775,777,-1,776,777,778,-1,778,777,779,-1,778,779,780,-1,780,779,781,-1,780,781,782,-1,782,781,783,-1,782,783,784,-1,784,783,785,-1,786,784,787,-1,787,784,785,-1,786,787,788,-1,788,787,789,-1,788,789,790,-1,790,789,791,-1,790,791,792,-1,792,791,793,-1,792,793,794,-1,794,793,795,-1,794,795,796,-1,796,795,797,-1,796,797,798,-1,798,797,799,-1,800,798,801,-1,801,798,799,-1,800,801,802,-1,800,802,803,-1,803,802,804,-1,803,804,805,-1,805,804,806,-1,805,806,807,-1,807,806,808,-1,807,808,809,-1,809,808,810,-1,809,810,811,-1,811,810,812,-1,811,812,813,-1,813,812,814,-1,813,814,815,-1,815,814,816,-1,815,816,817,-1,817,816,818,-1,817,818,819,-1,819,818,820,-1,819,820,821,-1,821,820,822,-1,821,822,823,-1,823,822,824,-1,823,824,825,-1,826,825,827,-1,827,825,824,-1,828,826,829,-1,829,826,827,-1,665,828,667,-1,667,828,829,-1,788,790,670,-1,665,664,828,-1,828,664,668,-1,828,668,826,-1,826,668,670,-1,672,674,670,-1,670,674,676,-1,678,680,682,-1,751,753,741,-1,720,722,724,-1,670,790,826,-1,826,790,792,-1,826,792,794,-1,782,784,670,-1,670,784,786,-1,670,786,788,-1,756,758,728,-1,735,753,733,-1,733,753,730,-1,794,796,826,-1,826,796,798,-1,826,798,825,-1,825,798,800,-1,730,753,728,-1,728,753,754,-1,728,754,756,-1,758,760,728,-1,728,760,762,-1,728,762,764,-1,724,693,720,-1,720,693,717,-1,720,717,718,-1,690,693,688,-1,688,693,724,-1,688,724,686,-1,686,724,726,-1,686,726,684,-1,764,766,728,-1,728,766,768,-1,728,768,726,-1,726,768,770,-1,726,770,772,-1,772,774,726,-1,726,774,776,-1,726,776,778,-1,735,737,753,-1,753,737,739,-1,753,739,741,-1,741,743,745,-1,745,747,741,-1,741,747,749,-1,741,749,751,-1,707,709,717,-1,807,809,805,-1,805,809,803,-1,813,815,800,-1,800,815,817,-1,800,817,819,-1,819,821,800,-1,800,821,823,-1,800,823,825,-1,682,684,678,-1,678,684,726,-1,678,726,676,-1,676,726,778,-1,676,778,670,-1,670,778,780,-1,670,780,782,-1,699,701,697,-1,697,701,695,-1,695,701,693,-1,693,701,703,-1,693,703,717,-1,717,703,704,-1,717,704,707,-1,803,809,800,-1,800,809,811,-1,800,811,813,-1,709,711,717,-1,717,711,713,-1,717,713,715,-1,767,765,729,-1,719,716,691,-1,736,734,752,-1,692,691,700,-1,700,691,702,-1,765,763,729,-1,729,763,761,-1,729,761,759,-1,799,797,827,-1,675,673,677,-1,677,673,671,-1,702,691,705,-1,705,691,716,-1,705,716,706,-1,750,748,740,-1,734,732,752,-1,752,732,731,-1,752,731,755,-1,755,731,729,-1,755,729,757,-1,757,729,759,-1,716,714,712,-1,750,740,752,-1,752,740,738,-1,752,738,736,-1,683,681,685,-1,685,681,679,-1,685,679,793,-1,793,679,827,-1,793,827,795,-1,795,827,797,-1,666,667,669,-1,669,667,829,-1,669,829,671,-1,671,829,827,-1,671,827,677,-1,677,827,679,-1,712,710,716,-1,716,710,708,-1,716,708,706,-1,698,696,700,-1,700,696,694,-1,700,694,692,-1,748,746,740,-1,740,746,744,-1,740,744,742,-1,793,791,685,-1,685,791,789,-1,685,789,787,-1,787,785,685,-1,685,785,783,-1,685,783,687,-1,783,781,687,-1,687,781,725,-1,687,725,689,-1,689,725,723,-1,689,723,691,-1,691,723,721,-1,691,721,719,-1,775,727,777,-1,777,727,725,-1,777,725,779,-1,779,725,781,-1,820,818,802,-1,802,818,816,-1,802,816,804,-1,799,827,801,-1,801,827,824,-1,801,824,802,-1,802,824,822,-1,802,822,820,-1,812,810,814,-1,814,810,808,-1,814,808,816,-1,816,808,806,-1,816,806,804,-1,775,773,727,-1,727,773,771,-1,727,771,729,-1,729,771,769,-1,729,769,767,-1,830,831,832,-1,832,831,833,-1,834,830,835,-1,835,830,832,-1,836,834,837,-1,837,834,835,-1,838,836,839,-1,839,836,837,-1,840,838,841,-1,841,838,839,-1,842,840,843,-1,843,840,841,-1,844,842,845,-1,845,842,843,-1,846,844,847,-1,847,844,845,-1,848,846,849,-1,849,846,847,-1,850,848,851,-1,851,848,849,-1,852,850,853,-1,853,850,851,-1,854,852,855,-1,855,852,853,-1,856,854,857,-1,857,854,855,-1,856,857,858,-1,856,858,859,-1,859,858,860,-1,859,860,861,-1,861,860,862,-1,861,862,863,-1,863,862,864,-1,863,864,865,-1,865,864,866,-1,865,866,867,-1,867,866,868,-1,867,868,869,-1,870,869,871,-1,871,869,868,-1,870,871,872,-1,870,872,873,-1,873,872,874,-1,873,874,875,-1,875,874,876,-1,875,876,877,-1,877,876,878,-1,877,878,879,-1,879,878,880,-1,879,880,881,-1,881,880,882,-1,881,882,883,-1,884,883,885,-1,885,883,882,-1,886,884,887,-1,887,884,885,-1,888,886,889,-1,889,886,887,-1,890,888,891,-1,891,888,889,-1,892,890,893,-1,893,890,891,-1,894,892,895,-1,895,892,893,-1,896,894,897,-1,897,894,895,-1,896,897,898,-1,896,898,899,-1,899,898,900,-1,899,900,901,-1,901,900,902,-1,901,902,903,-1,903,902,904,-1,903,904,905,-1,905,904,906,-1,905,906,907,-1,907,906,908,-1,907,908,909,-1,909,908,910,-1,909,910,911,-1,911,910,912,-1,911,912,913,-1,913,912,914,-1,913,914,915,-1,915,914,916,-1,915,916,917,-1,917,916,918,-1,917,918,919,-1,920,919,921,-1,921,919,918,-1,922,920,923,-1,923,920,921,-1,922,923,924,-1,924,923,925,-1,924,925,926,-1,926,925,927,-1,926,927,928,-1,928,927,929,-1,928,929,930,-1,930,929,931,-1,930,931,932,-1,932,931,933,-1,932,933,934,-1,934,933,935,-1,936,934,937,-1,937,934,935,-1,936,937,938,-1,938,937,939,-1,938,939,940,-1,940,939,941,-1,940,941,942,-1,942,941,943,-1,942,943,944,-1,944,943,945,-1,944,945,946,-1,946,945,947,-1,946,947,948,-1,948,947,949,-1,948,949,950,-1,950,949,951,-1,952,950,953,-1,953,950,951,-1,952,953,954,-1,954,953,955,-1,954,955,956,-1,956,955,957,-1,956,957,958,-1,958,957,959,-1,958,959,960,-1,960,959,961,-1,960,961,962,-1,962,961,963,-1,962,963,964,-1,964,963,965,-1,966,964,967,-1,967,964,965,-1,966,967,968,-1,966,968,969,-1,969,968,970,-1,969,970,971,-1,971,970,972,-1,971,972,973,-1,973,972,974,-1,973,974,975,-1,975,974,976,-1,975,976,977,-1,977,976,978,-1,977,978,979,-1,979,978,980,-1,979,980,981,-1,981,980,982,-1,981,982,983,-1,983,982,984,-1,983,984,985,-1,985,984,986,-1,985,986,987,-1,987,986,988,-1,987,988,989,-1,989,988,990,-1,989,990,991,-1,992,991,993,-1,993,991,990,-1,994,992,995,-1,995,992,993,-1,831,994,833,-1,833,994,995,-1,954,956,836,-1,831,830,994,-1,994,830,834,-1,994,834,992,-1,992,834,836,-1,838,840,836,-1,836,840,842,-1,844,846,848,-1,917,919,907,-1,886,888,890,-1,836,956,992,-1,992,956,958,-1,992,958,960,-1,948,950,836,-1,836,950,952,-1,836,952,954,-1,922,924,894,-1,901,919,899,-1,899,919,896,-1,960,962,992,-1,992,962,964,-1,992,964,991,-1,991,964,966,-1,896,919,894,-1,894,919,920,-1,894,920,922,-1,924,926,894,-1,894,926,928,-1,894,928,930,-1,890,859,886,-1,886,859,883,-1,886,883,884,-1,856,859,854,-1,854,859,890,-1,854,890,852,-1,852,890,892,-1,852,892,850,-1,930,932,894,-1,894,932,934,-1,894,934,892,-1,892,934,936,-1,892,936,938,-1,938,940,892,-1,892,940,942,-1,892,942,944,-1,901,903,919,-1,919,903,905,-1,919,905,907,-1,907,909,911,-1,911,913,907,-1,907,913,915,-1,907,915,917,-1,873,875,883,-1,973,975,971,-1,971,975,969,-1,979,981,966,-1,966,981,983,-1,966,983,985,-1,985,987,966,-1,966,987,989,-1,966,989,991,-1,848,850,844,-1,844,850,892,-1,844,892,842,-1,842,892,944,-1,842,944,836,-1,836,944,946,-1,836,946,948,-1,865,867,863,-1,863,867,861,-1,861,867,859,-1,859,867,869,-1,859,869,883,-1,883,869,870,-1,883,870,873,-1,969,975,966,-1,966,975,977,-1,966,977,979,-1,875,877,883,-1,883,877,879,-1,883,879,881,-1,933,931,895,-1,885,882,857,-1,902,900,918,-1,858,857,866,-1,866,857,868,-1,931,929,895,-1,895,929,927,-1,895,927,925,-1,965,963,993,-1,841,839,843,-1,843,839,837,-1,868,857,871,-1,871,857,882,-1,871,882,872,-1,916,914,906,-1,900,898,918,-1,918,898,897,-1,918,897,921,-1,921,897,895,-1,921,895,923,-1,923,895,925,-1,882,880,878,-1,916,906,918,-1,918,906,904,-1,918,904,902,-1,849,847,851,-1,851,847,845,-1,851,845,959,-1,959,845,993,-1,959,993,961,-1,961,993,963,-1,832,833,835,-1,835,833,995,-1,835,995,837,-1,837,995,993,-1,837,993,843,-1,843,993,845,-1,878,876,882,-1,882,876,874,-1,882,874,872,-1,864,862,866,-1,866,862,860,-1,866,860,858,-1,914,912,906,-1,906,912,910,-1,906,910,908,-1,959,957,851,-1,851,957,955,-1,851,955,953,-1,953,951,851,-1,851,951,949,-1,851,949,853,-1,949,947,853,-1,853,947,891,-1,853,891,855,-1,855,891,889,-1,855,889,857,-1,857,889,887,-1,857,887,885,-1,941,893,943,-1,943,893,891,-1,943,891,945,-1,945,891,947,-1,986,984,968,-1,968,984,982,-1,968,982,970,-1,965,993,967,-1,967,993,990,-1,967,990,968,-1,968,990,988,-1,968,988,986,-1,978,976,980,-1,980,976,974,-1,980,974,982,-1,982,974,972,-1,982,972,970,-1,941,939,893,-1,893,939,937,-1,893,937,895,-1,895,937,935,-1,895,935,933,-1,996,997,998,-1,998,997,999,-1,1000,996,1001,-1,1001,996,998,-1,1002,1000,1003,-1,1003,1000,1001,-1,1004,1002,1005,-1,1005,1002,1003,-1,1006,1004,1007,-1,1007,1004,1005,-1,1008,1006,1009,-1,1009,1006,1007,-1,1010,1008,1011,-1,1011,1008,1009,-1,1012,1010,1013,-1,1013,1010,1011,-1,1014,1012,1015,-1,1015,1012,1013,-1,1016,1014,1017,-1,1017,1014,1015,-1,1018,1016,1019,-1,1019,1016,1017,-1,1020,1018,1021,-1,1021,1018,1019,-1,1022,1020,1023,-1,1023,1020,1021,-1,1022,1023,1024,-1,1022,1024,1025,-1,1025,1024,1026,-1,1025,1026,1027,-1,1027,1026,1028,-1,1027,1028,1029,-1,1029,1028,1030,-1,1029,1030,1031,-1,1031,1030,1032,-1,1031,1032,1033,-1,1033,1032,1034,-1,1033,1034,1035,-1,1036,1035,1037,-1,1037,1035,1034,-1,1036,1037,1038,-1,1036,1038,1039,-1,1039,1038,1040,-1,1039,1040,1041,-1,1041,1040,1042,-1,1041,1042,1043,-1,1043,1042,1044,-1,1043,1044,1045,-1,1045,1044,1046,-1,1045,1046,1047,-1,1047,1046,1048,-1,1047,1048,1049,-1,1050,1049,1051,-1,1051,1049,1048,-1,1052,1050,1053,-1,1053,1050,1051,-1,1054,1052,1055,-1,1055,1052,1053,-1,1056,1054,1057,-1,1057,1054,1055,-1,1058,1056,1059,-1,1059,1056,1057,-1,1060,1058,1061,-1,1061,1058,1059,-1,1062,1060,1063,-1,1063,1060,1061,-1,1062,1063,1064,-1,1062,1064,1065,-1,1065,1064,1066,-1,1065,1066,1067,-1,1067,1066,1068,-1,1067,1068,1069,-1,1069,1068,1070,-1,1069,1070,1071,-1,1071,1070,1072,-1,1071,1072,1073,-1,1073,1072,1074,-1,1073,1074,1075,-1,1075,1074,1076,-1,1075,1076,1077,-1,1077,1076,1078,-1,1077,1078,1079,-1,1079,1078,1080,-1,1079,1080,1081,-1,1081,1080,1082,-1,1081,1082,1083,-1,1083,1082,1084,-1,1083,1084,1085,-1,1086,1085,1087,-1,1087,1085,1084,-1,1088,1086,1089,-1,1089,1086,1087,-1,1088,1089,1090,-1,1090,1089,1091,-1,1090,1091,1092,-1,1092,1091,1093,-1,1092,1093,1094,-1,1094,1093,1095,-1,1094,1095,1096,-1,1096,1095,1097,-1,1096,1097,1098,-1,1098,1097,1099,-1,1098,1099,1100,-1,1100,1099,1101,-1,1102,1100,1103,-1,1103,1100,1101,-1,1102,1103,1104,-1,1104,1103,1105,-1,1104,1105,1106,-1,1106,1105,1107,-1,1106,1107,1108,-1,1108,1107,1109,-1,1108,1109,1110,-1,1110,1109,1111,-1,1110,1111,1112,-1,1112,1111,1113,-1,1112,1113,1114,-1,1114,1113,1115,-1,1114,1115,1116,-1,1116,1115,1117,-1,1118,1116,1119,-1,1119,1116,1117,-1,1118,1119,1120,-1,1120,1119,1121,-1,1120,1121,1122,-1,1122,1121,1123,-1,1122,1123,1124,-1,1124,1123,1125,-1,1124,1125,1126,-1,1126,1125,1127,-1,1126,1127,1128,-1,1128,1127,1129,-1,1128,1129,1130,-1,1130,1129,1131,-1,1132,1130,1133,-1,1133,1130,1131,-1,1132,1133,1134,-1,1132,1134,1135,-1,1135,1134,1136,-1,1135,1136,1137,-1,1137,1136,1138,-1,1137,1138,1139,-1,1139,1138,1140,-1,1139,1140,1141,-1,1141,1140,1142,-1,1141,1142,1143,-1,1143,1142,1144,-1,1143,1144,1145,-1,1145,1144,1146,-1,1145,1146,1147,-1,1147,1146,1148,-1,1147,1148,1149,-1,1149,1148,1150,-1,1149,1150,1151,-1,1151,1150,1152,-1,1151,1152,1153,-1,1153,1152,1154,-1,1153,1154,1155,-1,1155,1154,1156,-1,1155,1156,1157,-1,1158,1157,1159,-1,1159,1157,1156,-1,1160,1158,1161,-1,1161,1158,1159,-1,997,1160,999,-1,999,1160,1161,-1,1120,1122,1002,-1,997,996,1160,-1,1160,996,1000,-1,1160,1000,1158,-1,1158,1000,1002,-1,1004,1006,1002,-1,1002,1006,1008,-1,1010,1012,1014,-1,1083,1085,1073,-1,1052,1054,1056,-1,1002,1122,1158,-1,1158,1122,1124,-1,1158,1124,1126,-1,1114,1116,1002,-1,1002,1116,1118,-1,1002,1118,1120,-1,1088,1090,1060,-1,1067,1085,1065,-1,1065,1085,1062,-1,1126,1128,1158,-1,1158,1128,1130,-1,1158,1130,1157,-1,1157,1130,1132,-1,1062,1085,1060,-1,1060,1085,1086,-1,1060,1086,1088,-1,1090,1092,1060,-1,1060,1092,1094,-1,1060,1094,1096,-1,1056,1025,1052,-1,1052,1025,1049,-1,1052,1049,1050,-1,1022,1025,1020,-1,1020,1025,1056,-1,1020,1056,1018,-1,1018,1056,1058,-1,1018,1058,1016,-1,1096,1098,1060,-1,1060,1098,1100,-1,1060,1100,1058,-1,1058,1100,1102,-1,1058,1102,1104,-1,1104,1106,1058,-1,1058,1106,1108,-1,1058,1108,1110,-1,1067,1069,1085,-1,1085,1069,1071,-1,1085,1071,1073,-1,1073,1075,1077,-1,1077,1079,1073,-1,1073,1079,1081,-1,1073,1081,1083,-1,1039,1041,1049,-1,1139,1141,1137,-1,1137,1141,1135,-1,1145,1147,1132,-1,1132,1147,1149,-1,1132,1149,1151,-1,1151,1153,1132,-1,1132,1153,1155,-1,1132,1155,1157,-1,1014,1016,1010,-1,1010,1016,1058,-1,1010,1058,1008,-1,1008,1058,1110,-1,1008,1110,1002,-1,1002,1110,1112,-1,1002,1112,1114,-1,1031,1033,1029,-1,1029,1033,1027,-1,1027,1033,1025,-1,1025,1033,1035,-1,1025,1035,1049,-1,1049,1035,1036,-1,1049,1036,1039,-1,1135,1141,1132,-1,1132,1141,1143,-1,1132,1143,1145,-1,1041,1043,1049,-1,1049,1043,1045,-1,1049,1045,1047,-1,1099,1097,1061,-1,1051,1048,1023,-1,1068,1066,1084,-1,1024,1023,1032,-1,1032,1023,1034,-1,1097,1095,1061,-1,1061,1095,1093,-1,1061,1093,1091,-1,1131,1129,1159,-1,1007,1005,1009,-1,1009,1005,1003,-1,1034,1023,1037,-1,1037,1023,1048,-1,1037,1048,1038,-1,1082,1080,1072,-1,1066,1064,1084,-1,1084,1064,1063,-1,1084,1063,1087,-1,1087,1063,1061,-1,1087,1061,1089,-1,1089,1061,1091,-1,1048,1046,1044,-1,1082,1072,1084,-1,1084,1072,1070,-1,1084,1070,1068,-1,1015,1013,1017,-1,1017,1013,1011,-1,1017,1011,1125,-1,1125,1011,1159,-1,1125,1159,1127,-1,1127,1159,1129,-1,998,999,1001,-1,1001,999,1161,-1,1001,1161,1003,-1,1003,1161,1159,-1,1003,1159,1009,-1,1009,1159,1011,-1,1044,1042,1048,-1,1048,1042,1040,-1,1048,1040,1038,-1,1030,1028,1032,-1,1032,1028,1026,-1,1032,1026,1024,-1,1080,1078,1072,-1,1072,1078,1076,-1,1072,1076,1074,-1,1125,1123,1017,-1,1017,1123,1121,-1,1017,1121,1119,-1,1119,1117,1017,-1,1017,1117,1115,-1,1017,1115,1019,-1,1115,1113,1019,-1,1019,1113,1057,-1,1019,1057,1021,-1,1021,1057,1055,-1,1021,1055,1023,-1,1023,1055,1053,-1,1023,1053,1051,-1,1107,1059,1109,-1,1109,1059,1057,-1,1109,1057,1111,-1,1111,1057,1113,-1,1152,1150,1134,-1,1134,1150,1148,-1,1134,1148,1136,-1,1131,1159,1133,-1,1133,1159,1156,-1,1133,1156,1134,-1,1134,1156,1154,-1,1134,1154,1152,-1,1144,1142,1146,-1,1146,1142,1140,-1,1146,1140,1148,-1,1148,1140,1138,-1,1148,1138,1136,-1,1107,1105,1059,-1,1059,1105,1103,-1,1059,1103,1061,-1,1061,1103,1101,-1,1061,1101,1099,-1,1162,1163,1164,-1,1164,1163,1165,-1,1166,1162,1167,-1,1167,1162,1164,-1,1168,1166,1169,-1,1169,1166,1167,-1,1170,1168,1171,-1,1171,1168,1169,-1,1172,1170,1173,-1,1173,1170,1171,-1,1174,1172,1175,-1,1175,1172,1173,-1,1176,1174,1177,-1,1177,1174,1175,-1,1178,1176,1179,-1,1179,1176,1177,-1,1180,1178,1181,-1,1181,1178,1179,-1,1182,1180,1183,-1,1183,1180,1181,-1,1184,1182,1185,-1,1185,1182,1183,-1,1186,1184,1187,-1,1187,1184,1185,-1,1188,1186,1189,-1,1189,1186,1187,-1,1188,1189,1190,-1,1188,1190,1191,-1,1191,1190,1192,-1,1191,1192,1193,-1,1193,1192,1194,-1,1193,1194,1195,-1,1195,1194,1196,-1,1195,1196,1197,-1,1197,1196,1198,-1,1197,1198,1199,-1,1199,1198,1200,-1,1199,1200,1201,-1,1202,1201,1203,-1,1203,1201,1200,-1,1202,1203,1204,-1,1202,1204,1205,-1,1205,1204,1206,-1,1205,1206,1207,-1,1207,1206,1208,-1,1207,1208,1209,-1,1209,1208,1210,-1,1209,1210,1211,-1,1211,1210,1212,-1,1211,1212,1213,-1,1213,1212,1214,-1,1213,1214,1215,-1,1216,1215,1217,-1,1217,1215,1214,-1,1218,1216,1219,-1,1219,1216,1217,-1,1220,1218,1221,-1,1221,1218,1219,-1,1222,1220,1223,-1,1223,1220,1221,-1,1224,1222,1225,-1,1225,1222,1223,-1,1226,1224,1227,-1,1227,1224,1225,-1,1228,1226,1229,-1,1229,1226,1227,-1,1228,1229,1230,-1,1228,1230,1231,-1,1231,1230,1232,-1,1231,1232,1233,-1,1233,1232,1234,-1,1233,1234,1235,-1,1235,1234,1236,-1,1235,1236,1237,-1,1237,1236,1238,-1,1237,1238,1239,-1,1239,1238,1240,-1,1239,1240,1241,-1,1241,1240,1242,-1,1241,1242,1243,-1,1243,1242,1244,-1,1243,1244,1245,-1,1245,1244,1246,-1,1245,1246,1247,-1,1247,1246,1248,-1,1247,1248,1249,-1,1249,1248,1250,-1,1249,1250,1251,-1,1252,1251,1253,-1,1253,1251,1250,-1,1254,1252,1255,-1,1255,1252,1253,-1,1254,1255,1256,-1,1256,1255,1257,-1,1256,1257,1258,-1,1258,1257,1259,-1,1258,1259,1260,-1,1260,1259,1261,-1,1260,1261,1262,-1,1262,1261,1263,-1,1262,1263,1264,-1,1264,1263,1265,-1,1264,1265,1266,-1,1266,1265,1267,-1,1268,1266,1269,-1,1269,1266,1267,-1,1268,1269,1270,-1,1270,1269,1271,-1,1270,1271,1272,-1,1272,1271,1273,-1,1272,1273,1274,-1,1274,1273,1275,-1,1274,1275,1276,-1,1276,1275,1277,-1,1276,1277,1278,-1,1278,1277,1279,-1,1278,1279,1280,-1,1280,1279,1281,-1,1280,1281,1282,-1,1282,1281,1283,-1,1284,1282,1285,-1,1285,1282,1283,-1,1284,1285,1286,-1,1286,1285,1287,-1,1286,1287,1288,-1,1288,1287,1289,-1,1288,1289,1290,-1,1290,1289,1291,-1,1290,1291,1292,-1,1292,1291,1293,-1,1292,1293,1294,-1,1294,1293,1295,-1,1294,1295,1296,-1,1296,1295,1297,-1,1298,1296,1299,-1,1299,1296,1297,-1,1298,1299,1300,-1,1298,1300,1301,-1,1301,1300,1302,-1,1301,1302,1303,-1,1303,1302,1304,-1,1303,1304,1305,-1,1305,1304,1306,-1,1305,1306,1307,-1,1307,1306,1308,-1,1307,1308,1309,-1,1309,1308,1310,-1,1309,1310,1311,-1,1311,1310,1312,-1,1311,1312,1313,-1,1313,1312,1314,-1,1313,1314,1315,-1,1315,1314,1316,-1,1315,1316,1317,-1,1317,1316,1318,-1,1317,1318,1319,-1,1319,1318,1320,-1,1319,1320,1321,-1,1321,1320,1322,-1,1321,1322,1323,-1,1324,1323,1325,-1,1325,1323,1322,-1,1326,1324,1327,-1,1327,1324,1325,-1,1163,1326,1165,-1,1165,1326,1327,-1,1286,1288,1168,-1,1163,1162,1326,-1,1326,1162,1166,-1,1326,1166,1324,-1,1324,1166,1168,-1,1170,1172,1168,-1,1168,1172,1174,-1,1176,1178,1180,-1,1249,1251,1239,-1,1218,1220,1222,-1,1168,1288,1324,-1,1324,1288,1290,-1,1324,1290,1292,-1,1280,1282,1168,-1,1168,1282,1284,-1,1168,1284,1286,-1,1254,1256,1226,-1,1233,1251,1231,-1,1231,1251,1228,-1,1292,1294,1324,-1,1324,1294,1296,-1,1324,1296,1323,-1,1323,1296,1298,-1,1228,1251,1226,-1,1226,1251,1252,-1,1226,1252,1254,-1,1256,1258,1226,-1,1226,1258,1260,-1,1226,1260,1262,-1,1222,1191,1218,-1,1218,1191,1215,-1,1218,1215,1216,-1,1188,1191,1186,-1,1186,1191,1222,-1,1186,1222,1184,-1,1184,1222,1224,-1,1184,1224,1182,-1,1262,1264,1226,-1,1226,1264,1266,-1,1226,1266,1224,-1,1224,1266,1268,-1,1224,1268,1270,-1,1270,1272,1224,-1,1224,1272,1274,-1,1224,1274,1276,-1,1233,1235,1251,-1,1251,1235,1237,-1,1251,1237,1239,-1,1239,1241,1243,-1,1243,1245,1239,-1,1239,1245,1247,-1,1239,1247,1249,-1,1205,1207,1215,-1,1305,1307,1303,-1,1303,1307,1301,-1,1311,1313,1298,-1,1298,1313,1315,-1,1298,1315,1317,-1,1317,1319,1298,-1,1298,1319,1321,-1,1298,1321,1323,-1,1180,1182,1176,-1,1176,1182,1224,-1,1176,1224,1174,-1,1174,1224,1276,-1,1174,1276,1168,-1,1168,1276,1278,-1,1168,1278,1280,-1,1197,1199,1195,-1,1195,1199,1193,-1,1193,1199,1191,-1,1191,1199,1201,-1,1191,1201,1215,-1,1215,1201,1202,-1,1215,1202,1205,-1,1301,1307,1298,-1,1298,1307,1309,-1,1298,1309,1311,-1,1207,1209,1215,-1,1215,1209,1211,-1,1215,1211,1213,-1,1265,1263,1227,-1,1217,1214,1189,-1,1234,1232,1250,-1,1190,1189,1198,-1,1198,1189,1200,-1,1263,1261,1227,-1,1227,1261,1259,-1,1227,1259,1257,-1,1297,1295,1325,-1,1173,1171,1175,-1,1175,1171,1169,-1,1200,1189,1203,-1,1203,1189,1214,-1,1203,1214,1204,-1,1248,1246,1238,-1,1232,1230,1250,-1,1250,1230,1229,-1,1250,1229,1253,-1,1253,1229,1227,-1,1253,1227,1255,-1,1255,1227,1257,-1,1214,1212,1210,-1,1248,1238,1250,-1,1250,1238,1236,-1,1250,1236,1234,-1,1181,1179,1183,-1,1183,1179,1177,-1,1183,1177,1291,-1,1291,1177,1325,-1,1291,1325,1293,-1,1293,1325,1295,-1,1164,1165,1167,-1,1167,1165,1327,-1,1167,1327,1169,-1,1169,1327,1325,-1,1169,1325,1175,-1,1175,1325,1177,-1,1210,1208,1214,-1,1214,1208,1206,-1,1214,1206,1204,-1,1196,1194,1198,-1,1198,1194,1192,-1,1198,1192,1190,-1,1246,1244,1238,-1,1238,1244,1242,-1,1238,1242,1240,-1,1291,1289,1183,-1,1183,1289,1287,-1,1183,1287,1285,-1,1285,1283,1183,-1,1183,1283,1281,-1,1183,1281,1185,-1,1281,1279,1185,-1,1185,1279,1223,-1,1185,1223,1187,-1,1187,1223,1221,-1,1187,1221,1189,-1,1189,1221,1219,-1,1189,1219,1217,-1,1273,1225,1275,-1,1275,1225,1223,-1,1275,1223,1277,-1,1277,1223,1279,-1,1318,1316,1300,-1,1300,1316,1314,-1,1300,1314,1302,-1,1297,1325,1299,-1,1299,1325,1322,-1,1299,1322,1300,-1,1300,1322,1320,-1,1300,1320,1318,-1,1310,1308,1312,-1,1312,1308,1306,-1,1312,1306,1314,-1,1314,1306,1304,-1,1314,1304,1302,-1,1273,1271,1225,-1,1225,1271,1269,-1,1225,1269,1227,-1,1227,1269,1267,-1,1227,1267,1265,-1,1328,1329,1330,-1,1330,1329,1331,-1,1332,1328,1333,-1,1333,1328,1330,-1,1334,1332,1335,-1,1335,1332,1333,-1,1336,1334,1337,-1,1337,1334,1335,-1,1338,1336,1339,-1,1339,1336,1337,-1,1340,1338,1341,-1,1341,1338,1339,-1,1342,1340,1343,-1,1343,1340,1341,-1,1344,1342,1345,-1,1345,1342,1343,-1,1346,1344,1347,-1,1347,1344,1345,-1,1348,1346,1349,-1,1349,1346,1347,-1,1350,1348,1351,-1,1351,1348,1349,-1,1352,1350,1353,-1,1353,1350,1351,-1,1354,1352,1355,-1,1355,1352,1353,-1,1354,1355,1356,-1,1354,1356,1357,-1,1357,1356,1358,-1,1357,1358,1359,-1,1359,1358,1360,-1,1359,1360,1361,-1,1361,1360,1362,-1,1361,1362,1363,-1,1363,1362,1364,-1,1363,1364,1365,-1,1365,1364,1366,-1,1365,1366,1367,-1,1368,1367,1369,-1,1369,1367,1366,-1,1368,1369,1370,-1,1368,1370,1371,-1,1371,1370,1372,-1,1371,1372,1373,-1,1373,1372,1374,-1,1373,1374,1375,-1,1375,1374,1376,-1,1375,1376,1377,-1,1377,1376,1378,-1,1377,1378,1379,-1,1379,1378,1380,-1,1379,1380,1381,-1,1382,1381,1383,-1,1383,1381,1380,-1,1384,1382,1385,-1,1385,1382,1383,-1,1386,1384,1387,-1,1387,1384,1385,-1,1388,1386,1389,-1,1389,1386,1387,-1,1390,1388,1391,-1,1391,1388,1389,-1,1392,1390,1393,-1,1393,1390,1391,-1,1394,1392,1395,-1,1395,1392,1393,-1,1394,1395,1396,-1,1394,1396,1397,-1,1397,1396,1398,-1,1397,1398,1399,-1,1399,1398,1400,-1,1399,1400,1401,-1,1401,1400,1402,-1,1401,1402,1403,-1,1403,1402,1404,-1,1403,1404,1405,-1,1405,1404,1406,-1,1405,1406,1407,-1,1407,1406,1408,-1,1407,1408,1409,-1,1409,1408,1410,-1,1409,1410,1411,-1,1411,1410,1412,-1,1411,1412,1413,-1,1413,1412,1414,-1,1413,1414,1415,-1,1415,1414,1416,-1,1415,1416,1417,-1,1418,1417,1419,-1,1419,1417,1416,-1,1420,1418,1421,-1,1421,1418,1419,-1,1420,1421,1422,-1,1422,1421,1423,-1,1422,1423,1424,-1,1424,1423,1425,-1,1424,1425,1426,-1,1426,1425,1427,-1,1426,1427,1428,-1,1428,1427,1429,-1,1428,1429,1430,-1,1430,1429,1431,-1,1430,1431,1432,-1,1432,1431,1433,-1,1434,1432,1435,-1,1435,1432,1433,-1,1434,1435,1436,-1,1436,1435,1437,-1,1436,1437,1438,-1,1438,1437,1439,-1,1438,1439,1440,-1,1440,1439,1441,-1,1440,1441,1442,-1,1442,1441,1443,-1,1442,1443,1444,-1,1444,1443,1445,-1,1444,1445,1446,-1,1446,1445,1447,-1,1446,1447,1448,-1,1448,1447,1449,-1,1450,1448,1451,-1,1451,1448,1449,-1,1450,1451,1452,-1,1452,1451,1453,-1,1452,1453,1454,-1,1454,1453,1455,-1,1454,1455,1456,-1,1456,1455,1457,-1,1456,1457,1458,-1,1458,1457,1459,-1,1458,1459,1460,-1,1460,1459,1461,-1,1460,1461,1462,-1,1462,1461,1463,-1,1464,1462,1465,-1,1465,1462,1463,-1,1464,1465,1466,-1,1464,1466,1467,-1,1467,1466,1468,-1,1467,1468,1469,-1,1469,1468,1470,-1,1469,1470,1471,-1,1471,1470,1472,-1,1471,1472,1473,-1,1473,1472,1474,-1,1473,1474,1475,-1,1475,1474,1476,-1,1475,1476,1477,-1,1477,1476,1478,-1,1477,1478,1479,-1,1479,1478,1480,-1,1479,1480,1481,-1,1481,1480,1482,-1,1481,1482,1483,-1,1483,1482,1484,-1,1483,1484,1485,-1,1485,1484,1486,-1,1485,1486,1487,-1,1487,1486,1488,-1,1487,1488,1489,-1,1490,1489,1491,-1,1491,1489,1488,-1,1492,1490,1493,-1,1493,1490,1491,-1,1329,1492,1331,-1,1331,1492,1493,-1,1452,1454,1334,-1,1329,1328,1492,-1,1492,1328,1332,-1,1492,1332,1490,-1,1490,1332,1334,-1,1336,1338,1334,-1,1334,1338,1340,-1,1342,1344,1346,-1,1415,1417,1405,-1,1384,1386,1388,-1,1334,1454,1490,-1,1490,1454,1456,-1,1490,1456,1458,-1,1446,1448,1334,-1,1334,1448,1450,-1,1334,1450,1452,-1,1420,1422,1392,-1,1399,1417,1397,-1,1397,1417,1394,-1,1458,1460,1490,-1,1490,1460,1462,-1,1490,1462,1489,-1,1489,1462,1464,-1,1394,1417,1392,-1,1392,1417,1418,-1,1392,1418,1420,-1,1422,1424,1392,-1,1392,1424,1426,-1,1392,1426,1428,-1,1388,1357,1384,-1,1384,1357,1381,-1,1384,1381,1382,-1,1354,1357,1352,-1,1352,1357,1388,-1,1352,1388,1350,-1,1350,1388,1390,-1,1350,1390,1348,-1,1428,1430,1392,-1,1392,1430,1432,-1,1392,1432,1390,-1,1390,1432,1434,-1,1390,1434,1436,-1,1436,1438,1390,-1,1390,1438,1440,-1,1390,1440,1442,-1,1399,1401,1417,-1,1417,1401,1403,-1,1417,1403,1405,-1,1405,1407,1409,-1,1409,1411,1405,-1,1405,1411,1413,-1,1405,1413,1415,-1,1371,1373,1381,-1,1471,1473,1469,-1,1469,1473,1467,-1,1477,1479,1464,-1,1464,1479,1481,-1,1464,1481,1483,-1,1483,1485,1464,-1,1464,1485,1487,-1,1464,1487,1489,-1,1346,1348,1342,-1,1342,1348,1390,-1,1342,1390,1340,-1,1340,1390,1442,-1,1340,1442,1334,-1,1334,1442,1444,-1,1334,1444,1446,-1,1363,1365,1361,-1,1361,1365,1359,-1,1359,1365,1357,-1,1357,1365,1367,-1,1357,1367,1381,-1,1381,1367,1368,-1,1381,1368,1371,-1,1467,1473,1464,-1,1464,1473,1475,-1,1464,1475,1477,-1,1373,1375,1381,-1,1381,1375,1377,-1,1381,1377,1379,-1,1431,1429,1393,-1,1383,1380,1355,-1,1400,1398,1416,-1,1356,1355,1364,-1,1364,1355,1366,-1,1429,1427,1393,-1,1393,1427,1425,-1,1393,1425,1423,-1,1463,1461,1491,-1,1339,1337,1341,-1,1341,1337,1335,-1,1366,1355,1369,-1,1369,1355,1380,-1,1369,1380,1370,-1,1414,1412,1404,-1,1398,1396,1416,-1,1416,1396,1395,-1,1416,1395,1419,-1,1419,1395,1393,-1,1419,1393,1421,-1,1421,1393,1423,-1,1380,1378,1376,-1,1414,1404,1416,-1,1416,1404,1402,-1,1416,1402,1400,-1,1347,1345,1349,-1,1349,1345,1343,-1,1349,1343,1457,-1,1457,1343,1491,-1,1457,1491,1459,-1,1459,1491,1461,-1,1330,1331,1333,-1,1333,1331,1493,-1,1333,1493,1335,-1,1335,1493,1491,-1,1335,1491,1341,-1,1341,1491,1343,-1,1376,1374,1380,-1,1380,1374,1372,-1,1380,1372,1370,-1,1362,1360,1364,-1,1364,1360,1358,-1,1364,1358,1356,-1,1412,1410,1404,-1,1404,1410,1408,-1,1404,1408,1406,-1,1457,1455,1349,-1,1349,1455,1453,-1,1349,1453,1451,-1,1451,1449,1349,-1,1349,1449,1447,-1,1349,1447,1351,-1,1447,1445,1351,-1,1351,1445,1389,-1,1351,1389,1353,-1,1353,1389,1387,-1,1353,1387,1355,-1,1355,1387,1385,-1,1355,1385,1383,-1,1439,1391,1441,-1,1441,1391,1389,-1,1441,1389,1443,-1,1443,1389,1445,-1,1484,1482,1466,-1,1466,1482,1480,-1,1466,1480,1468,-1,1463,1491,1465,-1,1465,1491,1488,-1,1465,1488,1466,-1,1466,1488,1486,-1,1466,1486,1484,-1,1476,1474,1478,-1,1478,1474,1472,-1,1478,1472,1480,-1,1480,1472,1470,-1,1480,1470,1468,-1,1439,1437,1391,-1,1391,1437,1435,-1,1391,1435,1393,-1,1393,1435,1433,-1,1393,1433,1431,-1,1494,1495,1496,-1,1496,1495,1497,-1,1498,1494,1499,-1,1499,1494,1496,-1,1500,1498,1501,-1,1501,1498,1499,-1,1502,1500,1503,-1,1503,1500,1501,-1,1504,1502,1505,-1,1505,1502,1503,-1,1506,1504,1507,-1,1507,1504,1505,-1,1508,1506,1509,-1,1509,1506,1507,-1,1510,1508,1511,-1,1511,1508,1509,-1,1512,1510,1513,-1,1513,1510,1511,-1,1514,1512,1515,-1,1515,1512,1513,-1,1516,1514,1517,-1,1517,1514,1515,-1,1518,1516,1519,-1,1519,1516,1517,-1,1520,1518,1521,-1,1521,1518,1519,-1,1520,1521,1522,-1,1520,1522,1523,-1,1523,1522,1524,-1,1523,1524,1525,-1,1525,1524,1526,-1,1525,1526,1527,-1,1527,1526,1528,-1,1527,1528,1529,-1,1529,1528,1530,-1,1529,1530,1531,-1,1531,1530,1532,-1,1531,1532,1533,-1,1534,1533,1535,-1,1535,1533,1532,-1,1534,1535,1536,-1,1534,1536,1537,-1,1537,1536,1538,-1,1537,1538,1539,-1,1539,1538,1540,-1,1539,1540,1541,-1,1541,1540,1542,-1,1541,1542,1543,-1,1543,1542,1544,-1,1543,1544,1545,-1,1545,1544,1546,-1,1545,1546,1547,-1,1548,1547,1549,-1,1549,1547,1546,-1,1550,1548,1551,-1,1551,1548,1549,-1,1552,1550,1553,-1,1553,1550,1551,-1,1554,1552,1555,-1,1555,1552,1553,-1,1556,1554,1557,-1,1557,1554,1555,-1,1558,1556,1559,-1,1559,1556,1557,-1,1560,1558,1561,-1,1561,1558,1559,-1,1560,1561,1562,-1,1560,1562,1563,-1,1563,1562,1564,-1,1563,1564,1565,-1,1565,1564,1566,-1,1565,1566,1567,-1,1567,1566,1568,-1,1567,1568,1569,-1,1569,1568,1570,-1,1569,1570,1571,-1,1571,1570,1572,-1,1571,1572,1573,-1,1573,1572,1574,-1,1573,1574,1575,-1,1575,1574,1576,-1,1575,1576,1577,-1,1577,1576,1578,-1,1577,1578,1579,-1,1579,1578,1580,-1,1579,1580,1581,-1,1581,1580,1582,-1,1581,1582,1583,-1,1584,1583,1585,-1,1585,1583,1582,-1,1586,1584,1587,-1,1587,1584,1585,-1,1586,1587,1588,-1,1588,1587,1589,-1,1588,1589,1590,-1,1590,1589,1591,-1,1590,1591,1592,-1,1592,1591,1593,-1,1592,1593,1594,-1,1594,1593,1595,-1,1594,1595,1596,-1,1596,1595,1597,-1,1596,1597,1598,-1,1598,1597,1599,-1,1600,1598,1601,-1,1601,1598,1599,-1,1600,1601,1602,-1,1602,1601,1603,-1,1602,1603,1604,-1,1604,1603,1605,-1,1604,1605,1606,-1,1606,1605,1607,-1,1606,1607,1608,-1,1608,1607,1609,-1,1608,1609,1610,-1,1610,1609,1611,-1,1610,1611,1612,-1,1612,1611,1613,-1,1612,1613,1614,-1,1614,1613,1615,-1,1616,1614,1617,-1,1617,1614,1615,-1,1616,1617,1618,-1,1618,1617,1619,-1,1618,1619,1620,-1,1620,1619,1621,-1,1620,1621,1622,-1,1622,1621,1623,-1,1622,1623,1624,-1,1624,1623,1625,-1,1624,1625,1626,-1,1626,1625,1627,-1,1626,1627,1628,-1,1628,1627,1629,-1,1630,1628,1631,-1,1631,1628,1629,-1,1630,1631,1632,-1,1630,1632,1633,-1,1633,1632,1634,-1,1633,1634,1635,-1,1635,1634,1636,-1,1635,1636,1637,-1,1637,1636,1638,-1,1637,1638,1639,-1,1639,1638,1640,-1,1639,1640,1641,-1,1641,1640,1642,-1,1641,1642,1643,-1,1643,1642,1644,-1,1643,1644,1645,-1,1645,1644,1646,-1,1645,1646,1647,-1,1647,1646,1648,-1,1647,1648,1649,-1,1649,1648,1650,-1,1649,1650,1651,-1,1651,1650,1652,-1,1651,1652,1653,-1,1653,1652,1654,-1,1653,1654,1655,-1,1656,1655,1657,-1,1657,1655,1654,-1,1658,1656,1659,-1,1659,1656,1657,-1,1495,1658,1497,-1,1497,1658,1659,-1,1618,1620,1500,-1,1495,1494,1658,-1,1658,1494,1498,-1,1658,1498,1656,-1,1656,1498,1500,-1,1502,1504,1500,-1,1500,1504,1506,-1,1508,1510,1512,-1,1581,1583,1571,-1,1550,1552,1554,-1,1500,1620,1656,-1,1656,1620,1622,-1,1656,1622,1624,-1,1612,1614,1500,-1,1500,1614,1616,-1,1500,1616,1618,-1,1586,1588,1558,-1,1565,1583,1563,-1,1563,1583,1560,-1,1624,1626,1656,-1,1656,1626,1628,-1,1656,1628,1655,-1,1655,1628,1630,-1,1560,1583,1558,-1,1558,1583,1584,-1,1558,1584,1586,-1,1588,1590,1558,-1,1558,1590,1592,-1,1558,1592,1594,-1,1554,1523,1550,-1,1550,1523,1547,-1,1550,1547,1548,-1,1520,1523,1518,-1,1518,1523,1554,-1,1518,1554,1516,-1,1516,1554,1556,-1,1516,1556,1514,-1,1594,1596,1558,-1,1558,1596,1598,-1,1558,1598,1556,-1,1556,1598,1600,-1,1556,1600,1602,-1,1602,1604,1556,-1,1556,1604,1606,-1,1556,1606,1608,-1,1565,1567,1583,-1,1583,1567,1569,-1,1583,1569,1571,-1,1571,1573,1575,-1,1575,1577,1571,-1,1571,1577,1579,-1,1571,1579,1581,-1,1537,1539,1547,-1,1637,1639,1635,-1,1635,1639,1633,-1,1643,1645,1630,-1,1630,1645,1647,-1,1630,1647,1649,-1,1649,1651,1630,-1,1630,1651,1653,-1,1630,1653,1655,-1,1512,1514,1508,-1,1508,1514,1556,-1,1508,1556,1506,-1,1506,1556,1608,-1,1506,1608,1500,-1,1500,1608,1610,-1,1500,1610,1612,-1,1529,1531,1527,-1,1527,1531,1525,-1,1525,1531,1523,-1,1523,1531,1533,-1,1523,1533,1547,-1,1547,1533,1534,-1,1547,1534,1537,-1,1633,1639,1630,-1,1630,1639,1641,-1,1630,1641,1643,-1,1539,1541,1547,-1,1547,1541,1543,-1,1547,1543,1545,-1,1597,1595,1559,-1,1549,1546,1521,-1,1566,1564,1582,-1,1522,1521,1530,-1,1530,1521,1532,-1,1595,1593,1559,-1,1559,1593,1591,-1,1559,1591,1589,-1,1629,1627,1657,-1,1505,1503,1507,-1,1507,1503,1501,-1,1532,1521,1535,-1,1535,1521,1546,-1,1535,1546,1536,-1,1580,1578,1570,-1,1564,1562,1582,-1,1582,1562,1561,-1,1582,1561,1585,-1,1585,1561,1559,-1,1585,1559,1587,-1,1587,1559,1589,-1,1546,1544,1542,-1,1580,1570,1582,-1,1582,1570,1568,-1,1582,1568,1566,-1,1513,1511,1515,-1,1515,1511,1509,-1,1515,1509,1623,-1,1623,1509,1657,-1,1623,1657,1625,-1,1625,1657,1627,-1,1496,1497,1499,-1,1499,1497,1659,-1,1499,1659,1501,-1,1501,1659,1657,-1,1501,1657,1507,-1,1507,1657,1509,-1,1542,1540,1546,-1,1546,1540,1538,-1,1546,1538,1536,-1,1528,1526,1530,-1,1530,1526,1524,-1,1530,1524,1522,-1,1578,1576,1570,-1,1570,1576,1574,-1,1570,1574,1572,-1,1623,1621,1515,-1,1515,1621,1619,-1,1515,1619,1617,-1,1617,1615,1515,-1,1515,1615,1613,-1,1515,1613,1517,-1,1613,1611,1517,-1,1517,1611,1555,-1,1517,1555,1519,-1,1519,1555,1553,-1,1519,1553,1521,-1,1521,1553,1551,-1,1521,1551,1549,-1,1605,1557,1607,-1,1607,1557,1555,-1,1607,1555,1609,-1,1609,1555,1611,-1,1650,1648,1632,-1,1632,1648,1646,-1,1632,1646,1634,-1,1629,1657,1631,-1,1631,1657,1654,-1,1631,1654,1632,-1,1632,1654,1652,-1,1632,1652,1650,-1,1642,1640,1644,-1,1644,1640,1638,-1,1644,1638,1646,-1,1646,1638,1636,-1,1646,1636,1634,-1,1605,1603,1557,-1,1557,1603,1601,-1,1557,1601,1559,-1,1559,1601,1599,-1,1559,1599,1597,-1,1660,1661,1662,-1,1662,1661,1663,-1,1664,1660,1665,-1,1665,1660,1662,-1,1666,1664,1667,-1,1667,1664,1665,-1,1668,1666,1669,-1,1669,1666,1667,-1,1670,1668,1671,-1,1671,1668,1669,-1,1672,1670,1673,-1,1673,1670,1671,-1,1674,1672,1675,-1,1675,1672,1673,-1,1676,1674,1677,-1,1677,1674,1675,-1,1678,1676,1679,-1,1679,1676,1677,-1,1680,1678,1681,-1,1681,1678,1679,-1,1682,1680,1683,-1,1683,1680,1681,-1,1684,1682,1685,-1,1685,1682,1683,-1,1686,1684,1687,-1,1687,1684,1685,-1,1686,1687,1688,-1,1686,1688,1689,-1,1689,1688,1690,-1,1689,1690,1691,-1,1691,1690,1692,-1,1691,1692,1693,-1,1693,1692,1694,-1,1693,1694,1695,-1,1695,1694,1696,-1,1695,1696,1697,-1,1697,1696,1698,-1,1697,1698,1699,-1,1700,1699,1701,-1,1701,1699,1698,-1,1700,1701,1702,-1,1700,1702,1703,-1,1703,1702,1704,-1,1703,1704,1705,-1,1705,1704,1706,-1,1705,1706,1707,-1,1707,1706,1708,-1,1707,1708,1709,-1,1709,1708,1710,-1,1709,1710,1711,-1,1711,1710,1712,-1,1711,1712,1713,-1,1714,1713,1715,-1,1715,1713,1712,-1,1716,1714,1717,-1,1717,1714,1715,-1,1718,1716,1719,-1,1719,1716,1717,-1,1720,1718,1721,-1,1721,1718,1719,-1,1722,1720,1723,-1,1723,1720,1721,-1,1724,1722,1725,-1,1725,1722,1723,-1,1726,1724,1727,-1,1727,1724,1725,-1,1726,1727,1728,-1,1726,1728,1729,-1,1729,1728,1730,-1,1729,1730,1731,-1,1731,1730,1732,-1,1731,1732,1733,-1,1733,1732,1734,-1,1733,1734,1735,-1,1735,1734,1736,-1,1735,1736,1737,-1,1737,1736,1738,-1,1737,1738,1739,-1,1739,1738,1740,-1,1739,1740,1741,-1,1741,1740,1742,-1,1741,1742,1743,-1,1743,1742,1744,-1,1743,1744,1745,-1,1745,1744,1746,-1,1745,1746,1747,-1,1747,1746,1748,-1,1747,1748,1749,-1,1750,1749,1751,-1,1751,1749,1748,-1,1752,1750,1753,-1,1753,1750,1751,-1,1752,1753,1754,-1,1754,1753,1755,-1,1754,1755,1756,-1,1756,1755,1757,-1,1756,1757,1758,-1,1758,1757,1759,-1,1758,1759,1760,-1,1760,1759,1761,-1,1760,1761,1762,-1,1762,1761,1763,-1,1762,1763,1764,-1,1764,1763,1765,-1,1766,1764,1767,-1,1767,1764,1765,-1,1766,1767,1768,-1,1768,1767,1769,-1,1768,1769,1770,-1,1770,1769,1771,-1,1770,1771,1772,-1,1772,1771,1773,-1,1772,1773,1774,-1,1774,1773,1775,-1,1774,1775,1776,-1,1776,1775,1777,-1,1776,1777,1778,-1,1778,1777,1779,-1,1778,1779,1780,-1,1780,1779,1781,-1,1782,1780,1783,-1,1783,1780,1781,-1,1782,1783,1784,-1,1784,1783,1785,-1,1784,1785,1786,-1,1786,1785,1787,-1,1786,1787,1788,-1,1788,1787,1789,-1,1788,1789,1790,-1,1790,1789,1791,-1,1790,1791,1792,-1,1792,1791,1793,-1,1792,1793,1794,-1,1794,1793,1795,-1,1796,1794,1797,-1,1797,1794,1795,-1,1796,1797,1798,-1,1796,1798,1799,-1,1799,1798,1800,-1,1799,1800,1801,-1,1801,1800,1802,-1,1801,1802,1803,-1,1803,1802,1804,-1,1803,1804,1805,-1,1805,1804,1806,-1,1805,1806,1807,-1,1807,1806,1808,-1,1807,1808,1809,-1,1809,1808,1810,-1,1809,1810,1811,-1,1811,1810,1812,-1,1811,1812,1813,-1,1813,1812,1814,-1,1813,1814,1815,-1,1815,1814,1816,-1,1815,1816,1817,-1,1817,1816,1818,-1,1817,1818,1819,-1,1819,1818,1820,-1,1819,1820,1821,-1,1822,1821,1823,-1,1823,1821,1820,-1,1824,1822,1825,-1,1825,1822,1823,-1,1661,1824,1663,-1,1663,1824,1825,-1,1784,1786,1666,-1,1661,1660,1824,-1,1824,1660,1664,-1,1824,1664,1822,-1,1822,1664,1666,-1,1668,1670,1666,-1,1666,1670,1672,-1,1674,1676,1678,-1,1747,1749,1737,-1,1716,1718,1720,-1,1666,1786,1822,-1,1822,1786,1788,-1,1822,1788,1790,-1,1778,1780,1666,-1,1666,1780,1782,-1,1666,1782,1784,-1,1752,1754,1724,-1,1731,1749,1729,-1,1729,1749,1726,-1,1790,1792,1822,-1,1822,1792,1794,-1,1822,1794,1821,-1,1821,1794,1796,-1,1726,1749,1724,-1,1724,1749,1750,-1,1724,1750,1752,-1,1754,1756,1724,-1,1724,1756,1758,-1,1724,1758,1760,-1,1720,1689,1716,-1,1716,1689,1713,-1,1716,1713,1714,-1,1686,1689,1684,-1,1684,1689,1720,-1,1684,1720,1682,-1,1682,1720,1722,-1,1682,1722,1680,-1,1760,1762,1724,-1,1724,1762,1764,-1,1724,1764,1722,-1,1722,1764,1766,-1,1722,1766,1768,-1,1768,1770,1722,-1,1722,1770,1772,-1,1722,1772,1774,-1,1731,1733,1749,-1,1749,1733,1735,-1,1749,1735,1737,-1,1737,1739,1741,-1,1741,1743,1737,-1,1737,1743,1745,-1,1737,1745,1747,-1,1703,1705,1713,-1,1803,1805,1801,-1,1801,1805,1799,-1,1809,1811,1796,-1,1796,1811,1813,-1,1796,1813,1815,-1,1815,1817,1796,-1,1796,1817,1819,-1,1796,1819,1821,-1,1678,1680,1674,-1,1674,1680,1722,-1,1674,1722,1672,-1,1672,1722,1774,-1,1672,1774,1666,-1,1666,1774,1776,-1,1666,1776,1778,-1,1695,1697,1693,-1,1693,1697,1691,-1,1691,1697,1689,-1,1689,1697,1699,-1,1689,1699,1713,-1,1713,1699,1700,-1,1713,1700,1703,-1,1799,1805,1796,-1,1796,1805,1807,-1,1796,1807,1809,-1,1705,1707,1713,-1,1713,1707,1709,-1,1713,1709,1711,-1,1763,1761,1725,-1,1715,1712,1687,-1,1732,1730,1748,-1,1688,1687,1696,-1,1696,1687,1698,-1,1761,1759,1725,-1,1725,1759,1757,-1,1725,1757,1755,-1,1795,1793,1823,-1,1671,1669,1673,-1,1673,1669,1667,-1,1698,1687,1701,-1,1701,1687,1712,-1,1701,1712,1702,-1,1746,1744,1736,-1,1730,1728,1748,-1,1748,1728,1727,-1,1748,1727,1751,-1,1751,1727,1725,-1,1751,1725,1753,-1,1753,1725,1755,-1,1712,1710,1708,-1,1746,1736,1748,-1,1748,1736,1734,-1,1748,1734,1732,-1,1679,1677,1681,-1,1681,1677,1675,-1,1681,1675,1789,-1,1789,1675,1823,-1,1789,1823,1791,-1,1791,1823,1793,-1,1662,1663,1665,-1,1665,1663,1825,-1,1665,1825,1667,-1,1667,1825,1823,-1,1667,1823,1673,-1,1673,1823,1675,-1,1708,1706,1712,-1,1712,1706,1704,-1,1712,1704,1702,-1,1694,1692,1696,-1,1696,1692,1690,-1,1696,1690,1688,-1,1744,1742,1736,-1,1736,1742,1740,-1,1736,1740,1738,-1,1789,1787,1681,-1,1681,1787,1785,-1,1681,1785,1783,-1,1783,1781,1681,-1,1681,1781,1779,-1,1681,1779,1683,-1,1779,1777,1683,-1,1683,1777,1721,-1,1683,1721,1685,-1,1685,1721,1719,-1,1685,1719,1687,-1,1687,1719,1717,-1,1687,1717,1715,-1,1771,1723,1773,-1,1773,1723,1721,-1,1773,1721,1775,-1,1775,1721,1777,-1,1816,1814,1798,-1,1798,1814,1812,-1,1798,1812,1800,-1,1795,1823,1797,-1,1797,1823,1820,-1,1797,1820,1798,-1,1798,1820,1818,-1,1798,1818,1816,-1,1808,1806,1810,-1,1810,1806,1804,-1,1810,1804,1812,-1,1812,1804,1802,-1,1812,1802,1800,-1,1771,1769,1723,-1,1723,1769,1767,-1,1723,1767,1725,-1,1725,1767,1765,-1,1725,1765,1763,-1,1826,1827,1828,-1,1828,1827,1829,-1,1830,1826,1831,-1,1831,1826,1828,-1,1832,1830,1833,-1,1833,1830,1831,-1,1834,1832,1835,-1,1835,1832,1833,-1,1836,1834,1837,-1,1837,1834,1835,-1,1838,1836,1839,-1,1839,1836,1837,-1,1840,1838,1841,-1,1841,1838,1839,-1,1842,1840,1843,-1,1843,1840,1841,-1,1844,1842,1845,-1,1845,1842,1843,-1,1846,1844,1847,-1,1847,1844,1845,-1,1848,1846,1849,-1,1849,1846,1847,-1,1850,1848,1851,-1,1851,1848,1849,-1,1852,1850,1853,-1,1853,1850,1851,-1,1852,1853,1854,-1,1852,1854,1855,-1,1855,1854,1856,-1,1855,1856,1857,-1,1857,1856,1858,-1,1857,1858,1859,-1,1859,1858,1860,-1,1859,1860,1861,-1,1861,1860,1862,-1,1861,1862,1863,-1,1863,1862,1864,-1,1863,1864,1865,-1,1866,1865,1867,-1,1867,1865,1864,-1,1866,1867,1868,-1,1866,1868,1869,-1,1869,1868,1870,-1,1869,1870,1871,-1,1871,1870,1872,-1,1871,1872,1873,-1,1873,1872,1874,-1,1873,1874,1875,-1,1875,1874,1876,-1,1875,1876,1877,-1,1877,1876,1878,-1,1877,1878,1879,-1,1880,1879,1881,-1,1881,1879,1878,-1,1882,1880,1883,-1,1883,1880,1881,-1,1884,1882,1885,-1,1885,1882,1883,-1,1886,1884,1887,-1,1887,1884,1885,-1,1888,1886,1889,-1,1889,1886,1887,-1,1890,1888,1891,-1,1891,1888,1889,-1,1892,1890,1893,-1,1893,1890,1891,-1,1892,1893,1894,-1,1892,1894,1895,-1,1895,1894,1896,-1,1895,1896,1897,-1,1897,1896,1898,-1,1897,1898,1899,-1,1899,1898,1900,-1,1899,1900,1901,-1,1901,1900,1902,-1,1901,1902,1903,-1,1903,1902,1904,-1,1903,1904,1905,-1,1905,1904,1906,-1,1905,1906,1907,-1,1907,1906,1908,-1,1907,1908,1909,-1,1909,1908,1910,-1,1909,1910,1911,-1,1911,1910,1912,-1,1911,1912,1913,-1,1913,1912,1914,-1,1913,1914,1915,-1,1916,1915,1917,-1,1917,1915,1914,-1,1918,1916,1919,-1,1919,1916,1917,-1,1918,1919,1920,-1,1920,1919,1921,-1,1920,1921,1922,-1,1922,1921,1923,-1,1922,1923,1924,-1,1924,1923,1925,-1,1924,1925,1926,-1,1926,1925,1927,-1,1926,1927,1928,-1,1928,1927,1929,-1,1928,1929,1930,-1,1930,1929,1931,-1,1932,1930,1933,-1,1933,1930,1931,-1,1932,1933,1934,-1,1934,1933,1935,-1,1934,1935,1936,-1,1936,1935,1937,-1,1936,1937,1938,-1,1938,1937,1939,-1,1938,1939,1940,-1,1940,1939,1941,-1,1940,1941,1942,-1,1942,1941,1943,-1,1942,1943,1944,-1,1944,1943,1945,-1,1944,1945,1946,-1,1946,1945,1947,-1,1948,1946,1949,-1,1949,1946,1947,-1,1948,1949,1950,-1,1950,1949,1951,-1,1950,1951,1952,-1,1952,1951,1953,-1,1952,1953,1954,-1,1954,1953,1955,-1,1954,1955,1956,-1,1956,1955,1957,-1,1956,1957,1958,-1,1958,1957,1959,-1,1958,1959,1960,-1,1960,1959,1961,-1,1962,1960,1963,-1,1963,1960,1961,-1,1962,1963,1964,-1,1962,1964,1965,-1,1965,1964,1966,-1,1965,1966,1967,-1,1967,1966,1968,-1,1967,1968,1969,-1,1969,1968,1970,-1,1969,1970,1971,-1,1971,1970,1972,-1,1971,1972,1973,-1,1973,1972,1974,-1,1973,1974,1975,-1,1975,1974,1976,-1,1975,1976,1977,-1,1977,1976,1978,-1,1977,1978,1979,-1,1979,1978,1980,-1,1979,1980,1981,-1,1981,1980,1982,-1,1981,1982,1983,-1,1983,1982,1984,-1,1983,1984,1985,-1,1985,1984,1986,-1,1985,1986,1987,-1,1988,1987,1989,-1,1989,1987,1986,-1,1990,1988,1991,-1,1991,1988,1989,-1,1827,1990,1829,-1,1829,1990,1991,-1,1950,1952,1832,-1,1827,1826,1990,-1,1990,1826,1830,-1,1990,1830,1988,-1,1988,1830,1832,-1,1834,1836,1832,-1,1832,1836,1838,-1,1840,1842,1844,-1,1913,1915,1903,-1,1882,1884,1886,-1,1832,1952,1988,-1,1988,1952,1954,-1,1988,1954,1956,-1,1944,1946,1832,-1,1832,1946,1948,-1,1832,1948,1950,-1,1918,1920,1890,-1,1897,1915,1895,-1,1895,1915,1892,-1,1956,1958,1988,-1,1988,1958,1960,-1,1988,1960,1987,-1,1987,1960,1962,-1,1892,1915,1890,-1,1890,1915,1916,-1,1890,1916,1918,-1,1920,1922,1890,-1,1890,1922,1924,-1,1890,1924,1926,-1,1886,1855,1882,-1,1882,1855,1879,-1,1882,1879,1880,-1,1852,1855,1850,-1,1850,1855,1886,-1,1850,1886,1848,-1,1848,1886,1888,-1,1848,1888,1846,-1,1926,1928,1890,-1,1890,1928,1930,-1,1890,1930,1888,-1,1888,1930,1932,-1,1888,1932,1934,-1,1934,1936,1888,-1,1888,1936,1938,-1,1888,1938,1940,-1,1897,1899,1915,-1,1915,1899,1901,-1,1915,1901,1903,-1,1903,1905,1907,-1,1907,1909,1903,-1,1903,1909,1911,-1,1903,1911,1913,-1,1869,1871,1879,-1,1969,1971,1967,-1,1967,1971,1965,-1,1975,1977,1962,-1,1962,1977,1979,-1,1962,1979,1981,-1,1981,1983,1962,-1,1962,1983,1985,-1,1962,1985,1987,-1,1844,1846,1840,-1,1840,1846,1888,-1,1840,1888,1838,-1,1838,1888,1940,-1,1838,1940,1832,-1,1832,1940,1942,-1,1832,1942,1944,-1,1861,1863,1859,-1,1859,1863,1857,-1,1857,1863,1855,-1,1855,1863,1865,-1,1855,1865,1879,-1,1879,1865,1866,-1,1879,1866,1869,-1,1965,1971,1962,-1,1962,1971,1973,-1,1962,1973,1975,-1,1871,1873,1879,-1,1879,1873,1875,-1,1879,1875,1877,-1,1929,1927,1891,-1,1881,1878,1853,-1,1898,1896,1914,-1,1854,1853,1862,-1,1862,1853,1864,-1,1927,1925,1891,-1,1891,1925,1923,-1,1891,1923,1921,-1,1961,1959,1989,-1,1837,1835,1839,-1,1839,1835,1833,-1,1864,1853,1867,-1,1867,1853,1878,-1,1867,1878,1868,-1,1912,1910,1902,-1,1896,1894,1914,-1,1914,1894,1893,-1,1914,1893,1917,-1,1917,1893,1891,-1,1917,1891,1919,-1,1919,1891,1921,-1,1878,1876,1874,-1,1912,1902,1914,-1,1914,1902,1900,-1,1914,1900,1898,-1,1845,1843,1847,-1,1847,1843,1841,-1,1847,1841,1955,-1,1955,1841,1989,-1,1955,1989,1957,-1,1957,1989,1959,-1,1828,1829,1831,-1,1831,1829,1991,-1,1831,1991,1833,-1,1833,1991,1989,-1,1833,1989,1839,-1,1839,1989,1841,-1,1874,1872,1878,-1,1878,1872,1870,-1,1878,1870,1868,-1,1860,1858,1862,-1,1862,1858,1856,-1,1862,1856,1854,-1,1910,1908,1902,-1,1902,1908,1906,-1,1902,1906,1904,-1,1955,1953,1847,-1,1847,1953,1951,-1,1847,1951,1949,-1,1949,1947,1847,-1,1847,1947,1945,-1,1847,1945,1849,-1,1945,1943,1849,-1,1849,1943,1887,-1,1849,1887,1851,-1,1851,1887,1885,-1,1851,1885,1853,-1,1853,1885,1883,-1,1853,1883,1881,-1,1937,1889,1939,-1,1939,1889,1887,-1,1939,1887,1941,-1,1941,1887,1943,-1,1982,1980,1964,-1,1964,1980,1978,-1,1964,1978,1966,-1,1961,1989,1963,-1,1963,1989,1986,-1,1963,1986,1964,-1,1964,1986,1984,-1,1964,1984,1982,-1,1974,1972,1976,-1,1976,1972,1970,-1,1976,1970,1978,-1,1978,1970,1968,-1,1978,1968,1966,-1,1937,1935,1889,-1,1889,1935,1933,-1,1889,1933,1891,-1,1891,1933,1931,-1,1891,1931,1929,-1,1992,1993,1994,-1,1994,1993,1995,-1,1996,1992,1997,-1,1997,1992,1994,-1,1998,1996,1999,-1,1999,1996,1997,-1,2000,1998,2001,-1,2001,1998,1999,-1,2002,2000,2003,-1,2003,2000,2001,-1,2004,2002,2005,-1,2005,2002,2003,-1,2006,2004,2007,-1,2007,2004,2005,-1,2008,2006,2009,-1,2009,2006,2007,-1,2010,2008,2011,-1,2011,2008,2009,-1,2012,2010,2013,-1,2013,2010,2011,-1,2014,2012,2015,-1,2015,2012,2013,-1,2016,2014,2017,-1,2017,2014,2015,-1,2018,2016,2019,-1,2019,2016,2017,-1,2018,2019,2020,-1,2018,2020,2021,-1,2021,2020,2022,-1,2021,2022,2023,-1,2023,2022,2024,-1,2023,2024,2025,-1,2025,2024,2026,-1,2025,2026,2027,-1,2027,2026,2028,-1,2027,2028,2029,-1,2029,2028,2030,-1,2029,2030,2031,-1,2032,2031,2033,-1,2033,2031,2030,-1,2032,2033,2034,-1,2032,2034,2035,-1,2035,2034,2036,-1,2035,2036,2037,-1,2037,2036,2038,-1,2037,2038,2039,-1,2039,2038,2040,-1,2039,2040,2041,-1,2041,2040,2042,-1,2041,2042,2043,-1,2043,2042,2044,-1,2043,2044,2045,-1,2046,2045,2047,-1,2047,2045,2044,-1,2048,2046,2049,-1,2049,2046,2047,-1,2050,2048,2051,-1,2051,2048,2049,-1,2052,2050,2053,-1,2053,2050,2051,-1,2054,2052,2055,-1,2055,2052,2053,-1,2056,2054,2057,-1,2057,2054,2055,-1,2058,2056,2059,-1,2059,2056,2057,-1,2058,2059,2060,-1,2058,2060,2061,-1,2061,2060,2062,-1,2061,2062,2063,-1,2063,2062,2064,-1,2063,2064,2065,-1,2065,2064,2066,-1,2065,2066,2067,-1,2067,2066,2068,-1,2067,2068,2069,-1,2069,2068,2070,-1,2069,2070,2071,-1,2071,2070,2072,-1,2071,2072,2073,-1,2073,2072,2074,-1,2073,2074,2075,-1,2075,2074,2076,-1,2075,2076,2077,-1,2077,2076,2078,-1,2077,2078,2079,-1,2079,2078,2080,-1,2079,2080,2081,-1,2082,2081,2083,-1,2083,2081,2080,-1,2084,2082,2085,-1,2085,2082,2083,-1,2084,2085,2086,-1,2086,2085,2087,-1,2086,2087,2088,-1,2088,2087,2089,-1,2088,2089,2090,-1,2090,2089,2091,-1,2090,2091,2092,-1,2092,2091,2093,-1,2092,2093,2094,-1,2094,2093,2095,-1,2094,2095,2096,-1,2096,2095,2097,-1,2098,2096,2099,-1,2099,2096,2097,-1,2098,2099,2100,-1,2100,2099,2101,-1,2100,2101,2102,-1,2102,2101,2103,-1,2102,2103,2104,-1,2104,2103,2105,-1,2104,2105,2106,-1,2106,2105,2107,-1,2106,2107,2108,-1,2108,2107,2109,-1,2108,2109,2110,-1,2110,2109,2111,-1,2110,2111,2112,-1,2112,2111,2113,-1,2114,2112,2115,-1,2115,2112,2113,-1,2114,2115,2116,-1,2116,2115,2117,-1,2116,2117,2118,-1,2118,2117,2119,-1,2118,2119,2120,-1,2120,2119,2121,-1,2120,2121,2122,-1,2122,2121,2123,-1,2122,2123,2124,-1,2124,2123,2125,-1,2124,2125,2126,-1,2126,2125,2127,-1,2128,2126,2129,-1,2129,2126,2127,-1,2128,2129,2130,-1,2128,2130,2131,-1,2131,2130,2132,-1,2131,2132,2133,-1,2133,2132,2134,-1,2133,2134,2135,-1,2135,2134,2136,-1,2135,2136,2137,-1,2137,2136,2138,-1,2137,2138,2139,-1,2139,2138,2140,-1,2139,2140,2141,-1,2141,2140,2142,-1,2141,2142,2143,-1,2143,2142,2144,-1,2143,2144,2145,-1,2145,2144,2146,-1,2145,2146,2147,-1,2147,2146,2148,-1,2147,2148,2149,-1,2149,2148,2150,-1,2149,2150,2151,-1,2151,2150,2152,-1,2151,2152,2153,-1,2154,2153,2155,-1,2155,2153,2152,-1,2156,2154,2157,-1,2157,2154,2155,-1,1993,2156,1995,-1,1995,2156,2157,-1,2116,2118,1998,-1,1993,1992,2156,-1,2156,1992,1996,-1,2156,1996,2154,-1,2154,1996,1998,-1,2000,2002,1998,-1,1998,2002,2004,-1,2006,2008,2010,-1,2079,2081,2069,-1,2048,2050,2052,-1,1998,2118,2154,-1,2154,2118,2120,-1,2154,2120,2122,-1,2110,2112,1998,-1,1998,2112,2114,-1,1998,2114,2116,-1,2084,2086,2056,-1,2063,2081,2061,-1,2061,2081,2058,-1,2122,2124,2154,-1,2154,2124,2126,-1,2154,2126,2153,-1,2153,2126,2128,-1,2058,2081,2056,-1,2056,2081,2082,-1,2056,2082,2084,-1,2086,2088,2056,-1,2056,2088,2090,-1,2056,2090,2092,-1,2052,2021,2048,-1,2048,2021,2045,-1,2048,2045,2046,-1,2018,2021,2016,-1,2016,2021,2052,-1,2016,2052,2014,-1,2014,2052,2054,-1,2014,2054,2012,-1,2092,2094,2056,-1,2056,2094,2096,-1,2056,2096,2054,-1,2054,2096,2098,-1,2054,2098,2100,-1,2100,2102,2054,-1,2054,2102,2104,-1,2054,2104,2106,-1,2063,2065,2081,-1,2081,2065,2067,-1,2081,2067,2069,-1,2069,2071,2073,-1,2073,2075,2069,-1,2069,2075,2077,-1,2069,2077,2079,-1,2035,2037,2045,-1,2135,2137,2133,-1,2133,2137,2131,-1,2141,2143,2128,-1,2128,2143,2145,-1,2128,2145,2147,-1,2147,2149,2128,-1,2128,2149,2151,-1,2128,2151,2153,-1,2010,2012,2006,-1,2006,2012,2054,-1,2006,2054,2004,-1,2004,2054,2106,-1,2004,2106,1998,-1,1998,2106,2108,-1,1998,2108,2110,-1,2027,2029,2025,-1,2025,2029,2023,-1,2023,2029,2021,-1,2021,2029,2031,-1,2021,2031,2045,-1,2045,2031,2032,-1,2045,2032,2035,-1,2131,2137,2128,-1,2128,2137,2139,-1,2128,2139,2141,-1,2037,2039,2045,-1,2045,2039,2041,-1,2045,2041,2043,-1,2095,2093,2057,-1,2047,2044,2019,-1,2064,2062,2080,-1,2020,2019,2028,-1,2028,2019,2030,-1,2093,2091,2057,-1,2057,2091,2089,-1,2057,2089,2087,-1,2127,2125,2155,-1,2003,2001,2005,-1,2005,2001,1999,-1,2030,2019,2033,-1,2033,2019,2044,-1,2033,2044,2034,-1,2078,2076,2068,-1,2062,2060,2080,-1,2080,2060,2059,-1,2080,2059,2083,-1,2083,2059,2057,-1,2083,2057,2085,-1,2085,2057,2087,-1,2044,2042,2040,-1,2078,2068,2080,-1,2080,2068,2066,-1,2080,2066,2064,-1,2011,2009,2013,-1,2013,2009,2007,-1,2013,2007,2121,-1,2121,2007,2155,-1,2121,2155,2123,-1,2123,2155,2125,-1,1994,1995,1997,-1,1997,1995,2157,-1,1997,2157,1999,-1,1999,2157,2155,-1,1999,2155,2005,-1,2005,2155,2007,-1,2040,2038,2044,-1,2044,2038,2036,-1,2044,2036,2034,-1,2026,2024,2028,-1,2028,2024,2022,-1,2028,2022,2020,-1,2076,2074,2068,-1,2068,2074,2072,-1,2068,2072,2070,-1,2121,2119,2013,-1,2013,2119,2117,-1,2013,2117,2115,-1,2115,2113,2013,-1,2013,2113,2111,-1,2013,2111,2015,-1,2111,2109,2015,-1,2015,2109,2053,-1,2015,2053,2017,-1,2017,2053,2051,-1,2017,2051,2019,-1,2019,2051,2049,-1,2019,2049,2047,-1,2103,2055,2105,-1,2105,2055,2053,-1,2105,2053,2107,-1,2107,2053,2109,-1,2148,2146,2130,-1,2130,2146,2144,-1,2130,2144,2132,-1,2127,2155,2129,-1,2129,2155,2152,-1,2129,2152,2130,-1,2130,2152,2150,-1,2130,2150,2148,-1,2140,2138,2142,-1,2142,2138,2136,-1,2142,2136,2144,-1,2144,2136,2134,-1,2144,2134,2132,-1,2103,2101,2055,-1,2055,2101,2099,-1,2055,2099,2057,-1,2057,2099,2097,-1,2057,2097,2095,-1,2158,2159,2160,-1,2160,2159,2161,-1,2162,2158,2163,-1,2163,2158,2160,-1,2164,2162,2165,-1,2165,2162,2163,-1,2166,2164,2167,-1,2167,2164,2165,-1,2168,2166,2169,-1,2169,2166,2167,-1,2170,2168,2171,-1,2171,2168,2169,-1,2172,2170,2173,-1,2173,2170,2171,-1,2174,2172,2175,-1,2175,2172,2173,-1,2176,2174,2177,-1,2177,2174,2175,-1,2178,2176,2179,-1,2179,2176,2177,-1,2180,2178,2181,-1,2181,2178,2179,-1,2182,2180,2183,-1,2183,2180,2181,-1,2184,2182,2185,-1,2185,2182,2183,-1,2184,2185,2186,-1,2184,2186,2187,-1,2187,2186,2188,-1,2187,2188,2189,-1,2189,2188,2190,-1,2189,2190,2191,-1,2191,2190,2192,-1,2191,2192,2193,-1,2193,2192,2194,-1,2193,2194,2195,-1,2195,2194,2196,-1,2195,2196,2197,-1,2198,2197,2199,-1,2199,2197,2196,-1,2198,2199,2200,-1,2198,2200,2201,-1,2201,2200,2202,-1,2201,2202,2203,-1,2203,2202,2204,-1,2203,2204,2205,-1,2205,2204,2206,-1,2205,2206,2207,-1,2207,2206,2208,-1,2207,2208,2209,-1,2209,2208,2210,-1,2209,2210,2211,-1,2212,2211,2213,-1,2213,2211,2210,-1,2214,2212,2215,-1,2215,2212,2213,-1,2216,2214,2217,-1,2217,2214,2215,-1,2218,2216,2219,-1,2219,2216,2217,-1,2220,2218,2221,-1,2221,2218,2219,-1,2222,2220,2223,-1,2223,2220,2221,-1,2224,2222,2225,-1,2225,2222,2223,-1,2224,2225,2226,-1,2224,2226,2227,-1,2227,2226,2228,-1,2227,2228,2229,-1,2229,2228,2230,-1,2229,2230,2231,-1,2231,2230,2232,-1,2231,2232,2233,-1,2233,2232,2234,-1,2233,2234,2235,-1,2235,2234,2236,-1,2235,2236,2237,-1,2237,2236,2238,-1,2237,2238,2239,-1,2239,2238,2240,-1,2239,2240,2241,-1,2241,2240,2242,-1,2241,2242,2243,-1,2243,2242,2244,-1,2243,2244,2245,-1,2245,2244,2246,-1,2245,2246,2247,-1,2248,2247,2249,-1,2249,2247,2246,-1,2250,2248,2251,-1,2251,2248,2249,-1,2250,2251,2252,-1,2252,2251,2253,-1,2252,2253,2254,-1,2254,2253,2255,-1,2254,2255,2256,-1,2256,2255,2257,-1,2256,2257,2258,-1,2258,2257,2259,-1,2258,2259,2260,-1,2260,2259,2261,-1,2260,2261,2262,-1,2262,2261,2263,-1,2264,2262,2265,-1,2265,2262,2263,-1,2264,2265,2266,-1,2266,2265,2267,-1,2266,2267,2268,-1,2268,2267,2269,-1,2268,2269,2270,-1,2270,2269,2271,-1,2270,2271,2272,-1,2272,2271,2273,-1,2272,2273,2274,-1,2274,2273,2275,-1,2274,2275,2276,-1,2276,2275,2277,-1,2276,2277,2278,-1,2278,2277,2279,-1,2280,2278,2281,-1,2281,2278,2279,-1,2280,2281,2282,-1,2282,2281,2283,-1,2282,2283,2284,-1,2284,2283,2285,-1,2284,2285,2286,-1,2286,2285,2287,-1,2286,2287,2288,-1,2288,2287,2289,-1,2288,2289,2290,-1,2290,2289,2291,-1,2290,2291,2292,-1,2292,2291,2293,-1,2294,2292,2295,-1,2295,2292,2293,-1,2294,2295,2296,-1,2294,2296,2297,-1,2297,2296,2298,-1,2297,2298,2299,-1,2299,2298,2300,-1,2299,2300,2301,-1,2301,2300,2302,-1,2301,2302,2303,-1,2303,2302,2304,-1,2303,2304,2305,-1,2305,2304,2306,-1,2305,2306,2307,-1,2307,2306,2308,-1,2307,2308,2309,-1,2309,2308,2310,-1,2309,2310,2311,-1,2311,2310,2312,-1,2311,2312,2313,-1,2313,2312,2314,-1,2313,2314,2315,-1,2315,2314,2316,-1,2315,2316,2317,-1,2317,2316,2318,-1,2317,2318,2319,-1,2320,2319,2321,-1,2321,2319,2318,-1,2322,2320,2323,-1,2323,2320,2321,-1,2159,2322,2161,-1,2161,2322,2323,-1,2282,2284,2164,-1,2159,2158,2322,-1,2322,2158,2162,-1,2322,2162,2320,-1,2320,2162,2164,-1,2166,2168,2164,-1,2164,2168,2170,-1,2172,2174,2176,-1,2245,2247,2235,-1,2214,2216,2218,-1,2164,2284,2320,-1,2320,2284,2286,-1,2320,2286,2288,-1,2276,2278,2164,-1,2164,2278,2280,-1,2164,2280,2282,-1,2250,2252,2222,-1,2229,2247,2227,-1,2227,2247,2224,-1,2288,2290,2320,-1,2320,2290,2292,-1,2320,2292,2319,-1,2319,2292,2294,-1,2224,2247,2222,-1,2222,2247,2248,-1,2222,2248,2250,-1,2252,2254,2222,-1,2222,2254,2256,-1,2222,2256,2258,-1,2218,2187,2214,-1,2214,2187,2211,-1,2214,2211,2212,-1,2184,2187,2182,-1,2182,2187,2218,-1,2182,2218,2180,-1,2180,2218,2220,-1,2180,2220,2178,-1,2258,2260,2222,-1,2222,2260,2262,-1,2222,2262,2220,-1,2220,2262,2264,-1,2220,2264,2266,-1,2266,2268,2220,-1,2220,2268,2270,-1,2220,2270,2272,-1,2229,2231,2247,-1,2247,2231,2233,-1,2247,2233,2235,-1,2235,2237,2239,-1,2239,2241,2235,-1,2235,2241,2243,-1,2235,2243,2245,-1,2201,2203,2211,-1,2301,2303,2299,-1,2299,2303,2297,-1,2307,2309,2294,-1,2294,2309,2311,-1,2294,2311,2313,-1,2313,2315,2294,-1,2294,2315,2317,-1,2294,2317,2319,-1,2176,2178,2172,-1,2172,2178,2220,-1,2172,2220,2170,-1,2170,2220,2272,-1,2170,2272,2164,-1,2164,2272,2274,-1,2164,2274,2276,-1,2193,2195,2191,-1,2191,2195,2189,-1,2189,2195,2187,-1,2187,2195,2197,-1,2187,2197,2211,-1,2211,2197,2198,-1,2211,2198,2201,-1,2297,2303,2294,-1,2294,2303,2305,-1,2294,2305,2307,-1,2203,2205,2211,-1,2211,2205,2207,-1,2211,2207,2209,-1,2261,2259,2223,-1,2213,2210,2185,-1,2230,2228,2246,-1,2186,2185,2194,-1,2194,2185,2196,-1,2259,2257,2223,-1,2223,2257,2255,-1,2223,2255,2253,-1,2293,2291,2321,-1,2169,2167,2171,-1,2171,2167,2165,-1,2196,2185,2199,-1,2199,2185,2210,-1,2199,2210,2200,-1,2244,2242,2234,-1,2228,2226,2246,-1,2246,2226,2225,-1,2246,2225,2249,-1,2249,2225,2223,-1,2249,2223,2251,-1,2251,2223,2253,-1,2210,2208,2206,-1,2244,2234,2246,-1,2246,2234,2232,-1,2246,2232,2230,-1,2177,2175,2179,-1,2179,2175,2173,-1,2179,2173,2287,-1,2287,2173,2321,-1,2287,2321,2289,-1,2289,2321,2291,-1,2160,2161,2163,-1,2163,2161,2323,-1,2163,2323,2165,-1,2165,2323,2321,-1,2165,2321,2171,-1,2171,2321,2173,-1,2206,2204,2210,-1,2210,2204,2202,-1,2210,2202,2200,-1,2192,2190,2194,-1,2194,2190,2188,-1,2194,2188,2186,-1,2242,2240,2234,-1,2234,2240,2238,-1,2234,2238,2236,-1,2287,2285,2179,-1,2179,2285,2283,-1,2179,2283,2281,-1,2281,2279,2179,-1,2179,2279,2277,-1,2179,2277,2181,-1,2277,2275,2181,-1,2181,2275,2219,-1,2181,2219,2183,-1,2183,2219,2217,-1,2183,2217,2185,-1,2185,2217,2215,-1,2185,2215,2213,-1,2269,2221,2271,-1,2271,2221,2219,-1,2271,2219,2273,-1,2273,2219,2275,-1,2314,2312,2296,-1,2296,2312,2310,-1,2296,2310,2298,-1,2293,2321,2295,-1,2295,2321,2318,-1,2295,2318,2296,-1,2296,2318,2316,-1,2296,2316,2314,-1,2306,2304,2308,-1,2308,2304,2302,-1,2308,2302,2310,-1,2310,2302,2300,-1,2310,2300,2298,-1,2269,2267,2221,-1,2221,2267,2265,-1,2221,2265,2223,-1,2223,2265,2263,-1,2223,2263,2261,-1,2324,2325,2326,-1,2326,2325,2327,-1,2328,2324,2329,-1,2329,2324,2326,-1,2330,2328,2331,-1,2331,2328,2329,-1,2332,2330,2333,-1,2333,2330,2331,-1,2334,2332,2335,-1,2335,2332,2333,-1,2336,2334,2337,-1,2337,2334,2335,-1,2338,2336,2339,-1,2339,2336,2337,-1,2340,2338,2341,-1,2341,2338,2339,-1,2342,2340,2343,-1,2343,2340,2341,-1,2344,2342,2345,-1,2345,2342,2343,-1,2346,2344,2347,-1,2347,2344,2345,-1,2348,2346,2349,-1,2349,2346,2347,-1,2350,2348,2351,-1,2351,2348,2349,-1,2350,2351,2352,-1,2350,2352,2353,-1,2353,2352,2354,-1,2353,2354,2355,-1,2355,2354,2356,-1,2355,2356,2357,-1,2357,2356,2358,-1,2357,2358,2359,-1,2359,2358,2360,-1,2359,2360,2361,-1,2361,2360,2362,-1,2361,2362,2363,-1,2364,2363,2365,-1,2365,2363,2362,-1,2364,2365,2366,-1,2364,2366,2367,-1,2367,2366,2368,-1,2367,2368,2369,-1,2369,2368,2370,-1,2369,2370,2371,-1,2371,2370,2372,-1,2371,2372,2373,-1,2373,2372,2374,-1,2373,2374,2375,-1,2375,2374,2376,-1,2375,2376,2377,-1,2378,2377,2379,-1,2379,2377,2376,-1,2380,2378,2381,-1,2381,2378,2379,-1,2382,2380,2383,-1,2383,2380,2381,-1,2384,2382,2385,-1,2385,2382,2383,-1,2386,2384,2387,-1,2387,2384,2385,-1,2388,2386,2389,-1,2389,2386,2387,-1,2390,2388,2391,-1,2391,2388,2389,-1,2390,2391,2392,-1,2390,2392,2393,-1,2393,2392,2394,-1,2393,2394,2395,-1,2395,2394,2396,-1,2395,2396,2397,-1,2397,2396,2398,-1,2397,2398,2399,-1,2399,2398,2400,-1,2399,2400,2401,-1,2401,2400,2402,-1,2401,2402,2403,-1,2403,2402,2404,-1,2403,2404,2405,-1,2405,2404,2406,-1,2405,2406,2407,-1,2407,2406,2408,-1,2407,2408,2409,-1,2409,2408,2410,-1,2409,2410,2411,-1,2411,2410,2412,-1,2411,2412,2413,-1,2414,2413,2415,-1,2415,2413,2412,-1,2416,2414,2417,-1,2417,2414,2415,-1,2416,2417,2418,-1,2418,2417,2419,-1,2418,2419,2420,-1,2420,2419,2421,-1,2420,2421,2422,-1,2422,2421,2423,-1,2422,2423,2424,-1,2424,2423,2425,-1,2424,2425,2426,-1,2426,2425,2427,-1,2426,2427,2428,-1,2428,2427,2429,-1,2430,2428,2431,-1,2431,2428,2429,-1,2430,2431,2432,-1,2432,2431,2433,-1,2432,2433,2434,-1,2434,2433,2435,-1,2434,2435,2436,-1,2436,2435,2437,-1,2436,2437,2438,-1,2438,2437,2439,-1,2438,2439,2440,-1,2440,2439,2441,-1,2440,2441,2442,-1,2442,2441,2443,-1,2442,2443,2444,-1,2444,2443,2445,-1,2446,2444,2447,-1,2447,2444,2445,-1,2446,2447,2448,-1,2448,2447,2449,-1,2448,2449,2450,-1,2450,2449,2451,-1,2450,2451,2452,-1,2452,2451,2453,-1,2452,2453,2454,-1,2454,2453,2455,-1,2454,2455,2456,-1,2456,2455,2457,-1,2456,2457,2458,-1,2458,2457,2459,-1,2460,2458,2461,-1,2461,2458,2459,-1,2460,2461,2462,-1,2460,2462,2463,-1,2463,2462,2464,-1,2463,2464,2465,-1,2465,2464,2466,-1,2465,2466,2467,-1,2467,2466,2468,-1,2467,2468,2469,-1,2469,2468,2470,-1,2469,2470,2471,-1,2471,2470,2472,-1,2471,2472,2473,-1,2473,2472,2474,-1,2473,2474,2475,-1,2475,2474,2476,-1,2475,2476,2477,-1,2477,2476,2478,-1,2477,2478,2479,-1,2479,2478,2480,-1,2479,2480,2481,-1,2481,2480,2482,-1,2481,2482,2483,-1,2483,2482,2484,-1,2483,2484,2485,-1,2486,2485,2487,-1,2487,2485,2484,-1,2488,2486,2489,-1,2489,2486,2487,-1,2325,2488,2327,-1,2327,2488,2489,-1,2448,2450,2330,-1,2325,2324,2488,-1,2488,2324,2328,-1,2488,2328,2486,-1,2486,2328,2330,-1,2332,2334,2330,-1,2330,2334,2336,-1,2338,2340,2342,-1,2411,2413,2401,-1,2380,2382,2384,-1,2330,2450,2486,-1,2486,2450,2452,-1,2486,2452,2454,-1,2442,2444,2330,-1,2330,2444,2446,-1,2330,2446,2448,-1,2416,2418,2388,-1,2395,2413,2393,-1,2393,2413,2390,-1,2454,2456,2486,-1,2486,2456,2458,-1,2486,2458,2485,-1,2485,2458,2460,-1,2390,2413,2388,-1,2388,2413,2414,-1,2388,2414,2416,-1,2418,2420,2388,-1,2388,2420,2422,-1,2388,2422,2424,-1,2384,2353,2380,-1,2380,2353,2377,-1,2380,2377,2378,-1,2350,2353,2348,-1,2348,2353,2384,-1,2348,2384,2346,-1,2346,2384,2386,-1,2346,2386,2344,-1,2424,2426,2388,-1,2388,2426,2428,-1,2388,2428,2386,-1,2386,2428,2430,-1,2386,2430,2432,-1,2432,2434,2386,-1,2386,2434,2436,-1,2386,2436,2438,-1,2395,2397,2413,-1,2413,2397,2399,-1,2413,2399,2401,-1,2401,2403,2405,-1,2405,2407,2401,-1,2401,2407,2409,-1,2401,2409,2411,-1,2367,2369,2377,-1,2467,2469,2465,-1,2465,2469,2463,-1,2473,2475,2460,-1,2460,2475,2477,-1,2460,2477,2479,-1,2479,2481,2460,-1,2460,2481,2483,-1,2460,2483,2485,-1,2342,2344,2338,-1,2338,2344,2386,-1,2338,2386,2336,-1,2336,2386,2438,-1,2336,2438,2330,-1,2330,2438,2440,-1,2330,2440,2442,-1,2359,2361,2357,-1,2357,2361,2355,-1,2355,2361,2353,-1,2353,2361,2363,-1,2353,2363,2377,-1,2377,2363,2364,-1,2377,2364,2367,-1,2463,2469,2460,-1,2460,2469,2471,-1,2460,2471,2473,-1,2369,2371,2377,-1,2377,2371,2373,-1,2377,2373,2375,-1,2427,2425,2389,-1,2379,2376,2351,-1,2396,2394,2412,-1,2352,2351,2360,-1,2360,2351,2362,-1,2425,2423,2389,-1,2389,2423,2421,-1,2389,2421,2419,-1,2459,2457,2487,-1,2335,2333,2337,-1,2337,2333,2331,-1,2362,2351,2365,-1,2365,2351,2376,-1,2365,2376,2366,-1,2410,2408,2400,-1,2394,2392,2412,-1,2412,2392,2391,-1,2412,2391,2415,-1,2415,2391,2389,-1,2415,2389,2417,-1,2417,2389,2419,-1,2376,2374,2372,-1,2410,2400,2412,-1,2412,2400,2398,-1,2412,2398,2396,-1,2343,2341,2345,-1,2345,2341,2339,-1,2345,2339,2453,-1,2453,2339,2487,-1,2453,2487,2455,-1,2455,2487,2457,-1,2326,2327,2329,-1,2329,2327,2489,-1,2329,2489,2331,-1,2331,2489,2487,-1,2331,2487,2337,-1,2337,2487,2339,-1,2372,2370,2376,-1,2376,2370,2368,-1,2376,2368,2366,-1,2358,2356,2360,-1,2360,2356,2354,-1,2360,2354,2352,-1,2408,2406,2400,-1,2400,2406,2404,-1,2400,2404,2402,-1,2453,2451,2345,-1,2345,2451,2449,-1,2345,2449,2447,-1,2447,2445,2345,-1,2345,2445,2443,-1,2345,2443,2347,-1,2443,2441,2347,-1,2347,2441,2385,-1,2347,2385,2349,-1,2349,2385,2383,-1,2349,2383,2351,-1,2351,2383,2381,-1,2351,2381,2379,-1,2435,2387,2437,-1,2437,2387,2385,-1,2437,2385,2439,-1,2439,2385,2441,-1,2480,2478,2462,-1,2462,2478,2476,-1,2462,2476,2464,-1,2459,2487,2461,-1,2461,2487,2484,-1,2461,2484,2462,-1,2462,2484,2482,-1,2462,2482,2480,-1,2472,2470,2474,-1,2474,2470,2468,-1,2474,2468,2476,-1,2476,2468,2466,-1,2476,2466,2464,-1,2435,2433,2387,-1,2387,2433,2431,-1,2387,2431,2389,-1,2389,2431,2429,-1,2389,2429,2427,-1,2490,2491,2492,-1,2492,2491,2493,-1,2494,2490,2495,-1,2495,2490,2492,-1,2496,2494,2497,-1,2497,2494,2495,-1,2498,2496,2499,-1,2499,2496,2497,-1,2500,2498,2501,-1,2501,2498,2499,-1,2502,2500,2503,-1,2503,2500,2501,-1,2504,2502,2505,-1,2505,2502,2503,-1,2506,2504,2507,-1,2507,2504,2505,-1,2508,2506,2509,-1,2509,2506,2507,-1,2510,2508,2511,-1,2511,2508,2509,-1,2512,2510,2513,-1,2513,2510,2511,-1,2514,2512,2515,-1,2515,2512,2513,-1,2516,2514,2517,-1,2517,2514,2515,-1,2516,2517,2518,-1,2516,2518,2519,-1,2519,2518,2520,-1,2519,2520,2521,-1,2521,2520,2522,-1,2521,2522,2523,-1,2523,2522,2524,-1,2523,2524,2525,-1,2525,2524,2526,-1,2525,2526,2527,-1,2527,2526,2528,-1,2527,2528,2529,-1,2530,2529,2531,-1,2531,2529,2528,-1,2530,2531,2532,-1,2530,2532,2533,-1,2533,2532,2534,-1,2533,2534,2535,-1,2535,2534,2536,-1,2535,2536,2537,-1,2537,2536,2538,-1,2537,2538,2539,-1,2539,2538,2540,-1,2539,2540,2541,-1,2541,2540,2542,-1,2541,2542,2543,-1,2544,2543,2545,-1,2545,2543,2542,-1,2546,2544,2547,-1,2547,2544,2545,-1,2548,2546,2549,-1,2549,2546,2547,-1,2550,2548,2551,-1,2551,2548,2549,-1,2552,2550,2553,-1,2553,2550,2551,-1,2554,2552,2555,-1,2555,2552,2553,-1,2556,2554,2557,-1,2557,2554,2555,-1,2556,2557,2558,-1,2556,2558,2559,-1,2559,2558,2560,-1,2559,2560,2561,-1,2561,2560,2562,-1,2561,2562,2563,-1,2563,2562,2564,-1,2563,2564,2565,-1,2565,2564,2566,-1,2565,2566,2567,-1,2567,2566,2568,-1,2567,2568,2569,-1,2569,2568,2570,-1,2569,2570,2571,-1,2571,2570,2572,-1,2571,2572,2573,-1,2573,2572,2574,-1,2573,2574,2575,-1,2575,2574,2576,-1,2575,2576,2577,-1,2577,2576,2578,-1,2577,2578,2579,-1,2580,2579,2581,-1,2581,2579,2578,-1,2582,2580,2583,-1,2583,2580,2581,-1,2582,2583,2584,-1,2584,2583,2585,-1,2584,2585,2586,-1,2586,2585,2587,-1,2586,2587,2588,-1,2588,2587,2589,-1,2588,2589,2590,-1,2590,2589,2591,-1,2590,2591,2592,-1,2592,2591,2593,-1,2592,2593,2594,-1,2594,2593,2595,-1,2596,2594,2597,-1,2597,2594,2595,-1,2596,2597,2598,-1,2598,2597,2599,-1,2598,2599,2600,-1,2600,2599,2601,-1,2600,2601,2602,-1,2602,2601,2603,-1,2602,2603,2604,-1,2604,2603,2605,-1,2604,2605,2606,-1,2606,2605,2607,-1,2606,2607,2608,-1,2608,2607,2609,-1,2608,2609,2610,-1,2610,2609,2611,-1,2612,2610,2613,-1,2613,2610,2611,-1,2612,2613,2614,-1,2614,2613,2615,-1,2614,2615,2616,-1,2616,2615,2617,-1,2616,2617,2618,-1,2618,2617,2619,-1,2618,2619,2620,-1,2620,2619,2621,-1,2620,2621,2622,-1,2622,2621,2623,-1,2622,2623,2624,-1,2624,2623,2625,-1,2626,2624,2627,-1,2627,2624,2625,-1,2626,2627,2628,-1,2626,2628,2629,-1,2629,2628,2630,-1,2629,2630,2631,-1,2631,2630,2632,-1,2631,2632,2633,-1,2633,2632,2634,-1,2633,2634,2635,-1,2635,2634,2636,-1,2635,2636,2637,-1,2637,2636,2638,-1,2637,2638,2639,-1,2639,2638,2640,-1,2639,2640,2641,-1,2641,2640,2642,-1,2641,2642,2643,-1,2643,2642,2644,-1,2643,2644,2645,-1,2645,2644,2646,-1,2645,2646,2647,-1,2647,2646,2648,-1,2647,2648,2649,-1,2649,2648,2650,-1,2649,2650,2651,-1,2652,2651,2653,-1,2653,2651,2650,-1,2654,2652,2655,-1,2655,2652,2653,-1,2491,2654,2493,-1,2493,2654,2655,-1,2614,2616,2496,-1,2491,2490,2654,-1,2654,2490,2494,-1,2654,2494,2652,-1,2652,2494,2496,-1,2498,2500,2496,-1,2496,2500,2502,-1,2504,2506,2508,-1,2577,2579,2567,-1,2546,2548,2550,-1,2496,2616,2652,-1,2652,2616,2618,-1,2652,2618,2620,-1,2608,2610,2496,-1,2496,2610,2612,-1,2496,2612,2614,-1,2582,2584,2554,-1,2561,2579,2559,-1,2559,2579,2556,-1,2620,2622,2652,-1,2652,2622,2624,-1,2652,2624,2651,-1,2651,2624,2626,-1,2556,2579,2554,-1,2554,2579,2580,-1,2554,2580,2582,-1,2584,2586,2554,-1,2554,2586,2588,-1,2554,2588,2590,-1,2550,2519,2546,-1,2546,2519,2543,-1,2546,2543,2544,-1,2516,2519,2514,-1,2514,2519,2550,-1,2514,2550,2512,-1,2512,2550,2552,-1,2512,2552,2510,-1,2590,2592,2554,-1,2554,2592,2594,-1,2554,2594,2552,-1,2552,2594,2596,-1,2552,2596,2598,-1,2598,2600,2552,-1,2552,2600,2602,-1,2552,2602,2604,-1,2561,2563,2579,-1,2579,2563,2565,-1,2579,2565,2567,-1,2567,2569,2571,-1,2571,2573,2567,-1,2567,2573,2575,-1,2567,2575,2577,-1,2533,2535,2543,-1,2633,2635,2631,-1,2631,2635,2629,-1,2639,2641,2626,-1,2626,2641,2643,-1,2626,2643,2645,-1,2645,2647,2626,-1,2626,2647,2649,-1,2626,2649,2651,-1,2508,2510,2504,-1,2504,2510,2552,-1,2504,2552,2502,-1,2502,2552,2604,-1,2502,2604,2496,-1,2496,2604,2606,-1,2496,2606,2608,-1,2525,2527,2523,-1,2523,2527,2521,-1,2521,2527,2519,-1,2519,2527,2529,-1,2519,2529,2543,-1,2543,2529,2530,-1,2543,2530,2533,-1,2629,2635,2626,-1,2626,2635,2637,-1,2626,2637,2639,-1,2535,2537,2543,-1,2543,2537,2539,-1,2543,2539,2541,-1,2593,2591,2555,-1,2545,2542,2517,-1,2562,2560,2578,-1,2518,2517,2526,-1,2526,2517,2528,-1,2591,2589,2555,-1,2555,2589,2587,-1,2555,2587,2585,-1,2625,2623,2653,-1,2501,2499,2503,-1,2503,2499,2497,-1,2528,2517,2531,-1,2531,2517,2542,-1,2531,2542,2532,-1,2576,2574,2566,-1,2560,2558,2578,-1,2578,2558,2557,-1,2578,2557,2581,-1,2581,2557,2555,-1,2581,2555,2583,-1,2583,2555,2585,-1,2542,2540,2538,-1,2576,2566,2578,-1,2578,2566,2564,-1,2578,2564,2562,-1,2509,2507,2511,-1,2511,2507,2505,-1,2511,2505,2619,-1,2619,2505,2653,-1,2619,2653,2621,-1,2621,2653,2623,-1,2492,2493,2495,-1,2495,2493,2655,-1,2495,2655,2497,-1,2497,2655,2653,-1,2497,2653,2503,-1,2503,2653,2505,-1,2538,2536,2542,-1,2542,2536,2534,-1,2542,2534,2532,-1,2524,2522,2526,-1,2526,2522,2520,-1,2526,2520,2518,-1,2574,2572,2566,-1,2566,2572,2570,-1,2566,2570,2568,-1,2619,2617,2511,-1,2511,2617,2615,-1,2511,2615,2613,-1,2613,2611,2511,-1,2511,2611,2609,-1,2511,2609,2513,-1,2609,2607,2513,-1,2513,2607,2551,-1,2513,2551,2515,-1,2515,2551,2549,-1,2515,2549,2517,-1,2517,2549,2547,-1,2517,2547,2545,-1,2601,2553,2603,-1,2603,2553,2551,-1,2603,2551,2605,-1,2605,2551,2607,-1,2646,2644,2628,-1,2628,2644,2642,-1,2628,2642,2630,-1,2625,2653,2627,-1,2627,2653,2650,-1,2627,2650,2628,-1,2628,2650,2648,-1,2628,2648,2646,-1,2638,2636,2640,-1,2640,2636,2634,-1,2640,2634,2642,-1,2642,2634,2632,-1,2642,2632,2630,-1,2601,2599,2553,-1,2553,2599,2597,-1,2553,2597,2555,-1,2555,2597,2595,-1,2555,2595,2593,-1,2656,2657,2658,-1,2658,2657,2659,-1,2660,2656,2661,-1,2661,2656,2658,-1,2662,2660,2663,-1,2663,2660,2661,-1,2664,2662,2665,-1,2665,2662,2663,-1,2666,2664,2667,-1,2667,2664,2665,-1,2668,2666,2669,-1,2669,2666,2667,-1,2670,2668,2671,-1,2671,2668,2669,-1,2672,2670,2673,-1,2673,2670,2671,-1,2674,2672,2675,-1,2675,2672,2673,-1,2676,2674,2677,-1,2677,2674,2675,-1,2678,2676,2679,-1,2679,2676,2677,-1,2680,2678,2681,-1,2681,2678,2679,-1,2682,2680,2683,-1,2683,2680,2681,-1,2682,2683,2684,-1,2682,2684,2685,-1,2685,2684,2686,-1,2685,2686,2687,-1,2687,2686,2688,-1,2687,2688,2689,-1,2689,2688,2690,-1,2689,2690,2691,-1,2691,2690,2692,-1,2691,2692,2693,-1,2693,2692,2694,-1,2693,2694,2695,-1,2696,2695,2697,-1,2697,2695,2694,-1,2696,2697,2698,-1,2696,2698,2699,-1,2699,2698,2700,-1,2699,2700,2701,-1,2701,2700,2702,-1,2701,2702,2703,-1,2703,2702,2704,-1,2703,2704,2705,-1,2705,2704,2706,-1,2705,2706,2707,-1,2707,2706,2708,-1,2707,2708,2709,-1,2710,2709,2711,-1,2711,2709,2708,-1,2712,2710,2713,-1,2713,2710,2711,-1,2714,2712,2715,-1,2715,2712,2713,-1,2716,2714,2717,-1,2717,2714,2715,-1,2718,2716,2719,-1,2719,2716,2717,-1,2720,2718,2721,-1,2721,2718,2719,-1,2722,2720,2723,-1,2723,2720,2721,-1,2722,2723,2724,-1,2722,2724,2725,-1,2725,2724,2726,-1,2725,2726,2727,-1,2727,2726,2728,-1,2727,2728,2729,-1,2729,2728,2730,-1,2729,2730,2731,-1,2731,2730,2732,-1,2731,2732,2733,-1,2733,2732,2734,-1,2733,2734,2735,-1,2735,2734,2736,-1,2735,2736,2737,-1,2737,2736,2738,-1,2737,2738,2739,-1,2739,2738,2740,-1,2739,2740,2741,-1,2741,2740,2742,-1,2741,2742,2743,-1,2743,2742,2744,-1,2743,2744,2745,-1,2746,2745,2747,-1,2747,2745,2744,-1,2748,2746,2749,-1,2749,2746,2747,-1,2748,2749,2750,-1,2750,2749,2751,-1,2750,2751,2752,-1,2752,2751,2753,-1,2752,2753,2754,-1,2754,2753,2755,-1,2754,2755,2756,-1,2756,2755,2757,-1,2756,2757,2758,-1,2758,2757,2759,-1,2758,2759,2760,-1,2760,2759,2761,-1,2762,2760,2763,-1,2763,2760,2761,-1,2762,2763,2764,-1,2764,2763,2765,-1,2764,2765,2766,-1,2766,2765,2767,-1,2766,2767,2768,-1,2768,2767,2769,-1,2768,2769,2770,-1,2770,2769,2771,-1,2770,2771,2772,-1,2772,2771,2773,-1,2772,2773,2774,-1,2774,2773,2775,-1,2774,2775,2776,-1,2776,2775,2777,-1,2778,2776,2779,-1,2779,2776,2777,-1,2778,2779,2780,-1,2780,2779,2781,-1,2780,2781,2782,-1,2782,2781,2783,-1,2782,2783,2784,-1,2784,2783,2785,-1,2784,2785,2786,-1,2786,2785,2787,-1,2786,2787,2788,-1,2788,2787,2789,-1,2788,2789,2790,-1,2790,2789,2791,-1,2792,2790,2793,-1,2793,2790,2791,-1,2792,2793,2794,-1,2792,2794,2795,-1,2795,2794,2796,-1,2795,2796,2797,-1,2797,2796,2798,-1,2797,2798,2799,-1,2799,2798,2800,-1,2799,2800,2801,-1,2801,2800,2802,-1,2801,2802,2803,-1,2803,2802,2804,-1,2803,2804,2805,-1,2805,2804,2806,-1,2805,2806,2807,-1,2807,2806,2808,-1,2807,2808,2809,-1,2809,2808,2810,-1,2809,2810,2811,-1,2811,2810,2812,-1,2811,2812,2813,-1,2813,2812,2814,-1,2813,2814,2815,-1,2815,2814,2816,-1,2815,2816,2817,-1,2818,2817,2819,-1,2819,2817,2816,-1,2820,2818,2821,-1,2821,2818,2819,-1,2657,2820,2659,-1,2659,2820,2821,-1,2780,2782,2662,-1,2657,2656,2820,-1,2820,2656,2660,-1,2820,2660,2818,-1,2818,2660,2662,-1,2664,2666,2662,-1,2662,2666,2668,-1,2670,2672,2674,-1,2743,2745,2733,-1,2712,2714,2716,-1,2662,2782,2818,-1,2818,2782,2784,-1,2818,2784,2786,-1,2774,2776,2662,-1,2662,2776,2778,-1,2662,2778,2780,-1,2748,2750,2720,-1,2727,2745,2725,-1,2725,2745,2722,-1,2786,2788,2818,-1,2818,2788,2790,-1,2818,2790,2817,-1,2817,2790,2792,-1,2722,2745,2720,-1,2720,2745,2746,-1,2720,2746,2748,-1,2750,2752,2720,-1,2720,2752,2754,-1,2720,2754,2756,-1,2716,2685,2712,-1,2712,2685,2709,-1,2712,2709,2710,-1,2682,2685,2680,-1,2680,2685,2716,-1,2680,2716,2678,-1,2678,2716,2718,-1,2678,2718,2676,-1,2756,2758,2720,-1,2720,2758,2760,-1,2720,2760,2718,-1,2718,2760,2762,-1,2718,2762,2764,-1,2764,2766,2718,-1,2718,2766,2768,-1,2718,2768,2770,-1,2727,2729,2745,-1,2745,2729,2731,-1,2745,2731,2733,-1,2733,2735,2737,-1,2737,2739,2733,-1,2733,2739,2741,-1,2733,2741,2743,-1,2699,2701,2709,-1,2799,2801,2797,-1,2797,2801,2795,-1,2805,2807,2792,-1,2792,2807,2809,-1,2792,2809,2811,-1,2811,2813,2792,-1,2792,2813,2815,-1,2792,2815,2817,-1,2674,2676,2670,-1,2670,2676,2718,-1,2670,2718,2668,-1,2668,2718,2770,-1,2668,2770,2662,-1,2662,2770,2772,-1,2662,2772,2774,-1,2691,2693,2689,-1,2689,2693,2687,-1,2687,2693,2685,-1,2685,2693,2695,-1,2685,2695,2709,-1,2709,2695,2696,-1,2709,2696,2699,-1,2795,2801,2792,-1,2792,2801,2803,-1,2792,2803,2805,-1,2701,2703,2709,-1,2709,2703,2705,-1,2709,2705,2707,-1,2759,2757,2721,-1,2711,2708,2683,-1,2728,2726,2744,-1,2684,2683,2692,-1,2692,2683,2694,-1,2757,2755,2721,-1,2721,2755,2753,-1,2721,2753,2751,-1,2791,2789,2819,-1,2667,2665,2669,-1,2669,2665,2663,-1,2694,2683,2697,-1,2697,2683,2708,-1,2697,2708,2698,-1,2742,2740,2732,-1,2726,2724,2744,-1,2744,2724,2723,-1,2744,2723,2747,-1,2747,2723,2721,-1,2747,2721,2749,-1,2749,2721,2751,-1,2708,2706,2704,-1,2742,2732,2744,-1,2744,2732,2730,-1,2744,2730,2728,-1,2675,2673,2677,-1,2677,2673,2671,-1,2677,2671,2785,-1,2785,2671,2819,-1,2785,2819,2787,-1,2787,2819,2789,-1,2658,2659,2661,-1,2661,2659,2821,-1,2661,2821,2663,-1,2663,2821,2819,-1,2663,2819,2669,-1,2669,2819,2671,-1,2704,2702,2708,-1,2708,2702,2700,-1,2708,2700,2698,-1,2690,2688,2692,-1,2692,2688,2686,-1,2692,2686,2684,-1,2740,2738,2732,-1,2732,2738,2736,-1,2732,2736,2734,-1,2785,2783,2677,-1,2677,2783,2781,-1,2677,2781,2779,-1,2779,2777,2677,-1,2677,2777,2775,-1,2677,2775,2679,-1,2775,2773,2679,-1,2679,2773,2717,-1,2679,2717,2681,-1,2681,2717,2715,-1,2681,2715,2683,-1,2683,2715,2713,-1,2683,2713,2711,-1,2767,2719,2769,-1,2769,2719,2717,-1,2769,2717,2771,-1,2771,2717,2773,-1,2812,2810,2794,-1,2794,2810,2808,-1,2794,2808,2796,-1,2791,2819,2793,-1,2793,2819,2816,-1,2793,2816,2794,-1,2794,2816,2814,-1,2794,2814,2812,-1,2804,2802,2806,-1,2806,2802,2800,-1,2806,2800,2808,-1,2808,2800,2798,-1,2808,2798,2796,-1,2767,2765,2719,-1,2719,2765,2763,-1,2719,2763,2721,-1,2721,2763,2761,-1,2721,2761,2759,-1,2822,2823,2824,-1,2824,2823,2825,-1,2826,2822,2827,-1,2827,2822,2824,-1,2828,2826,2829,-1,2829,2826,2827,-1,2830,2828,2831,-1,2831,2828,2829,-1,2832,2830,2833,-1,2833,2830,2831,-1,2834,2832,2835,-1,2835,2832,2833,-1,2836,2834,2837,-1,2837,2834,2835,-1,2838,2836,2839,-1,2839,2836,2837,-1,2840,2838,2841,-1,2841,2838,2839,-1,2842,2840,2843,-1,2843,2840,2841,-1,2844,2842,2845,-1,2845,2842,2843,-1,2846,2844,2847,-1,2847,2844,2845,-1,2848,2846,2849,-1,2849,2846,2847,-1,2848,2849,2850,-1,2848,2850,2851,-1,2851,2850,2852,-1,2851,2852,2853,-1,2853,2852,2854,-1,2853,2854,2855,-1,2855,2854,2856,-1,2855,2856,2857,-1,2857,2856,2858,-1,2857,2858,2859,-1,2859,2858,2860,-1,2859,2860,2861,-1,2862,2861,2863,-1,2863,2861,2860,-1,2862,2863,2864,-1,2862,2864,2865,-1,2865,2864,2866,-1,2865,2866,2867,-1,2867,2866,2868,-1,2867,2868,2869,-1,2869,2868,2870,-1,2869,2870,2871,-1,2871,2870,2872,-1,2871,2872,2873,-1,2873,2872,2874,-1,2873,2874,2875,-1,2876,2875,2877,-1,2877,2875,2874,-1,2878,2876,2879,-1,2879,2876,2877,-1,2880,2878,2881,-1,2881,2878,2879,-1,2882,2880,2883,-1,2883,2880,2881,-1,2884,2882,2885,-1,2885,2882,2883,-1,2886,2884,2887,-1,2887,2884,2885,-1,2888,2886,2889,-1,2889,2886,2887,-1,2888,2889,2890,-1,2888,2890,2891,-1,2891,2890,2892,-1,2891,2892,2893,-1,2893,2892,2894,-1,2893,2894,2895,-1,2895,2894,2896,-1,2895,2896,2897,-1,2897,2896,2898,-1,2897,2898,2899,-1,2899,2898,2900,-1,2899,2900,2901,-1,2901,2900,2902,-1,2901,2902,2903,-1,2903,2902,2904,-1,2903,2904,2905,-1,2905,2904,2906,-1,2905,2906,2907,-1,2907,2906,2908,-1,2907,2908,2909,-1,2909,2908,2910,-1,2909,2910,2911,-1,2912,2911,2913,-1,2913,2911,2910,-1,2914,2912,2915,-1,2915,2912,2913,-1,2914,2915,2916,-1,2916,2915,2917,-1,2916,2917,2918,-1,2918,2917,2919,-1,2918,2919,2920,-1,2920,2919,2921,-1,2920,2921,2922,-1,2922,2921,2923,-1,2922,2923,2924,-1,2924,2923,2925,-1,2924,2925,2926,-1,2926,2925,2927,-1,2928,2926,2929,-1,2929,2926,2927,-1,2928,2929,2930,-1,2930,2929,2931,-1,2930,2931,2932,-1,2932,2931,2933,-1,2932,2933,2934,-1,2934,2933,2935,-1,2934,2935,2936,-1,2936,2935,2937,-1,2936,2937,2938,-1,2938,2937,2939,-1,2938,2939,2940,-1,2940,2939,2941,-1,2940,2941,2942,-1,2942,2941,2943,-1,2944,2942,2945,-1,2945,2942,2943,-1,2944,2945,2946,-1,2946,2945,2947,-1,2946,2947,2948,-1,2948,2947,2949,-1,2948,2949,2950,-1,2950,2949,2951,-1,2950,2951,2952,-1,2952,2951,2953,-1,2952,2953,2954,-1,2954,2953,2955,-1,2954,2955,2956,-1,2956,2955,2957,-1,2958,2956,2959,-1,2959,2956,2957,-1,2958,2959,2960,-1,2958,2960,2961,-1,2961,2960,2962,-1,2961,2962,2963,-1,2963,2962,2964,-1,2963,2964,2965,-1,2965,2964,2966,-1,2965,2966,2967,-1,2967,2966,2968,-1,2967,2968,2969,-1,2969,2968,2970,-1,2969,2970,2971,-1,2971,2970,2972,-1,2971,2972,2973,-1,2973,2972,2974,-1,2973,2974,2975,-1,2975,2974,2976,-1,2975,2976,2977,-1,2977,2976,2978,-1,2977,2978,2979,-1,2979,2978,2980,-1,2979,2980,2981,-1,2981,2980,2982,-1,2981,2982,2983,-1,2984,2983,2985,-1,2985,2983,2982,-1,2986,2984,2987,-1,2987,2984,2985,-1,2823,2986,2825,-1,2825,2986,2987,-1,2946,2948,2828,-1,2823,2822,2986,-1,2986,2822,2826,-1,2986,2826,2984,-1,2984,2826,2828,-1,2830,2832,2828,-1,2828,2832,2834,-1,2836,2838,2840,-1,2909,2911,2899,-1,2878,2880,2882,-1,2828,2948,2984,-1,2984,2948,2950,-1,2984,2950,2952,-1,2940,2942,2828,-1,2828,2942,2944,-1,2828,2944,2946,-1,2914,2916,2886,-1,2893,2911,2891,-1,2891,2911,2888,-1,2952,2954,2984,-1,2984,2954,2956,-1,2984,2956,2983,-1,2983,2956,2958,-1,2888,2911,2886,-1,2886,2911,2912,-1,2886,2912,2914,-1,2916,2918,2886,-1,2886,2918,2920,-1,2886,2920,2922,-1,2882,2851,2878,-1,2878,2851,2875,-1,2878,2875,2876,-1,2848,2851,2846,-1,2846,2851,2882,-1,2846,2882,2844,-1,2844,2882,2884,-1,2844,2884,2842,-1,2922,2924,2886,-1,2886,2924,2926,-1,2886,2926,2884,-1,2884,2926,2928,-1,2884,2928,2930,-1,2930,2932,2884,-1,2884,2932,2934,-1,2884,2934,2936,-1,2893,2895,2911,-1,2911,2895,2897,-1,2911,2897,2899,-1,2899,2901,2903,-1,2903,2905,2899,-1,2899,2905,2907,-1,2899,2907,2909,-1,2865,2867,2875,-1,2965,2967,2963,-1,2963,2967,2961,-1,2971,2973,2958,-1,2958,2973,2975,-1,2958,2975,2977,-1,2977,2979,2958,-1,2958,2979,2981,-1,2958,2981,2983,-1,2840,2842,2836,-1,2836,2842,2884,-1,2836,2884,2834,-1,2834,2884,2936,-1,2834,2936,2828,-1,2828,2936,2938,-1,2828,2938,2940,-1,2857,2859,2855,-1,2855,2859,2853,-1,2853,2859,2851,-1,2851,2859,2861,-1,2851,2861,2875,-1,2875,2861,2862,-1,2875,2862,2865,-1,2961,2967,2958,-1,2958,2967,2969,-1,2958,2969,2971,-1,2867,2869,2875,-1,2875,2869,2871,-1,2875,2871,2873,-1,2925,2923,2887,-1,2877,2874,2849,-1,2894,2892,2910,-1,2850,2849,2858,-1,2858,2849,2860,-1,2923,2921,2887,-1,2887,2921,2919,-1,2887,2919,2917,-1,2957,2955,2985,-1,2833,2831,2835,-1,2835,2831,2829,-1,2860,2849,2863,-1,2863,2849,2874,-1,2863,2874,2864,-1,2908,2906,2898,-1,2892,2890,2910,-1,2910,2890,2889,-1,2910,2889,2913,-1,2913,2889,2887,-1,2913,2887,2915,-1,2915,2887,2917,-1,2874,2872,2870,-1,2908,2898,2910,-1,2910,2898,2896,-1,2910,2896,2894,-1,2841,2839,2843,-1,2843,2839,2837,-1,2843,2837,2951,-1,2951,2837,2985,-1,2951,2985,2953,-1,2953,2985,2955,-1,2824,2825,2827,-1,2827,2825,2987,-1,2827,2987,2829,-1,2829,2987,2985,-1,2829,2985,2835,-1,2835,2985,2837,-1,2870,2868,2874,-1,2874,2868,2866,-1,2874,2866,2864,-1,2856,2854,2858,-1,2858,2854,2852,-1,2858,2852,2850,-1,2906,2904,2898,-1,2898,2904,2902,-1,2898,2902,2900,-1,2951,2949,2843,-1,2843,2949,2947,-1,2843,2947,2945,-1,2945,2943,2843,-1,2843,2943,2941,-1,2843,2941,2845,-1,2941,2939,2845,-1,2845,2939,2883,-1,2845,2883,2847,-1,2847,2883,2881,-1,2847,2881,2849,-1,2849,2881,2879,-1,2849,2879,2877,-1,2933,2885,2935,-1,2935,2885,2883,-1,2935,2883,2937,-1,2937,2883,2939,-1,2978,2976,2960,-1,2960,2976,2974,-1,2960,2974,2962,-1,2957,2985,2959,-1,2959,2985,2982,-1,2959,2982,2960,-1,2960,2982,2980,-1,2960,2980,2978,-1,2970,2968,2972,-1,2972,2968,2966,-1,2972,2966,2974,-1,2974,2966,2964,-1,2974,2964,2962,-1,2933,2931,2885,-1,2885,2931,2929,-1,2885,2929,2887,-1,2887,2929,2927,-1,2887,2927,2925,-1,2988,2989,2990,-1,2990,2989,2991,-1,2992,2988,2993,-1,2993,2988,2990,-1,2994,2992,2995,-1,2995,2992,2993,-1,2996,2994,2997,-1,2997,2994,2995,-1,2998,2996,2999,-1,2999,2996,2997,-1,3000,2998,3001,-1,3001,2998,2999,-1,3002,3000,3003,-1,3003,3000,3001,-1,3004,3002,3005,-1,3005,3002,3003,-1,3006,3004,3007,-1,3007,3004,3005,-1,3008,3006,3009,-1,3009,3006,3007,-1,3010,3008,3011,-1,3011,3008,3009,-1,3012,3010,3013,-1,3013,3010,3011,-1,3014,3012,3015,-1,3015,3012,3013,-1,3014,3015,3016,-1,3014,3016,3017,-1,3017,3016,3018,-1,3017,3018,3019,-1,3019,3018,3020,-1,3019,3020,3021,-1,3021,3020,3022,-1,3021,3022,3023,-1,3023,3022,3024,-1,3023,3024,3025,-1,3025,3024,3026,-1,3025,3026,3027,-1,3028,3027,3029,-1,3029,3027,3026,-1,3028,3029,3030,-1,3028,3030,3031,-1,3031,3030,3032,-1,3031,3032,3033,-1,3033,3032,3034,-1,3033,3034,3035,-1,3035,3034,3036,-1,3035,3036,3037,-1,3037,3036,3038,-1,3037,3038,3039,-1,3039,3038,3040,-1,3039,3040,3041,-1,3042,3041,3043,-1,3043,3041,3040,-1,3044,3042,3045,-1,3045,3042,3043,-1,3046,3044,3047,-1,3047,3044,3045,-1,3048,3046,3049,-1,3049,3046,3047,-1,3050,3048,3051,-1,3051,3048,3049,-1,3052,3050,3053,-1,3053,3050,3051,-1,3054,3052,3055,-1,3055,3052,3053,-1,3054,3055,3056,-1,3054,3056,3057,-1,3057,3056,3058,-1,3057,3058,3059,-1,3059,3058,3060,-1,3059,3060,3061,-1,3061,3060,3062,-1,3061,3062,3063,-1,3063,3062,3064,-1,3063,3064,3065,-1,3065,3064,3066,-1,3065,3066,3067,-1,3067,3066,3068,-1,3067,3068,3069,-1,3069,3068,3070,-1,3069,3070,3071,-1,3071,3070,3072,-1,3071,3072,3073,-1,3073,3072,3074,-1,3073,3074,3075,-1,3075,3074,3076,-1,3075,3076,3077,-1,3078,3077,3079,-1,3079,3077,3076,-1,3080,3078,3081,-1,3081,3078,3079,-1,3080,3081,3082,-1,3082,3081,3083,-1,3082,3083,3084,-1,3084,3083,3085,-1,3084,3085,3086,-1,3086,3085,3087,-1,3086,3087,3088,-1,3088,3087,3089,-1,3088,3089,3090,-1,3090,3089,3091,-1,3090,3091,3092,-1,3092,3091,3093,-1,3094,3092,3095,-1,3095,3092,3093,-1,3094,3095,3096,-1,3096,3095,3097,-1,3096,3097,3098,-1,3098,3097,3099,-1,3098,3099,3100,-1,3100,3099,3101,-1,3100,3101,3102,-1,3102,3101,3103,-1,3102,3103,3104,-1,3104,3103,3105,-1,3104,3105,3106,-1,3106,3105,3107,-1,3106,3107,3108,-1,3108,3107,3109,-1,3110,3108,3111,-1,3111,3108,3109,-1,3110,3111,3112,-1,3112,3111,3113,-1,3112,3113,3114,-1,3114,3113,3115,-1,3114,3115,3116,-1,3116,3115,3117,-1,3116,3117,3118,-1,3118,3117,3119,-1,3118,3119,3120,-1,3120,3119,3121,-1,3120,3121,3122,-1,3122,3121,3123,-1,3124,3122,3125,-1,3125,3122,3123,-1,3124,3125,3126,-1,3124,3126,3127,-1,3127,3126,3128,-1,3127,3128,3129,-1,3129,3128,3130,-1,3129,3130,3131,-1,3131,3130,3132,-1,3131,3132,3133,-1,3133,3132,3134,-1,3133,3134,3135,-1,3135,3134,3136,-1,3135,3136,3137,-1,3137,3136,3138,-1,3137,3138,3139,-1,3139,3138,3140,-1,3139,3140,3141,-1,3141,3140,3142,-1,3141,3142,3143,-1,3143,3142,3144,-1,3143,3144,3145,-1,3145,3144,3146,-1,3145,3146,3147,-1,3147,3146,3148,-1,3147,3148,3149,-1,3150,3149,3151,-1,3151,3149,3148,-1,3152,3150,3153,-1,3153,3150,3151,-1,2989,3152,2991,-1,2991,3152,3153,-1,3112,3114,2994,-1,2989,2988,3152,-1,3152,2988,2992,-1,3152,2992,3150,-1,3150,2992,2994,-1,2996,2998,2994,-1,2994,2998,3000,-1,3002,3004,3006,-1,3075,3077,3065,-1,3044,3046,3048,-1,2994,3114,3150,-1,3150,3114,3116,-1,3150,3116,3118,-1,3106,3108,2994,-1,2994,3108,3110,-1,2994,3110,3112,-1,3080,3082,3052,-1,3059,3077,3057,-1,3057,3077,3054,-1,3118,3120,3150,-1,3150,3120,3122,-1,3150,3122,3149,-1,3149,3122,3124,-1,3054,3077,3052,-1,3052,3077,3078,-1,3052,3078,3080,-1,3082,3084,3052,-1,3052,3084,3086,-1,3052,3086,3088,-1,3048,3017,3044,-1,3044,3017,3041,-1,3044,3041,3042,-1,3014,3017,3012,-1,3012,3017,3048,-1,3012,3048,3010,-1,3010,3048,3050,-1,3010,3050,3008,-1,3088,3090,3052,-1,3052,3090,3092,-1,3052,3092,3050,-1,3050,3092,3094,-1,3050,3094,3096,-1,3096,3098,3050,-1,3050,3098,3100,-1,3050,3100,3102,-1,3059,3061,3077,-1,3077,3061,3063,-1,3077,3063,3065,-1,3065,3067,3069,-1,3069,3071,3065,-1,3065,3071,3073,-1,3065,3073,3075,-1,3031,3033,3041,-1,3131,3133,3129,-1,3129,3133,3127,-1,3137,3139,3124,-1,3124,3139,3141,-1,3124,3141,3143,-1,3143,3145,3124,-1,3124,3145,3147,-1,3124,3147,3149,-1,3006,3008,3002,-1,3002,3008,3050,-1,3002,3050,3000,-1,3000,3050,3102,-1,3000,3102,2994,-1,2994,3102,3104,-1,2994,3104,3106,-1,3023,3025,3021,-1,3021,3025,3019,-1,3019,3025,3017,-1,3017,3025,3027,-1,3017,3027,3041,-1,3041,3027,3028,-1,3041,3028,3031,-1,3127,3133,3124,-1,3124,3133,3135,-1,3124,3135,3137,-1,3033,3035,3041,-1,3041,3035,3037,-1,3041,3037,3039,-1,3091,3089,3053,-1,3043,3040,3015,-1,3060,3058,3076,-1,3016,3015,3024,-1,3024,3015,3026,-1,3089,3087,3053,-1,3053,3087,3085,-1,3053,3085,3083,-1,3123,3121,3151,-1,2999,2997,3001,-1,3001,2997,2995,-1,3026,3015,3029,-1,3029,3015,3040,-1,3029,3040,3030,-1,3074,3072,3064,-1,3058,3056,3076,-1,3076,3056,3055,-1,3076,3055,3079,-1,3079,3055,3053,-1,3079,3053,3081,-1,3081,3053,3083,-1,3040,3038,3036,-1,3074,3064,3076,-1,3076,3064,3062,-1,3076,3062,3060,-1,3007,3005,3009,-1,3009,3005,3003,-1,3009,3003,3117,-1,3117,3003,3151,-1,3117,3151,3119,-1,3119,3151,3121,-1,2990,2991,2993,-1,2993,2991,3153,-1,2993,3153,2995,-1,2995,3153,3151,-1,2995,3151,3001,-1,3001,3151,3003,-1,3036,3034,3040,-1,3040,3034,3032,-1,3040,3032,3030,-1,3022,3020,3024,-1,3024,3020,3018,-1,3024,3018,3016,-1,3072,3070,3064,-1,3064,3070,3068,-1,3064,3068,3066,-1,3117,3115,3009,-1,3009,3115,3113,-1,3009,3113,3111,-1,3111,3109,3009,-1,3009,3109,3107,-1,3009,3107,3011,-1,3107,3105,3011,-1,3011,3105,3049,-1,3011,3049,3013,-1,3013,3049,3047,-1,3013,3047,3015,-1,3015,3047,3045,-1,3015,3045,3043,-1,3099,3051,3101,-1,3101,3051,3049,-1,3101,3049,3103,-1,3103,3049,3105,-1,3144,3142,3126,-1,3126,3142,3140,-1,3126,3140,3128,-1,3123,3151,3125,-1,3125,3151,3148,-1,3125,3148,3126,-1,3126,3148,3146,-1,3126,3146,3144,-1,3136,3134,3138,-1,3138,3134,3132,-1,3138,3132,3140,-1,3140,3132,3130,-1,3140,3130,3128,-1,3099,3097,3051,-1,3051,3097,3095,-1,3051,3095,3053,-1,3053,3095,3093,-1,3053,3093,3091,-1,3154,3155,3156,-1,3156,3155,3157,-1,3158,3154,3159,-1,3159,3154,3156,-1,3160,3158,3161,-1,3161,3158,3159,-1,3162,3160,3163,-1,3163,3160,3161,-1,3164,3162,3165,-1,3165,3162,3163,-1,3166,3164,3167,-1,3167,3164,3165,-1,3168,3166,3169,-1,3169,3166,3167,-1,3170,3168,3171,-1,3171,3168,3169,-1,3172,3170,3173,-1,3173,3170,3171,-1,3174,3172,3175,-1,3175,3172,3173,-1,3176,3174,3177,-1,3177,3174,3175,-1,3178,3176,3179,-1,3179,3176,3177,-1,3180,3178,3181,-1,3181,3178,3179,-1,3180,3181,3182,-1,3180,3182,3183,-1,3183,3182,3184,-1,3183,3184,3185,-1,3185,3184,3186,-1,3185,3186,3187,-1,3187,3186,3188,-1,3187,3188,3189,-1,3189,3188,3190,-1,3189,3190,3191,-1,3191,3190,3192,-1,3191,3192,3193,-1,3194,3193,3195,-1,3195,3193,3192,-1,3194,3195,3196,-1,3194,3196,3197,-1,3197,3196,3198,-1,3197,3198,3199,-1,3199,3198,3200,-1,3199,3200,3201,-1,3201,3200,3202,-1,3201,3202,3203,-1,3203,3202,3204,-1,3203,3204,3205,-1,3205,3204,3206,-1,3205,3206,3207,-1,3208,3207,3209,-1,3209,3207,3206,-1,3210,3208,3211,-1,3211,3208,3209,-1,3212,3210,3213,-1,3213,3210,3211,-1,3214,3212,3215,-1,3215,3212,3213,-1,3216,3214,3217,-1,3217,3214,3215,-1,3218,3216,3219,-1,3219,3216,3217,-1,3220,3218,3221,-1,3221,3218,3219,-1,3220,3221,3222,-1,3220,3222,3223,-1,3223,3222,3224,-1,3223,3224,3225,-1,3225,3224,3226,-1,3225,3226,3227,-1,3227,3226,3228,-1,3227,3228,3229,-1,3229,3228,3230,-1,3229,3230,3231,-1,3231,3230,3232,-1,3231,3232,3233,-1,3233,3232,3234,-1,3233,3234,3235,-1,3235,3234,3236,-1,3235,3236,3237,-1,3237,3236,3238,-1,3237,3238,3239,-1,3239,3238,3240,-1,3239,3240,3241,-1,3241,3240,3242,-1,3241,3242,3243,-1,3244,3243,3245,-1,3245,3243,3242,-1,3246,3244,3247,-1,3247,3244,3245,-1,3246,3247,3248,-1,3248,3247,3249,-1,3248,3249,3250,-1,3250,3249,3251,-1,3250,3251,3252,-1,3252,3251,3253,-1,3252,3253,3254,-1,3254,3253,3255,-1,3254,3255,3256,-1,3256,3255,3257,-1,3256,3257,3258,-1,3258,3257,3259,-1,3260,3258,3261,-1,3261,3258,3259,-1,3260,3261,3262,-1,3262,3261,3263,-1,3262,3263,3264,-1,3264,3263,3265,-1,3264,3265,3266,-1,3266,3265,3267,-1,3266,3267,3268,-1,3268,3267,3269,-1,3268,3269,3270,-1,3270,3269,3271,-1,3270,3271,3272,-1,3272,3271,3273,-1,3272,3273,3274,-1,3274,3273,3275,-1,3276,3274,3277,-1,3277,3274,3275,-1,3276,3277,3278,-1,3278,3277,3279,-1,3278,3279,3280,-1,3280,3279,3281,-1,3280,3281,3282,-1,3282,3281,3283,-1,3282,3283,3284,-1,3284,3283,3285,-1,3284,3285,3286,-1,3286,3285,3287,-1,3286,3287,3288,-1,3288,3287,3289,-1,3290,3288,3291,-1,3291,3288,3289,-1,3290,3291,3292,-1,3290,3292,3293,-1,3293,3292,3294,-1,3293,3294,3295,-1,3295,3294,3296,-1,3295,3296,3297,-1,3297,3296,3298,-1,3297,3298,3299,-1,3299,3298,3300,-1,3299,3300,3301,-1,3301,3300,3302,-1,3301,3302,3303,-1,3303,3302,3304,-1,3303,3304,3305,-1,3305,3304,3306,-1,3305,3306,3307,-1,3307,3306,3308,-1,3307,3308,3309,-1,3309,3308,3310,-1,3309,3310,3311,-1,3311,3310,3312,-1,3311,3312,3313,-1,3313,3312,3314,-1,3313,3314,3315,-1,3316,3315,3317,-1,3317,3315,3314,-1,3318,3316,3319,-1,3319,3316,3317,-1,3155,3318,3157,-1,3157,3318,3319,-1,3278,3280,3160,-1,3155,3154,3318,-1,3318,3154,3158,-1,3318,3158,3316,-1,3316,3158,3160,-1,3162,3164,3160,-1,3160,3164,3166,-1,3168,3170,3172,-1,3241,3243,3231,-1,3210,3212,3214,-1,3160,3280,3316,-1,3316,3280,3282,-1,3316,3282,3284,-1,3272,3274,3160,-1,3160,3274,3276,-1,3160,3276,3278,-1,3246,3248,3218,-1,3225,3243,3223,-1,3223,3243,3220,-1,3284,3286,3316,-1,3316,3286,3288,-1,3316,3288,3315,-1,3315,3288,3290,-1,3220,3243,3218,-1,3218,3243,3244,-1,3218,3244,3246,-1,3248,3250,3218,-1,3218,3250,3252,-1,3218,3252,3254,-1,3214,3183,3210,-1,3210,3183,3207,-1,3210,3207,3208,-1,3180,3183,3178,-1,3178,3183,3214,-1,3178,3214,3176,-1,3176,3214,3216,-1,3176,3216,3174,-1,3254,3256,3218,-1,3218,3256,3258,-1,3218,3258,3216,-1,3216,3258,3260,-1,3216,3260,3262,-1,3262,3264,3216,-1,3216,3264,3266,-1,3216,3266,3268,-1,3225,3227,3243,-1,3243,3227,3229,-1,3243,3229,3231,-1,3231,3233,3235,-1,3235,3237,3231,-1,3231,3237,3239,-1,3231,3239,3241,-1,3197,3199,3207,-1,3297,3299,3295,-1,3295,3299,3293,-1,3303,3305,3290,-1,3290,3305,3307,-1,3290,3307,3309,-1,3309,3311,3290,-1,3290,3311,3313,-1,3290,3313,3315,-1,3172,3174,3168,-1,3168,3174,3216,-1,3168,3216,3166,-1,3166,3216,3268,-1,3166,3268,3160,-1,3160,3268,3270,-1,3160,3270,3272,-1,3189,3191,3187,-1,3187,3191,3185,-1,3185,3191,3183,-1,3183,3191,3193,-1,3183,3193,3207,-1,3207,3193,3194,-1,3207,3194,3197,-1,3293,3299,3290,-1,3290,3299,3301,-1,3290,3301,3303,-1,3199,3201,3207,-1,3207,3201,3203,-1,3207,3203,3205,-1,3257,3255,3219,-1,3209,3206,3181,-1,3226,3224,3242,-1,3182,3181,3190,-1,3190,3181,3192,-1,3255,3253,3219,-1,3219,3253,3251,-1,3219,3251,3249,-1,3289,3287,3317,-1,3165,3163,3167,-1,3167,3163,3161,-1,3192,3181,3195,-1,3195,3181,3206,-1,3195,3206,3196,-1,3240,3238,3230,-1,3224,3222,3242,-1,3242,3222,3221,-1,3242,3221,3245,-1,3245,3221,3219,-1,3245,3219,3247,-1,3247,3219,3249,-1,3206,3204,3202,-1,3240,3230,3242,-1,3242,3230,3228,-1,3242,3228,3226,-1,3173,3171,3175,-1,3175,3171,3169,-1,3175,3169,3283,-1,3283,3169,3317,-1,3283,3317,3285,-1,3285,3317,3287,-1,3156,3157,3159,-1,3159,3157,3319,-1,3159,3319,3161,-1,3161,3319,3317,-1,3161,3317,3167,-1,3167,3317,3169,-1,3202,3200,3206,-1,3206,3200,3198,-1,3206,3198,3196,-1,3188,3186,3190,-1,3190,3186,3184,-1,3190,3184,3182,-1,3238,3236,3230,-1,3230,3236,3234,-1,3230,3234,3232,-1,3283,3281,3175,-1,3175,3281,3279,-1,3175,3279,3277,-1,3277,3275,3175,-1,3175,3275,3273,-1,3175,3273,3177,-1,3273,3271,3177,-1,3177,3271,3215,-1,3177,3215,3179,-1,3179,3215,3213,-1,3179,3213,3181,-1,3181,3213,3211,-1,3181,3211,3209,-1,3265,3217,3267,-1,3267,3217,3215,-1,3267,3215,3269,-1,3269,3215,3271,-1,3310,3308,3292,-1,3292,3308,3306,-1,3292,3306,3294,-1,3289,3317,3291,-1,3291,3317,3314,-1,3291,3314,3292,-1,3292,3314,3312,-1,3292,3312,3310,-1,3302,3300,3304,-1,3304,3300,3298,-1,3304,3298,3306,-1,3306,3298,3296,-1,3306,3296,3294,-1,3265,3263,3217,-1,3217,3263,3261,-1,3217,3261,3219,-1,3219,3261,3259,-1,3219,3259,3257,-1,3320,3321,3322,-1,3322,3321,3323,-1,3324,3320,3325,-1,3325,3320,3322,-1,3326,3324,3327,-1,3327,3324,3325,-1,3328,3326,3329,-1,3329,3326,3327,-1,3330,3328,3331,-1,3331,3328,3329,-1,3332,3330,3333,-1,3333,3330,3331,-1,3334,3332,3335,-1,3335,3332,3333,-1,3336,3334,3337,-1,3337,3334,3335,-1,3338,3336,3339,-1,3339,3336,3337,-1,3340,3338,3341,-1,3341,3338,3339,-1,3342,3340,3343,-1,3343,3340,3341,-1,3344,3342,3345,-1,3345,3342,3343,-1,3346,3344,3347,-1,3347,3344,3345,-1,3346,3347,3348,-1,3346,3348,3349,-1,3349,3348,3350,-1,3349,3350,3351,-1,3351,3350,3352,-1,3351,3352,3353,-1,3353,3352,3354,-1,3353,3354,3355,-1,3355,3354,3356,-1,3355,3356,3357,-1,3357,3356,3358,-1,3357,3358,3359,-1,3360,3359,3361,-1,3361,3359,3358,-1,3360,3361,3362,-1,3360,3362,3363,-1,3363,3362,3364,-1,3363,3364,3365,-1,3365,3364,3366,-1,3365,3366,3367,-1,3367,3366,3368,-1,3367,3368,3369,-1,3369,3368,3370,-1,3369,3370,3371,-1,3371,3370,3372,-1,3371,3372,3373,-1,3374,3373,3375,-1,3375,3373,3372,-1,3376,3374,3377,-1,3377,3374,3375,-1,3378,3376,3379,-1,3379,3376,3377,-1,3380,3378,3381,-1,3381,3378,3379,-1,3382,3380,3383,-1,3383,3380,3381,-1,3384,3382,3385,-1,3385,3382,3383,-1,3386,3384,3387,-1,3387,3384,3385,-1,3386,3387,3388,-1,3386,3388,3389,-1,3389,3388,3390,-1,3389,3390,3391,-1,3391,3390,3392,-1,3391,3392,3393,-1,3393,3392,3394,-1,3393,3394,3395,-1,3395,3394,3396,-1,3395,3396,3397,-1,3397,3396,3398,-1,3397,3398,3399,-1,3399,3398,3400,-1,3399,3400,3401,-1,3401,3400,3402,-1,3401,3402,3403,-1,3403,3402,3404,-1,3403,3404,3405,-1,3405,3404,3406,-1,3405,3406,3407,-1,3407,3406,3408,-1,3407,3408,3409,-1,3410,3409,3411,-1,3411,3409,3408,-1,3412,3410,3413,-1,3413,3410,3411,-1,3412,3413,3414,-1,3414,3413,3415,-1,3414,3415,3416,-1,3416,3415,3417,-1,3416,3417,3418,-1,3418,3417,3419,-1,3418,3419,3420,-1,3420,3419,3421,-1,3420,3421,3422,-1,3422,3421,3423,-1,3422,3423,3424,-1,3424,3423,3425,-1,3426,3424,3427,-1,3427,3424,3425,-1,3426,3427,3428,-1,3428,3427,3429,-1,3428,3429,3430,-1,3430,3429,3431,-1,3430,3431,3432,-1,3432,3431,3433,-1,3432,3433,3434,-1,3434,3433,3435,-1,3434,3435,3436,-1,3436,3435,3437,-1,3436,3437,3438,-1,3438,3437,3439,-1,3438,3439,3440,-1,3440,3439,3441,-1,3442,3440,3443,-1,3443,3440,3441,-1,3442,3443,3444,-1,3444,3443,3445,-1,3444,3445,3446,-1,3446,3445,3447,-1,3446,3447,3448,-1,3448,3447,3449,-1,3448,3449,3450,-1,3450,3449,3451,-1,3450,3451,3452,-1,3452,3451,3453,-1,3452,3453,3454,-1,3454,3453,3455,-1,3456,3454,3457,-1,3457,3454,3455,-1,3456,3457,3458,-1,3456,3458,3459,-1,3459,3458,3460,-1,3459,3460,3461,-1,3461,3460,3462,-1,3461,3462,3463,-1,3463,3462,3464,-1,3463,3464,3465,-1,3465,3464,3466,-1,3465,3466,3467,-1,3467,3466,3468,-1,3467,3468,3469,-1,3469,3468,3470,-1,3469,3470,3471,-1,3471,3470,3472,-1,3471,3472,3473,-1,3473,3472,3474,-1,3473,3474,3475,-1,3475,3474,3476,-1,3475,3476,3477,-1,3477,3476,3478,-1,3477,3478,3479,-1,3479,3478,3480,-1,3479,3480,3481,-1,3482,3481,3483,-1,3483,3481,3480,-1,3484,3482,3485,-1,3485,3482,3483,-1,3321,3484,3323,-1,3323,3484,3485,-1,3444,3446,3326,-1,3321,3320,3484,-1,3484,3320,3324,-1,3484,3324,3482,-1,3482,3324,3326,-1,3328,3330,3326,-1,3326,3330,3332,-1,3334,3336,3338,-1,3407,3409,3397,-1,3376,3378,3380,-1,3326,3446,3482,-1,3482,3446,3448,-1,3482,3448,3450,-1,3438,3440,3326,-1,3326,3440,3442,-1,3326,3442,3444,-1,3412,3414,3384,-1,3391,3409,3389,-1,3389,3409,3386,-1,3450,3452,3482,-1,3482,3452,3454,-1,3482,3454,3481,-1,3481,3454,3456,-1,3386,3409,3384,-1,3384,3409,3410,-1,3384,3410,3412,-1,3414,3416,3384,-1,3384,3416,3418,-1,3384,3418,3420,-1,3380,3349,3376,-1,3376,3349,3373,-1,3376,3373,3374,-1,3346,3349,3344,-1,3344,3349,3380,-1,3344,3380,3342,-1,3342,3380,3382,-1,3342,3382,3340,-1,3420,3422,3384,-1,3384,3422,3424,-1,3384,3424,3382,-1,3382,3424,3426,-1,3382,3426,3428,-1,3428,3430,3382,-1,3382,3430,3432,-1,3382,3432,3434,-1,3391,3393,3409,-1,3409,3393,3395,-1,3409,3395,3397,-1,3397,3399,3401,-1,3401,3403,3397,-1,3397,3403,3405,-1,3397,3405,3407,-1,3363,3365,3373,-1,3463,3465,3461,-1,3461,3465,3459,-1,3469,3471,3456,-1,3456,3471,3473,-1,3456,3473,3475,-1,3475,3477,3456,-1,3456,3477,3479,-1,3456,3479,3481,-1,3338,3340,3334,-1,3334,3340,3382,-1,3334,3382,3332,-1,3332,3382,3434,-1,3332,3434,3326,-1,3326,3434,3436,-1,3326,3436,3438,-1,3355,3357,3353,-1,3353,3357,3351,-1,3351,3357,3349,-1,3349,3357,3359,-1,3349,3359,3373,-1,3373,3359,3360,-1,3373,3360,3363,-1,3459,3465,3456,-1,3456,3465,3467,-1,3456,3467,3469,-1,3365,3367,3373,-1,3373,3367,3369,-1,3373,3369,3371,-1,3423,3421,3385,-1,3375,3372,3347,-1,3392,3390,3408,-1,3348,3347,3356,-1,3356,3347,3358,-1,3421,3419,3385,-1,3385,3419,3417,-1,3385,3417,3415,-1,3455,3453,3483,-1,3331,3329,3333,-1,3333,3329,3327,-1,3358,3347,3361,-1,3361,3347,3372,-1,3361,3372,3362,-1,3406,3404,3396,-1,3390,3388,3408,-1,3408,3388,3387,-1,3408,3387,3411,-1,3411,3387,3385,-1,3411,3385,3413,-1,3413,3385,3415,-1,3372,3370,3368,-1,3406,3396,3408,-1,3408,3396,3394,-1,3408,3394,3392,-1,3339,3337,3341,-1,3341,3337,3335,-1,3341,3335,3449,-1,3449,3335,3483,-1,3449,3483,3451,-1,3451,3483,3453,-1,3322,3323,3325,-1,3325,3323,3485,-1,3325,3485,3327,-1,3327,3485,3483,-1,3327,3483,3333,-1,3333,3483,3335,-1,3368,3366,3372,-1,3372,3366,3364,-1,3372,3364,3362,-1,3354,3352,3356,-1,3356,3352,3350,-1,3356,3350,3348,-1,3404,3402,3396,-1,3396,3402,3400,-1,3396,3400,3398,-1,3449,3447,3341,-1,3341,3447,3445,-1,3341,3445,3443,-1,3443,3441,3341,-1,3341,3441,3439,-1,3341,3439,3343,-1,3439,3437,3343,-1,3343,3437,3381,-1,3343,3381,3345,-1,3345,3381,3379,-1,3345,3379,3347,-1,3347,3379,3377,-1,3347,3377,3375,-1,3431,3383,3433,-1,3433,3383,3381,-1,3433,3381,3435,-1,3435,3381,3437,-1,3476,3474,3458,-1,3458,3474,3472,-1,3458,3472,3460,-1,3455,3483,3457,-1,3457,3483,3480,-1,3457,3480,3458,-1,3458,3480,3478,-1,3458,3478,3476,-1,3468,3466,3470,-1,3470,3466,3464,-1,3470,3464,3472,-1,3472,3464,3462,-1,3472,3462,3460,-1,3431,3429,3383,-1,3383,3429,3427,-1,3383,3427,3385,-1,3385,3427,3425,-1,3385,3425,3423,-1,3486,3487,3488,-1,3488,3487,3489,-1,3490,3486,3491,-1,3491,3486,3488,-1,3492,3490,3493,-1,3493,3490,3491,-1,3494,3492,3495,-1,3495,3492,3493,-1,3496,3494,3497,-1,3497,3494,3495,-1,3498,3496,3499,-1,3499,3496,3497,-1,3500,3498,3501,-1,3501,3498,3499,-1,3502,3500,3503,-1,3503,3500,3501,-1,3504,3502,3505,-1,3505,3502,3503,-1,3506,3504,3507,-1,3507,3504,3505,-1,3508,3506,3509,-1,3509,3506,3507,-1,3510,3508,3511,-1,3511,3508,3509,-1,3512,3510,3513,-1,3513,3510,3511,-1,3512,3513,3514,-1,3512,3514,3515,-1,3515,3514,3516,-1,3515,3516,3517,-1,3517,3516,3518,-1,3517,3518,3519,-1,3519,3518,3520,-1,3519,3520,3521,-1,3521,3520,3522,-1,3521,3522,3523,-1,3523,3522,3524,-1,3523,3524,3525,-1,3526,3525,3527,-1,3527,3525,3524,-1,3526,3527,3528,-1,3526,3528,3529,-1,3529,3528,3530,-1,3529,3530,3531,-1,3531,3530,3532,-1,3531,3532,3533,-1,3533,3532,3534,-1,3533,3534,3535,-1,3535,3534,3536,-1,3535,3536,3537,-1,3537,3536,3538,-1,3537,3538,3539,-1,3540,3539,3541,-1,3541,3539,3538,-1,3542,3540,3543,-1,3543,3540,3541,-1,3544,3542,3545,-1,3545,3542,3543,-1,3546,3544,3547,-1,3547,3544,3545,-1,3548,3546,3549,-1,3549,3546,3547,-1,3550,3548,3551,-1,3551,3548,3549,-1,3552,3550,3553,-1,3553,3550,3551,-1,3552,3553,3554,-1,3552,3554,3555,-1,3555,3554,3556,-1,3555,3556,3557,-1,3557,3556,3558,-1,3557,3558,3559,-1,3559,3558,3560,-1,3559,3560,3561,-1,3561,3560,3562,-1,3561,3562,3563,-1,3563,3562,3564,-1,3563,3564,3565,-1,3565,3564,3566,-1,3565,3566,3567,-1,3567,3566,3568,-1,3567,3568,3569,-1,3569,3568,3570,-1,3569,3570,3571,-1,3571,3570,3572,-1,3571,3572,3573,-1,3573,3572,3574,-1,3573,3574,3575,-1,3576,3575,3577,-1,3577,3575,3574,-1,3578,3576,3579,-1,3579,3576,3577,-1,3578,3579,3580,-1,3580,3579,3581,-1,3580,3581,3582,-1,3582,3581,3583,-1,3582,3583,3584,-1,3584,3583,3585,-1,3584,3585,3586,-1,3586,3585,3587,-1,3586,3587,3588,-1,3588,3587,3589,-1,3588,3589,3590,-1,3590,3589,3591,-1,3592,3590,3593,-1,3593,3590,3591,-1,3592,3593,3594,-1,3594,3593,3595,-1,3594,3595,3596,-1,3596,3595,3597,-1,3596,3597,3598,-1,3598,3597,3599,-1,3598,3599,3600,-1,3600,3599,3601,-1,3600,3601,3602,-1,3602,3601,3603,-1,3602,3603,3604,-1,3604,3603,3605,-1,3604,3605,3606,-1,3606,3605,3607,-1,3608,3606,3609,-1,3609,3606,3607,-1,3608,3609,3610,-1,3610,3609,3611,-1,3610,3611,3612,-1,3612,3611,3613,-1,3612,3613,3614,-1,3614,3613,3615,-1,3614,3615,3616,-1,3616,3615,3617,-1,3616,3617,3618,-1,3618,3617,3619,-1,3618,3619,3620,-1,3620,3619,3621,-1,3622,3620,3623,-1,3623,3620,3621,-1,3622,3623,3624,-1,3622,3624,3625,-1,3625,3624,3626,-1,3625,3626,3627,-1,3627,3626,3628,-1,3627,3628,3629,-1,3629,3628,3630,-1,3629,3630,3631,-1,3631,3630,3632,-1,3631,3632,3633,-1,3633,3632,3634,-1,3633,3634,3635,-1,3635,3634,3636,-1,3635,3636,3637,-1,3637,3636,3638,-1,3637,3638,3639,-1,3639,3638,3640,-1,3639,3640,3641,-1,3641,3640,3642,-1,3641,3642,3643,-1,3643,3642,3644,-1,3643,3644,3645,-1,3645,3644,3646,-1,3645,3646,3647,-1,3648,3647,3649,-1,3649,3647,3646,-1,3650,3648,3651,-1,3651,3648,3649,-1,3487,3650,3489,-1,3489,3650,3651,-1,3610,3612,3492,-1,3487,3486,3650,-1,3650,3486,3490,-1,3650,3490,3648,-1,3648,3490,3492,-1,3494,3496,3492,-1,3492,3496,3498,-1,3500,3502,3504,-1,3573,3575,3563,-1,3542,3544,3546,-1,3492,3612,3648,-1,3648,3612,3614,-1,3648,3614,3616,-1,3604,3606,3492,-1,3492,3606,3608,-1,3492,3608,3610,-1,3578,3580,3550,-1,3557,3575,3555,-1,3555,3575,3552,-1,3616,3618,3648,-1,3648,3618,3620,-1,3648,3620,3647,-1,3647,3620,3622,-1,3552,3575,3550,-1,3550,3575,3576,-1,3550,3576,3578,-1,3580,3582,3550,-1,3550,3582,3584,-1,3550,3584,3586,-1,3546,3515,3542,-1,3542,3515,3539,-1,3542,3539,3540,-1,3512,3515,3510,-1,3510,3515,3546,-1,3510,3546,3508,-1,3508,3546,3548,-1,3508,3548,3506,-1,3586,3588,3550,-1,3550,3588,3590,-1,3550,3590,3548,-1,3548,3590,3592,-1,3548,3592,3594,-1,3594,3596,3548,-1,3548,3596,3598,-1,3548,3598,3600,-1,3557,3559,3575,-1,3575,3559,3561,-1,3575,3561,3563,-1,3563,3565,3567,-1,3567,3569,3563,-1,3563,3569,3571,-1,3563,3571,3573,-1,3529,3531,3539,-1,3629,3631,3627,-1,3627,3631,3625,-1,3635,3637,3622,-1,3622,3637,3639,-1,3622,3639,3641,-1,3641,3643,3622,-1,3622,3643,3645,-1,3622,3645,3647,-1,3504,3506,3500,-1,3500,3506,3548,-1,3500,3548,3498,-1,3498,3548,3600,-1,3498,3600,3492,-1,3492,3600,3602,-1,3492,3602,3604,-1,3521,3523,3519,-1,3519,3523,3517,-1,3517,3523,3515,-1,3515,3523,3525,-1,3515,3525,3539,-1,3539,3525,3526,-1,3539,3526,3529,-1,3625,3631,3622,-1,3622,3631,3633,-1,3622,3633,3635,-1,3531,3533,3539,-1,3539,3533,3535,-1,3539,3535,3537,-1,3589,3587,3551,-1,3541,3538,3513,-1,3558,3556,3574,-1,3514,3513,3522,-1,3522,3513,3524,-1,3587,3585,3551,-1,3551,3585,3583,-1,3551,3583,3581,-1,3621,3619,3649,-1,3497,3495,3499,-1,3499,3495,3493,-1,3524,3513,3527,-1,3527,3513,3538,-1,3527,3538,3528,-1,3572,3570,3562,-1,3556,3554,3574,-1,3574,3554,3553,-1,3574,3553,3577,-1,3577,3553,3551,-1,3577,3551,3579,-1,3579,3551,3581,-1,3538,3536,3534,-1,3572,3562,3574,-1,3574,3562,3560,-1,3574,3560,3558,-1,3505,3503,3507,-1,3507,3503,3501,-1,3507,3501,3615,-1,3615,3501,3649,-1,3615,3649,3617,-1,3617,3649,3619,-1,3488,3489,3491,-1,3491,3489,3651,-1,3491,3651,3493,-1,3493,3651,3649,-1,3493,3649,3499,-1,3499,3649,3501,-1,3534,3532,3538,-1,3538,3532,3530,-1,3538,3530,3528,-1,3520,3518,3522,-1,3522,3518,3516,-1,3522,3516,3514,-1,3570,3568,3562,-1,3562,3568,3566,-1,3562,3566,3564,-1,3615,3613,3507,-1,3507,3613,3611,-1,3507,3611,3609,-1,3609,3607,3507,-1,3507,3607,3605,-1,3507,3605,3509,-1,3605,3603,3509,-1,3509,3603,3547,-1,3509,3547,3511,-1,3511,3547,3545,-1,3511,3545,3513,-1,3513,3545,3543,-1,3513,3543,3541,-1,3597,3549,3599,-1,3599,3549,3547,-1,3599,3547,3601,-1,3601,3547,3603,-1,3642,3640,3624,-1,3624,3640,3638,-1,3624,3638,3626,-1,3621,3649,3623,-1,3623,3649,3646,-1,3623,3646,3624,-1,3624,3646,3644,-1,3624,3644,3642,-1,3634,3632,3636,-1,3636,3632,3630,-1,3636,3630,3638,-1,3638,3630,3628,-1,3638,3628,3626,-1,3597,3595,3549,-1,3549,3595,3593,-1,3549,3593,3551,-1,3551,3593,3591,-1,3551,3591,3589,-1,3652,3653,3654,-1,3654,3653,3655,-1,3656,3652,3657,-1,3657,3652,3654,-1,3658,3656,3659,-1,3659,3656,3657,-1,3660,3658,3661,-1,3661,3658,3659,-1,3662,3660,3663,-1,3663,3660,3661,-1,3664,3662,3665,-1,3665,3662,3663,-1,3666,3664,3667,-1,3667,3664,3665,-1,3668,3666,3669,-1,3669,3666,3667,-1,3670,3668,3671,-1,3671,3668,3669,-1,3672,3670,3673,-1,3673,3670,3671,-1,3674,3672,3675,-1,3675,3672,3673,-1,3676,3674,3677,-1,3677,3674,3675,-1,3678,3676,3679,-1,3679,3676,3677,-1,3678,3679,3680,-1,3678,3680,3681,-1,3681,3680,3682,-1,3681,3682,3683,-1,3683,3682,3684,-1,3683,3684,3685,-1,3685,3684,3686,-1,3685,3686,3687,-1,3687,3686,3688,-1,3687,3688,3689,-1,3689,3688,3690,-1,3689,3690,3691,-1,3692,3691,3693,-1,3693,3691,3690,-1,3692,3693,3694,-1,3692,3694,3695,-1,3695,3694,3696,-1,3695,3696,3697,-1,3697,3696,3698,-1,3697,3698,3699,-1,3699,3698,3700,-1,3699,3700,3701,-1,3701,3700,3702,-1,3701,3702,3703,-1,3703,3702,3704,-1,3703,3704,3705,-1,3706,3705,3707,-1,3707,3705,3704,-1,3708,3706,3709,-1,3709,3706,3707,-1,3710,3708,3711,-1,3711,3708,3709,-1,3712,3710,3713,-1,3713,3710,3711,-1,3714,3712,3715,-1,3715,3712,3713,-1,3716,3714,3717,-1,3717,3714,3715,-1,3718,3716,3719,-1,3719,3716,3717,-1,3718,3719,3720,-1,3718,3720,3721,-1,3721,3720,3722,-1,3721,3722,3723,-1,3723,3722,3724,-1,3723,3724,3725,-1,3725,3724,3726,-1,3725,3726,3727,-1,3727,3726,3728,-1,3727,3728,3729,-1,3729,3728,3730,-1,3729,3730,3731,-1,3731,3730,3732,-1,3731,3732,3733,-1,3733,3732,3734,-1,3733,3734,3735,-1,3735,3734,3736,-1,3735,3736,3737,-1,3737,3736,3738,-1,3737,3738,3739,-1,3739,3738,3740,-1,3739,3740,3741,-1,3742,3741,3743,-1,3743,3741,3740,-1,3744,3742,3745,-1,3745,3742,3743,-1,3744,3745,3746,-1,3746,3745,3747,-1,3746,3747,3748,-1,3748,3747,3749,-1,3748,3749,3750,-1,3750,3749,3751,-1,3750,3751,3752,-1,3752,3751,3753,-1,3752,3753,3754,-1,3754,3753,3755,-1,3754,3755,3756,-1,3756,3755,3757,-1,3758,3756,3759,-1,3759,3756,3757,-1,3758,3759,3760,-1,3760,3759,3761,-1,3760,3761,3762,-1,3762,3761,3763,-1,3762,3763,3764,-1,3764,3763,3765,-1,3764,3765,3766,-1,3766,3765,3767,-1,3766,3767,3768,-1,3768,3767,3769,-1,3768,3769,3770,-1,3770,3769,3771,-1,3770,3771,3772,-1,3772,3771,3773,-1,3774,3772,3775,-1,3775,3772,3773,-1,3774,3775,3776,-1,3776,3775,3777,-1,3776,3777,3778,-1,3778,3777,3779,-1,3778,3779,3780,-1,3780,3779,3781,-1,3780,3781,3782,-1,3782,3781,3783,-1,3782,3783,3784,-1,3784,3783,3785,-1,3784,3785,3786,-1,3786,3785,3787,-1,3788,3786,3789,-1,3789,3786,3787,-1,3788,3789,3790,-1,3788,3790,3791,-1,3791,3790,3792,-1,3791,3792,3793,-1,3793,3792,3794,-1,3793,3794,3795,-1,3795,3794,3796,-1,3795,3796,3797,-1,3797,3796,3798,-1,3797,3798,3799,-1,3799,3798,3800,-1,3799,3800,3801,-1,3801,3800,3802,-1,3801,3802,3803,-1,3803,3802,3804,-1,3803,3804,3805,-1,3805,3804,3806,-1,3805,3806,3807,-1,3807,3806,3808,-1,3807,3808,3809,-1,3809,3808,3810,-1,3809,3810,3811,-1,3811,3810,3812,-1,3811,3812,3813,-1,3814,3813,3815,-1,3815,3813,3812,-1,3816,3814,3817,-1,3817,3814,3815,-1,3653,3816,3655,-1,3655,3816,3817,-1,3776,3778,3658,-1,3653,3652,3816,-1,3816,3652,3656,-1,3816,3656,3814,-1,3814,3656,3658,-1,3660,3662,3658,-1,3658,3662,3664,-1,3666,3668,3670,-1,3739,3741,3729,-1,3708,3710,3712,-1,3658,3778,3814,-1,3814,3778,3780,-1,3814,3780,3782,-1,3770,3772,3658,-1,3658,3772,3774,-1,3658,3774,3776,-1,3744,3746,3716,-1,3723,3741,3721,-1,3721,3741,3718,-1,3782,3784,3814,-1,3814,3784,3786,-1,3814,3786,3813,-1,3813,3786,3788,-1,3718,3741,3716,-1,3716,3741,3742,-1,3716,3742,3744,-1,3746,3748,3716,-1,3716,3748,3750,-1,3716,3750,3752,-1,3712,3681,3708,-1,3708,3681,3705,-1,3708,3705,3706,-1,3678,3681,3676,-1,3676,3681,3712,-1,3676,3712,3674,-1,3674,3712,3714,-1,3674,3714,3672,-1,3752,3754,3716,-1,3716,3754,3756,-1,3716,3756,3714,-1,3714,3756,3758,-1,3714,3758,3760,-1,3760,3762,3714,-1,3714,3762,3764,-1,3714,3764,3766,-1,3723,3725,3741,-1,3741,3725,3727,-1,3741,3727,3729,-1,3729,3731,3733,-1,3733,3735,3729,-1,3729,3735,3737,-1,3729,3737,3739,-1,3695,3697,3705,-1,3795,3797,3793,-1,3793,3797,3791,-1,3801,3803,3788,-1,3788,3803,3805,-1,3788,3805,3807,-1,3807,3809,3788,-1,3788,3809,3811,-1,3788,3811,3813,-1,3670,3672,3666,-1,3666,3672,3714,-1,3666,3714,3664,-1,3664,3714,3766,-1,3664,3766,3658,-1,3658,3766,3768,-1,3658,3768,3770,-1,3687,3689,3685,-1,3685,3689,3683,-1,3683,3689,3681,-1,3681,3689,3691,-1,3681,3691,3705,-1,3705,3691,3692,-1,3705,3692,3695,-1,3791,3797,3788,-1,3788,3797,3799,-1,3788,3799,3801,-1,3697,3699,3705,-1,3705,3699,3701,-1,3705,3701,3703,-1,3755,3753,3717,-1,3707,3704,3679,-1,3724,3722,3740,-1,3680,3679,3688,-1,3688,3679,3690,-1,3753,3751,3717,-1,3717,3751,3749,-1,3717,3749,3747,-1,3787,3785,3815,-1,3663,3661,3665,-1,3665,3661,3659,-1,3690,3679,3693,-1,3693,3679,3704,-1,3693,3704,3694,-1,3738,3736,3728,-1,3722,3720,3740,-1,3740,3720,3719,-1,3740,3719,3743,-1,3743,3719,3717,-1,3743,3717,3745,-1,3745,3717,3747,-1,3704,3702,3700,-1,3738,3728,3740,-1,3740,3728,3726,-1,3740,3726,3724,-1,3671,3669,3673,-1,3673,3669,3667,-1,3673,3667,3781,-1,3781,3667,3815,-1,3781,3815,3783,-1,3783,3815,3785,-1,3654,3655,3657,-1,3657,3655,3817,-1,3657,3817,3659,-1,3659,3817,3815,-1,3659,3815,3665,-1,3665,3815,3667,-1,3700,3698,3704,-1,3704,3698,3696,-1,3704,3696,3694,-1,3686,3684,3688,-1,3688,3684,3682,-1,3688,3682,3680,-1,3736,3734,3728,-1,3728,3734,3732,-1,3728,3732,3730,-1,3781,3779,3673,-1,3673,3779,3777,-1,3673,3777,3775,-1,3775,3773,3673,-1,3673,3773,3771,-1,3673,3771,3675,-1,3771,3769,3675,-1,3675,3769,3713,-1,3675,3713,3677,-1,3677,3713,3711,-1,3677,3711,3679,-1,3679,3711,3709,-1,3679,3709,3707,-1,3763,3715,3765,-1,3765,3715,3713,-1,3765,3713,3767,-1,3767,3713,3769,-1,3808,3806,3790,-1,3790,3806,3804,-1,3790,3804,3792,-1,3787,3815,3789,-1,3789,3815,3812,-1,3789,3812,3790,-1,3790,3812,3810,-1,3790,3810,3808,-1,3800,3798,3802,-1,3802,3798,3796,-1,3802,3796,3804,-1,3804,3796,3794,-1,3804,3794,3792,-1,3763,3761,3715,-1,3715,3761,3759,-1,3715,3759,3717,-1,3717,3759,3757,-1,3717,3757,3755,-1,3818,3819,3820,-1,3820,3819,3821,-1,3822,3818,3823,-1,3823,3818,3820,-1,3824,3822,3825,-1,3825,3822,3823,-1,3826,3824,3827,-1,3827,3824,3825,-1,3828,3826,3829,-1,3829,3826,3827,-1,3830,3828,3831,-1,3831,3828,3829,-1,3832,3830,3833,-1,3833,3830,3831,-1,3834,3832,3835,-1,3835,3832,3833,-1,3836,3834,3837,-1,3837,3834,3835,-1,3838,3836,3839,-1,3839,3836,3837,-1,3840,3838,3841,-1,3841,3838,3839,-1,3842,3840,3843,-1,3843,3840,3841,-1,3844,3842,3845,-1,3845,3842,3843,-1,3844,3845,3846,-1,3844,3846,3847,-1,3847,3846,3848,-1,3847,3848,3849,-1,3849,3848,3850,-1,3849,3850,3851,-1,3851,3850,3852,-1,3851,3852,3853,-1,3853,3852,3854,-1,3853,3854,3855,-1,3855,3854,3856,-1,3855,3856,3857,-1,3858,3857,3859,-1,3859,3857,3856,-1,3858,3859,3860,-1,3858,3860,3861,-1,3861,3860,3862,-1,3861,3862,3863,-1,3863,3862,3864,-1,3863,3864,3865,-1,3865,3864,3866,-1,3865,3866,3867,-1,3867,3866,3868,-1,3867,3868,3869,-1,3869,3868,3870,-1,3869,3870,3871,-1,3872,3871,3873,-1,3873,3871,3870,-1,3874,3872,3875,-1,3875,3872,3873,-1,3876,3874,3877,-1,3877,3874,3875,-1,3878,3876,3879,-1,3879,3876,3877,-1,3880,3878,3881,-1,3881,3878,3879,-1,3882,3880,3883,-1,3883,3880,3881,-1,3884,3882,3885,-1,3885,3882,3883,-1,3884,3885,3886,-1,3884,3886,3887,-1,3887,3886,3888,-1,3887,3888,3889,-1,3889,3888,3890,-1,3889,3890,3891,-1,3891,3890,3892,-1,3891,3892,3893,-1,3893,3892,3894,-1,3893,3894,3895,-1,3895,3894,3896,-1,3895,3896,3897,-1,3897,3896,3898,-1,3897,3898,3899,-1,3899,3898,3900,-1,3899,3900,3901,-1,3901,3900,3902,-1,3901,3902,3903,-1,3903,3902,3904,-1,3903,3904,3905,-1,3905,3904,3906,-1,3905,3906,3907,-1,3908,3907,3909,-1,3909,3907,3906,-1,3910,3908,3911,-1,3911,3908,3909,-1,3910,3911,3912,-1,3912,3911,3913,-1,3912,3913,3914,-1,3914,3913,3915,-1,3914,3915,3916,-1,3916,3915,3917,-1,3916,3917,3918,-1,3918,3917,3919,-1,3918,3919,3920,-1,3920,3919,3921,-1,3920,3921,3922,-1,3922,3921,3923,-1,3924,3922,3925,-1,3925,3922,3923,-1,3924,3925,3926,-1,3926,3925,3927,-1,3926,3927,3928,-1,3928,3927,3929,-1,3928,3929,3930,-1,3930,3929,3931,-1,3930,3931,3932,-1,3932,3931,3933,-1,3932,3933,3934,-1,3934,3933,3935,-1,3934,3935,3936,-1,3936,3935,3937,-1,3936,3937,3938,-1,3938,3937,3939,-1,3940,3938,3941,-1,3941,3938,3939,-1,3940,3941,3942,-1,3942,3941,3943,-1,3942,3943,3944,-1,3944,3943,3945,-1,3944,3945,3946,-1,3946,3945,3947,-1,3946,3947,3948,-1,3948,3947,3949,-1,3948,3949,3950,-1,3950,3949,3951,-1,3950,3951,3952,-1,3952,3951,3953,-1,3954,3952,3955,-1,3955,3952,3953,-1,3954,3955,3956,-1,3954,3956,3957,-1,3957,3956,3958,-1,3957,3958,3959,-1,3959,3958,3960,-1,3959,3960,3961,-1,3961,3960,3962,-1,3961,3962,3963,-1,3963,3962,3964,-1,3963,3964,3965,-1,3965,3964,3966,-1,3965,3966,3967,-1,3967,3966,3968,-1,3967,3968,3969,-1,3969,3968,3970,-1,3969,3970,3971,-1,3971,3970,3972,-1,3971,3972,3973,-1,3973,3972,3974,-1,3973,3974,3975,-1,3975,3974,3976,-1,3975,3976,3977,-1,3977,3976,3978,-1,3977,3978,3979,-1,3980,3979,3981,-1,3981,3979,3978,-1,3982,3980,3983,-1,3983,3980,3981,-1,3819,3982,3821,-1,3821,3982,3983,-1,3942,3944,3824,-1,3819,3818,3982,-1,3982,3818,3822,-1,3982,3822,3980,-1,3980,3822,3824,-1,3826,3828,3824,-1,3824,3828,3830,-1,3832,3834,3836,-1,3905,3907,3895,-1,3874,3876,3878,-1,3824,3944,3980,-1,3980,3944,3946,-1,3980,3946,3948,-1,3936,3938,3824,-1,3824,3938,3940,-1,3824,3940,3942,-1,3910,3912,3882,-1,3889,3907,3887,-1,3887,3907,3884,-1,3948,3950,3980,-1,3980,3950,3952,-1,3980,3952,3979,-1,3979,3952,3954,-1,3884,3907,3882,-1,3882,3907,3908,-1,3882,3908,3910,-1,3912,3914,3882,-1,3882,3914,3916,-1,3882,3916,3918,-1,3878,3847,3874,-1,3874,3847,3871,-1,3874,3871,3872,-1,3844,3847,3842,-1,3842,3847,3878,-1,3842,3878,3840,-1,3840,3878,3880,-1,3840,3880,3838,-1,3918,3920,3882,-1,3882,3920,3922,-1,3882,3922,3880,-1,3880,3922,3924,-1,3880,3924,3926,-1,3926,3928,3880,-1,3880,3928,3930,-1,3880,3930,3932,-1,3889,3891,3907,-1,3907,3891,3893,-1,3907,3893,3895,-1,3895,3897,3899,-1,3899,3901,3895,-1,3895,3901,3903,-1,3895,3903,3905,-1,3861,3863,3871,-1,3961,3963,3959,-1,3959,3963,3957,-1,3967,3969,3954,-1,3954,3969,3971,-1,3954,3971,3973,-1,3973,3975,3954,-1,3954,3975,3977,-1,3954,3977,3979,-1,3836,3838,3832,-1,3832,3838,3880,-1,3832,3880,3830,-1,3830,3880,3932,-1,3830,3932,3824,-1,3824,3932,3934,-1,3824,3934,3936,-1,3853,3855,3851,-1,3851,3855,3849,-1,3849,3855,3847,-1,3847,3855,3857,-1,3847,3857,3871,-1,3871,3857,3858,-1,3871,3858,3861,-1,3957,3963,3954,-1,3954,3963,3965,-1,3954,3965,3967,-1,3863,3865,3871,-1,3871,3865,3867,-1,3871,3867,3869,-1,3921,3919,3883,-1,3873,3870,3845,-1,3890,3888,3906,-1,3846,3845,3854,-1,3854,3845,3856,-1,3919,3917,3883,-1,3883,3917,3915,-1,3883,3915,3913,-1,3953,3951,3981,-1,3829,3827,3831,-1,3831,3827,3825,-1,3856,3845,3859,-1,3859,3845,3870,-1,3859,3870,3860,-1,3904,3902,3894,-1,3888,3886,3906,-1,3906,3886,3885,-1,3906,3885,3909,-1,3909,3885,3883,-1,3909,3883,3911,-1,3911,3883,3913,-1,3870,3868,3866,-1,3904,3894,3906,-1,3906,3894,3892,-1,3906,3892,3890,-1,3837,3835,3839,-1,3839,3835,3833,-1,3839,3833,3947,-1,3947,3833,3981,-1,3947,3981,3949,-1,3949,3981,3951,-1,3820,3821,3823,-1,3823,3821,3983,-1,3823,3983,3825,-1,3825,3983,3981,-1,3825,3981,3831,-1,3831,3981,3833,-1,3866,3864,3870,-1,3870,3864,3862,-1,3870,3862,3860,-1,3852,3850,3854,-1,3854,3850,3848,-1,3854,3848,3846,-1,3902,3900,3894,-1,3894,3900,3898,-1,3894,3898,3896,-1,3947,3945,3839,-1,3839,3945,3943,-1,3839,3943,3941,-1,3941,3939,3839,-1,3839,3939,3937,-1,3839,3937,3841,-1,3937,3935,3841,-1,3841,3935,3879,-1,3841,3879,3843,-1,3843,3879,3877,-1,3843,3877,3845,-1,3845,3877,3875,-1,3845,3875,3873,-1,3929,3881,3931,-1,3931,3881,3879,-1,3931,3879,3933,-1,3933,3879,3935,-1,3974,3972,3956,-1,3956,3972,3970,-1,3956,3970,3958,-1,3953,3981,3955,-1,3955,3981,3978,-1,3955,3978,3956,-1,3956,3978,3976,-1,3956,3976,3974,-1,3966,3964,3968,-1,3968,3964,3962,-1,3968,3962,3970,-1,3970,3962,3960,-1,3970,3960,3958,-1,3929,3927,3881,-1,3881,3927,3925,-1,3881,3925,3883,-1,3883,3925,3923,-1,3883,3923,3921,-1,3984,3985,3986,-1,3986,3985,3987,-1,3988,3984,3989,-1,3989,3984,3986,-1,3990,3988,3991,-1,3991,3988,3989,-1,3992,3990,3993,-1,3993,3990,3991,-1,3994,3992,3995,-1,3995,3992,3993,-1,3996,3994,3997,-1,3997,3994,3995,-1,3998,3996,3999,-1,3999,3996,3997,-1,4000,3998,4001,-1,4001,3998,3999,-1,4002,4000,4003,-1,4003,4000,4001,-1,4004,4002,4005,-1,4005,4002,4003,-1,4006,4004,4007,-1,4007,4004,4005,-1,4008,4006,4009,-1,4009,4006,4007,-1,4010,4008,4011,-1,4011,4008,4009,-1,4010,4011,4012,-1,4010,4012,4013,-1,4013,4012,4014,-1,4013,4014,4015,-1,4015,4014,4016,-1,4015,4016,4017,-1,4017,4016,4018,-1,4017,4018,4019,-1,4019,4018,4020,-1,4019,4020,4021,-1,4021,4020,4022,-1,4021,4022,4023,-1,4024,4023,4025,-1,4025,4023,4022,-1,4024,4025,4026,-1,4024,4026,4027,-1,4027,4026,4028,-1,4027,4028,4029,-1,4029,4028,4030,-1,4029,4030,4031,-1,4031,4030,4032,-1,4031,4032,4033,-1,4033,4032,4034,-1,4033,4034,4035,-1,4035,4034,4036,-1,4035,4036,4037,-1,4038,4037,4039,-1,4039,4037,4036,-1,4040,4038,4041,-1,4041,4038,4039,-1,4042,4040,4043,-1,4043,4040,4041,-1,4044,4042,4045,-1,4045,4042,4043,-1,4046,4044,4047,-1,4047,4044,4045,-1,4048,4046,4049,-1,4049,4046,4047,-1,4050,4048,4051,-1,4051,4048,4049,-1,4050,4051,4052,-1,4050,4052,4053,-1,4053,4052,4054,-1,4053,4054,4055,-1,4055,4054,4056,-1,4055,4056,4057,-1,4057,4056,4058,-1,4057,4058,4059,-1,4059,4058,4060,-1,4059,4060,4061,-1,4061,4060,4062,-1,4061,4062,4063,-1,4063,4062,4064,-1,4063,4064,4065,-1,4065,4064,4066,-1,4065,4066,4067,-1,4067,4066,4068,-1,4067,4068,4069,-1,4069,4068,4070,-1,4069,4070,4071,-1,4071,4070,4072,-1,4071,4072,4073,-1,4074,4073,4075,-1,4075,4073,4072,-1,4076,4074,4077,-1,4077,4074,4075,-1,4076,4077,4078,-1,4078,4077,4079,-1,4078,4079,4080,-1,4080,4079,4081,-1,4080,4081,4082,-1,4082,4081,4083,-1,4082,4083,4084,-1,4084,4083,4085,-1,4084,4085,4086,-1,4086,4085,4087,-1,4086,4087,4088,-1,4088,4087,4089,-1,4090,4088,4091,-1,4091,4088,4089,-1,4090,4091,4092,-1,4092,4091,4093,-1,4092,4093,4094,-1,4094,4093,4095,-1,4094,4095,4096,-1,4096,4095,4097,-1,4096,4097,4098,-1,4098,4097,4099,-1,4098,4099,4100,-1,4100,4099,4101,-1,4100,4101,4102,-1,4102,4101,4103,-1,4102,4103,4104,-1,4104,4103,4105,-1,4106,4104,4107,-1,4107,4104,4105,-1,4106,4107,4108,-1,4108,4107,4109,-1,4108,4109,4110,-1,4110,4109,4111,-1,4110,4111,4112,-1,4112,4111,4113,-1,4112,4113,4114,-1,4114,4113,4115,-1,4114,4115,4116,-1,4116,4115,4117,-1,4116,4117,4118,-1,4118,4117,4119,-1,4120,4118,4121,-1,4121,4118,4119,-1,4120,4121,4122,-1,4120,4122,4123,-1,4123,4122,4124,-1,4123,4124,4125,-1,4125,4124,4126,-1,4125,4126,4127,-1,4127,4126,4128,-1,4127,4128,4129,-1,4129,4128,4130,-1,4129,4130,4131,-1,4131,4130,4132,-1,4131,4132,4133,-1,4133,4132,4134,-1,4133,4134,4135,-1,4135,4134,4136,-1,4135,4136,4137,-1,4137,4136,4138,-1,4137,4138,4139,-1,4139,4138,4140,-1,4139,4140,4141,-1,4141,4140,4142,-1,4141,4142,4143,-1,4143,4142,4144,-1,4143,4144,4145,-1,4146,4145,4147,-1,4147,4145,4144,-1,4148,4146,4149,-1,4149,4146,4147,-1,3985,4148,3987,-1,3987,4148,4149,-1,4108,4110,3990,-1,3985,3984,4148,-1,4148,3984,3988,-1,4148,3988,4146,-1,4146,3988,3990,-1,3992,3994,3990,-1,3990,3994,3996,-1,3998,4000,4002,-1,4071,4073,4061,-1,4040,4042,4044,-1,3990,4110,4146,-1,4146,4110,4112,-1,4146,4112,4114,-1,4102,4104,3990,-1,3990,4104,4106,-1,3990,4106,4108,-1,4076,4078,4048,-1,4055,4073,4053,-1,4053,4073,4050,-1,4114,4116,4146,-1,4146,4116,4118,-1,4146,4118,4145,-1,4145,4118,4120,-1,4050,4073,4048,-1,4048,4073,4074,-1,4048,4074,4076,-1,4078,4080,4048,-1,4048,4080,4082,-1,4048,4082,4084,-1,4044,4013,4040,-1,4040,4013,4037,-1,4040,4037,4038,-1,4010,4013,4008,-1,4008,4013,4044,-1,4008,4044,4006,-1,4006,4044,4046,-1,4006,4046,4004,-1,4084,4086,4048,-1,4048,4086,4088,-1,4048,4088,4046,-1,4046,4088,4090,-1,4046,4090,4092,-1,4092,4094,4046,-1,4046,4094,4096,-1,4046,4096,4098,-1,4055,4057,4073,-1,4073,4057,4059,-1,4073,4059,4061,-1,4061,4063,4065,-1,4065,4067,4061,-1,4061,4067,4069,-1,4061,4069,4071,-1,4027,4029,4037,-1,4127,4129,4125,-1,4125,4129,4123,-1,4133,4135,4120,-1,4120,4135,4137,-1,4120,4137,4139,-1,4139,4141,4120,-1,4120,4141,4143,-1,4120,4143,4145,-1,4002,4004,3998,-1,3998,4004,4046,-1,3998,4046,3996,-1,3996,4046,4098,-1,3996,4098,3990,-1,3990,4098,4100,-1,3990,4100,4102,-1,4019,4021,4017,-1,4017,4021,4015,-1,4015,4021,4013,-1,4013,4021,4023,-1,4013,4023,4037,-1,4037,4023,4024,-1,4037,4024,4027,-1,4123,4129,4120,-1,4120,4129,4131,-1,4120,4131,4133,-1,4029,4031,4037,-1,4037,4031,4033,-1,4037,4033,4035,-1,4087,4085,4049,-1,4039,4036,4011,-1,4056,4054,4072,-1,4012,4011,4020,-1,4020,4011,4022,-1,4085,4083,4049,-1,4049,4083,4081,-1,4049,4081,4079,-1,4119,4117,4147,-1,3995,3993,3997,-1,3997,3993,3991,-1,4022,4011,4025,-1,4025,4011,4036,-1,4025,4036,4026,-1,4070,4068,4060,-1,4054,4052,4072,-1,4072,4052,4051,-1,4072,4051,4075,-1,4075,4051,4049,-1,4075,4049,4077,-1,4077,4049,4079,-1,4036,4034,4032,-1,4070,4060,4072,-1,4072,4060,4058,-1,4072,4058,4056,-1,4003,4001,4005,-1,4005,4001,3999,-1,4005,3999,4113,-1,4113,3999,4147,-1,4113,4147,4115,-1,4115,4147,4117,-1,3986,3987,3989,-1,3989,3987,4149,-1,3989,4149,3991,-1,3991,4149,4147,-1,3991,4147,3997,-1,3997,4147,3999,-1,4032,4030,4036,-1,4036,4030,4028,-1,4036,4028,4026,-1,4018,4016,4020,-1,4020,4016,4014,-1,4020,4014,4012,-1,4068,4066,4060,-1,4060,4066,4064,-1,4060,4064,4062,-1,4113,4111,4005,-1,4005,4111,4109,-1,4005,4109,4107,-1,4107,4105,4005,-1,4005,4105,4103,-1,4005,4103,4007,-1,4103,4101,4007,-1,4007,4101,4045,-1,4007,4045,4009,-1,4009,4045,4043,-1,4009,4043,4011,-1,4011,4043,4041,-1,4011,4041,4039,-1,4095,4047,4097,-1,4097,4047,4045,-1,4097,4045,4099,-1,4099,4045,4101,-1,4140,4138,4122,-1,4122,4138,4136,-1,4122,4136,4124,-1,4119,4147,4121,-1,4121,4147,4144,-1,4121,4144,4122,-1,4122,4144,4142,-1,4122,4142,4140,-1,4132,4130,4134,-1,4134,4130,4128,-1,4134,4128,4136,-1,4136,4128,4126,-1,4136,4126,4124,-1,4095,4093,4047,-1,4047,4093,4091,-1,4047,4091,4049,-1,4049,4091,4089,-1,4049,4089,4087,-1,4150,4151,4152,-1,4152,4151,4153,-1,4154,4150,4155,-1,4155,4150,4152,-1,4156,4154,4157,-1,4157,4154,4155,-1,4158,4156,4159,-1,4159,4156,4157,-1,4160,4158,4161,-1,4161,4158,4159,-1,4162,4160,4163,-1,4163,4160,4161,-1,4164,4162,4165,-1,4165,4162,4163,-1,4166,4164,4167,-1,4167,4164,4165,-1,4168,4166,4169,-1,4169,4166,4167,-1,4170,4168,4171,-1,4171,4168,4169,-1,4172,4170,4173,-1,4173,4170,4171,-1,4174,4172,4175,-1,4175,4172,4173,-1,4176,4174,4177,-1,4177,4174,4175,-1,4176,4177,4178,-1,4176,4178,4179,-1,4179,4178,4180,-1,4179,4180,4181,-1,4181,4180,4182,-1,4181,4182,4183,-1,4183,4182,4184,-1,4183,4184,4185,-1,4185,4184,4186,-1,4185,4186,4187,-1,4187,4186,4188,-1,4187,4188,4189,-1,4190,4189,4191,-1,4191,4189,4188,-1,4190,4191,4192,-1,4190,4192,4193,-1,4193,4192,4194,-1,4193,4194,4195,-1,4195,4194,4196,-1,4195,4196,4197,-1,4197,4196,4198,-1,4197,4198,4199,-1,4199,4198,4200,-1,4199,4200,4201,-1,4201,4200,4202,-1,4201,4202,4203,-1,4204,4203,4205,-1,4205,4203,4202,-1,4206,4204,4207,-1,4207,4204,4205,-1,4208,4206,4209,-1,4209,4206,4207,-1,4210,4208,4211,-1,4211,4208,4209,-1,4212,4210,4213,-1,4213,4210,4211,-1,4214,4212,4215,-1,4215,4212,4213,-1,4216,4214,4217,-1,4217,4214,4215,-1,4216,4217,4218,-1,4216,4218,4219,-1,4219,4218,4220,-1,4219,4220,4221,-1,4221,4220,4222,-1,4221,4222,4223,-1,4223,4222,4224,-1,4223,4224,4225,-1,4225,4224,4226,-1,4225,4226,4227,-1,4227,4226,4228,-1,4227,4228,4229,-1,4229,4228,4230,-1,4229,4230,4231,-1,4231,4230,4232,-1,4231,4232,4233,-1,4233,4232,4234,-1,4233,4234,4235,-1,4235,4234,4236,-1,4235,4236,4237,-1,4237,4236,4238,-1,4237,4238,4239,-1,4240,4239,4241,-1,4241,4239,4238,-1,4242,4240,4243,-1,4243,4240,4241,-1,4242,4243,4244,-1,4244,4243,4245,-1,4244,4245,4246,-1,4246,4245,4247,-1,4246,4247,4248,-1,4248,4247,4249,-1,4248,4249,4250,-1,4250,4249,4251,-1,4250,4251,4252,-1,4252,4251,4253,-1,4252,4253,4254,-1,4254,4253,4255,-1,4256,4254,4257,-1,4257,4254,4255,-1,4256,4257,4258,-1,4258,4257,4259,-1,4258,4259,4260,-1,4260,4259,4261,-1,4260,4261,4262,-1,4262,4261,4263,-1,4262,4263,4264,-1,4264,4263,4265,-1,4264,4265,4266,-1,4266,4265,4267,-1,4266,4267,4268,-1,4268,4267,4269,-1,4268,4269,4270,-1,4270,4269,4271,-1,4272,4270,4273,-1,4273,4270,4271,-1,4272,4273,4274,-1,4274,4273,4275,-1,4274,4275,4276,-1,4276,4275,4277,-1,4276,4277,4278,-1,4278,4277,4279,-1,4278,4279,4280,-1,4280,4279,4281,-1,4280,4281,4282,-1,4282,4281,4283,-1,4282,4283,4284,-1,4284,4283,4285,-1,4286,4284,4287,-1,4287,4284,4285,-1,4286,4287,4288,-1,4286,4288,4289,-1,4289,4288,4290,-1,4289,4290,4291,-1,4291,4290,4292,-1,4291,4292,4293,-1,4293,4292,4294,-1,4293,4294,4295,-1,4295,4294,4296,-1,4295,4296,4297,-1,4297,4296,4298,-1,4297,4298,4299,-1,4299,4298,4300,-1,4299,4300,4301,-1,4301,4300,4302,-1,4301,4302,4303,-1,4303,4302,4304,-1,4303,4304,4305,-1,4305,4304,4306,-1,4305,4306,4307,-1,4307,4306,4308,-1,4307,4308,4309,-1,4309,4308,4310,-1,4309,4310,4311,-1,4312,4311,4313,-1,4313,4311,4310,-1,4314,4312,4315,-1,4315,4312,4313,-1,4151,4314,4153,-1,4153,4314,4315,-1,4274,4276,4156,-1,4151,4150,4314,-1,4314,4150,4154,-1,4314,4154,4312,-1,4312,4154,4156,-1,4158,4160,4156,-1,4156,4160,4162,-1,4164,4166,4168,-1,4237,4239,4227,-1,4206,4208,4210,-1,4156,4276,4312,-1,4312,4276,4278,-1,4312,4278,4280,-1,4268,4270,4156,-1,4156,4270,4272,-1,4156,4272,4274,-1,4242,4244,4214,-1,4221,4239,4219,-1,4219,4239,4216,-1,4280,4282,4312,-1,4312,4282,4284,-1,4312,4284,4311,-1,4311,4284,4286,-1,4216,4239,4214,-1,4214,4239,4240,-1,4214,4240,4242,-1,4244,4246,4214,-1,4214,4246,4248,-1,4214,4248,4250,-1,4210,4179,4206,-1,4206,4179,4203,-1,4206,4203,4204,-1,4176,4179,4174,-1,4174,4179,4210,-1,4174,4210,4172,-1,4172,4210,4212,-1,4172,4212,4170,-1,4250,4252,4214,-1,4214,4252,4254,-1,4214,4254,4212,-1,4212,4254,4256,-1,4212,4256,4258,-1,4258,4260,4212,-1,4212,4260,4262,-1,4212,4262,4264,-1,4221,4223,4239,-1,4239,4223,4225,-1,4239,4225,4227,-1,4227,4229,4231,-1,4231,4233,4227,-1,4227,4233,4235,-1,4227,4235,4237,-1,4193,4195,4203,-1,4293,4295,4291,-1,4291,4295,4289,-1,4299,4301,4286,-1,4286,4301,4303,-1,4286,4303,4305,-1,4305,4307,4286,-1,4286,4307,4309,-1,4286,4309,4311,-1,4168,4170,4164,-1,4164,4170,4212,-1,4164,4212,4162,-1,4162,4212,4264,-1,4162,4264,4156,-1,4156,4264,4266,-1,4156,4266,4268,-1,4185,4187,4183,-1,4183,4187,4181,-1,4181,4187,4179,-1,4179,4187,4189,-1,4179,4189,4203,-1,4203,4189,4190,-1,4203,4190,4193,-1,4289,4295,4286,-1,4286,4295,4297,-1,4286,4297,4299,-1,4195,4197,4203,-1,4203,4197,4199,-1,4203,4199,4201,-1,4253,4251,4215,-1,4205,4202,4177,-1,4222,4220,4238,-1,4178,4177,4186,-1,4186,4177,4188,-1,4251,4249,4215,-1,4215,4249,4247,-1,4215,4247,4245,-1,4285,4283,4313,-1,4161,4159,4163,-1,4163,4159,4157,-1,4188,4177,4191,-1,4191,4177,4202,-1,4191,4202,4192,-1,4236,4234,4226,-1,4220,4218,4238,-1,4238,4218,4217,-1,4238,4217,4241,-1,4241,4217,4215,-1,4241,4215,4243,-1,4243,4215,4245,-1,4202,4200,4198,-1,4236,4226,4238,-1,4238,4226,4224,-1,4238,4224,4222,-1,4169,4167,4171,-1,4171,4167,4165,-1,4171,4165,4279,-1,4279,4165,4313,-1,4279,4313,4281,-1,4281,4313,4283,-1,4152,4153,4155,-1,4155,4153,4315,-1,4155,4315,4157,-1,4157,4315,4313,-1,4157,4313,4163,-1,4163,4313,4165,-1,4198,4196,4202,-1,4202,4196,4194,-1,4202,4194,4192,-1,4184,4182,4186,-1,4186,4182,4180,-1,4186,4180,4178,-1,4234,4232,4226,-1,4226,4232,4230,-1,4226,4230,4228,-1,4279,4277,4171,-1,4171,4277,4275,-1,4171,4275,4273,-1,4273,4271,4171,-1,4171,4271,4269,-1,4171,4269,4173,-1,4269,4267,4173,-1,4173,4267,4211,-1,4173,4211,4175,-1,4175,4211,4209,-1,4175,4209,4177,-1,4177,4209,4207,-1,4177,4207,4205,-1,4261,4213,4263,-1,4263,4213,4211,-1,4263,4211,4265,-1,4265,4211,4267,-1,4306,4304,4288,-1,4288,4304,4302,-1,4288,4302,4290,-1,4285,4313,4287,-1,4287,4313,4310,-1,4287,4310,4288,-1,4288,4310,4308,-1,4288,4308,4306,-1,4298,4296,4300,-1,4300,4296,4294,-1,4300,4294,4302,-1,4302,4294,4292,-1,4302,4292,4290,-1,4261,4259,4213,-1,4213,4259,4257,-1,4213,4257,4215,-1,4215,4257,4255,-1,4215,4255,4253,-1,4316,4317,4318,-1,4318,4317,4319,-1,4320,4316,4321,-1,4321,4316,4318,-1,4322,4320,4323,-1,4323,4320,4321,-1,4324,4322,4325,-1,4325,4322,4323,-1,4326,4324,4327,-1,4327,4324,4325,-1,4328,4326,4329,-1,4329,4326,4327,-1,4330,4328,4331,-1,4331,4328,4329,-1,4332,4330,4333,-1,4333,4330,4331,-1,4334,4332,4335,-1,4335,4332,4333,-1,4336,4334,4337,-1,4337,4334,4335,-1,4338,4336,4339,-1,4339,4336,4337,-1,4340,4338,4341,-1,4341,4338,4339,-1,4342,4340,4343,-1,4343,4340,4341,-1,4342,4343,4344,-1,4342,4344,4345,-1,4345,4344,4346,-1,4345,4346,4347,-1,4347,4346,4348,-1,4347,4348,4349,-1,4349,4348,4350,-1,4349,4350,4351,-1,4351,4350,4352,-1,4351,4352,4353,-1,4353,4352,4354,-1,4353,4354,4355,-1,4356,4355,4357,-1,4357,4355,4354,-1,4356,4357,4358,-1,4356,4358,4359,-1,4359,4358,4360,-1,4359,4360,4361,-1,4361,4360,4362,-1,4361,4362,4363,-1,4363,4362,4364,-1,4363,4364,4365,-1,4365,4364,4366,-1,4365,4366,4367,-1,4367,4366,4368,-1,4367,4368,4369,-1,4370,4369,4371,-1,4371,4369,4368,-1,4372,4370,4373,-1,4373,4370,4371,-1,4374,4372,4375,-1,4375,4372,4373,-1,4376,4374,4377,-1,4377,4374,4375,-1,4378,4376,4379,-1,4379,4376,4377,-1,4380,4378,4381,-1,4381,4378,4379,-1,4382,4380,4383,-1,4383,4380,4381,-1,4382,4383,4384,-1,4382,4384,4385,-1,4385,4384,4386,-1,4385,4386,4387,-1,4387,4386,4388,-1,4387,4388,4389,-1,4389,4388,4390,-1,4389,4390,4391,-1,4391,4390,4392,-1,4391,4392,4393,-1,4393,4392,4394,-1,4393,4394,4395,-1,4395,4394,4396,-1,4395,4396,4397,-1,4397,4396,4398,-1,4397,4398,4399,-1,4399,4398,4400,-1,4399,4400,4401,-1,4401,4400,4402,-1,4401,4402,4403,-1,4403,4402,4404,-1,4403,4404,4405,-1,4406,4405,4407,-1,4407,4405,4404,-1,4408,4406,4409,-1,4409,4406,4407,-1,4408,4409,4410,-1,4410,4409,4411,-1,4410,4411,4412,-1,4412,4411,4413,-1,4412,4413,4414,-1,4414,4413,4415,-1,4414,4415,4416,-1,4416,4415,4417,-1,4416,4417,4418,-1,4418,4417,4419,-1,4418,4419,4420,-1,4420,4419,4421,-1,4422,4420,4423,-1,4423,4420,4421,-1,4422,4423,4424,-1,4424,4423,4425,-1,4424,4425,4426,-1,4426,4425,4427,-1,4426,4427,4428,-1,4428,4427,4429,-1,4428,4429,4430,-1,4430,4429,4431,-1,4430,4431,4432,-1,4432,4431,4433,-1,4432,4433,4434,-1,4434,4433,4435,-1,4434,4435,4436,-1,4436,4435,4437,-1,4438,4436,4439,-1,4439,4436,4437,-1,4438,4439,4440,-1,4440,4439,4441,-1,4440,4441,4442,-1,4442,4441,4443,-1,4442,4443,4444,-1,4444,4443,4445,-1,4444,4445,4446,-1,4446,4445,4447,-1,4446,4447,4448,-1,4448,4447,4449,-1,4448,4449,4450,-1,4450,4449,4451,-1,4452,4450,4453,-1,4453,4450,4451,-1,4452,4453,4454,-1,4452,4454,4455,-1,4455,4454,4456,-1,4455,4456,4457,-1,4457,4456,4458,-1,4457,4458,4459,-1,4459,4458,4460,-1,4459,4460,4461,-1,4461,4460,4462,-1,4461,4462,4463,-1,4463,4462,4464,-1,4463,4464,4465,-1,4465,4464,4466,-1,4465,4466,4467,-1,4467,4466,4468,-1,4467,4468,4469,-1,4469,4468,4470,-1,4469,4470,4471,-1,4471,4470,4472,-1,4471,4472,4473,-1,4473,4472,4474,-1,4473,4474,4475,-1,4475,4474,4476,-1,4475,4476,4477,-1,4478,4477,4479,-1,4479,4477,4476,-1,4480,4478,4481,-1,4481,4478,4479,-1,4317,4480,4319,-1,4319,4480,4481,-1,4440,4442,4322,-1,4317,4316,4480,-1,4480,4316,4320,-1,4480,4320,4478,-1,4478,4320,4322,-1,4324,4326,4322,-1,4322,4326,4328,-1,4330,4332,4334,-1,4403,4405,4393,-1,4372,4374,4376,-1,4322,4442,4478,-1,4478,4442,4444,-1,4478,4444,4446,-1,4434,4436,4322,-1,4322,4436,4438,-1,4322,4438,4440,-1,4408,4410,4380,-1,4387,4405,4385,-1,4385,4405,4382,-1,4446,4448,4478,-1,4478,4448,4450,-1,4478,4450,4477,-1,4477,4450,4452,-1,4382,4405,4380,-1,4380,4405,4406,-1,4380,4406,4408,-1,4410,4412,4380,-1,4380,4412,4414,-1,4380,4414,4416,-1,4376,4345,4372,-1,4372,4345,4369,-1,4372,4369,4370,-1,4342,4345,4340,-1,4340,4345,4376,-1,4340,4376,4338,-1,4338,4376,4378,-1,4338,4378,4336,-1,4416,4418,4380,-1,4380,4418,4420,-1,4380,4420,4378,-1,4378,4420,4422,-1,4378,4422,4424,-1,4424,4426,4378,-1,4378,4426,4428,-1,4378,4428,4430,-1,4387,4389,4405,-1,4405,4389,4391,-1,4405,4391,4393,-1,4393,4395,4397,-1,4397,4399,4393,-1,4393,4399,4401,-1,4393,4401,4403,-1,4359,4361,4369,-1,4459,4461,4457,-1,4457,4461,4455,-1,4465,4467,4452,-1,4452,4467,4469,-1,4452,4469,4471,-1,4471,4473,4452,-1,4452,4473,4475,-1,4452,4475,4477,-1,4334,4336,4330,-1,4330,4336,4378,-1,4330,4378,4328,-1,4328,4378,4430,-1,4328,4430,4322,-1,4322,4430,4432,-1,4322,4432,4434,-1,4351,4353,4349,-1,4349,4353,4347,-1,4347,4353,4345,-1,4345,4353,4355,-1,4345,4355,4369,-1,4369,4355,4356,-1,4369,4356,4359,-1,4455,4461,4452,-1,4452,4461,4463,-1,4452,4463,4465,-1,4361,4363,4369,-1,4369,4363,4365,-1,4369,4365,4367,-1,4419,4417,4381,-1,4371,4368,4343,-1,4388,4386,4404,-1,4344,4343,4352,-1,4352,4343,4354,-1,4417,4415,4381,-1,4381,4415,4413,-1,4381,4413,4411,-1,4451,4449,4479,-1,4327,4325,4329,-1,4329,4325,4323,-1,4354,4343,4357,-1,4357,4343,4368,-1,4357,4368,4358,-1,4402,4400,4392,-1,4386,4384,4404,-1,4404,4384,4383,-1,4404,4383,4407,-1,4407,4383,4381,-1,4407,4381,4409,-1,4409,4381,4411,-1,4368,4366,4364,-1,4402,4392,4404,-1,4404,4392,4390,-1,4404,4390,4388,-1,4335,4333,4337,-1,4337,4333,4331,-1,4337,4331,4445,-1,4445,4331,4479,-1,4445,4479,4447,-1,4447,4479,4449,-1,4318,4319,4321,-1,4321,4319,4481,-1,4321,4481,4323,-1,4323,4481,4479,-1,4323,4479,4329,-1,4329,4479,4331,-1,4364,4362,4368,-1,4368,4362,4360,-1,4368,4360,4358,-1,4350,4348,4352,-1,4352,4348,4346,-1,4352,4346,4344,-1,4400,4398,4392,-1,4392,4398,4396,-1,4392,4396,4394,-1,4445,4443,4337,-1,4337,4443,4441,-1,4337,4441,4439,-1,4439,4437,4337,-1,4337,4437,4435,-1,4337,4435,4339,-1,4435,4433,4339,-1,4339,4433,4377,-1,4339,4377,4341,-1,4341,4377,4375,-1,4341,4375,4343,-1,4343,4375,4373,-1,4343,4373,4371,-1,4427,4379,4429,-1,4429,4379,4377,-1,4429,4377,4431,-1,4431,4377,4433,-1,4472,4470,4454,-1,4454,4470,4468,-1,4454,4468,4456,-1,4451,4479,4453,-1,4453,4479,4476,-1,4453,4476,4454,-1,4454,4476,4474,-1,4454,4474,4472,-1,4464,4462,4466,-1,4466,4462,4460,-1,4466,4460,4468,-1,4468,4460,4458,-1,4468,4458,4456,-1,4427,4425,4379,-1,4379,4425,4423,-1,4379,4423,4381,-1,4381,4423,4421,-1,4381,4421,4419,-1,4482,4483,4484,-1,4484,4483,4485,-1,4486,4482,4487,-1,4487,4482,4484,-1,4488,4486,4489,-1,4489,4486,4487,-1,4490,4488,4491,-1,4491,4488,4489,-1,4492,4490,4493,-1,4493,4490,4491,-1,4494,4492,4495,-1,4495,4492,4493,-1,4496,4494,4497,-1,4497,4494,4495,-1,4498,4496,4499,-1,4499,4496,4497,-1,4500,4498,4501,-1,4501,4498,4499,-1,4502,4500,4503,-1,4503,4500,4501,-1,4504,4502,4505,-1,4505,4502,4503,-1,4506,4504,4507,-1,4507,4504,4505,-1,4508,4506,4509,-1,4509,4506,4507,-1,4508,4509,4510,-1,4508,4510,4511,-1,4511,4510,4512,-1,4511,4512,4513,-1,4513,4512,4514,-1,4513,4514,4515,-1,4515,4514,4516,-1,4515,4516,4517,-1,4517,4516,4518,-1,4517,4518,4519,-1,4519,4518,4520,-1,4519,4520,4521,-1,4522,4521,4523,-1,4523,4521,4520,-1,4522,4523,4524,-1,4522,4524,4525,-1,4525,4524,4526,-1,4525,4526,4527,-1,4527,4526,4528,-1,4527,4528,4529,-1,4529,4528,4530,-1,4529,4530,4531,-1,4531,4530,4532,-1,4531,4532,4533,-1,4533,4532,4534,-1,4533,4534,4535,-1,4536,4535,4537,-1,4537,4535,4534,-1,4538,4536,4539,-1,4539,4536,4537,-1,4540,4538,4541,-1,4541,4538,4539,-1,4542,4540,4543,-1,4543,4540,4541,-1,4544,4542,4545,-1,4545,4542,4543,-1,4546,4544,4547,-1,4547,4544,4545,-1,4548,4546,4549,-1,4549,4546,4547,-1,4548,4549,4550,-1,4548,4550,4551,-1,4551,4550,4552,-1,4551,4552,4553,-1,4553,4552,4554,-1,4553,4554,4555,-1,4555,4554,4556,-1,4555,4556,4557,-1,4557,4556,4558,-1,4557,4558,4559,-1,4559,4558,4560,-1,4559,4560,4561,-1,4561,4560,4562,-1,4561,4562,4563,-1,4563,4562,4564,-1,4563,4564,4565,-1,4565,4564,4566,-1,4565,4566,4567,-1,4567,4566,4568,-1,4567,4568,4569,-1,4569,4568,4570,-1,4569,4570,4571,-1,4572,4571,4573,-1,4573,4571,4570,-1,4574,4572,4575,-1,4575,4572,4573,-1,4574,4575,4576,-1,4576,4575,4577,-1,4576,4577,4578,-1,4578,4577,4579,-1,4578,4579,4580,-1,4580,4579,4581,-1,4580,4581,4582,-1,4582,4581,4583,-1,4582,4583,4584,-1,4584,4583,4585,-1,4584,4585,4586,-1,4586,4585,4587,-1,4588,4586,4589,-1,4589,4586,4587,-1,4588,4589,4590,-1,4590,4589,4591,-1,4590,4591,4592,-1,4592,4591,4593,-1,4592,4593,4594,-1,4594,4593,4595,-1,4594,4595,4596,-1,4596,4595,4597,-1,4596,4597,4598,-1,4598,4597,4599,-1,4598,4599,4600,-1,4600,4599,4601,-1,4600,4601,4602,-1,4602,4601,4603,-1,4604,4602,4605,-1,4605,4602,4603,-1,4604,4605,4606,-1,4606,4605,4607,-1,4606,4607,4608,-1,4608,4607,4609,-1,4608,4609,4610,-1,4610,4609,4611,-1,4610,4611,4612,-1,4612,4611,4613,-1,4612,4613,4614,-1,4614,4613,4615,-1,4614,4615,4616,-1,4616,4615,4617,-1,4618,4616,4619,-1,4619,4616,4617,-1,4618,4619,4620,-1,4618,4620,4621,-1,4621,4620,4622,-1,4621,4622,4623,-1,4623,4622,4624,-1,4623,4624,4625,-1,4625,4624,4626,-1,4625,4626,4627,-1,4627,4626,4628,-1,4627,4628,4629,-1,4629,4628,4630,-1,4629,4630,4631,-1,4631,4630,4632,-1,4631,4632,4633,-1,4633,4632,4634,-1,4633,4634,4635,-1,4635,4634,4636,-1,4635,4636,4637,-1,4637,4636,4638,-1,4637,4638,4639,-1,4639,4638,4640,-1,4639,4640,4641,-1,4641,4640,4642,-1,4641,4642,4643,-1,4644,4643,4645,-1,4645,4643,4642,-1,4646,4644,4647,-1,4647,4644,4645,-1,4483,4646,4485,-1,4485,4646,4647,-1,4606,4608,4488,-1,4483,4482,4646,-1,4646,4482,4486,-1,4646,4486,4644,-1,4644,4486,4488,-1,4490,4492,4488,-1,4488,4492,4494,-1,4496,4498,4500,-1,4569,4571,4559,-1,4538,4540,4542,-1,4488,4608,4644,-1,4644,4608,4610,-1,4644,4610,4612,-1,4600,4602,4488,-1,4488,4602,4604,-1,4488,4604,4606,-1,4574,4576,4546,-1,4553,4571,4551,-1,4551,4571,4548,-1,4612,4614,4644,-1,4644,4614,4616,-1,4644,4616,4643,-1,4643,4616,4618,-1,4548,4571,4546,-1,4546,4571,4572,-1,4546,4572,4574,-1,4576,4578,4546,-1,4546,4578,4580,-1,4546,4580,4582,-1,4542,4511,4538,-1,4538,4511,4535,-1,4538,4535,4536,-1,4508,4511,4506,-1,4506,4511,4542,-1,4506,4542,4504,-1,4504,4542,4544,-1,4504,4544,4502,-1,4582,4584,4546,-1,4546,4584,4586,-1,4546,4586,4544,-1,4544,4586,4588,-1,4544,4588,4590,-1,4590,4592,4544,-1,4544,4592,4594,-1,4544,4594,4596,-1,4553,4555,4571,-1,4571,4555,4557,-1,4571,4557,4559,-1,4559,4561,4563,-1,4563,4565,4559,-1,4559,4565,4567,-1,4559,4567,4569,-1,4525,4527,4535,-1,4625,4627,4623,-1,4623,4627,4621,-1,4631,4633,4618,-1,4618,4633,4635,-1,4618,4635,4637,-1,4637,4639,4618,-1,4618,4639,4641,-1,4618,4641,4643,-1,4500,4502,4496,-1,4496,4502,4544,-1,4496,4544,4494,-1,4494,4544,4596,-1,4494,4596,4488,-1,4488,4596,4598,-1,4488,4598,4600,-1,4517,4519,4515,-1,4515,4519,4513,-1,4513,4519,4511,-1,4511,4519,4521,-1,4511,4521,4535,-1,4535,4521,4522,-1,4535,4522,4525,-1,4621,4627,4618,-1,4618,4627,4629,-1,4618,4629,4631,-1,4527,4529,4535,-1,4535,4529,4531,-1,4535,4531,4533,-1,4585,4583,4547,-1,4537,4534,4509,-1,4554,4552,4570,-1,4510,4509,4518,-1,4518,4509,4520,-1,4583,4581,4547,-1,4547,4581,4579,-1,4547,4579,4577,-1,4617,4615,4645,-1,4493,4491,4495,-1,4495,4491,4489,-1,4520,4509,4523,-1,4523,4509,4534,-1,4523,4534,4524,-1,4568,4566,4558,-1,4552,4550,4570,-1,4570,4550,4549,-1,4570,4549,4573,-1,4573,4549,4547,-1,4573,4547,4575,-1,4575,4547,4577,-1,4534,4532,4530,-1,4568,4558,4570,-1,4570,4558,4556,-1,4570,4556,4554,-1,4501,4499,4503,-1,4503,4499,4497,-1,4503,4497,4611,-1,4611,4497,4645,-1,4611,4645,4613,-1,4613,4645,4615,-1,4484,4485,4487,-1,4487,4485,4647,-1,4487,4647,4489,-1,4489,4647,4645,-1,4489,4645,4495,-1,4495,4645,4497,-1,4530,4528,4534,-1,4534,4528,4526,-1,4534,4526,4524,-1,4516,4514,4518,-1,4518,4514,4512,-1,4518,4512,4510,-1,4566,4564,4558,-1,4558,4564,4562,-1,4558,4562,4560,-1,4611,4609,4503,-1,4503,4609,4607,-1,4503,4607,4605,-1,4605,4603,4503,-1,4503,4603,4601,-1,4503,4601,4505,-1,4601,4599,4505,-1,4505,4599,4543,-1,4505,4543,4507,-1,4507,4543,4541,-1,4507,4541,4509,-1,4509,4541,4539,-1,4509,4539,4537,-1,4593,4545,4595,-1,4595,4545,4543,-1,4595,4543,4597,-1,4597,4543,4599,-1,4638,4636,4620,-1,4620,4636,4634,-1,4620,4634,4622,-1,4617,4645,4619,-1,4619,4645,4642,-1,4619,4642,4620,-1,4620,4642,4640,-1,4620,4640,4638,-1,4630,4628,4632,-1,4632,4628,4626,-1,4632,4626,4634,-1,4634,4626,4624,-1,4634,4624,4622,-1,4593,4591,4545,-1,4545,4591,4589,-1,4545,4589,4547,-1,4547,4589,4587,-1,4547,4587,4585,-1,4648,4649,4650,-1,4650,4649,4651,-1,4652,4648,4653,-1,4653,4648,4650,-1,4654,4652,4655,-1,4655,4652,4653,-1,4656,4654,4657,-1,4657,4654,4655,-1,4658,4656,4659,-1,4659,4656,4657,-1,4660,4658,4661,-1,4661,4658,4659,-1,4662,4660,4663,-1,4663,4660,4661,-1,4664,4662,4665,-1,4665,4662,4663,-1,4666,4664,4667,-1,4667,4664,4665,-1,4668,4666,4669,-1,4669,4666,4667,-1,4670,4668,4671,-1,4671,4668,4669,-1,4672,4670,4673,-1,4673,4670,4671,-1,4674,4672,4675,-1,4675,4672,4673,-1,4674,4675,4676,-1,4674,4676,4677,-1,4677,4676,4678,-1,4677,4678,4679,-1,4679,4678,4680,-1,4679,4680,4681,-1,4681,4680,4682,-1,4681,4682,4683,-1,4683,4682,4684,-1,4683,4684,4685,-1,4685,4684,4686,-1,4685,4686,4687,-1,4688,4687,4689,-1,4689,4687,4686,-1,4688,4689,4690,-1,4688,4690,4691,-1,4691,4690,4692,-1,4691,4692,4693,-1,4693,4692,4694,-1,4693,4694,4695,-1,4695,4694,4696,-1,4695,4696,4697,-1,4697,4696,4698,-1,4697,4698,4699,-1,4699,4698,4700,-1,4699,4700,4701,-1,4702,4701,4703,-1,4703,4701,4700,-1,4704,4702,4705,-1,4705,4702,4703,-1,4706,4704,4707,-1,4707,4704,4705,-1,4708,4706,4709,-1,4709,4706,4707,-1,4710,4708,4711,-1,4711,4708,4709,-1,4712,4710,4713,-1,4713,4710,4711,-1,4714,4712,4715,-1,4715,4712,4713,-1,4714,4715,4716,-1,4714,4716,4717,-1,4717,4716,4718,-1,4717,4718,4719,-1,4719,4718,4720,-1,4719,4720,4721,-1,4721,4720,4722,-1,4721,4722,4723,-1,4723,4722,4724,-1,4723,4724,4725,-1,4725,4724,4726,-1,4725,4726,4727,-1,4727,4726,4728,-1,4727,4728,4729,-1,4729,4728,4730,-1,4729,4730,4731,-1,4731,4730,4732,-1,4731,4732,4733,-1,4733,4732,4734,-1,4733,4734,4735,-1,4735,4734,4736,-1,4735,4736,4737,-1,4738,4737,4739,-1,4739,4737,4736,-1,4740,4738,4741,-1,4741,4738,4739,-1,4740,4741,4742,-1,4742,4741,4743,-1,4742,4743,4744,-1,4744,4743,4745,-1,4744,4745,4746,-1,4746,4745,4747,-1,4746,4747,4748,-1,4748,4747,4749,-1,4748,4749,4750,-1,4750,4749,4751,-1,4750,4751,4752,-1,4752,4751,4753,-1,4754,4752,4755,-1,4755,4752,4753,-1,4754,4755,4756,-1,4756,4755,4757,-1,4756,4757,4758,-1,4758,4757,4759,-1,4758,4759,4760,-1,4760,4759,4761,-1,4760,4761,4762,-1,4762,4761,4763,-1,4762,4763,4764,-1,4764,4763,4765,-1,4764,4765,4766,-1,4766,4765,4767,-1,4766,4767,4768,-1,4768,4767,4769,-1,4770,4768,4771,-1,4771,4768,4769,-1,4770,4771,4772,-1,4772,4771,4773,-1,4772,4773,4774,-1,4774,4773,4775,-1,4774,4775,4776,-1,4776,4775,4777,-1,4776,4777,4778,-1,4778,4777,4779,-1,4778,4779,4780,-1,4780,4779,4781,-1,4780,4781,4782,-1,4782,4781,4783,-1,4784,4782,4785,-1,4785,4782,4783,-1,4784,4785,4786,-1,4784,4786,4787,-1,4787,4786,4788,-1,4787,4788,4789,-1,4789,4788,4790,-1,4789,4790,4791,-1,4791,4790,4792,-1,4791,4792,4793,-1,4793,4792,4794,-1,4793,4794,4795,-1,4795,4794,4796,-1,4795,4796,4797,-1,4797,4796,4798,-1,4797,4798,4799,-1,4799,4798,4800,-1,4799,4800,4801,-1,4801,4800,4802,-1,4801,4802,4803,-1,4803,4802,4804,-1,4803,4804,4805,-1,4805,4804,4806,-1,4805,4806,4807,-1,4807,4806,4808,-1,4807,4808,4809,-1,4810,4809,4811,-1,4811,4809,4808,-1,4812,4810,4813,-1,4813,4810,4811,-1,4649,4812,4651,-1,4651,4812,4813,-1,4772,4774,4654,-1,4649,4648,4812,-1,4812,4648,4652,-1,4812,4652,4810,-1,4810,4652,4654,-1,4656,4658,4654,-1,4654,4658,4660,-1,4662,4664,4666,-1,4735,4737,4725,-1,4704,4706,4708,-1,4654,4774,4810,-1,4810,4774,4776,-1,4810,4776,4778,-1,4766,4768,4654,-1,4654,4768,4770,-1,4654,4770,4772,-1,4740,4742,4712,-1,4719,4737,4717,-1,4717,4737,4714,-1,4778,4780,4810,-1,4810,4780,4782,-1,4810,4782,4809,-1,4809,4782,4784,-1,4714,4737,4712,-1,4712,4737,4738,-1,4712,4738,4740,-1,4742,4744,4712,-1,4712,4744,4746,-1,4712,4746,4748,-1,4708,4677,4704,-1,4704,4677,4701,-1,4704,4701,4702,-1,4674,4677,4672,-1,4672,4677,4708,-1,4672,4708,4670,-1,4670,4708,4710,-1,4670,4710,4668,-1,4748,4750,4712,-1,4712,4750,4752,-1,4712,4752,4710,-1,4710,4752,4754,-1,4710,4754,4756,-1,4756,4758,4710,-1,4710,4758,4760,-1,4710,4760,4762,-1,4719,4721,4737,-1,4737,4721,4723,-1,4737,4723,4725,-1,4725,4727,4729,-1,4729,4731,4725,-1,4725,4731,4733,-1,4725,4733,4735,-1,4691,4693,4701,-1,4791,4793,4789,-1,4789,4793,4787,-1,4797,4799,4784,-1,4784,4799,4801,-1,4784,4801,4803,-1,4803,4805,4784,-1,4784,4805,4807,-1,4784,4807,4809,-1,4666,4668,4662,-1,4662,4668,4710,-1,4662,4710,4660,-1,4660,4710,4762,-1,4660,4762,4654,-1,4654,4762,4764,-1,4654,4764,4766,-1,4683,4685,4681,-1,4681,4685,4679,-1,4679,4685,4677,-1,4677,4685,4687,-1,4677,4687,4701,-1,4701,4687,4688,-1,4701,4688,4691,-1,4787,4793,4784,-1,4784,4793,4795,-1,4784,4795,4797,-1,4693,4695,4701,-1,4701,4695,4697,-1,4701,4697,4699,-1,4751,4749,4713,-1,4703,4700,4675,-1,4720,4718,4736,-1,4676,4675,4684,-1,4684,4675,4686,-1,4749,4747,4713,-1,4713,4747,4745,-1,4713,4745,4743,-1,4783,4781,4811,-1,4659,4657,4661,-1,4661,4657,4655,-1,4686,4675,4689,-1,4689,4675,4700,-1,4689,4700,4690,-1,4734,4732,4724,-1,4718,4716,4736,-1,4736,4716,4715,-1,4736,4715,4739,-1,4739,4715,4713,-1,4739,4713,4741,-1,4741,4713,4743,-1,4700,4698,4696,-1,4734,4724,4736,-1,4736,4724,4722,-1,4736,4722,4720,-1,4667,4665,4669,-1,4669,4665,4663,-1,4669,4663,4777,-1,4777,4663,4811,-1,4777,4811,4779,-1,4779,4811,4781,-1,4650,4651,4653,-1,4653,4651,4813,-1,4653,4813,4655,-1,4655,4813,4811,-1,4655,4811,4661,-1,4661,4811,4663,-1,4696,4694,4700,-1,4700,4694,4692,-1,4700,4692,4690,-1,4682,4680,4684,-1,4684,4680,4678,-1,4684,4678,4676,-1,4732,4730,4724,-1,4724,4730,4728,-1,4724,4728,4726,-1,4777,4775,4669,-1,4669,4775,4773,-1,4669,4773,4771,-1,4771,4769,4669,-1,4669,4769,4767,-1,4669,4767,4671,-1,4767,4765,4671,-1,4671,4765,4709,-1,4671,4709,4673,-1,4673,4709,4707,-1,4673,4707,4675,-1,4675,4707,4705,-1,4675,4705,4703,-1,4759,4711,4761,-1,4761,4711,4709,-1,4761,4709,4763,-1,4763,4709,4765,-1,4804,4802,4786,-1,4786,4802,4800,-1,4786,4800,4788,-1,4783,4811,4785,-1,4785,4811,4808,-1,4785,4808,4786,-1,4786,4808,4806,-1,4786,4806,4804,-1,4796,4794,4798,-1,4798,4794,4792,-1,4798,4792,4800,-1,4800,4792,4790,-1,4800,4790,4788,-1,4759,4757,4711,-1,4711,4757,4755,-1,4711,4755,4713,-1,4713,4755,4753,-1,4713,4753,4751,-1,4814,4815,4816,-1,4816,4815,4817,-1,4818,4814,4819,-1,4819,4814,4816,-1,4820,4818,4821,-1,4821,4818,4819,-1,4822,4820,4823,-1,4823,4820,4821,-1,4824,4822,4825,-1,4825,4822,4823,-1,4826,4824,4827,-1,4827,4824,4825,-1,4828,4826,4829,-1,4829,4826,4827,-1,4830,4828,4831,-1,4831,4828,4829,-1,4832,4830,4833,-1,4833,4830,4831,-1,4834,4832,4835,-1,4835,4832,4833,-1,4836,4834,4837,-1,4837,4834,4835,-1,4838,4836,4839,-1,4839,4836,4837,-1,4840,4838,4841,-1,4841,4838,4839,-1,4840,4841,4842,-1,4840,4842,4843,-1,4843,4842,4844,-1,4843,4844,4845,-1,4845,4844,4846,-1,4845,4846,4847,-1,4847,4846,4848,-1,4847,4848,4849,-1,4849,4848,4850,-1,4849,4850,4851,-1,4851,4850,4852,-1,4851,4852,4853,-1,4854,4853,4855,-1,4855,4853,4852,-1,4854,4855,4856,-1,4854,4856,4857,-1,4857,4856,4858,-1,4857,4858,4859,-1,4859,4858,4860,-1,4859,4860,4861,-1,4861,4860,4862,-1,4861,4862,4863,-1,4863,4862,4864,-1,4863,4864,4865,-1,4865,4864,4866,-1,4865,4866,4867,-1,4868,4867,4869,-1,4869,4867,4866,-1,4870,4868,4871,-1,4871,4868,4869,-1,4872,4870,4873,-1,4873,4870,4871,-1,4874,4872,4875,-1,4875,4872,4873,-1,4876,4874,4877,-1,4877,4874,4875,-1,4878,4876,4879,-1,4879,4876,4877,-1,4880,4878,4881,-1,4881,4878,4879,-1,4880,4881,4882,-1,4880,4882,4883,-1,4883,4882,4884,-1,4883,4884,4885,-1,4885,4884,4886,-1,4885,4886,4887,-1,4887,4886,4888,-1,4887,4888,4889,-1,4889,4888,4890,-1,4889,4890,4891,-1,4891,4890,4892,-1,4891,4892,4893,-1,4893,4892,4894,-1,4893,4894,4895,-1,4895,4894,4896,-1,4895,4896,4897,-1,4897,4896,4898,-1,4897,4898,4899,-1,4899,4898,4900,-1,4899,4900,4901,-1,4901,4900,4902,-1,4901,4902,4903,-1,4904,4903,4905,-1,4905,4903,4902,-1,4906,4904,4907,-1,4907,4904,4905,-1,4906,4907,4908,-1,4908,4907,4909,-1,4908,4909,4910,-1,4910,4909,4911,-1,4910,4911,4912,-1,4912,4911,4913,-1,4912,4913,4914,-1,4914,4913,4915,-1,4914,4915,4916,-1,4916,4915,4917,-1,4916,4917,4918,-1,4918,4917,4919,-1,4920,4918,4921,-1,4921,4918,4919,-1,4920,4921,4922,-1,4922,4921,4923,-1,4922,4923,4924,-1,4924,4923,4925,-1,4924,4925,4926,-1,4926,4925,4927,-1,4926,4927,4928,-1,4928,4927,4929,-1,4928,4929,4930,-1,4930,4929,4931,-1,4930,4931,4932,-1,4932,4931,4933,-1,4932,4933,4934,-1,4934,4933,4935,-1,4936,4934,4937,-1,4937,4934,4935,-1,4936,4937,4938,-1,4938,4937,4939,-1,4938,4939,4940,-1,4940,4939,4941,-1,4940,4941,4942,-1,4942,4941,4943,-1,4942,4943,4944,-1,4944,4943,4945,-1,4944,4945,4946,-1,4946,4945,4947,-1,4946,4947,4948,-1,4948,4947,4949,-1,4950,4948,4951,-1,4951,4948,4949,-1,4950,4951,4952,-1,4950,4952,4953,-1,4953,4952,4954,-1,4953,4954,4955,-1,4955,4954,4956,-1,4955,4956,4957,-1,4957,4956,4958,-1,4957,4958,4959,-1,4959,4958,4960,-1,4959,4960,4961,-1,4961,4960,4962,-1,4961,4962,4963,-1,4963,4962,4964,-1,4963,4964,4965,-1,4965,4964,4966,-1,4965,4966,4967,-1,4967,4966,4968,-1,4967,4968,4969,-1,4969,4968,4970,-1,4969,4970,4971,-1,4971,4970,4972,-1,4971,4972,4973,-1,4973,4972,4974,-1,4973,4974,4975,-1,4976,4975,4977,-1,4977,4975,4974,-1,4978,4976,4979,-1,4979,4976,4977,-1,4815,4978,4817,-1,4817,4978,4979,-1,4938,4940,4820,-1,4815,4814,4978,-1,4978,4814,4818,-1,4978,4818,4976,-1,4976,4818,4820,-1,4822,4824,4820,-1,4820,4824,4826,-1,4828,4830,4832,-1,4901,4903,4891,-1,4870,4872,4874,-1,4820,4940,4976,-1,4976,4940,4942,-1,4976,4942,4944,-1,4932,4934,4820,-1,4820,4934,4936,-1,4820,4936,4938,-1,4906,4908,4878,-1,4885,4903,4883,-1,4883,4903,4880,-1,4944,4946,4976,-1,4976,4946,4948,-1,4976,4948,4975,-1,4975,4948,4950,-1,4880,4903,4878,-1,4878,4903,4904,-1,4878,4904,4906,-1,4908,4910,4878,-1,4878,4910,4912,-1,4878,4912,4914,-1,4874,4843,4870,-1,4870,4843,4867,-1,4870,4867,4868,-1,4840,4843,4838,-1,4838,4843,4874,-1,4838,4874,4836,-1,4836,4874,4876,-1,4836,4876,4834,-1,4914,4916,4878,-1,4878,4916,4918,-1,4878,4918,4876,-1,4876,4918,4920,-1,4876,4920,4922,-1,4922,4924,4876,-1,4876,4924,4926,-1,4876,4926,4928,-1,4885,4887,4903,-1,4903,4887,4889,-1,4903,4889,4891,-1,4891,4893,4895,-1,4895,4897,4891,-1,4891,4897,4899,-1,4891,4899,4901,-1,4857,4859,4867,-1,4957,4959,4955,-1,4955,4959,4953,-1,4963,4965,4950,-1,4950,4965,4967,-1,4950,4967,4969,-1,4969,4971,4950,-1,4950,4971,4973,-1,4950,4973,4975,-1,4832,4834,4828,-1,4828,4834,4876,-1,4828,4876,4826,-1,4826,4876,4928,-1,4826,4928,4820,-1,4820,4928,4930,-1,4820,4930,4932,-1,4849,4851,4847,-1,4847,4851,4845,-1,4845,4851,4843,-1,4843,4851,4853,-1,4843,4853,4867,-1,4867,4853,4854,-1,4867,4854,4857,-1,4953,4959,4950,-1,4950,4959,4961,-1,4950,4961,4963,-1,4859,4861,4867,-1,4867,4861,4863,-1,4867,4863,4865,-1,4917,4915,4879,-1,4869,4866,4841,-1,4886,4884,4902,-1,4842,4841,4850,-1,4850,4841,4852,-1,4915,4913,4879,-1,4879,4913,4911,-1,4879,4911,4909,-1,4949,4947,4977,-1,4825,4823,4827,-1,4827,4823,4821,-1,4852,4841,4855,-1,4855,4841,4866,-1,4855,4866,4856,-1,4900,4898,4890,-1,4884,4882,4902,-1,4902,4882,4881,-1,4902,4881,4905,-1,4905,4881,4879,-1,4905,4879,4907,-1,4907,4879,4909,-1,4866,4864,4862,-1,4900,4890,4902,-1,4902,4890,4888,-1,4902,4888,4886,-1,4833,4831,4835,-1,4835,4831,4829,-1,4835,4829,4943,-1,4943,4829,4977,-1,4943,4977,4945,-1,4945,4977,4947,-1,4816,4817,4819,-1,4819,4817,4979,-1,4819,4979,4821,-1,4821,4979,4977,-1,4821,4977,4827,-1,4827,4977,4829,-1,4862,4860,4866,-1,4866,4860,4858,-1,4866,4858,4856,-1,4848,4846,4850,-1,4850,4846,4844,-1,4850,4844,4842,-1,4898,4896,4890,-1,4890,4896,4894,-1,4890,4894,4892,-1,4943,4941,4835,-1,4835,4941,4939,-1,4835,4939,4937,-1,4937,4935,4835,-1,4835,4935,4933,-1,4835,4933,4837,-1,4933,4931,4837,-1,4837,4931,4875,-1,4837,4875,4839,-1,4839,4875,4873,-1,4839,4873,4841,-1,4841,4873,4871,-1,4841,4871,4869,-1,4925,4877,4927,-1,4927,4877,4875,-1,4927,4875,4929,-1,4929,4875,4931,-1,4970,4968,4952,-1,4952,4968,4966,-1,4952,4966,4954,-1,4949,4977,4951,-1,4951,4977,4974,-1,4951,4974,4952,-1,4952,4974,4972,-1,4952,4972,4970,-1,4962,4960,4964,-1,4964,4960,4958,-1,4964,4958,4966,-1,4966,4958,4956,-1,4966,4956,4954,-1,4925,4923,4877,-1,4877,4923,4921,-1,4877,4921,4879,-1,4879,4921,4919,-1,4879,4919,4917,-1,4980,4981,4982,-1,4982,4981,4983,-1,4984,4980,4985,-1,4985,4980,4982,-1,4986,4984,4987,-1,4987,4984,4985,-1,4988,4986,4989,-1,4989,4986,4987,-1,4990,4988,4991,-1,4991,4988,4989,-1,4992,4990,4993,-1,4993,4990,4991,-1,4994,4992,4995,-1,4995,4992,4993,-1,4996,4994,4997,-1,4997,4994,4995,-1,4998,4996,4999,-1,4999,4996,4997,-1,5000,4998,5001,-1,5001,4998,4999,-1,5002,5000,5003,-1,5003,5000,5001,-1,5004,5002,5005,-1,5005,5002,5003,-1,5006,5004,5007,-1,5007,5004,5005,-1,5006,5007,5008,-1,5006,5008,5009,-1,5009,5008,5010,-1,5009,5010,5011,-1,5011,5010,5012,-1,5011,5012,5013,-1,5013,5012,5014,-1,5013,5014,5015,-1,5015,5014,5016,-1,5015,5016,5017,-1,5017,5016,5018,-1,5017,5018,5019,-1,5020,5019,5021,-1,5021,5019,5018,-1,5020,5021,5022,-1,5020,5022,5023,-1,5023,5022,5024,-1,5023,5024,5025,-1,5025,5024,5026,-1,5025,5026,5027,-1,5027,5026,5028,-1,5027,5028,5029,-1,5029,5028,5030,-1,5029,5030,5031,-1,5031,5030,5032,-1,5031,5032,5033,-1,5034,5033,5035,-1,5035,5033,5032,-1,5036,5034,5037,-1,5037,5034,5035,-1,5038,5036,5039,-1,5039,5036,5037,-1,5040,5038,5041,-1,5041,5038,5039,-1,5042,5040,5043,-1,5043,5040,5041,-1,5044,5042,5045,-1,5045,5042,5043,-1,5046,5044,5047,-1,5047,5044,5045,-1,5046,5047,5048,-1,5046,5048,5049,-1,5049,5048,5050,-1,5049,5050,5051,-1,5051,5050,5052,-1,5051,5052,5053,-1,5053,5052,5054,-1,5053,5054,5055,-1,5055,5054,5056,-1,5055,5056,5057,-1,5057,5056,5058,-1,5057,5058,5059,-1,5059,5058,5060,-1,5059,5060,5061,-1,5061,5060,5062,-1,5061,5062,5063,-1,5063,5062,5064,-1,5063,5064,5065,-1,5065,5064,5066,-1,5065,5066,5067,-1,5067,5066,5068,-1,5067,5068,5069,-1,5070,5069,5071,-1,5071,5069,5068,-1,5072,5070,5073,-1,5073,5070,5071,-1,5072,5073,5074,-1,5074,5073,5075,-1,5074,5075,5076,-1,5076,5075,5077,-1,5076,5077,5078,-1,5078,5077,5079,-1,5078,5079,5080,-1,5080,5079,5081,-1,5080,5081,5082,-1,5082,5081,5083,-1,5082,5083,5084,-1,5084,5083,5085,-1,5086,5084,5087,-1,5087,5084,5085,-1,5086,5087,5088,-1,5088,5087,5089,-1,5088,5089,5090,-1,5090,5089,5091,-1,5090,5091,5092,-1,5092,5091,5093,-1,5092,5093,5094,-1,5094,5093,5095,-1,5094,5095,5096,-1,5096,5095,5097,-1,5096,5097,5098,-1,5098,5097,5099,-1,5098,5099,5100,-1,5100,5099,5101,-1,5102,5100,5103,-1,5103,5100,5101,-1,5102,5103,5104,-1,5104,5103,5105,-1,5104,5105,5106,-1,5106,5105,5107,-1,5106,5107,5108,-1,5108,5107,5109,-1,5108,5109,5110,-1,5110,5109,5111,-1,5110,5111,5112,-1,5112,5111,5113,-1,5112,5113,5114,-1,5114,5113,5115,-1,5116,5114,5117,-1,5117,5114,5115,-1,5116,5117,5118,-1,5116,5118,5119,-1,5119,5118,5120,-1,5119,5120,5121,-1,5121,5120,5122,-1,5121,5122,5123,-1,5123,5122,5124,-1,5123,5124,5125,-1,5125,5124,5126,-1,5125,5126,5127,-1,5127,5126,5128,-1,5127,5128,5129,-1,5129,5128,5130,-1,5129,5130,5131,-1,5131,5130,5132,-1,5131,5132,5133,-1,5133,5132,5134,-1,5133,5134,5135,-1,5135,5134,5136,-1,5135,5136,5137,-1,5137,5136,5138,-1,5137,5138,5139,-1,5139,5138,5140,-1,5139,5140,5141,-1,5142,5141,5143,-1,5143,5141,5140,-1,5144,5142,5145,-1,5145,5142,5143,-1,4981,5144,4983,-1,4983,5144,5145,-1,5104,5106,4986,-1,4981,4980,5144,-1,5144,4980,4984,-1,5144,4984,5142,-1,5142,4984,4986,-1,4988,4990,4986,-1,4986,4990,4992,-1,4994,4996,4998,-1,5067,5069,5057,-1,5036,5038,5040,-1,4986,5106,5142,-1,5142,5106,5108,-1,5142,5108,5110,-1,5098,5100,4986,-1,4986,5100,5102,-1,4986,5102,5104,-1,5072,5074,5044,-1,5051,5069,5049,-1,5049,5069,5046,-1,5110,5112,5142,-1,5142,5112,5114,-1,5142,5114,5141,-1,5141,5114,5116,-1,5046,5069,5044,-1,5044,5069,5070,-1,5044,5070,5072,-1,5074,5076,5044,-1,5044,5076,5078,-1,5044,5078,5080,-1,5040,5009,5036,-1,5036,5009,5033,-1,5036,5033,5034,-1,5006,5009,5004,-1,5004,5009,5040,-1,5004,5040,5002,-1,5002,5040,5042,-1,5002,5042,5000,-1,5080,5082,5044,-1,5044,5082,5084,-1,5044,5084,5042,-1,5042,5084,5086,-1,5042,5086,5088,-1,5088,5090,5042,-1,5042,5090,5092,-1,5042,5092,5094,-1,5051,5053,5069,-1,5069,5053,5055,-1,5069,5055,5057,-1,5057,5059,5061,-1,5061,5063,5057,-1,5057,5063,5065,-1,5057,5065,5067,-1,5023,5025,5033,-1,5123,5125,5121,-1,5121,5125,5119,-1,5129,5131,5116,-1,5116,5131,5133,-1,5116,5133,5135,-1,5135,5137,5116,-1,5116,5137,5139,-1,5116,5139,5141,-1,4998,5000,4994,-1,4994,5000,5042,-1,4994,5042,4992,-1,4992,5042,5094,-1,4992,5094,4986,-1,4986,5094,5096,-1,4986,5096,5098,-1,5015,5017,5013,-1,5013,5017,5011,-1,5011,5017,5009,-1,5009,5017,5019,-1,5009,5019,5033,-1,5033,5019,5020,-1,5033,5020,5023,-1,5119,5125,5116,-1,5116,5125,5127,-1,5116,5127,5129,-1,5025,5027,5033,-1,5033,5027,5029,-1,5033,5029,5031,-1,5083,5081,5045,-1,5035,5032,5007,-1,5052,5050,5068,-1,5008,5007,5016,-1,5016,5007,5018,-1,5081,5079,5045,-1,5045,5079,5077,-1,5045,5077,5075,-1,5115,5113,5143,-1,4991,4989,4993,-1,4993,4989,4987,-1,5018,5007,5021,-1,5021,5007,5032,-1,5021,5032,5022,-1,5066,5064,5056,-1,5050,5048,5068,-1,5068,5048,5047,-1,5068,5047,5071,-1,5071,5047,5045,-1,5071,5045,5073,-1,5073,5045,5075,-1,5032,5030,5028,-1,5066,5056,5068,-1,5068,5056,5054,-1,5068,5054,5052,-1,4999,4997,5001,-1,5001,4997,4995,-1,5001,4995,5109,-1,5109,4995,5143,-1,5109,5143,5111,-1,5111,5143,5113,-1,4982,4983,4985,-1,4985,4983,5145,-1,4985,5145,4987,-1,4987,5145,5143,-1,4987,5143,4993,-1,4993,5143,4995,-1,5028,5026,5032,-1,5032,5026,5024,-1,5032,5024,5022,-1,5014,5012,5016,-1,5016,5012,5010,-1,5016,5010,5008,-1,5064,5062,5056,-1,5056,5062,5060,-1,5056,5060,5058,-1,5109,5107,5001,-1,5001,5107,5105,-1,5001,5105,5103,-1,5103,5101,5001,-1,5001,5101,5099,-1,5001,5099,5003,-1,5099,5097,5003,-1,5003,5097,5041,-1,5003,5041,5005,-1,5005,5041,5039,-1,5005,5039,5007,-1,5007,5039,5037,-1,5007,5037,5035,-1,5091,5043,5093,-1,5093,5043,5041,-1,5093,5041,5095,-1,5095,5041,5097,-1,5136,5134,5118,-1,5118,5134,5132,-1,5118,5132,5120,-1,5115,5143,5117,-1,5117,5143,5140,-1,5117,5140,5118,-1,5118,5140,5138,-1,5118,5138,5136,-1,5128,5126,5130,-1,5130,5126,5124,-1,5130,5124,5132,-1,5132,5124,5122,-1,5132,5122,5120,-1,5091,5089,5043,-1,5043,5089,5087,-1,5043,5087,5045,-1,5045,5087,5085,-1,5045,5085,5083,-1,5146,5147,5148,-1,5148,5147,5149,-1,5150,5146,5151,-1,5151,5146,5148,-1,5152,5150,5153,-1,5153,5150,5151,-1,5154,5152,5155,-1,5155,5152,5153,-1,5156,5154,5157,-1,5157,5154,5155,-1,5158,5156,5159,-1,5159,5156,5157,-1,5160,5158,5161,-1,5161,5158,5159,-1,5162,5160,5163,-1,5163,5160,5161,-1,5164,5162,5165,-1,5165,5162,5163,-1,5166,5164,5167,-1,5167,5164,5165,-1,5168,5166,5169,-1,5169,5166,5167,-1,5170,5168,5171,-1,5171,5168,5169,-1,5172,5170,5173,-1,5173,5170,5171,-1,5172,5173,5174,-1,5172,5174,5175,-1,5175,5174,5176,-1,5175,5176,5177,-1,5177,5176,5178,-1,5177,5178,5179,-1,5179,5178,5180,-1,5179,5180,5181,-1,5181,5180,5182,-1,5181,5182,5183,-1,5183,5182,5184,-1,5183,5184,5185,-1,5186,5185,5187,-1,5187,5185,5184,-1,5186,5187,5188,-1,5186,5188,5189,-1,5189,5188,5190,-1,5189,5190,5191,-1,5191,5190,5192,-1,5191,5192,5193,-1,5193,5192,5194,-1,5193,5194,5195,-1,5195,5194,5196,-1,5195,5196,5197,-1,5197,5196,5198,-1,5197,5198,5199,-1,5200,5199,5201,-1,5201,5199,5198,-1,5202,5200,5203,-1,5203,5200,5201,-1,5204,5202,5205,-1,5205,5202,5203,-1,5206,5204,5207,-1,5207,5204,5205,-1,5208,5206,5209,-1,5209,5206,5207,-1,5210,5208,5211,-1,5211,5208,5209,-1,5212,5210,5213,-1,5213,5210,5211,-1,5212,5213,5214,-1,5212,5214,5215,-1,5215,5214,5216,-1,5215,5216,5217,-1,5217,5216,5218,-1,5217,5218,5219,-1,5219,5218,5220,-1,5219,5220,5221,-1,5221,5220,5222,-1,5221,5222,5223,-1,5223,5222,5224,-1,5223,5224,5225,-1,5225,5224,5226,-1,5225,5226,5227,-1,5227,5226,5228,-1,5227,5228,5229,-1,5229,5228,5230,-1,5229,5230,5231,-1,5231,5230,5232,-1,5231,5232,5233,-1,5233,5232,5234,-1,5233,5234,5235,-1,5236,5235,5237,-1,5237,5235,5234,-1,5238,5236,5239,-1,5239,5236,5237,-1,5238,5239,5240,-1,5240,5239,5241,-1,5240,5241,5242,-1,5242,5241,5243,-1,5242,5243,5244,-1,5244,5243,5245,-1,5244,5245,5246,-1,5246,5245,5247,-1,5246,5247,5248,-1,5248,5247,5249,-1,5248,5249,5250,-1,5250,5249,5251,-1,5252,5250,5253,-1,5253,5250,5251,-1,5252,5253,5254,-1,5254,5253,5255,-1,5254,5255,5256,-1,5256,5255,5257,-1,5256,5257,5258,-1,5258,5257,5259,-1,5258,5259,5260,-1,5260,5259,5261,-1,5260,5261,5262,-1,5262,5261,5263,-1,5262,5263,5264,-1,5264,5263,5265,-1,5264,5265,5266,-1,5266,5265,5267,-1,5268,5266,5269,-1,5269,5266,5267,-1,5268,5269,5270,-1,5270,5269,5271,-1,5270,5271,5272,-1,5272,5271,5273,-1,5272,5273,5274,-1,5274,5273,5275,-1,5274,5275,5276,-1,5276,5275,5277,-1,5276,5277,5278,-1,5278,5277,5279,-1,5278,5279,5280,-1,5280,5279,5281,-1,5282,5280,5283,-1,5283,5280,5281,-1,5282,5283,5284,-1,5282,5284,5285,-1,5285,5284,5286,-1,5285,5286,5287,-1,5287,5286,5288,-1,5287,5288,5289,-1,5289,5288,5290,-1,5289,5290,5291,-1,5291,5290,5292,-1,5291,5292,5293,-1,5293,5292,5294,-1,5293,5294,5295,-1,5295,5294,5296,-1,5295,5296,5297,-1,5297,5296,5298,-1,5297,5298,5299,-1,5299,5298,5300,-1,5299,5300,5301,-1,5301,5300,5302,-1,5301,5302,5303,-1,5303,5302,5304,-1,5303,5304,5305,-1,5305,5304,5306,-1,5305,5306,5307,-1,5308,5307,5309,-1,5309,5307,5306,-1,5310,5308,5311,-1,5311,5308,5309,-1,5147,5310,5149,-1,5149,5310,5311,-1,5270,5272,5152,-1,5147,5146,5310,-1,5310,5146,5150,-1,5310,5150,5308,-1,5308,5150,5152,-1,5154,5156,5152,-1,5152,5156,5158,-1,5160,5162,5164,-1,5233,5235,5223,-1,5202,5204,5206,-1,5152,5272,5308,-1,5308,5272,5274,-1,5308,5274,5276,-1,5264,5266,5152,-1,5152,5266,5268,-1,5152,5268,5270,-1,5238,5240,5210,-1,5217,5235,5215,-1,5215,5235,5212,-1,5276,5278,5308,-1,5308,5278,5280,-1,5308,5280,5307,-1,5307,5280,5282,-1,5212,5235,5210,-1,5210,5235,5236,-1,5210,5236,5238,-1,5240,5242,5210,-1,5210,5242,5244,-1,5210,5244,5246,-1,5206,5175,5202,-1,5202,5175,5199,-1,5202,5199,5200,-1,5172,5175,5170,-1,5170,5175,5206,-1,5170,5206,5168,-1,5168,5206,5208,-1,5168,5208,5166,-1,5246,5248,5210,-1,5210,5248,5250,-1,5210,5250,5208,-1,5208,5250,5252,-1,5208,5252,5254,-1,5254,5256,5208,-1,5208,5256,5258,-1,5208,5258,5260,-1,5217,5219,5235,-1,5235,5219,5221,-1,5235,5221,5223,-1,5223,5225,5227,-1,5227,5229,5223,-1,5223,5229,5231,-1,5223,5231,5233,-1,5189,5191,5199,-1,5289,5291,5287,-1,5287,5291,5285,-1,5295,5297,5282,-1,5282,5297,5299,-1,5282,5299,5301,-1,5301,5303,5282,-1,5282,5303,5305,-1,5282,5305,5307,-1,5164,5166,5160,-1,5160,5166,5208,-1,5160,5208,5158,-1,5158,5208,5260,-1,5158,5260,5152,-1,5152,5260,5262,-1,5152,5262,5264,-1,5181,5183,5179,-1,5179,5183,5177,-1,5177,5183,5175,-1,5175,5183,5185,-1,5175,5185,5199,-1,5199,5185,5186,-1,5199,5186,5189,-1,5285,5291,5282,-1,5282,5291,5293,-1,5282,5293,5295,-1,5191,5193,5199,-1,5199,5193,5195,-1,5199,5195,5197,-1,5249,5247,5211,-1,5201,5198,5173,-1,5218,5216,5234,-1,5174,5173,5182,-1,5182,5173,5184,-1,5247,5245,5211,-1,5211,5245,5243,-1,5211,5243,5241,-1,5281,5279,5309,-1,5157,5155,5159,-1,5159,5155,5153,-1,5184,5173,5187,-1,5187,5173,5198,-1,5187,5198,5188,-1,5232,5230,5222,-1,5216,5214,5234,-1,5234,5214,5213,-1,5234,5213,5237,-1,5237,5213,5211,-1,5237,5211,5239,-1,5239,5211,5241,-1,5198,5196,5194,-1,5232,5222,5234,-1,5234,5222,5220,-1,5234,5220,5218,-1,5165,5163,5167,-1,5167,5163,5161,-1,5167,5161,5275,-1,5275,5161,5309,-1,5275,5309,5277,-1,5277,5309,5279,-1,5148,5149,5151,-1,5151,5149,5311,-1,5151,5311,5153,-1,5153,5311,5309,-1,5153,5309,5159,-1,5159,5309,5161,-1,5194,5192,5198,-1,5198,5192,5190,-1,5198,5190,5188,-1,5180,5178,5182,-1,5182,5178,5176,-1,5182,5176,5174,-1,5230,5228,5222,-1,5222,5228,5226,-1,5222,5226,5224,-1,5275,5273,5167,-1,5167,5273,5271,-1,5167,5271,5269,-1,5269,5267,5167,-1,5167,5267,5265,-1,5167,5265,5169,-1,5265,5263,5169,-1,5169,5263,5207,-1,5169,5207,5171,-1,5171,5207,5205,-1,5171,5205,5173,-1,5173,5205,5203,-1,5173,5203,5201,-1,5257,5209,5259,-1,5259,5209,5207,-1,5259,5207,5261,-1,5261,5207,5263,-1,5302,5300,5284,-1,5284,5300,5298,-1,5284,5298,5286,-1,5281,5309,5283,-1,5283,5309,5306,-1,5283,5306,5284,-1,5284,5306,5304,-1,5284,5304,5302,-1,5294,5292,5296,-1,5296,5292,5290,-1,5296,5290,5298,-1,5298,5290,5288,-1,5298,5288,5286,-1,5257,5255,5209,-1,5209,5255,5253,-1,5209,5253,5211,-1,5211,5253,5251,-1,5211,5251,5249,-1,5312,5313,5314,-1,5314,5313,5315,-1,5316,5312,5317,-1,5317,5312,5314,-1,5318,5316,5319,-1,5319,5316,5317,-1,5320,5318,5321,-1,5321,5318,5319,-1,5322,5320,5323,-1,5323,5320,5321,-1,5324,5322,5325,-1,5325,5322,5323,-1,5326,5324,5327,-1,5327,5324,5325,-1,5328,5326,5329,-1,5329,5326,5327,-1,5330,5328,5331,-1,5331,5328,5329,-1,5332,5330,5333,-1,5333,5330,5331,-1,5334,5332,5335,-1,5335,5332,5333,-1,5336,5334,5337,-1,5337,5334,5335,-1,5338,5336,5339,-1,5339,5336,5337,-1,5338,5339,5340,-1,5338,5340,5341,-1,5341,5340,5342,-1,5341,5342,5343,-1,5343,5342,5344,-1,5343,5344,5345,-1,5345,5344,5346,-1,5345,5346,5347,-1,5347,5346,5348,-1,5347,5348,5349,-1,5349,5348,5350,-1,5349,5350,5351,-1,5352,5351,5353,-1,5353,5351,5350,-1,5352,5353,5354,-1,5352,5354,5355,-1,5355,5354,5356,-1,5355,5356,5357,-1,5357,5356,5358,-1,5357,5358,5359,-1,5359,5358,5360,-1,5359,5360,5361,-1,5361,5360,5362,-1,5361,5362,5363,-1,5363,5362,5364,-1,5363,5364,5365,-1,5366,5365,5367,-1,5367,5365,5364,-1,5368,5366,5369,-1,5369,5366,5367,-1,5370,5368,5371,-1,5371,5368,5369,-1,5372,5370,5373,-1,5373,5370,5371,-1,5374,5372,5375,-1,5375,5372,5373,-1,5376,5374,5377,-1,5377,5374,5375,-1,5378,5376,5379,-1,5379,5376,5377,-1,5378,5379,5380,-1,5378,5380,5381,-1,5381,5380,5382,-1,5381,5382,5383,-1,5383,5382,5384,-1,5383,5384,5385,-1,5385,5384,5386,-1,5385,5386,5387,-1,5387,5386,5388,-1,5387,5388,5389,-1,5389,5388,5390,-1,5389,5390,5391,-1,5391,5390,5392,-1,5391,5392,5393,-1,5393,5392,5394,-1,5393,5394,5395,-1,5395,5394,5396,-1,5395,5396,5397,-1,5397,5396,5398,-1,5397,5398,5399,-1,5399,5398,5400,-1,5399,5400,5401,-1,5402,5401,5403,-1,5403,5401,5400,-1,5404,5402,5405,-1,5405,5402,5403,-1,5404,5405,5406,-1,5406,5405,5407,-1,5406,5407,5408,-1,5408,5407,5409,-1,5408,5409,5410,-1,5410,5409,5411,-1,5410,5411,5412,-1,5412,5411,5413,-1,5412,5413,5414,-1,5414,5413,5415,-1,5414,5415,5416,-1,5416,5415,5417,-1,5418,5416,5419,-1,5419,5416,5417,-1,5418,5419,5420,-1,5420,5419,5421,-1,5420,5421,5422,-1,5422,5421,5423,-1,5422,5423,5424,-1,5424,5423,5425,-1,5424,5425,5426,-1,5426,5425,5427,-1,5426,5427,5428,-1,5428,5427,5429,-1,5428,5429,5430,-1,5430,5429,5431,-1,5430,5431,5432,-1,5432,5431,5433,-1,5434,5432,5435,-1,5435,5432,5433,-1,5434,5435,5436,-1,5436,5435,5437,-1,5436,5437,5438,-1,5438,5437,5439,-1,5438,5439,5440,-1,5440,5439,5441,-1,5440,5441,5442,-1,5442,5441,5443,-1,5442,5443,5444,-1,5444,5443,5445,-1,5444,5445,5446,-1,5446,5445,5447,-1,5448,5446,5449,-1,5449,5446,5447,-1,5448,5449,5450,-1,5448,5450,5451,-1,5451,5450,5452,-1,5451,5452,5453,-1,5453,5452,5454,-1,5453,5454,5455,-1,5455,5454,5456,-1,5455,5456,5457,-1,5457,5456,5458,-1,5457,5458,5459,-1,5459,5458,5460,-1,5459,5460,5461,-1,5461,5460,5462,-1,5461,5462,5463,-1,5463,5462,5464,-1,5463,5464,5465,-1,5465,5464,5466,-1,5465,5466,5467,-1,5467,5466,5468,-1,5467,5468,5469,-1,5469,5468,5470,-1,5469,5470,5471,-1,5471,5470,5472,-1,5471,5472,5473,-1,5474,5473,5475,-1,5475,5473,5472,-1,5476,5474,5477,-1,5477,5474,5475,-1,5313,5476,5315,-1,5315,5476,5477,-1,5436,5438,5318,-1,5313,5312,5476,-1,5476,5312,5316,-1,5476,5316,5474,-1,5474,5316,5318,-1,5320,5322,5318,-1,5318,5322,5324,-1,5326,5328,5330,-1,5399,5401,5389,-1,5368,5370,5372,-1,5318,5438,5474,-1,5474,5438,5440,-1,5474,5440,5442,-1,5430,5432,5318,-1,5318,5432,5434,-1,5318,5434,5436,-1,5404,5406,5376,-1,5383,5401,5381,-1,5381,5401,5378,-1,5442,5444,5474,-1,5474,5444,5446,-1,5474,5446,5473,-1,5473,5446,5448,-1,5378,5401,5376,-1,5376,5401,5402,-1,5376,5402,5404,-1,5406,5408,5376,-1,5376,5408,5410,-1,5376,5410,5412,-1,5372,5341,5368,-1,5368,5341,5365,-1,5368,5365,5366,-1,5338,5341,5336,-1,5336,5341,5372,-1,5336,5372,5334,-1,5334,5372,5374,-1,5334,5374,5332,-1,5412,5414,5376,-1,5376,5414,5416,-1,5376,5416,5374,-1,5374,5416,5418,-1,5374,5418,5420,-1,5420,5422,5374,-1,5374,5422,5424,-1,5374,5424,5426,-1,5383,5385,5401,-1,5401,5385,5387,-1,5401,5387,5389,-1,5389,5391,5393,-1,5393,5395,5389,-1,5389,5395,5397,-1,5389,5397,5399,-1,5355,5357,5365,-1,5455,5457,5453,-1,5453,5457,5451,-1,5461,5463,5448,-1,5448,5463,5465,-1,5448,5465,5467,-1,5467,5469,5448,-1,5448,5469,5471,-1,5448,5471,5473,-1,5330,5332,5326,-1,5326,5332,5374,-1,5326,5374,5324,-1,5324,5374,5426,-1,5324,5426,5318,-1,5318,5426,5428,-1,5318,5428,5430,-1,5347,5349,5345,-1,5345,5349,5343,-1,5343,5349,5341,-1,5341,5349,5351,-1,5341,5351,5365,-1,5365,5351,5352,-1,5365,5352,5355,-1,5451,5457,5448,-1,5448,5457,5459,-1,5448,5459,5461,-1,5357,5359,5365,-1,5365,5359,5361,-1,5365,5361,5363,-1,5415,5413,5377,-1,5367,5364,5339,-1,5384,5382,5400,-1,5340,5339,5348,-1,5348,5339,5350,-1,5413,5411,5377,-1,5377,5411,5409,-1,5377,5409,5407,-1,5447,5445,5475,-1,5323,5321,5325,-1,5325,5321,5319,-1,5350,5339,5353,-1,5353,5339,5364,-1,5353,5364,5354,-1,5398,5396,5388,-1,5382,5380,5400,-1,5400,5380,5379,-1,5400,5379,5403,-1,5403,5379,5377,-1,5403,5377,5405,-1,5405,5377,5407,-1,5364,5362,5360,-1,5398,5388,5400,-1,5400,5388,5386,-1,5400,5386,5384,-1,5331,5329,5333,-1,5333,5329,5327,-1,5333,5327,5441,-1,5441,5327,5475,-1,5441,5475,5443,-1,5443,5475,5445,-1,5314,5315,5317,-1,5317,5315,5477,-1,5317,5477,5319,-1,5319,5477,5475,-1,5319,5475,5325,-1,5325,5475,5327,-1,5360,5358,5364,-1,5364,5358,5356,-1,5364,5356,5354,-1,5346,5344,5348,-1,5348,5344,5342,-1,5348,5342,5340,-1,5396,5394,5388,-1,5388,5394,5392,-1,5388,5392,5390,-1,5441,5439,5333,-1,5333,5439,5437,-1,5333,5437,5435,-1,5435,5433,5333,-1,5333,5433,5431,-1,5333,5431,5335,-1,5431,5429,5335,-1,5335,5429,5373,-1,5335,5373,5337,-1,5337,5373,5371,-1,5337,5371,5339,-1,5339,5371,5369,-1,5339,5369,5367,-1,5423,5375,5425,-1,5425,5375,5373,-1,5425,5373,5427,-1,5427,5373,5429,-1,5468,5466,5450,-1,5450,5466,5464,-1,5450,5464,5452,-1,5447,5475,5449,-1,5449,5475,5472,-1,5449,5472,5450,-1,5450,5472,5470,-1,5450,5470,5468,-1,5460,5458,5462,-1,5462,5458,5456,-1,5462,5456,5464,-1,5464,5456,5454,-1,5464,5454,5452,-1,5423,5421,5375,-1,5375,5421,5419,-1,5375,5419,5377,-1,5377,5419,5417,-1,5377,5417,5415,-1,5478,5479,5480,-1,5480,5479,5481,-1,5482,5478,5483,-1,5483,5478,5480,-1,5484,5482,5485,-1,5485,5482,5483,-1,5486,5484,5487,-1,5487,5484,5485,-1,5488,5486,5489,-1,5489,5486,5487,-1,5490,5488,5491,-1,5491,5488,5489,-1,5492,5490,5493,-1,5493,5490,5491,-1,5494,5492,5495,-1,5495,5492,5493,-1,5496,5494,5497,-1,5497,5494,5495,-1,5498,5496,5499,-1,5499,5496,5497,-1,5500,5498,5501,-1,5501,5498,5499,-1,5502,5500,5503,-1,5503,5500,5501,-1,5504,5502,5505,-1,5505,5502,5503,-1,5504,5505,5506,-1,5504,5506,5507,-1,5507,5506,5508,-1,5507,5508,5509,-1,5509,5508,5510,-1,5509,5510,5511,-1,5511,5510,5512,-1,5511,5512,5513,-1,5513,5512,5514,-1,5513,5514,5515,-1,5515,5514,5516,-1,5515,5516,5517,-1,5518,5517,5519,-1,5519,5517,5516,-1,5518,5519,5520,-1,5518,5520,5521,-1,5521,5520,5522,-1,5521,5522,5523,-1,5523,5522,5524,-1,5523,5524,5525,-1,5525,5524,5526,-1,5525,5526,5527,-1,5527,5526,5528,-1,5527,5528,5529,-1,5529,5528,5530,-1,5529,5530,5531,-1,5532,5531,5533,-1,5533,5531,5530,-1,5534,5532,5535,-1,5535,5532,5533,-1,5536,5534,5537,-1,5537,5534,5535,-1,5538,5536,5539,-1,5539,5536,5537,-1,5540,5538,5541,-1,5541,5538,5539,-1,5542,5540,5543,-1,5543,5540,5541,-1,5544,5542,5545,-1,5545,5542,5543,-1,5544,5545,5546,-1,5544,5546,5547,-1,5547,5546,5548,-1,5547,5548,5549,-1,5549,5548,5550,-1,5549,5550,5551,-1,5551,5550,5552,-1,5551,5552,5553,-1,5553,5552,5554,-1,5553,5554,5555,-1,5555,5554,5556,-1,5555,5556,5557,-1,5557,5556,5558,-1,5557,5558,5559,-1,5559,5558,5560,-1,5559,5560,5561,-1,5561,5560,5562,-1,5561,5562,5563,-1,5563,5562,5564,-1,5563,5564,5565,-1,5565,5564,5566,-1,5565,5566,5567,-1,5568,5567,5569,-1,5569,5567,5566,-1,5570,5568,5571,-1,5571,5568,5569,-1,5570,5571,5572,-1,5572,5571,5573,-1,5572,5573,5574,-1,5574,5573,5575,-1,5574,5575,5576,-1,5576,5575,5577,-1,5576,5577,5578,-1,5578,5577,5579,-1,5578,5579,5580,-1,5580,5579,5581,-1,5580,5581,5582,-1,5582,5581,5583,-1,5584,5582,5585,-1,5585,5582,5583,-1,5584,5585,5586,-1,5586,5585,5587,-1,5586,5587,5588,-1,5588,5587,5589,-1,5588,5589,5590,-1,5590,5589,5591,-1,5590,5591,5592,-1,5592,5591,5593,-1,5592,5593,5594,-1,5594,5593,5595,-1,5594,5595,5596,-1,5596,5595,5597,-1,5596,5597,5598,-1,5598,5597,5599,-1,5600,5598,5601,-1,5601,5598,5599,-1,5600,5601,5602,-1,5602,5601,5603,-1,5602,5603,5604,-1,5604,5603,5605,-1,5604,5605,5606,-1,5606,5605,5607,-1,5606,5607,5608,-1,5608,5607,5609,-1,5608,5609,5610,-1,5610,5609,5611,-1,5610,5611,5612,-1,5612,5611,5613,-1,5614,5612,5615,-1,5615,5612,5613,-1,5614,5615,5616,-1,5614,5616,5617,-1,5617,5616,5618,-1,5617,5618,5619,-1,5619,5618,5620,-1,5619,5620,5621,-1,5621,5620,5622,-1,5621,5622,5623,-1,5623,5622,5624,-1,5623,5624,5625,-1,5625,5624,5626,-1,5625,5626,5627,-1,5627,5626,5628,-1,5627,5628,5629,-1,5629,5628,5630,-1,5629,5630,5631,-1,5631,5630,5632,-1,5631,5632,5633,-1,5633,5632,5634,-1,5633,5634,5635,-1,5635,5634,5636,-1,5635,5636,5637,-1,5637,5636,5638,-1,5637,5638,5639,-1,5640,5639,5641,-1,5641,5639,5638,-1,5642,5640,5643,-1,5643,5640,5641,-1,5479,5642,5481,-1,5481,5642,5643,-1,5602,5604,5484,-1,5479,5478,5642,-1,5642,5478,5482,-1,5642,5482,5640,-1,5640,5482,5484,-1,5486,5488,5484,-1,5484,5488,5490,-1,5492,5494,5496,-1,5565,5567,5555,-1,5534,5536,5538,-1,5484,5604,5640,-1,5640,5604,5606,-1,5640,5606,5608,-1,5596,5598,5484,-1,5484,5598,5600,-1,5484,5600,5602,-1,5570,5572,5542,-1,5549,5567,5547,-1,5547,5567,5544,-1,5608,5610,5640,-1,5640,5610,5612,-1,5640,5612,5639,-1,5639,5612,5614,-1,5544,5567,5542,-1,5542,5567,5568,-1,5542,5568,5570,-1,5572,5574,5542,-1,5542,5574,5576,-1,5542,5576,5578,-1,5538,5507,5534,-1,5534,5507,5531,-1,5534,5531,5532,-1,5504,5507,5502,-1,5502,5507,5538,-1,5502,5538,5500,-1,5500,5538,5540,-1,5500,5540,5498,-1,5578,5580,5542,-1,5542,5580,5582,-1,5542,5582,5540,-1,5540,5582,5584,-1,5540,5584,5586,-1,5586,5588,5540,-1,5540,5588,5590,-1,5540,5590,5592,-1,5549,5551,5567,-1,5567,5551,5553,-1,5567,5553,5555,-1,5555,5557,5559,-1,5559,5561,5555,-1,5555,5561,5563,-1,5555,5563,5565,-1,5521,5523,5531,-1,5621,5623,5619,-1,5619,5623,5617,-1,5627,5629,5614,-1,5614,5629,5631,-1,5614,5631,5633,-1,5633,5635,5614,-1,5614,5635,5637,-1,5614,5637,5639,-1,5496,5498,5492,-1,5492,5498,5540,-1,5492,5540,5490,-1,5490,5540,5592,-1,5490,5592,5484,-1,5484,5592,5594,-1,5484,5594,5596,-1,5513,5515,5511,-1,5511,5515,5509,-1,5509,5515,5507,-1,5507,5515,5517,-1,5507,5517,5531,-1,5531,5517,5518,-1,5531,5518,5521,-1,5617,5623,5614,-1,5614,5623,5625,-1,5614,5625,5627,-1,5523,5525,5531,-1,5531,5525,5527,-1,5531,5527,5529,-1,5581,5579,5543,-1,5533,5530,5505,-1,5550,5548,5566,-1,5506,5505,5514,-1,5514,5505,5516,-1,5579,5577,5543,-1,5543,5577,5575,-1,5543,5575,5573,-1,5613,5611,5641,-1,5489,5487,5491,-1,5491,5487,5485,-1,5516,5505,5519,-1,5519,5505,5530,-1,5519,5530,5520,-1,5564,5562,5554,-1,5548,5546,5566,-1,5566,5546,5545,-1,5566,5545,5569,-1,5569,5545,5543,-1,5569,5543,5571,-1,5571,5543,5573,-1,5530,5528,5526,-1,5564,5554,5566,-1,5566,5554,5552,-1,5566,5552,5550,-1,5497,5495,5499,-1,5499,5495,5493,-1,5499,5493,5607,-1,5607,5493,5641,-1,5607,5641,5609,-1,5609,5641,5611,-1,5480,5481,5483,-1,5483,5481,5643,-1,5483,5643,5485,-1,5485,5643,5641,-1,5485,5641,5491,-1,5491,5641,5493,-1,5526,5524,5530,-1,5530,5524,5522,-1,5530,5522,5520,-1,5512,5510,5514,-1,5514,5510,5508,-1,5514,5508,5506,-1,5562,5560,5554,-1,5554,5560,5558,-1,5554,5558,5556,-1,5607,5605,5499,-1,5499,5605,5603,-1,5499,5603,5601,-1,5601,5599,5499,-1,5499,5599,5597,-1,5499,5597,5501,-1,5597,5595,5501,-1,5501,5595,5539,-1,5501,5539,5503,-1,5503,5539,5537,-1,5503,5537,5505,-1,5505,5537,5535,-1,5505,5535,5533,-1,5589,5541,5591,-1,5591,5541,5539,-1,5591,5539,5593,-1,5593,5539,5595,-1,5634,5632,5616,-1,5616,5632,5630,-1,5616,5630,5618,-1,5613,5641,5615,-1,5615,5641,5638,-1,5615,5638,5616,-1,5616,5638,5636,-1,5616,5636,5634,-1,5626,5624,5628,-1,5628,5624,5622,-1,5628,5622,5630,-1,5630,5622,5620,-1,5630,5620,5618,-1,5589,5587,5541,-1,5541,5587,5585,-1,5541,5585,5543,-1,5543,5585,5583,-1,5543,5583,5581,-1,5644,5645,5646,-1,5646,5645,5647,-1,5648,5644,5649,-1,5649,5644,5646,-1,5650,5648,5651,-1,5651,5648,5649,-1,5652,5650,5653,-1,5653,5650,5651,-1,5654,5652,5655,-1,5655,5652,5653,-1,5656,5654,5657,-1,5657,5654,5655,-1,5658,5656,5659,-1,5659,5656,5657,-1,5660,5658,5661,-1,5661,5658,5659,-1,5662,5660,5663,-1,5663,5660,5661,-1,5664,5662,5665,-1,5665,5662,5663,-1,5666,5664,5667,-1,5667,5664,5665,-1,5668,5666,5669,-1,5669,5666,5667,-1,5670,5668,5671,-1,5671,5668,5669,-1,5670,5671,5672,-1,5670,5672,5673,-1,5673,5672,5674,-1,5673,5674,5675,-1,5675,5674,5676,-1,5675,5676,5677,-1,5677,5676,5678,-1,5677,5678,5679,-1,5679,5678,5680,-1,5679,5680,5681,-1,5681,5680,5682,-1,5681,5682,5683,-1,5684,5683,5685,-1,5685,5683,5682,-1,5684,5685,5686,-1,5684,5686,5687,-1,5687,5686,5688,-1,5687,5688,5689,-1,5689,5688,5690,-1,5689,5690,5691,-1,5691,5690,5692,-1,5691,5692,5693,-1,5693,5692,5694,-1,5693,5694,5695,-1,5695,5694,5696,-1,5695,5696,5697,-1,5698,5697,5699,-1,5699,5697,5696,-1,5700,5698,5701,-1,5701,5698,5699,-1,5702,5700,5703,-1,5703,5700,5701,-1,5704,5702,5705,-1,5705,5702,5703,-1,5706,5704,5707,-1,5707,5704,5705,-1,5708,5706,5709,-1,5709,5706,5707,-1,5710,5708,5711,-1,5711,5708,5709,-1,5710,5711,5712,-1,5710,5712,5713,-1,5713,5712,5714,-1,5713,5714,5715,-1,5715,5714,5716,-1,5715,5716,5717,-1,5717,5716,5718,-1,5717,5718,5719,-1,5719,5718,5720,-1,5719,5720,5721,-1,5721,5720,5722,-1,5721,5722,5723,-1,5723,5722,5724,-1,5723,5724,5725,-1,5725,5724,5726,-1,5725,5726,5727,-1,5727,5726,5728,-1,5727,5728,5729,-1,5729,5728,5730,-1,5729,5730,5731,-1,5731,5730,5732,-1,5731,5732,5733,-1,5734,5733,5735,-1,5735,5733,5732,-1,5736,5734,5737,-1,5737,5734,5735,-1,5736,5737,5738,-1,5738,5737,5739,-1,5738,5739,5740,-1,5740,5739,5741,-1,5740,5741,5742,-1,5742,5741,5743,-1,5742,5743,5744,-1,5744,5743,5745,-1,5744,5745,5746,-1,5746,5745,5747,-1,5746,5747,5748,-1,5748,5747,5749,-1,5750,5748,5751,-1,5751,5748,5749,-1,5750,5751,5752,-1,5752,5751,5753,-1,5752,5753,5754,-1,5754,5753,5755,-1,5754,5755,5756,-1,5756,5755,5757,-1,5756,5757,5758,-1,5758,5757,5759,-1,5758,5759,5760,-1,5760,5759,5761,-1,5760,5761,5762,-1,5762,5761,5763,-1,5762,5763,5764,-1,5764,5763,5765,-1,5766,5764,5767,-1,5767,5764,5765,-1,5766,5767,5768,-1,5768,5767,5769,-1,5768,5769,5770,-1,5770,5769,5771,-1,5770,5771,5772,-1,5772,5771,5773,-1,5772,5773,5774,-1,5774,5773,5775,-1,5774,5775,5776,-1,5776,5775,5777,-1,5776,5777,5778,-1,5778,5777,5779,-1,5780,5778,5781,-1,5781,5778,5779,-1,5780,5781,5782,-1,5780,5782,5783,-1,5783,5782,5784,-1,5783,5784,5785,-1,5785,5784,5786,-1,5785,5786,5787,-1,5787,5786,5788,-1,5787,5788,5789,-1,5789,5788,5790,-1,5789,5790,5791,-1,5791,5790,5792,-1,5791,5792,5793,-1,5793,5792,5794,-1,5793,5794,5795,-1,5795,5794,5796,-1,5795,5796,5797,-1,5797,5796,5798,-1,5797,5798,5799,-1,5799,5798,5800,-1,5799,5800,5801,-1,5801,5800,5802,-1,5801,5802,5803,-1,5803,5802,5804,-1,5803,5804,5805,-1,5806,5805,5807,-1,5807,5805,5804,-1,5808,5806,5809,-1,5809,5806,5807,-1,5645,5808,5647,-1,5647,5808,5809,-1,5768,5770,5650,-1,5645,5644,5808,-1,5808,5644,5648,-1,5808,5648,5806,-1,5806,5648,5650,-1,5652,5654,5650,-1,5650,5654,5656,-1,5658,5660,5662,-1,5731,5733,5721,-1,5700,5702,5704,-1,5650,5770,5806,-1,5806,5770,5772,-1,5806,5772,5774,-1,5762,5764,5650,-1,5650,5764,5766,-1,5650,5766,5768,-1,5736,5738,5708,-1,5715,5733,5713,-1,5713,5733,5710,-1,5774,5776,5806,-1,5806,5776,5778,-1,5806,5778,5805,-1,5805,5778,5780,-1,5710,5733,5708,-1,5708,5733,5734,-1,5708,5734,5736,-1,5738,5740,5708,-1,5708,5740,5742,-1,5708,5742,5744,-1,5704,5673,5700,-1,5700,5673,5697,-1,5700,5697,5698,-1,5670,5673,5668,-1,5668,5673,5704,-1,5668,5704,5666,-1,5666,5704,5706,-1,5666,5706,5664,-1,5744,5746,5708,-1,5708,5746,5748,-1,5708,5748,5706,-1,5706,5748,5750,-1,5706,5750,5752,-1,5752,5754,5706,-1,5706,5754,5756,-1,5706,5756,5758,-1,5715,5717,5733,-1,5733,5717,5719,-1,5733,5719,5721,-1,5721,5723,5725,-1,5725,5727,5721,-1,5721,5727,5729,-1,5721,5729,5731,-1,5687,5689,5697,-1,5787,5789,5785,-1,5785,5789,5783,-1,5793,5795,5780,-1,5780,5795,5797,-1,5780,5797,5799,-1,5799,5801,5780,-1,5780,5801,5803,-1,5780,5803,5805,-1,5662,5664,5658,-1,5658,5664,5706,-1,5658,5706,5656,-1,5656,5706,5758,-1,5656,5758,5650,-1,5650,5758,5760,-1,5650,5760,5762,-1,5679,5681,5677,-1,5677,5681,5675,-1,5675,5681,5673,-1,5673,5681,5683,-1,5673,5683,5697,-1,5697,5683,5684,-1,5697,5684,5687,-1,5783,5789,5780,-1,5780,5789,5791,-1,5780,5791,5793,-1,5689,5691,5697,-1,5697,5691,5693,-1,5697,5693,5695,-1,5747,5745,5709,-1,5699,5696,5671,-1,5716,5714,5732,-1,5672,5671,5680,-1,5680,5671,5682,-1,5745,5743,5709,-1,5709,5743,5741,-1,5709,5741,5739,-1,5779,5777,5807,-1,5655,5653,5657,-1,5657,5653,5651,-1,5682,5671,5685,-1,5685,5671,5696,-1,5685,5696,5686,-1,5730,5728,5720,-1,5714,5712,5732,-1,5732,5712,5711,-1,5732,5711,5735,-1,5735,5711,5709,-1,5735,5709,5737,-1,5737,5709,5739,-1,5696,5694,5692,-1,5730,5720,5732,-1,5732,5720,5718,-1,5732,5718,5716,-1,5663,5661,5665,-1,5665,5661,5659,-1,5665,5659,5773,-1,5773,5659,5807,-1,5773,5807,5775,-1,5775,5807,5777,-1,5646,5647,5649,-1,5649,5647,5809,-1,5649,5809,5651,-1,5651,5809,5807,-1,5651,5807,5657,-1,5657,5807,5659,-1,5692,5690,5696,-1,5696,5690,5688,-1,5696,5688,5686,-1,5678,5676,5680,-1,5680,5676,5674,-1,5680,5674,5672,-1,5728,5726,5720,-1,5720,5726,5724,-1,5720,5724,5722,-1,5773,5771,5665,-1,5665,5771,5769,-1,5665,5769,5767,-1,5767,5765,5665,-1,5665,5765,5763,-1,5665,5763,5667,-1,5763,5761,5667,-1,5667,5761,5705,-1,5667,5705,5669,-1,5669,5705,5703,-1,5669,5703,5671,-1,5671,5703,5701,-1,5671,5701,5699,-1,5755,5707,5757,-1,5757,5707,5705,-1,5757,5705,5759,-1,5759,5705,5761,-1,5800,5798,5782,-1,5782,5798,5796,-1,5782,5796,5784,-1,5779,5807,5781,-1,5781,5807,5804,-1,5781,5804,5782,-1,5782,5804,5802,-1,5782,5802,5800,-1,5792,5790,5794,-1,5794,5790,5788,-1,5794,5788,5796,-1,5796,5788,5786,-1,5796,5786,5784,-1,5755,5753,5707,-1,5707,5753,5751,-1,5707,5751,5709,-1,5709,5751,5749,-1,5709,5749,5747,-1,5810,5811,5812,-1,5812,5811,5813,-1,5814,5810,5815,-1,5815,5810,5812,-1,5816,5814,5817,-1,5817,5814,5815,-1,5818,5816,5819,-1,5819,5816,5817,-1,5820,5818,5821,-1,5821,5818,5819,-1,5822,5820,5823,-1,5823,5820,5821,-1,5824,5822,5825,-1,5825,5822,5823,-1,5826,5824,5827,-1,5827,5824,5825,-1,5828,5826,5829,-1,5829,5826,5827,-1,5830,5828,5831,-1,5831,5828,5829,-1,5832,5830,5833,-1,5833,5830,5831,-1,5834,5832,5835,-1,5835,5832,5833,-1,5836,5834,5837,-1,5837,5834,5835,-1,5836,5837,5838,-1,5836,5838,5839,-1,5839,5838,5840,-1,5839,5840,5841,-1,5841,5840,5842,-1,5841,5842,5843,-1,5843,5842,5844,-1,5843,5844,5845,-1,5845,5844,5846,-1,5845,5846,5847,-1,5847,5846,5848,-1,5847,5848,5849,-1,5850,5849,5851,-1,5851,5849,5848,-1,5850,5851,5852,-1,5850,5852,5853,-1,5853,5852,5854,-1,5853,5854,5855,-1,5855,5854,5856,-1,5855,5856,5857,-1,5857,5856,5858,-1,5857,5858,5859,-1,5859,5858,5860,-1,5859,5860,5861,-1,5861,5860,5862,-1,5861,5862,5863,-1,5864,5863,5865,-1,5865,5863,5862,-1,5866,5864,5867,-1,5867,5864,5865,-1,5868,5866,5869,-1,5869,5866,5867,-1,5870,5868,5871,-1,5871,5868,5869,-1,5872,5870,5873,-1,5873,5870,5871,-1,5874,5872,5875,-1,5875,5872,5873,-1,5876,5874,5877,-1,5877,5874,5875,-1,5876,5877,5878,-1,5876,5878,5879,-1,5879,5878,5880,-1,5879,5880,5881,-1,5881,5880,5882,-1,5881,5882,5883,-1,5883,5882,5884,-1,5883,5884,5885,-1,5885,5884,5886,-1,5885,5886,5887,-1,5887,5886,5888,-1,5887,5888,5889,-1,5889,5888,5890,-1,5889,5890,5891,-1,5891,5890,5892,-1,5891,5892,5893,-1,5893,5892,5894,-1,5893,5894,5895,-1,5895,5894,5896,-1,5895,5896,5897,-1,5897,5896,5898,-1,5897,5898,5899,-1,5900,5899,5901,-1,5901,5899,5898,-1,5902,5900,5903,-1,5903,5900,5901,-1,5902,5903,5904,-1,5904,5903,5905,-1,5904,5905,5906,-1,5906,5905,5907,-1,5906,5907,5908,-1,5908,5907,5909,-1,5908,5909,5910,-1,5910,5909,5911,-1,5910,5911,5912,-1,5912,5911,5913,-1,5912,5913,5914,-1,5914,5913,5915,-1,5916,5914,5917,-1,5917,5914,5915,-1,5916,5917,5918,-1,5918,5917,5919,-1,5918,5919,5920,-1,5920,5919,5921,-1,5920,5921,5922,-1,5922,5921,5923,-1,5922,5923,5924,-1,5924,5923,5925,-1,5924,5925,5926,-1,5926,5925,5927,-1,5926,5927,5928,-1,5928,5927,5929,-1,5928,5929,5930,-1,5930,5929,5931,-1,5932,5930,5933,-1,5933,5930,5931,-1,5932,5933,5934,-1,5934,5933,5935,-1,5934,5935,5936,-1,5936,5935,5937,-1,5936,5937,5938,-1,5938,5937,5939,-1,5938,5939,5940,-1,5940,5939,5941,-1,5940,5941,5942,-1,5942,5941,5943,-1,5942,5943,5944,-1,5944,5943,5945,-1,5946,5944,5947,-1,5947,5944,5945,-1,5946,5947,5948,-1,5946,5948,5949,-1,5949,5948,5950,-1,5949,5950,5951,-1,5951,5950,5952,-1,5951,5952,5953,-1,5953,5952,5954,-1,5953,5954,5955,-1,5955,5954,5956,-1,5955,5956,5957,-1,5957,5956,5958,-1,5957,5958,5959,-1,5959,5958,5960,-1,5959,5960,5961,-1,5961,5960,5962,-1,5961,5962,5963,-1,5963,5962,5964,-1,5963,5964,5965,-1,5965,5964,5966,-1,5965,5966,5967,-1,5967,5966,5968,-1,5967,5968,5969,-1,5969,5968,5970,-1,5969,5970,5971,-1,5972,5971,5973,-1,5973,5971,5970,-1,5974,5972,5975,-1,5975,5972,5973,-1,5811,5974,5813,-1,5813,5974,5975,-1,5934,5936,5816,-1,5811,5810,5974,-1,5974,5810,5814,-1,5974,5814,5972,-1,5972,5814,5816,-1,5818,5820,5816,-1,5816,5820,5822,-1,5824,5826,5828,-1,5897,5899,5887,-1,5866,5868,5870,-1,5816,5936,5972,-1,5972,5936,5938,-1,5972,5938,5940,-1,5928,5930,5816,-1,5816,5930,5932,-1,5816,5932,5934,-1,5902,5904,5874,-1,5881,5899,5879,-1,5879,5899,5876,-1,5940,5942,5972,-1,5972,5942,5944,-1,5972,5944,5971,-1,5971,5944,5946,-1,5876,5899,5874,-1,5874,5899,5900,-1,5874,5900,5902,-1,5904,5906,5874,-1,5874,5906,5908,-1,5874,5908,5910,-1,5870,5839,5866,-1,5866,5839,5863,-1,5866,5863,5864,-1,5836,5839,5834,-1,5834,5839,5870,-1,5834,5870,5832,-1,5832,5870,5872,-1,5832,5872,5830,-1,5910,5912,5874,-1,5874,5912,5914,-1,5874,5914,5872,-1,5872,5914,5916,-1,5872,5916,5918,-1,5918,5920,5872,-1,5872,5920,5922,-1,5872,5922,5924,-1,5881,5883,5899,-1,5899,5883,5885,-1,5899,5885,5887,-1,5887,5889,5891,-1,5891,5893,5887,-1,5887,5893,5895,-1,5887,5895,5897,-1,5853,5855,5863,-1,5953,5955,5951,-1,5951,5955,5949,-1,5959,5961,5946,-1,5946,5961,5963,-1,5946,5963,5965,-1,5965,5967,5946,-1,5946,5967,5969,-1,5946,5969,5971,-1,5828,5830,5824,-1,5824,5830,5872,-1,5824,5872,5822,-1,5822,5872,5924,-1,5822,5924,5816,-1,5816,5924,5926,-1,5816,5926,5928,-1,5845,5847,5843,-1,5843,5847,5841,-1,5841,5847,5839,-1,5839,5847,5849,-1,5839,5849,5863,-1,5863,5849,5850,-1,5863,5850,5853,-1,5949,5955,5946,-1,5946,5955,5957,-1,5946,5957,5959,-1,5855,5857,5863,-1,5863,5857,5859,-1,5863,5859,5861,-1,5913,5911,5875,-1,5865,5862,5837,-1,5882,5880,5898,-1,5838,5837,5846,-1,5846,5837,5848,-1,5911,5909,5875,-1,5875,5909,5907,-1,5875,5907,5905,-1,5945,5943,5973,-1,5821,5819,5823,-1,5823,5819,5817,-1,5848,5837,5851,-1,5851,5837,5862,-1,5851,5862,5852,-1,5896,5894,5886,-1,5880,5878,5898,-1,5898,5878,5877,-1,5898,5877,5901,-1,5901,5877,5875,-1,5901,5875,5903,-1,5903,5875,5905,-1,5862,5860,5858,-1,5896,5886,5898,-1,5898,5886,5884,-1,5898,5884,5882,-1,5829,5827,5831,-1,5831,5827,5825,-1,5831,5825,5939,-1,5939,5825,5973,-1,5939,5973,5941,-1,5941,5973,5943,-1,5812,5813,5815,-1,5815,5813,5975,-1,5815,5975,5817,-1,5817,5975,5973,-1,5817,5973,5823,-1,5823,5973,5825,-1,5858,5856,5862,-1,5862,5856,5854,-1,5862,5854,5852,-1,5844,5842,5846,-1,5846,5842,5840,-1,5846,5840,5838,-1,5894,5892,5886,-1,5886,5892,5890,-1,5886,5890,5888,-1,5939,5937,5831,-1,5831,5937,5935,-1,5831,5935,5933,-1,5933,5931,5831,-1,5831,5931,5929,-1,5831,5929,5833,-1,5929,5927,5833,-1,5833,5927,5871,-1,5833,5871,5835,-1,5835,5871,5869,-1,5835,5869,5837,-1,5837,5869,5867,-1,5837,5867,5865,-1,5921,5873,5923,-1,5923,5873,5871,-1,5923,5871,5925,-1,5925,5871,5927,-1,5966,5964,5948,-1,5948,5964,5962,-1,5948,5962,5950,-1,5945,5973,5947,-1,5947,5973,5970,-1,5947,5970,5948,-1,5948,5970,5968,-1,5948,5968,5966,-1,5958,5956,5960,-1,5960,5956,5954,-1,5960,5954,5962,-1,5962,5954,5952,-1,5962,5952,5950,-1,5921,5919,5873,-1,5873,5919,5917,-1,5873,5917,5875,-1,5875,5917,5915,-1,5875,5915,5913,-1,5976,5977,5978,-1,5979,5980,5981,-1,5982,5983,5984,-1,5984,5983,5985,-1,5981,5976,5979,-1,5979,5976,5978,-1,5979,5978,5986,-1,5986,5978,5983,-1,5986,5983,5987,-1,5987,5983,5982,-1,5988,5989,5990,-1,5991,5992,5976,-1,5993,5994,5995,-1,5993,5996,5997,-1,5997,5996,5998,-1,5997,5998,5999,-1,5999,5998,6000,-1,5999,6000,6001,-1,5977,5976,6002,-1,6002,5976,5992,-1,6002,5992,6003,-1,6003,5992,6004,-1,6003,6004,6005,-1,6005,6004,6006,-1,6005,6006,6007,-1,6007,6006,6008,-1,6007,6008,6009,-1,6009,6008,6010,-1,6009,6010,6011,-1,6011,6010,6012,-1,6011,6012,5995,-1,5995,6012,5988,-1,5995,5988,5993,-1,5993,5988,5990,-1,5993,5990,5996,-1,5991,5976,6013,-1,6013,5976,5981,-1,6013,5981,6014,-1,6015,6016,6017,-1,6017,6016,6014,-1,6018,6019,6020,-1,6020,6021,6018,-1,6018,6021,6017,-1,6018,6017,6022,-1,6022,6017,6014,-1,6022,6014,5981,-1,6023,6024,6025,-1,6025,6026,6023,-1,6023,6026,6027,-1,6023,6027,6015,-1,6015,6027,5980,-1,6015,5980,6016,-1,6020,6019,6024,-1,6024,6019,6025,-1,6028,5994,5993,-1,5993,5997,6028,-1,6028,5997,5999,-1,6028,5999,6001,-1,6029,6000,5998,-1,5998,5996,6029,-1,6029,5996,5990,-1,6029,5990,5989,-1,5985,6030,6031,-1,6031,6030,6032,-1,6033,6034,6000,-1,6000,6034,6001,-1,6035,6032,6033,-1,6036,6037,6038,-1,6038,6037,6039,-1,6038,6039,6040,-1,6040,6039,6041,-1,6033,6042,6035,-1,6035,6042,6043,-1,6035,6043,6044,-1,6044,6043,6045,-1,6044,6045,6046,-1,6046,6045,6047,-1,6046,6047,6041,-1,6041,6047,6048,-1,6041,6048,6040,-1,6032,6030,6033,-1,6033,6030,6034,-1,6049,6050,6051,-1,6034,6030,6052,-1,6052,6030,6053,-1,6052,6053,6054,-1,6054,6053,6055,-1,6051,6056,6049,-1,6049,6056,6057,-1,6049,6057,6058,-1,6058,6057,6059,-1,6058,6059,6060,-1,6060,6059,6061,-1,6060,6061,6055,-1,6055,6061,6062,-1,6055,6062,6054,-1,6050,6063,6051,-1,6051,6063,6064,-1,6065,6063,6066,-1,6066,6063,6050,-1,5985,5983,6067,-1,6066,6050,6068,-1,6068,6050,6049,-1,6068,6049,6069,-1,6069,6049,6058,-1,6069,6058,6070,-1,6070,6058,6060,-1,6070,6060,6071,-1,6071,6060,6055,-1,6071,6055,6067,-1,6067,6055,6053,-1,6067,6053,5985,-1,5985,6053,6030,-1,6031,6032,6035,-1,6072,6031,6073,-1,6073,6031,6035,-1,6073,6035,6074,-1,6074,6035,6044,-1,6074,6044,6075,-1,6075,6044,6046,-1,6075,6046,6076,-1,6076,6046,6041,-1,6076,6041,6077,-1,6077,6041,6039,-1,6077,6039,6078,-1,6078,6039,6037,-1,6078,6037,6079,-1,6079,6037,6080,-1,6080,6081,6079,-1,6079,6081,6082,-1,6081,6036,6082,-1,6082,6036,6083,-1,6000,6029,6084,-1,6083,6036,6038,-1,6083,6038,6085,-1,6085,6038,6040,-1,6085,6040,6086,-1,6086,6040,6048,-1,6086,6048,6087,-1,6087,6048,6047,-1,6087,6047,6088,-1,6088,6047,6045,-1,6088,6045,6089,-1,6089,6045,6043,-1,6089,6043,6090,-1,6090,6043,6042,-1,6090,6042,6084,-1,6084,6042,6033,-1,6084,6033,6000,-1,6001,6034,6052,-1,6091,6028,6001,-1,6001,6052,6091,-1,6091,6052,6054,-1,6091,6054,6092,-1,6092,6054,6062,-1,6092,6062,6093,-1,6093,6062,6061,-1,6093,6061,6094,-1,6094,6061,6059,-1,6094,6059,6095,-1,6095,6059,6057,-1,6095,6057,6096,-1,6096,6057,6056,-1,6096,6056,6097,-1,6097,6056,6051,-1,6097,6051,6098,-1,6051,6064,6098,-1,6098,6064,6099,-1,6064,6063,6099,-1,6099,6063,6065,-1,6036,6081,6037,-1,6037,6081,6080,-1,6098,6099,6066,-1,6066,6099,6065,-1,6083,6078,6082,-1,6082,6078,6079,-1,6077,6078,6083,-1,6084,6029,5989,-1,6073,5989,6072,-1,6072,5989,5988,-1,6072,5988,6100,-1,5989,6083,6085,-1,6085,6086,5989,-1,5989,6086,6087,-1,5989,6087,6088,-1,6088,6089,5989,-1,5989,6089,6090,-1,5989,6090,6084,-1,6073,6074,5989,-1,5989,6074,6075,-1,5989,6075,6083,-1,6083,6075,6076,-1,6083,6076,6077,-1,6071,6067,5994,-1,5994,6067,5983,-1,5994,5983,5995,-1,5995,5983,5978,-1,6098,6066,6097,-1,6097,6066,6068,-1,6097,6068,6096,-1,6096,6068,6069,-1,6070,6094,6069,-1,6069,6094,6095,-1,6069,6095,6096,-1,6071,5994,6070,-1,6070,5994,6028,-1,6070,6028,6091,-1,6091,6092,6070,-1,6070,6092,6093,-1,6070,6093,6094,-1,6101,6102,6072,-1,6072,6102,6103,-1,6072,6103,6031,-1,6014,6016,6013,-1,6013,6016,6104,-1,6013,6104,5991,-1,5991,6104,6100,-1,6100,6104,6072,-1,6072,6104,6105,-1,6072,6105,6101,-1,6016,5980,6104,-1,6104,5980,5979,-1,6104,5979,6105,-1,6105,5979,5986,-1,6105,5986,6101,-1,6101,5986,5987,-1,6101,5987,6102,-1,6102,5987,5982,-1,6102,5982,6103,-1,6103,5982,5984,-1,6103,5984,6031,-1,6031,5984,5985,-1,5981,5980,6022,-1,6022,5980,6027,-1,6019,6018,6025,-1,6025,6018,6026,-1,6018,6022,6026,-1,6026,6022,6027,-1,6020,6024,6021,-1,6021,6024,6023,-1,6021,6023,6017,-1,6017,6023,6015,-1,5978,5977,6002,-1,6002,6003,5978,-1,5978,6003,6005,-1,5978,6005,6007,-1,6007,6009,5978,-1,5978,6009,6011,-1,5978,6011,5995,-1,5992,5991,6100,-1,6008,6006,6100,-1,6100,6006,6004,-1,6100,6004,5992,-1,5988,6012,6100,-1,6100,6012,6010,-1,6100,6010,6008,-1,6106,6107,6108,-1,6108,6107,6109,-1,6108,6109,6110,-1,6111,6112,6113,-1,6113,6112,6114,-1,6113,6114,6115,-1,6115,6114,6116,-1,6116,6114,6108,-1,6108,6114,6117,-1,6108,6117,6106,-1,6118,6119,6120,-1,6121,6122,6123,-1,6123,6124,6125,-1,6126,6127,6128,-1,6125,6124,6128,-1,6128,6124,6129,-1,6128,6129,6126,-1,6127,6126,6130,-1,6130,6126,6131,-1,6130,6131,6132,-1,6115,6133,6134,-1,6135,6134,6136,-1,6136,6134,6133,-1,6136,6133,6132,-1,6132,6133,6137,-1,6132,6137,6130,-1,6115,6134,6113,-1,6113,6134,6138,-1,6113,6138,6111,-1,6125,6118,6123,-1,6123,6118,6120,-1,6123,6120,6121,-1,6121,6120,6139,-1,6121,6139,6140,-1,6140,6139,6141,-1,6140,6141,6142,-1,6142,6141,6143,-1,6142,6143,6144,-1,6145,6146,6138,-1,6138,6146,6147,-1,6148,6149,6150,-1,6150,6149,6151,-1,6150,6151,6147,-1,6147,6151,6152,-1,6147,6152,6138,-1,6138,6152,6111,-1,6153,6154,6155,-1,6155,6154,6156,-1,6155,6156,6157,-1,6157,6156,6146,-1,6157,6146,6112,-1,6112,6146,6145,-1,6149,6148,6153,-1,6153,6148,6154,-1,6158,6143,6141,-1,6141,6139,6158,-1,6158,6139,6120,-1,6158,6120,6119,-1,6159,6122,6121,-1,6121,6140,6159,-1,6159,6140,6142,-1,6159,6142,6144,-1,6160,6110,6161,-1,6161,6110,6162,-1,6163,6164,6143,-1,6143,6164,6144,-1,6165,6166,6167,-1,6164,6161,6168,-1,6168,6161,6169,-1,6168,6169,6170,-1,6170,6169,6171,-1,6167,6172,6165,-1,6165,6172,6173,-1,6165,6173,6174,-1,6174,6173,6175,-1,6174,6175,6176,-1,6176,6175,6177,-1,6176,6177,6171,-1,6171,6177,6178,-1,6171,6178,6170,-1,6160,6161,6163,-1,6163,6161,6164,-1,6179,6160,6163,-1,6163,6180,6179,-1,6179,6180,6181,-1,6179,6181,6182,-1,6182,6181,6183,-1,6182,6183,6184,-1,6184,6183,6185,-1,6184,6185,6186,-1,6187,6188,6189,-1,6189,6188,6190,-1,6189,6190,6191,-1,6191,6190,6186,-1,6191,6186,6192,-1,6192,6186,6185,-1,6193,6188,6194,-1,6194,6188,6187,-1,6193,6195,6188,-1,6188,6195,6196,-1,6110,6160,6179,-1,6108,6110,6197,-1,6197,6110,6179,-1,6197,6179,6198,-1,6198,6179,6182,-1,6198,6182,6199,-1,6199,6182,6184,-1,6199,6184,6200,-1,6200,6184,6186,-1,6200,6186,6201,-1,6201,6186,6190,-1,6201,6190,6196,-1,6196,6190,6188,-1,6162,6202,6203,-1,6204,6166,6205,-1,6205,6166,6165,-1,6205,6165,6206,-1,6206,6165,6174,-1,6206,6174,6207,-1,6207,6174,6176,-1,6207,6176,6208,-1,6208,6176,6171,-1,6208,6171,6203,-1,6203,6171,6169,-1,6203,6169,6162,-1,6162,6169,6161,-1,6166,6204,6209,-1,6209,6204,6210,-1,6211,6209,6212,-1,6212,6209,6210,-1,6167,6211,6213,-1,6213,6211,6212,-1,6144,6164,6168,-1,6214,6159,6144,-1,6144,6168,6214,-1,6214,6168,6170,-1,6214,6170,6215,-1,6215,6170,6178,-1,6215,6178,6216,-1,6216,6178,6177,-1,6216,6177,6217,-1,6217,6177,6175,-1,6217,6175,6218,-1,6218,6175,6173,-1,6218,6173,6219,-1,6219,6173,6172,-1,6219,6172,6220,-1,6220,6172,6167,-1,6220,6167,6213,-1,6143,6158,6221,-1,6222,6187,6189,-1,6222,6189,6223,-1,6223,6189,6191,-1,6223,6191,6224,-1,6224,6191,6192,-1,6224,6192,6225,-1,6225,6192,6185,-1,6225,6185,6226,-1,6226,6185,6183,-1,6226,6183,6227,-1,6227,6183,6181,-1,6227,6181,6228,-1,6228,6181,6180,-1,6228,6180,6221,-1,6221,6180,6163,-1,6221,6163,6143,-1,6194,6187,6229,-1,6229,6187,6222,-1,6193,6194,6195,-1,6195,6194,6229,-1,6211,6167,6209,-1,6209,6167,6166,-1,6229,6222,6195,-1,6195,6222,6196,-1,6204,6213,6210,-1,6210,6213,6212,-1,6122,6207,6208,-1,6208,6203,6122,-1,6122,6203,6202,-1,6122,6202,6123,-1,6123,6202,6230,-1,6213,6204,6220,-1,6220,6204,6205,-1,6220,6205,6219,-1,6219,6205,6206,-1,6122,6159,6207,-1,6207,6159,6214,-1,6207,6214,6215,-1,6215,6216,6207,-1,6207,6216,6217,-1,6207,6217,6206,-1,6206,6217,6218,-1,6206,6218,6219,-1,6201,6196,6222,-1,6197,6119,6108,-1,6108,6119,6118,-1,6108,6118,6116,-1,6222,6223,6119,-1,6119,6223,6224,-1,6224,6225,6119,-1,6119,6225,6226,-1,6119,6226,6227,-1,6197,6198,6119,-1,6119,6198,6199,-1,6119,6199,6222,-1,6222,6199,6200,-1,6222,6200,6201,-1,6227,6228,6119,-1,6119,6228,6221,-1,6119,6221,6158,-1,6134,6135,6230,-1,6231,6145,6138,-1,6232,6202,6233,-1,6233,6202,6162,-1,6138,6134,6231,-1,6231,6134,6230,-1,6231,6230,6234,-1,6234,6230,6202,-1,6234,6202,6235,-1,6235,6202,6232,-1,6162,6110,6233,-1,6233,6110,6109,-1,6233,6109,6232,-1,6232,6109,6107,-1,6232,6107,6235,-1,6235,6107,6106,-1,6235,6106,6234,-1,6234,6106,6117,-1,6234,6117,6231,-1,6231,6117,6114,-1,6231,6114,6145,-1,6145,6114,6112,-1,6112,6111,6157,-1,6157,6111,6152,-1,6151,6149,6155,-1,6155,6149,6153,-1,6152,6151,6157,-1,6157,6151,6155,-1,6154,6148,6156,-1,6156,6148,6150,-1,6156,6150,6146,-1,6146,6150,6147,-1,6133,6115,6116,-1,6127,6130,6116,-1,6116,6130,6137,-1,6116,6137,6133,-1,6118,6125,6116,-1,6116,6125,6128,-1,6116,6128,6127,-1,6230,6135,6136,-1,6136,6132,6230,-1,6230,6132,6131,-1,6230,6131,6126,-1,6126,6129,6230,-1,6230,6129,6124,-1,6230,6124,6123,-1]}}