#VRML V2.0 utf8
# generated by schgen part add
Shape{appearance Appearance{material Material{diffuseColor 0.20784313725490197 0.20784313725490197 0.20784313725490197 transparency 0.0}}geometry IndexedFaceSet{ccw TRUE solid FALSE coord Coordinate{point [0.3566 0.2577 0.4626, 0.3566 0.2376 0.4626, 0.3657 0.2376 0.4626, -0.0811 0.2959 0.4626, -0.5125 0.2959 0.4626, -0.5125 0.2579 0.4626, 0.4166 0.199 0.4626, 0.4166 0.2186 0.4626, 0.415 0.2186 0.4626, 0.2765 0.2177 0.4626, 0.2793 0.2152 0.4626, 0.2858 0.2186 0.4626, 0.3874 0.1989 0.4626, 0.3868 0.1991 0.4626, 0.3868 0.1988 0.4626, 0.3922 0.1988 0.4626, 0.3917 0.1988 0.4626, 0.3972 0.1988 0.4626, 0.4135 0.2152 0.4626, 0.407 0.1988 0.4626, 0.415 0.1988 0.4626, 0.368 0.2398 0.4626, 0.3676 0.2407 0.4626, 0.3676 0.2281 0.4626, 0.4392 0.2412 0.4626, 0.4309 0.2412 0.4626, 0.4416 0.235 0.4626, 0.4309 0.2281 0.4626, 0.4361 0.2577 0.4626, 0.4448 0.235 0.4626, 0.5125 0.2281 0.4626, 0.5125 0.2579 0.4626, 0.4309 0.2579 0.4626, 0.433 0.2577 0.4626, 0.4309 0.2521 0.4626, 0.4244 0.235 0.4626, 0.4237 0.2281 0.4626, 0.4276 0.235 0.4626, 0.4298 0.2412 0.4626, 0.3566 0.2092 0.4626, 0.3566 0.2015 0.4626, 0.3647 0.2092 0.4626, 0.3659 0.2015 0.4626, 0.3566 0.2186 0.4626, 0.3566 0.2118 0.4626, 0.3663 0.2186 0.4626, 0.3647 0.2118 0.4626, 0.3663 0.1988 0.4626, 0.3659 0.199 0.4626, 0.3537 0.199 0.4626, 0.4614 0.2217 0.4626, 0.4646 0.2217 0.4626, 0.4331 0.2217 0.4626, 0.4395 0.2217 0.4626, 0.443 0.2213 0.4626, 0.47 0.199 0.4626, 0.4677 0.2052 0.4626, 0.4582 0.2052 0.4626, 0.456 0.199 0.4626, 0.4528 0.199 0.4626, 0.4309 0.1988 0.4626, 0.4503 0.2159 0.4626, 0.4512 0.2137 0.4626, 0.4603 0.2186 0.4626, 0.4489 0.2179 0.4626, 0.4732 0.199 0.4626, 0.5125 0.1988 0.4626, 0.4657 0.2186 0.4626, 0.5125 0.2186 0.4626, 0.4457 0.2203 0.4626, 0.4481 0.2187 0.4626, 0.4482 0.2186 0.4626, 0.4331 0.2186 0.4626, 0.4309 0.2186 0.4626, 0.4331 0.199 0.4626, 0.4393 0.199 0.4626, 0.4431 0.1994 0.4626, 0.4496 0.2039 0.4626, 0.4481 0.2021 0.4626, 0.4457 0.2004 0.4626, 0.4515 0.2106 0.4626, 0.4514 0.2088 0.4626, 0.4508 0.2062 0.4626, 0.3868 0.2579 0.4626, 0.3805 0.2579 0.4626, 0.3816 0.2577 0.4626, 0.3836 0.2571 0.4626, 0.3836 0.2541 0.4626, 0.3868 0.2281 0.4626, 0.3733 0.2352 0.4626, 0.3712 0.2363 0.4626, 0.3719 0.2396 0.4626, 0.3724 0.2391 0.4626, 0.3777 0.2372 0.4626, 0.3791 0.2373 0.4626, 0.3708 0.2411 0.4626, 0.374 0.238 0.4626, 0.3756 0.2374 0.4626, 0.3816 0.2378 0.4626, 0.3836 0.2387 0.4626, 0.3836 0.2359 0.4626, 0.3832 0.2357 0.4626, 0.3695 0.2377 0.4626, 0.3693 0.2379 0.4626, 0.3782 0.2554 0.4626, 0.3773 0.2554 0.4626, 0.3721 0.2529 0.4626, 0.3754 0.255 0.4626, 0.3736 0.2541 0.4626, 0.3719 0.2527 0.4626, 0.3708 0.2511 0.4626, 0.3833 0.2542 0.4626, 0.37 0.2491 0.4626, 0.3697 0.2461 0.4626, 0.3697 0.2452 0.4626, 0.3701 0.243 0.4626, 0.381 0.2551 0.4626, 0.3808 0.2349 0.4626, 0.3773 0.2346 0.4626, 0.3757 0.2347 0.4626, 0.3787 0.258 0.4626, 0.3868 0.2959 0.4626, 0.3782 0.258 0.4626, 0.3676 0.2959 0.4626, 0.3766 0.2579 0.4626, 0.3726 0.2567 0.4626, 0.375 0.2577 0.4626, 0.3676 0.2579 0.4626, 0.3684 0.2529 0.4626, 0.3699 0.2547 0.4626, 0.3704 0.2552 0.4626, 0.3663 0.2579 0.4626, 0.3673 0.2504 0.4626, 0.3676 0.2511 0.4626, 0.367 0.2422 0.4626, 0.3663 0.2281 0.4626, 0.3666 0.2459 0.4626, 0.3667 0.2476 0.4626, 0.4053 0.203 0.4626, 0.4057 0.2017 0.4626, 0.4058 0.2017 0.4626, 0.4025 0.2186 0.4626, 0.4105 0.2152 0.4626, 0.4025 0.2112 0.4626, 0.4061 0.203 0.4626, 0.4059 0.2022 0.4626, 0.4025 0.2036 0.4626, 0.3979 0.2152 0.4626, 0.4042 0.1988 0.4626, 0.4043 0.199 0.4626, 0.4025 0.1988 0.4626, 0.403 0.196 0.4626, 0.4025 0.195 0.4626, 0.3985 0.1941 0.4626, 0.4025 0.0052 0.4626, 0.4015 0.1915 0.4626, 0.4004 0.1913 0.4626, 0.3991 0.1939 0.4626, 0.4001 0.1938 0.4626, 0.4008 0.1938 0.4626, 0.3972 0.0052 0.4626, 0.3997 0.1913 0.4626, 0.3985 0.1916 0.4626, 0.4014 0.1941 0.4626, 0.402 0.1944 0.4626, 0.4061 0.1965 0.4626, 0.4049 0.194 0.4626, 0.415 0.0052 0.4626, 0.4038 0.1928 0.4626, 0.4036 0.1926 0.4626, 0.4026 0.1919 0.4626, 0.4025 0.1918 0.4626, 0.3972 0.2186 0.4626, 0.3957 0.2148 0.4626, 0.3957 0.2121 0.4626, 0.3955 0.206 0.4626, 0.396 0.2053 0.4626, 0.396 0.2013 0.4626, 0.3954 0.2006 0.4626, 0.3881 0.2147 0.4626, 0.3868 0.2186 0.4626, 0.3873 0.2143 0.4626, 0.3868 0.2138 0.4626, 0.3963 0.2044 0.4626, 0.3965 0.2034 0.4626, 0.3963 0.2022 0.4626, 0.3897 0.2153 0.4626, 0.3918 0.2155 0.4626, 0.3937 0.2154 0.4626, 0.4011 0.2152 0.4626, 0.3946 0.1999 0.4626, 0.3938 0.1994 0.4626, 0.3916 0.2132 0.4626, 0.3907 0.2132 0.4626, 0.3885 0.2111 0.4626, 0.39 0.213 0.4626, 0.3893 0.2126 0.4626, 0.3885 0.2107 0.4626, 0.3886 0.2102 0.4626, 0.3888 0.2098 0.4626, 0.3891 0.2095 0.4626, 0.3901 0.2089 0.4626, 0.3935 0.213 0.4626, 0.3918 0.2081 0.4626, 0.3951 0.2124 0.4626, 0.3929 0.2077 0.4626, 0.3948 0.2067 0.4626, 0.3889 0.2122 0.4626, 0.3886 0.2119 0.4626, 0.3885 0.2115 0.4626, 0.3702 0.2113 0.4626, 0.3702 0.214 0.4626, 0.3676 0.2186 0.4626, 0.3855 0.2025 0.4626, 0.3817 0.2094 0.4626, 0.3855 0.1995 0.4626, 0.3817 0.199 0.4626, 0.3774 0.1998 0.4626, 0.3764 0.1992 0.4626, 0.3788 0.199 0.4626, 0.3753 0.1988 0.4626, 0.3676 0.0052 0.4626, 0.3721 0.1988 0.4626, 0.3676 0.1988 0.4626, 0.3721 0.1988 0.4626, 0.371 0.1992 0.4626, 0.3865 0.2135 0.4626, 0.386 0.2127 0.4626, 0.3698 0.2067 0.4626, 0.3706 0.2074 0.4626, 0.3718 0.208 0.4626, 0.372 0.2124 0.4626, 0.374 0.2086 0.4626, 0.3765 0.2131 0.4626, 0.3755 0.2132 0.4626, 0.3738 0.213 0.4626, 0.37 0.1999 0.4626, 0.3697 0.2002 0.4626, 0.3691 0.201 0.4626, 0.3788 0.2015 0.4626, 0.3787 0.2015 0.4626, 0.3783 0.2008 0.4626, 0.3688 0.202 0.4626, 0.3686 0.2033 0.4626, 0.3688 0.2048 0.4626, 0.3692 0.2058 0.4626, 0.3856 0.2118 0.4626, 0.3804 0.2138 0.4626, 0.3865 0.2018 0.4626, 0.3868 0.2017 0.4626, 0.3868 0.2077 0.4626, 0.3814 0.2116 0.4626, 0.3856 0.2097 0.4626, 0.3788 0.2093 0.4626, 0.3787 0.2105 0.4626, 0.3784 0.2115 0.4626, 0.3781 0.2121 0.4626, 0.381 0.2129 0.4626, 0.3855 0.2108 0.4626, 0.3708 0.2144 0.4626, 0.3729 0.2152 0.4626, 0.3758 0.2155 0.4626, 0.3774 0.2154 0.4626, 0.3786 0.215 0.4626, 0.3796 0.2145 0.4626, 0.3777 0.2126 0.4626, 0.3772 0.2129 0.4626, 0.3868 0.2077 0.4626, 0.3863 0.2082 0.4626, 0.386 0.2088 0.4626, 0.3883 0.2011 0.4626, 0.3898 0.2061 0.4626, 0.3881 0.2069 0.4626, 0.3902 0.2009 0.4626, 0.3903 0.2009 0.4626, 0.3917 0.2053 0.4626, 0.3918 0.2011 0.4626, 0.3935 0.2031 0.4626, 0.3935 0.2034 0.4626, 0.3925 0.2013 0.4626, 0.3928 0.2015 0.4626, 0.3931 0.2018 0.4626, 0.3933 0.2021 0.4626, 0.3935 0.2025 0.4626, 0.3934 0.2039 0.4626, 0.3932 0.2043 0.4626, 0.3928 0.2046 0.4626, 0.3882 0.1988 0.4626, 0.3868 0.0052 0.4626, 0.3899 0.1986 0.4626, 0.3752 0.1987 0.4626, 0.3738 0.1986 0.4626, 0.3035 0.26 0.4626, 0.3068 0.2579 0.4626, 0.3444 0.2579 0.4626, 0.3104 0.2554 0.4626, 0.3158 0.2491 0.4626, 0.3247 0.24 0.4626, 0.3291 0.2363 0.4626, 0.3324 0.2317 0.4626, 0.3444 0.2281 0.4626, 0.3191 0.2426 0.4626, 0.3199 0.2423 0.4626, 0.2885 0.2638 0.4626, 0.2955 0.263 0.4626, 0.3444 0.2959 0.4626, 0.2806 0.2628 0.4626, 0.2731 0.2599 0.4626, 0.2698 0.2579 0.4626, -0.0811 0.2579 0.4626, 0.2691 0.2575 0.4626, 0.2359 0.238 0.4626, 0.2397 0.2429 0.4626, 0.2519 0.2499 0.4626, 0.2583 0.2507 0.4626, 0.2653 0.2542 0.4626, 0.2602 0.2506 0.4626, 0.262 0.2504 0.4626, 0.2408 0.244 0.4626, 0.246 0.2476 0.4626, -0.0811 0.2281 0.4626, -0.0811 0.2186 0.4626, 0.2322 0.2245 0.4626, 0.2322 0.2261 0.4626, 0.2326 0.2281 0.4626, 0.2333 0.2321 0.4626, 0.244 0.2027 0.4626, 0.2389 0.2069 0.4626, -0.0811 0.1988 0.4626, 0.2498 0.1998 0.4626, 0.2353 0.2122 0.4626, 0.2329 0.2182 0.4626, 0.2329 0.2186 0.4626, 0.2518 0.1992 0.4626, 0.252 0.1988 0.4626, 0.2535 0.1957 0.4626, -0.0811 0.0052 0.4626, 0.2559 0.1928 0.4626, 0.3444 0.1988 0.4626, 0.2823 0.1988 0.4626, 0.3444 0.0052 0.4626, 0.2823 0.1987 0.4626, 0.2804 0.1951 0.4626, 0.2711 0.1887 0.4626, 0.2672 0.1882 0.4626, 0.2779 0.1923 0.4626, 0.2747 0.1901 0.4626, 0.2666 0.1882 0.4626, 0.2627 0.1888 0.4626, 0.259 0.1904 0.4626, 0.3444 0.2186 0.4626, 0.3347 0.2186 0.4626, 0.3344 0.2157 0.4626, 0.3029 0.2083 0.4626, 0.304 0.2087 0.4626, 0.3059 0.2179 0.4626, 0.3291 0.2061 0.4626, 0.3248 0.2024 0.4626, 0.3019 0.2076 0.4626, 0.3053 0.2089 0.4626, 0.3054 0.2089 0.4626, 0.3059 0.2088 0.4626, 0.3323 0.2106 0.4626, 0.3003 0.2039 0.4626, 0.3003 0.2045 0.4626, 0.2833 0.206 0.4626, 0.3006 0.2057 0.4626, 0.3012 0.2068 0.4626, 0.3218 0.2128 0.4626, 0.3236 0.2153 0.4626, 0.304 0.199 0.4626, 0.303 0.1994 0.4626, 0.3019 0.2002 0.4626, 0.3015 0.2006 0.4626, 0.3008 0.2016 0.4626, 0.3004 0.2027 0.4626, 0.2832 0.2027 0.4626, 0.2833 0.2044 0.4626, 0.3198 0.2 0.4626, 0.3145 0.1989 0.4626, 0.3049 0.1989 0.4626, 0.3062 0.2087 0.4626, 0.3135 0.2087 0.4626, 0.3164 0.2093 0.4626, 0.3192 0.2106 0.4626, 0.3216 0.2126 0.4626, 0.3247 0.2182 0.4626, 0.3248 0.2186 0.4626, 0.3055 0.2186 0.4626, 0.3251 0.2213 0.4626, 0.2598 0.2188 0.4626, 0.2633 0.2202 0.4626, 0.2427 0.2281 0.4626, 0.325 0.2227 0.4626, 0.3243 0.2258 0.4626, 0.3009 0.2265 0.4626, 0.2672 0.2207 0.4626, 0.323 0.2281 0.4626, 0.2436 0.2186 0.4626, 0.2594 0.2186 0.4626, 0.2425 0.2224 0.4626, 0.2423 0.2249 0.4626, 0.2691 0.2205 0.4626, 0.273 0.2196 0.4626, 0.2749 0.2186 0.4626, 0.2437 0.2184 0.4626, 0.2538 0.2135 0.4626, 0.2565 0.2165 0.4626, 0.2456 0.2152 0.4626, 0.2485 0.2122 0.4626, 0.252 0.21 0.4626, 0.3077 0.2436 0.4626, 0.3041 0.248 0.4626, 0.267 0.2386 0.4626, 0.3037 0.2483 0.4626, 0.2992 0.2515 0.4626, 0.2695 0.2437 0.4626, 0.2659 0.2392 0.4626, 0.2623 0.2405 0.4626, 0.3228 0.2286 0.4626, 0.3209 0.2307 0.4626, 0.3125 0.2339 0.4626, 0.3184 0.2324 0.4626, 0.3156 0.2335 0.4626, 0.3112 0.2339 0.4626, 0.3102 0.2384 0.4626, 0.2528 0.24 0.4626, 0.2492 0.2381 0.4626, 0.2568 0.2409 0.4626, 0.2464 0.2356 0.4626, 0.2442 0.2324 0.4626, 0.2731 0.248 0.4626, 0.2941 0.2534 0.4626, 0.2774 0.2512 0.4626, 0.2886 0.2541 0.4626, 0.2827 0.2533 0.4626, 0.2585 0.241 0.4626, 0.2428 0.2288 0.4626, 0.3338 0.2281 0.4626, 0.3344 0.2267 0.4626, 0.3351 0.2215 0.4626, 0.415 0.2579 0.4626, 0.415 0.2571 0.4626, 0.4237 0.2579 0.4626, 0.4173 0.2563 0.4626, 0.4219 0.2519 0.4626, 0.4227 0.2497 0.4626, 0.4231 0.2466 0.4626, 0.423 0.2448 0.4626, 0.4224 0.2422 0.4626, 0.4212 0.2399 0.4626, 0.4197 0.2547 0.4626, 0.4205 0.2539 0.4626, 0.415 0.2356 0.4626, 0.415 0.2281 0.4626, 0.4173 0.2364 0.4626, 0.4197 0.2381 0.4626, 0.4025 0.2579 0.4626, 0.4111 0.2577 0.4626, 0.4146 0.2573 0.4626, 0.4147 0.2354 0.4626, 0.4109 0.235 0.4626, 0.4025 0.2281 0.4626, 0.4046 0.235 0.4626, 0.4046 0.2577 0.4626, 0.4195 0.2092 0.4626, 0.4195 0.2015 0.4626, 0.4237 0.2092 0.4626, 0.4237 0.2015 0.4626, 0.4276 0.2092 0.4626, 0.4288 0.2015 0.4626, 0.4288 0.199 0.4626, 0.4237 0.1988 0.4626, 0.4195 0.2186 0.4626, 0.4195 0.2118 0.4626, 0.4237 0.2186 0.4626, 0.4237 0.2118 0.4626, 0.4276 0.2118 0.4626, 0.4195 0.219 0.4626, 0.4237 0.219 0.4626, 0.4282 0.219 0.4626, 0.4282 0.2217 0.4626, 0.4237 0.2217 0.4626, 0.4166 0.2217 0.4626, 0.4237 0.199 0.4626, 0.3998 0.2577 0.4626, 0.3972 0.2579 0.4626, 0.3911 0.2551 0.4626, 0.3911 0.2478 0.4626, 0.3972 0.2551 0.4626, 0.3972 0.2478 0.4626, 0.3998 0.2551 0.4626, 0.3992 0.2478 0.4626, 0.4003 0.2376 0.4626, 0.3992 0.2452 0.4626, 0.3972 0.2376 0.4626, 0.3972 0.2452 0.4626, 0.3911 0.2376 0.4626, 0.3911 0.2452 0.4626, 0.4003 0.235 0.4626, 0.3972 0.2281 0.4626, 0.3972 0.235 0.4626, 0.3881 0.235 0.4626, 0.3881 0.2577 0.4626, 0.3972 0.2577 0.4626, 0.3972 0.2959 0.4626, 0.4025 0.2959 0.4626, 0.415 0.2959 0.4626, 0.4237 0.2959 0.4626, 0.4309 0.2959 0.4626, 0.5125 0.2959 0.4626, 0.3663 0.2959 0.4626, 0.3537 0.235 0.4626, 0.3537 0.2577 0.4626, 0.3657 0.235 0.4626, 0.4237 0.0052 0.4626, 0.4309 0.0052 0.4626, 0.5125 0.0052 0.4626, 0.3663 0.0052 0.4626, 0.3566 0.219 0.4626, 0.3654 0.219 0.4626, 0.3654 0.2217 0.4626, 0.3537 0.2217 0.4626, 0.3537 0.2186 0.4626, -0.5125 0.2281 0.4626, -0.5125 0.2186 0.4626, -0.5125 0.1988 0.4626, -0.5125 0.0052 0.4626, -0.0811 -0.2959 0.4626, 0.3444 -0.2959 0.4626, 0.3663 -0.2959 0.4626, 0.3676 -0.2959 0.4626, 0.3868 -0.2959 0.4626, 0.3972 -0.2959 0.4626, 0.4025 -0.2959 0.4626, 0.415 -0.2959 0.4626, 0.4237 -0.2959 0.4626, 0.4309 -0.2959 0.4626, 0.5125 -0.2959 0.4626, -0.3957 -0.2274 0.4626, -0.3996 -0.2369 0.4626, -0.4059 -0.245 0.4626, -0.4059 -0.1894 0.4626, -0.3996 -0.1975 0.4626, -0.3957 -0.207 0.4626, -0.3944 -0.2172 0.4626, -0.4439 -0.2552 0.4626, -0.4534 -0.2513 0.4626, -0.5125 -0.2959 0.4626, -0.4616 -0.245 0.4626, -0.4678 -0.2369 0.4626, -0.4718 -0.2274 0.4626, -0.4731 -0.2172 0.4626, -0.4718 -0.207 0.4626, -0.4678 -0.1975 0.4626, -0.4616 -0.1894 0.4626, -0.4534 -0.1831 0.4626, -0.4439 -0.1792 0.4626, -0.4337 -0.1778 0.4626, -0.4235 -0.1792 0.4626, -0.4141 -0.1831 0.4626, -0.4141 -0.2513 0.4626, -0.4235 -0.2552 0.4626, -0.4337 -0.2566 0.4626, -0.5355 0.2994 0.0475, -0.5355 -0.2994 0.0475, -0.5512 0.315 0.2264, -0.5512 -0.315 0.2264, 0.4528 0.3346 0.2264, 0.5316 0.3346 0.2264, 0.5159 0.319 0.0475, -0.5316 0.3346 0.2264, -0.4528 0.3346 0.2264, -0.5159 0.319 0.0475, -0.2953 0.3346 0.2264, 0.2953 0.3346 0.2264, 0.5355 -0.2994 0.0475, 0.5355 0.2994 0.0475, 0.5512 -0.315 0.2264, 0.5512 0.315 0.2264, 0.5159 -0.319 0.0475, 0.5316 -0.3346 0.2264, 0.4528 -0.3346 0.2264, 0.2953 -0.3346 0.2264, 0.0787 -0.3346 0.2264, -0.5159 -0.319 0.0475, -0.0787 -0.3346 0.2264, -0.2953 -0.3346 0.2264, -0.4528 -0.3346 0.2264, -0.5316 -0.3346 0.2264, 0.3346 0.1535 0.0295, 0.2402 0.2165 0.0295, 0.5159 0.2994 0.0295, -0.2402 0.2165 0.0295, -0.5159 0.2994 0.0295, -0.3346 0.1535 0.0295, -0.5159 -0.2994 0.0295, -0.3346 -0.1673 0.0295, 0.5159 -0.2994 0.0295, 0.3346 -0.1673 0.0295, -0.5321 0.2959 0.4446, -0.5321 -0.2959 0.4446, -0.5125 -0.3156 0.4446, -0.2953 -0.3295 0.2854, -0.0787 -0.3295 0.2854, -0.4528 -0.3295 0.2854, 0.5125 -0.3156 0.4446, 0.0787 -0.3295 0.2854, 0.4528 -0.3295 0.2854, 0.2953 -0.3295 0.2854, 0.5321 -0.2959 0.4446, 0.5321 0.2959 0.4446, 0.5125 0.3156 0.4446, 0.4528 0.3295 0.2854, 0.2953 0.3295 0.2854, -0.5125 0.3156 0.4446, -0.4528 0.3295 0.2854, -0.2953 0.3295 0.2854]} coordIndex [0,1,2,-1,3,4,5,-1,6,7,8,-1,9,10,11,-1,12,13,14,-1,15,16,17,-1,18,19,20,-1,21,22,23,-1,24,25,26,-1,26,25,27,-1,28,29,30,-1,30,31,28,-1,28,31,32,-1,28,32,33,-1,33,32,34,-1,35,36,37,-1,37,36,27,-1,37,27,38,-1,38,27,25,-1,39,40,41,-1,41,40,42,-1,43,44,45,-1,45,44,46,-1,46,41,45,-1,45,41,42,-1,45,42,47,-1,47,42,48,-1,47,48,49,-1,27,50,51,-1,52,53,27,-1,27,53,54,-1,27,54,50,-1,55,56,57,-1,58,59,60,-1,61,62,63,-1,61,63,64,-1,57,58,55,-1,55,58,60,-1,55,60,65,-1,65,60,66,-1,65,66,67,-1,67,66,68,-1,67,68,51,-1,51,68,30,-1,51,30,27,-1,27,30,29,-1,27,29,26,-1,54,69,50,-1,50,69,70,-1,50,70,63,-1,63,70,71,-1,63,71,64,-1,52,27,72,-1,72,27,73,-1,72,73,74,-1,74,73,60,-1,74,60,75,-1,75,60,59,-1,75,59,76,-1,77,78,59,-1,59,78,79,-1,59,79,76,-1,62,80,63,-1,63,80,81,-1,63,81,59,-1,59,81,82,-1,59,82,77,-1,83,84,85,-1,85,86,83,-1,83,86,87,-1,83,87,88,-1,89,90,23,-1,91,92,87,-1,87,93,94,-1,91,87,95,-1,92,96,87,-1,87,96,97,-1,87,97,93,-1,94,98,87,-1,87,98,99,-1,87,99,88,-1,88,99,100,-1,88,100,101,-1,90,102,23,-1,23,102,103,-1,23,103,21,-1,104,105,106,-1,106,105,107,-1,106,107,108,-1,109,110,111,-1,111,110,112,-1,112,113,111,-1,111,113,114,-1,111,114,87,-1,87,114,115,-1,87,115,95,-1,109,111,106,-1,106,111,116,-1,106,116,104,-1,101,117,88,-1,88,117,118,-1,88,118,23,-1,23,118,119,-1,23,119,89,-1,120,121,122,-1,122,121,123,-1,122,123,124,-1,125,126,127,-1,128,129,127,-1,127,129,130,-1,127,130,125,-1,131,132,127,-1,127,132,133,-1,127,133,128,-1,22,134,135,-1,135,134,136,-1,135,136,131,-1,131,136,137,-1,131,137,132,-1,138,139,140,-1,8,141,142,-1,142,141,143,-1,142,143,144,-1,144,143,138,-1,144,138,145,-1,145,138,140,-1,146,147,17,-1,148,149,146,-1,148,150,151,-1,151,150,152,-1,148,146,150,-1,150,146,17,-1,150,17,153,-1,154,155,156,-1,153,157,150,-1,150,157,158,-1,150,158,159,-1,154,156,160,-1,160,156,161,-1,160,161,162,-1,159,163,150,-1,150,163,164,-1,150,164,152,-1,165,166,167,-1,167,166,168,-1,168,169,167,-1,167,169,170,-1,167,170,154,-1,154,170,171,-1,154,171,155,-1,172,173,174,-1,175,176,174,-1,17,177,178,-1,179,180,181,-1,181,180,182,-1,183,184,17,-1,17,184,185,-1,17,185,177,-1,179,186,180,-1,180,186,187,-1,180,187,172,-1,172,187,188,-1,172,188,173,-1,176,183,174,-1,174,183,17,-1,174,17,172,-1,172,17,147,-1,172,147,141,-1,141,147,189,-1,141,189,143,-1,178,190,17,-1,17,190,191,-1,17,191,15,-1,192,193,194,-1,194,193,195,-1,194,195,196,-1,194,197,192,-1,192,197,198,-1,192,198,199,-1,199,200,192,-1,192,200,201,-1,192,201,202,-1,202,201,203,-1,202,203,204,-1,204,203,205,-1,204,205,174,-1,174,205,206,-1,174,206,175,-1,207,208,196,-1,196,208,209,-1,196,209,194,-1,210,211,212,-1,213,214,215,-1,215,214,216,-1,215,216,13,-1,217,218,219,-1,219,218,220,-1,219,220,216,-1,221,222,223,-1,223,222,224,-1,223,224,225,-1,182,180,226,-1,226,180,212,-1,226,212,227,-1,228,229,210,-1,210,229,230,-1,210,230,231,-1,231,230,232,-1,233,234,232,-1,232,234,235,-1,232,235,231,-1,225,236,223,-1,223,236,237,-1,223,237,238,-1,239,240,219,-1,219,240,241,-1,219,241,217,-1,238,242,223,-1,223,242,243,-1,223,243,212,-1,212,243,244,-1,212,244,210,-1,210,244,245,-1,210,245,228,-1,246,227,247,-1,248,249,250,-1,251,214,252,-1,253,254,232,-1,232,254,255,-1,232,255,256,-1,247,257,246,-1,246,257,251,-1,246,251,258,-1,258,251,252,-1,211,259,212,-1,212,259,260,-1,212,260,261,-1,248,250,213,-1,261,262,212,-1,212,262,263,-1,212,263,227,-1,227,263,264,-1,227,264,247,-1,256,265,232,-1,232,265,266,-1,232,266,233,-1,250,267,213,-1,213,267,268,-1,213,268,214,-1,214,268,269,-1,214,269,252,-1,270,271,249,-1,249,271,272,-1,249,272,250,-1,270,273,271,-1,271,273,274,-1,271,274,275,-1,275,274,276,-1,275,277,278,-1,276,279,275,-1,275,279,280,-1,275,280,281,-1,281,282,275,-1,275,282,283,-1,275,283,277,-1,278,284,275,-1,275,284,285,-1,275,285,286,-1,12,14,287,-1,287,14,288,-1,287,288,289,-1,289,288,16,-1,16,288,160,-1,16,160,17,-1,17,160,162,-1,17,162,153,-1,13,216,14,-1,14,216,220,-1,14,220,288,-1,288,220,290,-1,288,290,221,-1,221,290,291,-1,221,291,222,-1,292,293,294,-1,294,293,295,-1,294,295,296,-1,297,298,294,-1,294,298,299,-1,294,299,300,-1,296,301,294,-1,294,301,302,-1,294,302,297,-1,303,304,305,-1,303,305,306,-1,306,305,3,-1,306,3,307,-1,307,3,308,-1,308,3,309,-1,308,309,310,-1,309,311,312,-1,309,313,310,-1,310,313,314,-1,310,314,315,-1,315,314,316,-1,315,316,317,-1,312,318,309,-1,309,318,319,-1,309,319,313,-1,320,321,322,-1,322,323,320,-1,320,323,324,-1,320,324,309,-1,309,324,325,-1,309,325,311,-1,326,327,328,-1,326,328,329,-1,327,330,328,-1,328,330,331,-1,328,331,321,-1,321,331,332,-1,321,332,322,-1,333,329,334,-1,334,329,328,-1,334,328,335,-1,335,328,336,-1,335,336,337,-1,338,339,340,-1,340,339,341,-1,340,341,342,-1,340,343,344,-1,342,345,340,-1,340,345,346,-1,340,346,343,-1,344,347,340,-1,340,347,348,-1,340,348,336,-1,336,348,349,-1,336,349,337,-1,350,351,352,-1,353,354,355,-1,356,357,338,-1,353,355,358,-1,354,359,355,-1,355,359,360,-1,355,360,361,-1,350,352,338,-1,338,352,362,-1,338,362,356,-1,363,364,365,-1,365,364,366,-1,365,366,355,-1,355,366,367,-1,355,367,358,-1,355,368,369,-1,370,371,339,-1,339,371,372,-1,339,372,373,-1,373,374,339,-1,339,374,375,-1,339,375,376,-1,376,375,363,-1,376,363,377,-1,377,363,365,-1,357,378,338,-1,338,378,379,-1,338,379,339,-1,339,379,380,-1,339,380,370,-1,361,381,355,-1,355,381,382,-1,355,382,383,-1,383,384,355,-1,355,384,385,-1,355,385,368,-1,369,386,355,-1,355,386,387,-1,355,387,388,-1,388,387,389,-1,390,391,392,-1,389,393,388,-1,388,393,394,-1,388,394,395,-1,391,396,392,-1,392,396,395,-1,392,395,397,-1,397,395,394,-1,398,399,400,-1,400,399,390,-1,400,390,401,-1,401,390,392,-1,396,402,395,-1,395,402,403,-1,395,403,11,-1,11,403,404,-1,11,404,9,-1,405,406,398,-1,398,406,407,-1,398,407,399,-1,405,408,406,-1,406,408,409,-1,406,409,410,-1,411,412,413,-1,412,414,413,-1,413,414,415,-1,413,415,416,-1,397,413,392,-1,392,413,417,-1,392,417,418,-1,419,420,421,-1,421,420,422,-1,421,422,423,-1,419,421,397,-1,397,421,424,-1,397,424,413,-1,413,424,425,-1,413,425,411,-1,426,427,428,-1,428,427,429,-1,428,429,430,-1,416,415,431,-1,431,415,432,-1,431,432,433,-1,433,432,434,-1,433,434,435,-1,418,436,392,-1,392,436,428,-1,392,428,437,-1,437,428,430,-1,299,438,300,-1,300,438,439,-1,300,439,350,-1,350,439,440,-1,350,440,351,-1,441,442,443,-1,443,442,444,-1,445,446,443,-1,443,446,447,-1,448,449,36,-1,36,449,450,-1,444,451,443,-1,443,451,452,-1,443,452,445,-1,453,454,455,-1,455,454,36,-1,455,36,456,-1,456,36,450,-1,34,32,35,-1,35,32,443,-1,35,443,36,-1,36,443,447,-1,36,447,448,-1,457,458,441,-1,441,458,459,-1,441,459,442,-1,453,460,454,-1,454,460,461,-1,454,461,462,-1,462,461,463,-1,462,463,457,-1,457,463,464,-1,457,464,458,-1,465,466,467,-1,467,466,468,-1,467,468,469,-1,469,468,470,-1,469,470,73,-1,73,470,60,-1,60,470,471,-1,60,471,472,-1,473,474,475,-1,475,474,476,-1,475,476,73,-1,73,476,477,-1,73,477,469,-1,478,473,479,-1,479,473,475,-1,479,475,480,-1,480,475,73,-1,480,73,481,-1,481,73,27,-1,481,27,482,-1,482,27,36,-1,482,36,483,-1,483,36,454,-1,471,484,472,-1,472,484,6,-1,472,6,20,-1,20,6,8,-1,20,8,18,-1,18,8,142,-1,485,457,486,-1,487,488,489,-1,489,488,490,-1,489,490,491,-1,491,490,492,-1,491,492,493,-1,493,492,494,-1,493,494,495,-1,495,494,496,-1,495,496,497,-1,497,496,498,-1,485,491,457,-1,457,491,493,-1,457,493,462,-1,462,493,499,-1,462,499,500,-1,500,499,501,-1,500,501,88,-1,88,501,502,-1,88,502,83,-1,83,502,503,-1,83,503,486,-1,486,503,504,-1,486,504,485,-1,120,84,121,-1,121,84,83,-1,121,83,505,-1,505,83,486,-1,505,486,506,-1,506,486,457,-1,506,457,507,-1,507,457,441,-1,507,441,508,-1,508,441,443,-1,508,443,509,-1,509,443,32,-1,509,32,510,-1,510,32,31,-1,304,292,305,-1,305,292,294,-1,305,294,511,-1,511,294,131,-1,511,131,123,-1,123,131,127,-1,123,127,124,-1,124,127,126,-1,512,513,294,-1,294,513,0,-1,294,0,131,-1,131,0,2,-1,131,2,135,-1,135,2,514,-1,135,514,300,-1,300,514,512,-1,300,512,294,-1,23,212,88,-1,88,212,180,-1,88,180,500,-1,500,180,172,-1,500,172,462,-1,462,172,141,-1,462,141,454,-1,454,141,8,-1,454,8,483,-1,483,8,7,-1,19,165,20,-1,20,165,167,-1,20,167,472,-1,472,167,515,-1,472,515,60,-1,60,515,516,-1,60,516,66,-1,66,516,517,-1,22,135,23,-1,23,135,45,-1,23,45,212,-1,212,45,47,-1,212,47,223,-1,223,47,518,-1,223,518,221,-1,519,43,520,-1,520,43,45,-1,520,45,521,-1,521,45,135,-1,521,135,522,-1,522,135,300,-1,522,300,523,-1,523,300,350,-1,523,350,49,-1,49,350,338,-1,49,338,47,-1,47,338,340,-1,47,340,518,-1,3,5,309,-1,309,5,524,-1,309,524,320,-1,320,524,525,-1,320,525,321,-1,321,525,526,-1,321,526,328,-1,328,526,527,-1,328,527,336,-1,336,528,340,-1,340,528,529,-1,340,529,518,-1,518,529,530,-1,518,530,221,-1,221,530,531,-1,221,531,288,-1,288,531,532,-1,288,532,160,-1,160,532,533,-1,160,533,154,-1,154,533,534,-1,154,534,167,-1,167,534,535,-1,167,535,515,-1,515,535,536,-1,515,536,516,-1,516,536,537,-1,516,537,517,-1,517,537,538,-1,539,540,528,-1,528,540,541,-1,542,543,336,-1,336,543,544,-1,336,544,528,-1,528,544,545,-1,528,545,539,-1,546,547,548,-1,548,547,549,-1,548,549,550,-1,550,551,548,-1,548,551,552,-1,548,552,527,-1,527,552,553,-1,527,553,554,-1,554,555,527,-1,527,555,556,-1,527,556,557,-1,557,558,527,-1,527,558,559,-1,527,559,336,-1,336,559,560,-1,336,560,542,-1,541,561,528,-1,528,561,562,-1,528,562,548,-1,548,562,563,-1,548,563,546,-1,564,565,566,-1,566,565,567,-1,568,569,570,-1,571,572,573,-1,573,572,574,-1,573,574,570,-1,570,574,575,-1,570,575,568,-1,576,577,578,-1,578,577,579,-1,580,581,582,-1,582,583,580,-1,580,583,584,-1,580,584,585,-1,585,584,586,-1,586,587,585,-1,585,587,588,-1,585,588,589,-1,590,591,592,-1,592,591,593,-1,592,593,594,-1,594,593,595,-1,594,595,596,-1,596,595,597,-1,596,597,598,-1,598,597,599,-1,598,599,592,-1,592,599,590,-1,566,567,600,-1,600,567,601,-1,602,589,588,-1,587,586,603,-1,603,586,604,-1,588,605,602,-1,602,605,603,-1,602,603,606,-1,606,603,604,-1,606,604,607,-1,582,581,608,-1,608,581,606,-1,608,606,609,-1,609,606,607,-1,609,607,583,-1,583,607,584,-1,578,579,610,-1,610,579,611,-1,612,569,568,-1,568,613,612,-1,612,613,614,-1,612,614,615,-1,572,571,616,-1,616,571,615,-1,616,615,617,-1,617,615,614,-1,617,614,574,-1,574,614,575,-1]}}
Shape{appearance Appearance{material Material{diffuseColor 0.6666666666666666 0.6666666666666666 0.6666666666666666 transparency 0.0}}geometry IndexedFaceSet{ccw TRUE solid FALSE coord Coordinate{point [-0.2953 -0.3632 0.2264, -0.4528 -0.3632 0.2264, -0.2953 -0.3346 0.2264, -0.4528 -0.3346 0.2264, -0.4528 -0.3295 0.2854, -0.4528 -0.3632 0.2854, -0.2953 -0.3295 0.2854, -0.2953 -0.3632 0.2854, -0.4528 -0.5512 0.0, -0.4528 -0.5512 0.0591, -0.4528 -0.4724 0.0, -0.4528 -0.4724 0.0591, -0.4528 -0.457 0.0018, -0.4528 -0.4706 0.0593, -0.4528 -0.4424 0.0071, -0.4528 -0.4689 0.0599, -0.4528 -0.4294 0.0157, -0.4528 -0.4674 0.0609, -0.4528 -0.4188 0.027, -0.4528 -0.4661 0.0622, -0.4528 -0.411 0.0404, -0.4528 -0.4652 0.0638, -0.4528 -0.4065 0.0553, -0.4528 -0.4647 0.0656, -0.4528 -0.3787 0.2134, -0.4528 -0.4368 0.2236, -0.4528 -0.3776 0.2169, -0.4528 -0.4318 0.2403, -0.4528 -0.3758 0.22, -0.4528 -0.4232 0.2553, -0.4528 -0.3733 0.2227, -0.4528 -0.4112 0.2679, -0.4528 -0.3702 0.2247, -0.4528 -0.3967 0.2775, -0.4528 -0.3668 0.226, -0.4528 -0.3804 0.2834, -0.2953 -0.5512 0.0591, -0.2953 -0.5512 0.0, -0.2953 -0.4724 0.0591, -0.2953 -0.4724 0.0, -0.2953 -0.4706 0.0593, -0.2953 -0.457 0.0018, -0.2953 -0.4689 0.0599, -0.2953 -0.4424 0.0071, -0.2953 -0.4674 0.0609, -0.2953 -0.4294 0.0157, -0.2953 -0.4661 0.0622, -0.2953 -0.4188 0.027, -0.2953 -0.4652 0.0638, -0.2953 -0.411 0.0404, -0.2953 -0.4647 0.0656, -0.2953 -0.4065 0.0553, -0.2953 -0.4368 0.2236, -0.2953 -0.3787 0.2134, -0.2953 -0.4318 0.2403, -0.2953 -0.3776 0.2169, -0.2953 -0.4232 0.2553, -0.2953 -0.3758 0.22, -0.2953 -0.4112 0.2679, -0.2953 -0.3733 0.2227, -0.2953 -0.3967 0.2775, -0.2953 -0.3702 0.2247, -0.2953 -0.3804 0.2834, -0.2953 -0.3668 0.226, 0.0787 -0.3632 0.2264, -0.0787 -0.3632 0.2264, 0.0787 -0.3346 0.2264, -0.0787 -0.3346 0.2264, -0.0787 -0.3295 0.2854, -0.0787 -0.3632 0.2854, 0.0787 -0.3295 0.2854, 0.0787 -0.3632 0.2854, -0.0787 -0.5512 0.0, -0.0787 -0.5512 0.0591, -0.0787 -0.4724 0.0, -0.0787 -0.4724 0.0591, -0.0787 -0.457 0.0018, -0.0787 -0.4706 0.0593, -0.0787 -0.4424 0.0071, -0.0787 -0.4689 0.0599, -0.0787 -0.4294 0.0157, -0.0787 -0.4674 0.0609, -0.0787 -0.4188 0.027, -0.0787 -0.4661 0.0622, -0.0787 -0.411 0.0404, -0.0787 -0.4652 0.0638, -0.0787 -0.4065 0.0553, -0.0787 -0.4647 0.0656, -0.0787 -0.3787 0.2134, -0.0787 -0.4368 0.2236, -0.0787 -0.3776 0.2169, -0.0787 -0.4318 0.2403, -0.0787 -0.3758 0.22, -0.0787 -0.4232 0.2553, -0.0787 -0.3733 0.2227, -0.0787 -0.4112 0.2679, -0.0787 -0.3702 0.2247, -0.0787 -0.3967 0.2775, -0.0787 -0.3668 0.226, -0.0787 -0.3804 0.2834, 0.0787 -0.5512 0.0591, 0.0787 -0.5512 0.0, 0.0787 -0.4724 0.0591, 0.0787 -0.4724 0.0, 0.0787 -0.4706 0.0593, 0.0787 -0.457 0.0018, 0.0787 -0.4689 0.0599, 0.0787 -0.4424 0.0071, 0.0787 -0.4674 0.0609, 0.0787 -0.4294 0.0157, 0.0787 -0.4661 0.0622, 0.0787 -0.4188 0.027, 0.0787 -0.4652 0.0638, 0.0787 -0.411 0.0404, 0.0787 -0.4647 0.0656, 0.0787 -0.4065 0.0553, 0.0787 -0.4368 0.2236, 0.0787 -0.3787 0.2134, 0.0787 -0.4318 0.2403, 0.0787 -0.3776 0.2169, 0.0787 -0.4232 0.2553, 0.0787 -0.3758 0.22, 0.0787 -0.4112 0.2679, 0.0787 -0.3733 0.2227, 0.0787 -0.3967 0.2775, 0.0787 -0.3702 0.2247, 0.0787 -0.3804 0.2834, 0.0787 -0.3668 0.226, 0.4528 -0.3632 0.2264, 0.2953 -0.3632 0.2264, 0.4528 -0.3346 0.2264, 0.2953 -0.3346 0.2264, 0.2953 -0.3295 0.2854, 0.2953 -0.3632 0.2854, 0.4528 -0.3295 0.2854, 0.4528 -0.3632 0.2854, 0.2953 -0.5512 0.0, 0.2953 -0.5512 0.0591, 0.2953 -0.4724 0.0, 0.2953 -0.4724 0.0591, 0.2953 -0.457 0.0018, 0.2953 -0.4706 0.0593, 0.2953 -0.4424 0.0071, 0.2953 -0.4689 0.0599, 0.2953 -0.4294 0.0157, 0.2953 -0.4674 0.0609, 0.2953 -0.4188 0.027, 0.2953 -0.4661 0.0622, 0.2953 -0.411 0.0404, 0.2953 -0.4652 0.0638, 0.2953 -0.4065 0.0553, 0.2953 -0.4647 0.0656, 0.2953 -0.3787 0.2134, 0.2953 -0.4368 0.2236, 0.2953 -0.3776 0.2169, 0.2953 -0.4318 0.2403, 0.2953 -0.3758 0.22, 0.2953 -0.4232 0.2553, 0.2953 -0.3733 0.2227, 0.2953 -0.4112 0.2679, 0.2953 -0.3702 0.2247, 0.2953 -0.3967 0.2775, 0.2953 -0.3668 0.226, 0.2953 -0.3804 0.2834, 0.4528 -0.5512 0.0591, 0.4528 -0.5512 0.0, 0.4528 -0.4724 0.0591, 0.4528 -0.4724 0.0, 0.4528 -0.4706 0.0593, 0.4528 -0.457 0.0018, 0.4528 -0.4689 0.0599, 0.4528 -0.4424 0.0071, 0.4528 -0.4674 0.0609, 0.4528 -0.4294 0.0157, 0.4528 -0.4661 0.0622, 0.4528 -0.4188 0.027, 0.4528 -0.4652 0.0638, 0.4528 -0.411 0.0404, 0.4528 -0.4647 0.0656, 0.4528 -0.4065 0.0553, 0.4528 -0.4368 0.2236, 0.4528 -0.3787 0.2134, 0.4528 -0.4318 0.2403, 0.4528 -0.3776 0.2169, 0.4528 -0.4232 0.2553, 0.4528 -0.3758 0.22, 0.4528 -0.4112 0.2679, 0.4528 -0.3733 0.2227, 0.4528 -0.3967 0.2775, 0.4528 -0.3702 0.2247, 0.4528 -0.3804 0.2834, 0.4528 -0.3668 0.226, -0.2953 0.3632 0.2854, -0.4528 0.3632 0.2854, -0.2953 0.3295 0.2854, -0.4528 0.3295 0.2854, -0.4528 0.3346 0.2264, -0.4528 0.3632 0.2264, -0.2953 0.3346 0.2264, -0.2953 0.3632 0.2264, -0.4528 0.5512 0.0591, -0.4528 0.5512 0.0, -0.4528 0.4724 0.0591, -0.4528 0.4724 0.0, -0.4528 0.4706 0.0593, -0.4528 0.457 0.0018, -0.4528 0.4689 0.0599, -0.4528 0.4424 0.0071, -0.4528 0.4674 0.0609, -0.4528 0.4294 0.0157, -0.4528 0.4661 0.0622, -0.4528 0.4188 0.027, -0.4528 0.4652 0.0638, -0.4528 0.411 0.0404, -0.4528 0.4647 0.0656, -0.4528 0.4065 0.0553, -0.4528 0.4368 0.2236, -0.4528 0.3787 0.2134, -0.4528 0.4318 0.2403, -0.4528 0.3776 0.2169, -0.4528 0.4232 0.2553, -0.4528 0.3758 0.22, -0.4528 0.4112 0.2679, -0.4528 0.3733 0.2227, -0.4528 0.3967 0.2775, -0.4528 0.3702 0.2247, -0.4528 0.3804 0.2834, -0.4528 0.3668 0.226, -0.2953 0.5512 0.0, -0.2953 0.5512 0.0591, -0.2953 0.4724 0.0, -0.2953 0.4724 0.0591, -0.2953 0.457 0.0018, -0.2953 0.4706 0.0593, -0.2953 0.4424 0.0071, -0.2953 0.4689 0.0599, -0.2953 0.4294 0.0157, -0.2953 0.4674 0.0609, -0.2953 0.4188 0.027, -0.2953 0.4661 0.0622, -0.2953 0.411 0.0404, -0.2953 0.4652 0.0638, -0.2953 0.4065 0.0553, -0.2953 0.4647 0.0656, -0.2953 0.3787 0.2134, -0.2953 0.4368 0.2236, -0.2953 0.3776 0.2169, -0.2953 0.4318 0.2403, -0.2953 0.3758 0.22, -0.2953 0.4232 0.2553, -0.2953 0.3733 0.2227, -0.2953 0.4112 0.2679, -0.2953 0.3702 0.2247, -0.2953 0.3967 0.2775, -0.2953 0.3668 0.226, -0.2953 0.3804 0.2834, 0.4528 0.3632 0.2854, 0.2953 0.3632 0.2854, 0.4528 0.3295 0.2854, 0.2953 0.3295 0.2854, 0.2953 0.3346 0.2264, 0.2953 0.3632 0.2264, 0.4528 0.3346 0.2264, 0.4528 0.3632 0.2264, 0.2953 0.5512 0.0591, 0.2953 0.5512 0.0, 0.2953 0.4724 0.0591, 0.2953 0.4724 0.0, 0.2953 0.4706 0.0593, 0.2953 0.457 0.0018, 0.2953 0.4689 0.0599, 0.2953 0.4424 0.0071, 0.2953 0.4674 0.0609, 0.2953 0.4294 0.0157, 0.2953 0.4661 0.0622, 0.2953 0.4188 0.027, 0.2953 0.4652 0.0638, 0.2953 0.411 0.0404, 0.2953 0.4647 0.0656, 0.2953 0.4065 0.0553, 0.2953 0.4368 0.2236, 0.2953 0.3787 0.2134, 0.2953 0.4318 0.2403, 0.2953 0.3776 0.2169, 0.2953 0.4232 0.2553, 0.2953 0.3758 0.22, 0.2953 0.4112 0.2679, 0.2953 0.3733 0.2227, 0.2953 0.3967 0.2775, 0.2953 0.3702 0.2247, 0.2953 0.3804 0.2834, 0.2953 0.3668 0.226, 0.4528 0.5512 0.0, 0.4528 0.5512 0.0591, 0.4528 0.4724 0.0, 0.4528 0.4724 0.0591, 0.4528 0.457 0.0018, 0.4528 0.4706 0.0593, 0.4528 0.4424 0.0071, 0.4528 0.4689 0.0599, 0.4528 0.4294 0.0157, 0.4528 0.4674 0.0609, 0.4528 0.4188 0.027, 0.4528 0.4661 0.0622, 0.4528 0.411 0.0404, 0.4528 0.4652 0.0638, 0.4528 0.4065 0.0553, 0.4528 0.4647 0.0656, 0.4528 0.3787 0.2134, 0.4528 0.4368 0.2236, 0.4528 0.3776 0.2169, 0.4528 0.4318 0.2403, 0.4528 0.3758 0.22, 0.4528 0.4232 0.2553, 0.4528 0.3733 0.2227, 0.4528 0.4112 0.2679, 0.4528 0.3702 0.2247, 0.4528 0.3967 0.2775, 0.4528 0.3668 0.226, 0.4528 0.3804 0.2834]} coordIndex [0,1,2,-1,2,1,3,-1,4,5,6,-1,6,5,7,-1,8,9,10,-1,10,9,11,-1,10,11,12,-1,12,11,13,-1,12,13,14,-1,14,13,15,-1,14,15,16,-1,16,15,17,-1,16,17,18,-1,18,17,19,-1,18,19,20,-1,20,19,21,-1,20,21,22,-1,22,21,23,-1,22,23,24,-1,24,23,25,-1,24,25,26,-1,26,25,27,-1,26,27,28,-1,28,27,29,-1,28,29,30,-1,30,29,31,-1,30,31,32,-1,32,31,33,-1,32,33,34,-1,34,33,35,-1,34,35,1,-1,1,35,5,-1,1,5,3,-1,3,5,4,-1,36,37,38,-1,38,37,39,-1,38,39,40,-1,40,39,41,-1,40,41,42,-1,42,41,43,-1,42,43,44,-1,44,43,45,-1,44,45,46,-1,46,45,47,-1,46,47,48,-1,48,47,49,-1,48,49,50,-1,50,49,51,-1,50,51,52,-1,52,51,53,-1,52,53,54,-1,54,53,55,-1,54,55,56,-1,56,55,57,-1,56,57,58,-1,58,57,59,-1,58,59,60,-1,60,59,61,-1,60,61,62,-1,62,61,63,-1,62,63,7,-1,7,63,0,-1,7,0,6,-1,6,0,2,-1,1,0,34,-1,34,0,63,-1,34,63,32,-1,32,63,61,-1,32,61,30,-1,30,61,59,-1,30,59,28,-1,28,59,57,-1,28,57,26,-1,26,57,55,-1,26,55,24,-1,24,55,53,-1,22,24,51,-1,51,24,53,-1,22,51,49,-1,22,49,20,-1,20,49,47,-1,20,47,18,-1,18,47,45,-1,18,45,16,-1,16,45,43,-1,16,43,14,-1,14,43,41,-1,14,41,12,-1,12,41,39,-1,12,39,10,-1,8,10,37,-1,37,10,39,-1,9,8,36,-1,36,8,37,-1,11,9,38,-1,38,9,36,-1,11,38,13,-1,13,38,40,-1,13,40,15,-1,15,40,42,-1,15,42,17,-1,17,42,44,-1,17,44,19,-1,19,44,46,-1,19,46,21,-1,21,46,48,-1,21,48,23,-1,23,48,50,-1,25,23,52,-1,52,23,50,-1,25,52,54,-1,25,54,27,-1,27,54,56,-1,27,56,29,-1,29,56,58,-1,29,58,31,-1,31,58,60,-1,31,60,33,-1,33,60,62,-1,33,62,35,-1,35,62,7,-1,35,7,5,-1,64,65,66,-1,66,65,67,-1,68,69,70,-1,70,69,71,-1,72,73,74,-1,74,73,75,-1,74,75,76,-1,76,75,77,-1,76,77,78,-1,78,77,79,-1,78,79,80,-1,80,79,81,-1,80,81,82,-1,82,81,83,-1,82,83,84,-1,84,83,85,-1,84,85,86,-1,86,85,87,-1,86,87,88,-1,88,87,89,-1,88,89,90,-1,90,89,91,-1,90,91,92,-1,92,91,93,-1,92,93,94,-1,94,93,95,-1,94,95,96,-1,96,95,97,-1,96,97,98,-1,98,97,99,-1,98,99,65,-1,65,99,69,-1,65,69,67,-1,67,69,68,-1,100,101,102,-1,102,101,103,-1,102,103,104,-1,104,103,105,-1,104,105,106,-1,106,105,107,-1,106,107,108,-1,108,107,109,-1,108,109,110,-1,110,109,111,-1,110,111,112,-1,112,111,113,-1,112,113,114,-1,114,113,115,-1,114,115,116,-1,116,115,117,-1,116,117,118,-1,118,117,119,-1,118,119,120,-1,120,119,121,-1,120,121,122,-1,122,121,123,-1,122,123,124,-1,124,123,125,-1,124,125,126,-1,126,125,127,-1,126,127,71,-1,71,127,64,-1,71,64,70,-1,70,64,66,-1,65,64,98,-1,98,64,127,-1,98,127,96,-1,96,127,125,-1,96,125,94,-1,94,125,123,-1,94,123,92,-1,92,123,121,-1,92,121,90,-1,90,121,119,-1,90,119,88,-1,88,119,117,-1,86,88,115,-1,115,88,117,-1,86,115,113,-1,86,113,84,-1,84,113,111,-1,84,111,82,-1,82,111,109,-1,82,109,80,-1,80,109,107,-1,80,107,78,-1,78,107,105,-1,78,105,76,-1,76,105,103,-1,76,103,74,-1,72,74,101,-1,101,74,103,-1,73,72,100,-1,100,72,101,-1,75,73,102,-1,102,73,100,-1,75,102,77,-1,77,102,104,-1,77,104,79,-1,79,104,106,-1,79,106,81,-1,81,106,108,-1,81,108,83,-1,83,108,110,-1,83,110,85,-1,85,110,112,-1,85,112,87,-1,87,112,114,-1,89,87,116,-1,116,87,114,-1,89,116,118,-1,89,118,91,-1,91,118,120,-1,91,120,93,-1,93,120,122,-1,93,122,95,-1,95,122,124,-1,95,124,97,-1,97,124,126,-1,97,126,99,-1,99,126,71,-1,99,71,69,-1,128,129,130,-1,130,129,131,-1,132,133,134,-1,134,133,135,-1,136,137,138,-1,138,137,139,-1,138,139,140,-1,140,139,141,-1,140,141,142,-1,142,141,143,-1,142,143,144,-1,144,143,145,-1,144,145,146,-1,146,145,147,-1,146,147,148,-1,148,147,149,-1,148,149,150,-1,150,149,151,-1,150,151,152,-1,152,151,153,-1,152,153,154,-1,154,153,155,-1,154,155,156,-1,156,155,157,-1,156,157,158,-1,158,157,159,-1,158,159,160,-1,160,159,161,-1,160,161,162,-1,162,161,163,-1,162,163,129,-1,129,163,133,-1,129,133,131,-1,131,133,132,-1,164,165,166,-1,166,165,167,-1,166,167,168,-1,168,167,169,-1,168,169,170,-1,170,169,171,-1,170,171,172,-1,172,171,173,-1,172,173,174,-1,174,173,175,-1,174,175,176,-1,176,175,177,-1,176,177,178,-1,178,177,179,-1,178,179,180,-1,180,179,181,-1,180,181,182,-1,182,181,183,-1,182,183,184,-1,184,183,185,-1,184,185,186,-1,186,185,187,-1,186,187,188,-1,188,187,189,-1,188,189,190,-1,190,189,191,-1,190,191,135,-1,135,191,128,-1,135,128,134,-1,134,128,130,-1,129,128,162,-1,162,128,191,-1,162,191,160,-1,160,191,189,-1,160,189,158,-1,158,189,187,-1,158,187,156,-1,156,187,185,-1,156,185,154,-1,154,185,183,-1,154,183,152,-1,152,183,181,-1,150,152,179,-1,179,152,181,-1,150,179,177,-1,150,177,148,-1,148,177,175,-1,148,175,146,-1,146,175,173,-1,146,173,144,-1,144,173,171,-1,144,171,142,-1,142,171,169,-1,142,169,140,-1,140,169,167,-1,140,167,138,-1,136,138,165,-1,165,138,167,-1,137,136,164,-1,164,136,165,-1,139,137,166,-1,166,137,164,-1,139,166,141,-1,141,166,168,-1,141,168,143,-1,143,168,170,-1,143,170,145,-1,145,170,172,-1,145,172,147,-1,147,172,174,-1,147,174,149,-1,149,174,176,-1,149,176,151,-1,151,176,178,-1,153,151,180,-1,180,151,178,-1,153,180,182,-1,153,182,155,-1,155,182,184,-1,155,184,157,-1,157,184,186,-1,157,186,159,-1,159,186,188,-1,159,188,161,-1,161,188,190,-1,161,190,163,-1,163,190,135,-1,163,135,133,-1,192,193,194,-1,194,193,195,-1,196,197,198,-1,198,197,199,-1,200,201,202,-1,202,201,203,-1,202,203,204,-1,204,203,205,-1,204,205,206,-1,206,205,207,-1,206,207,208,-1,208,207,209,-1,208,209,210,-1,210,209,211,-1,210,211,212,-1,212,211,213,-1,212,213,214,-1,214,213,215,-1,214,215,216,-1,216,215,217,-1,216,217,218,-1,218,217,219,-1,218,219,220,-1,220,219,221,-1,220,221,222,-1,222,221,223,-1,222,223,224,-1,224,223,225,-1,224,225,226,-1,226,225,227,-1,226,227,193,-1,193,227,197,-1,193,197,195,-1,195,197,196,-1,228,229,230,-1,230,229,231,-1,230,231,232,-1,232,231,233,-1,232,233,234,-1,234,233,235,-1,234,235,236,-1,236,235,237,-1,236,237,238,-1,238,237,239,-1,238,239,240,-1,240,239,241,-1,240,241,242,-1,242,241,243,-1,242,243,244,-1,244,243,245,-1,244,245,246,-1,246,245,247,-1,246,247,248,-1,248,247,249,-1,248,249,250,-1,250,249,251,-1,250,251,252,-1,252,251,253,-1,252,253,254,-1,254,253,255,-1,254,255,199,-1,199,255,192,-1,199,192,198,-1,198,192,194,-1,193,192,255,-1,193,255,226,-1,226,255,253,-1,226,253,224,-1,224,253,251,-1,224,251,222,-1,222,251,249,-1,222,249,220,-1,220,249,247,-1,220,247,218,-1,218,247,245,-1,218,245,216,-1,214,216,243,-1,243,216,245,-1,214,243,212,-1,212,243,241,-1,212,241,210,-1,210,241,239,-1,210,239,208,-1,208,239,237,-1,208,237,206,-1,206,237,235,-1,206,235,204,-1,204,235,233,-1,204,233,202,-1,202,233,231,-1,200,202,229,-1,229,202,231,-1,201,200,228,-1,228,200,229,-1,203,201,230,-1,230,201,228,-1,203,230,232,-1,203,232,205,-1,205,232,234,-1,205,234,207,-1,207,234,236,-1,207,236,209,-1,209,236,238,-1,209,238,211,-1,211,238,240,-1,211,240,213,-1,213,240,242,-1,213,242,215,-1,217,215,244,-1,244,215,242,-1,217,244,219,-1,219,244,246,-1,219,246,221,-1,221,246,248,-1,221,248,223,-1,223,248,250,-1,223,250,225,-1,225,250,252,-1,225,252,227,-1,227,252,254,-1,227,254,197,-1,197,254,199,-1,256,257,258,-1,258,257,259,-1,260,261,262,-1,262,261,263,-1,264,265,266,-1,266,265,267,-1,266,267,268,-1,268,267,269,-1,268,269,270,-1,270,269,271,-1,270,271,272,-1,272,271,273,-1,272,273,274,-1,274,273,275,-1,274,275,276,-1,276,275,277,-1,276,277,278,-1,278,277,279,-1,278,279,280,-1,280,279,281,-1,280,281,282,-1,282,281,283,-1,282,283,284,-1,284,283,285,-1,284,285,286,-1,286,285,287,-1,286,287,288,-1,288,287,289,-1,288,289,290,-1,290,289,291,-1,290,291,257,-1,257,291,261,-1,257,261,259,-1,259,261,260,-1,292,293,294,-1,294,293,295,-1,294,295,296,-1,296,295,297,-1,296,297,298,-1,298,297,299,-1,298,299,300,-1,300,299,301,-1,300,301,302,-1,302,301,303,-1,302,303,304,-1,304,303,305,-1,304,305,306,-1,306,305,307,-1,306,307,308,-1,308,307,309,-1,308,309,310,-1,310,309,311,-1,310,311,312,-1,312,311,313,-1,312,313,314,-1,314,313,315,-1,314,315,316,-1,316,315,317,-1,316,317,318,-1,318,317,319,-1,318,319,263,-1,263,319,256,-1,263,256,262,-1,262,256,258,-1,257,256,319,-1,257,319,290,-1,290,319,317,-1,290,317,288,-1,288,317,315,-1,288,315,286,-1,286,315,313,-1,286,313,284,-1,284,313,311,-1,284,311,282,-1,282,311,309,-1,282,309,280,-1,278,280,307,-1,307,280,309,-1,278,307,276,-1,276,307,305,-1,276,305,274,-1,274,305,303,-1,274,303,272,-1,272,303,301,-1,272,301,270,-1,270,301,299,-1,270,299,268,-1,268,299,297,-1,268,297,266,-1,266,297,295,-1,264,266,293,-1,293,266,295,-1,265,264,292,-1,292,264,293,-1,267,265,294,-1,294,265,292,-1,267,294,296,-1,267,296,269,-1,269,296,298,-1,269,298,271,-1,271,298,300,-1,271,300,273,-1,273,300,302,-1,273,302,275,-1,275,302,304,-1,275,304,277,-1,277,304,306,-1,277,306,279,-1,281,279,308,-1,308,279,306,-1,281,308,283,-1,283,308,310,-1,283,310,285,-1,285,310,312,-1,285,312,287,-1,287,312,314,-1,287,314,289,-1,289,314,316,-1,289,316,291,-1,291,316,318,-1,291,318,261,-1,261,318,263,-1]}}
Shape{appearance Appearance{material Material{diffuseColor 0.20784313725490197 0.20784313725490197 0.20784313725490197 transparency 0.0}}geometry IndexedFaceSet{ccw TRUE solid FALSE coord Coordinate{point [-0.5125 0.2959 0.4626, 0.5125 0.2959 0.4626, 0.5125 0.3008 0.462, 0.5125 0.3156 0.4446, -0.5125 0.3156 0.4446, 0.5125 0.3146 0.4492, -0.5125 0.3146 0.4492, 0.5125 0.3145 0.4494, -0.5125 0.3145 0.4494, 0.5125 0.3125 0.4536, -0.5125 0.3125 0.4536, 0.5125 0.3124 0.4537, -0.5125 0.3124 0.4537, 0.5125 0.3093 0.4574, -0.5125 0.3093 0.4574, 0.5125 0.3092 0.4574, -0.5125 0.3092 0.4574, 0.5125 0.3053 0.4602, -0.5125 0.3053 0.4602, 0.5125 0.3053 0.4602, -0.5125 0.3053 0.4602, 0.5125 0.3008 0.462, -0.5125 0.3008 0.462, -0.5125 0.3008 0.462, -0.5289 0.2959 0.4537, -0.5258 0.2959 0.4574, -0.5254 0.2994 0.4574, -0.5216 0.2984 0.4602, -0.5172 0.2972 0.462, -0.5167 0.2984 0.462, -0.5149 0.3001 0.462, -0.5159 0.2994 0.462, -0.5137 0.3006 0.462, -0.5173 0.2959 0.462, -0.5305 0.3008 0.4492, -0.5314 0.301 0.445, -0.5314 0.301 0.445, -0.5294 0.3057 0.4452, -0.5286 0.3053 0.4492, -0.5294 0.3057 0.4452, -0.5257 0.3091 0.4492, -0.5263 0.3098 0.4453, -0.5218 0.3121 0.4492, -0.5222 0.3129 0.4452, -0.5222 0.3129 0.4452, -0.5173 0.3139 0.4492, -0.5175 0.3148 0.445, -0.5175 0.3149 0.445, -0.5258 0.2959 0.4574, -0.5219 0.2959 0.4602, -0.5218 0.2959 0.4602, -0.5173 0.2959 0.462, -0.5206 0.3006 0.4602, -0.5191 0.3026 0.4602, -0.5172 0.3041 0.4602, -0.5149 0.305 0.4602, -0.524 0.3026 0.4574, -0.5219 0.3054 0.4574, -0.5192 0.3075 0.4574, -0.5159 0.3088 0.4574, -0.5311 0.2959 0.4494, -0.529 0.2959 0.4536, -0.5284 0.3002 0.4536, -0.5268 0.3042 0.4536, -0.5242 0.3076 0.4536, -0.5207 0.3102 0.4536, -0.5167 0.3119 0.4536, -0.5311 0.2959 0.4492, -0.5321 0.2959 0.4446, 0.5159 0.3088 0.4574, 0.5149 0.305 0.4602, 0.5137 0.3006 0.462, 0.5149 0.3001 0.462, 0.5167 0.2984 0.462, 0.5159 0.2994 0.462, 0.5172 0.2972 0.462, 0.5173 0.3139 0.4492, 0.5175 0.3148 0.445, 0.5175 0.3149 0.445, 0.5222 0.3129 0.4452, 0.5218 0.3121 0.4492, 0.5222 0.3129 0.4452, 0.5257 0.3091 0.4492, 0.5263 0.3098 0.4453, 0.5286 0.3053 0.4492, 0.5294 0.3057 0.4452, 0.5294 0.3057 0.4452, 0.5305 0.3008 0.4492, 0.5314 0.301 0.445, 0.5314 0.301 0.445, 0.5311 0.2959 0.4492, 0.5321 0.2959 0.4446, 0.5173 0.2959 0.462, 0.5172 0.3041 0.4602, 0.5191 0.3026 0.4602, 0.5206 0.3006 0.4602, 0.5216 0.2984 0.4602, 0.5173 0.2959 0.462, 0.5218 0.2959 0.4602, 0.5219 0.2959 0.4602, 0.5258 0.2959 0.4574, 0.5192 0.3075 0.4574, 0.5219 0.3054 0.4574, 0.524 0.3026 0.4574, 0.5254 0.2994 0.4574, 0.5167 0.3119 0.4536, 0.5207 0.3102 0.4536, 0.5242 0.3076 0.4536, 0.5268 0.3042 0.4536, 0.5284 0.3002 0.4536, 0.5258 0.2959 0.4574, 0.5289 0.2959 0.4537, 0.529 0.2959 0.4536, 0.5311 0.2959 0.4494, -0.5512 0.315 0.2264, -0.5505 0.3201 0.2264, -0.5497 0.3226 0.2264, -0.5486 0.3249 0.2264, -0.5471 0.327 0.2264, -0.5454 0.3289 0.2264, -0.5435 0.3306 0.2264, -0.5414 0.332 0.2264, -0.5391 0.3332 0.2264, -0.5367 0.334 0.2264, -0.5316 0.3346 0.2264, -0.5125 -0.2959 0.4626, -0.5321 -0.2959 0.4446, -0.5311 -0.2959 0.4492, -0.5311 -0.2959 0.4494, -0.529 -0.2959 0.4536, -0.5289 -0.2959 0.4537, -0.5258 -0.2959 0.4574, -0.5258 -0.2959 0.4574, -0.5219 -0.2959 0.4602, -0.5218 -0.2959 0.4602, -0.5173 -0.2959 0.462, -0.5173 -0.2959 0.462, 0.5125 -0.2959 0.4626, -0.5125 -0.3008 0.462, -0.5125 -0.3156 0.4446, 0.5125 -0.3156 0.4446, -0.5125 -0.3146 0.4492, 0.5125 -0.3146 0.4492, -0.5125 -0.3145 0.4494, 0.5125 -0.3145 0.4494, -0.5125 -0.3125 0.4536, 0.5125 -0.3125 0.4536, -0.5125 -0.3124 0.4537, 0.5125 -0.3124 0.4537, -0.5125 -0.3093 0.4574, 0.5125 -0.3093 0.4574, -0.5125 -0.3092 0.4574, 0.5125 -0.3092 0.4574, -0.5125 -0.3053 0.4602, 0.5125 -0.3053 0.4602, -0.5125 -0.3053 0.4602, 0.5125 -0.3053 0.4602, -0.5125 -0.3008 0.462, 0.5125 -0.3008 0.462, 0.5125 -0.3008 0.462, 0.5173 -0.2959 0.462, 0.5321 -0.2959 0.4446, 0.5311 -0.2959 0.4492, 0.5311 -0.2959 0.4494, 0.529 -0.2959 0.4536, 0.5289 -0.2959 0.4537, 0.5258 -0.2959 0.4574, 0.5258 -0.2959 0.4574, 0.5219 -0.2959 0.4602, 0.5218 -0.2959 0.4602, 0.5173 -0.2959 0.462, 0.5316 0.3346 0.2264, 0.5367 0.334 0.2264, 0.5391 0.3332 0.2264, 0.5414 0.332 0.2264, 0.5435 0.3306 0.2264, 0.5454 0.3289 0.2264, 0.5471 0.327 0.2264, 0.5486 0.3249 0.2264, 0.5497 0.3226 0.2264, 0.5505 0.3201 0.2264, 0.5512 0.315 0.2264, -0.5159 0.319 0.0475, -0.5203 0.3184 0.0472, -0.521 0.3183 0.0471, -0.5244 0.3169 0.0469, -0.5257 0.3163 0.0469, -0.528 0.3145 0.0468, -0.5297 0.3132 0.0468, -0.5311 0.3115 0.0468, -0.5329 0.3091 0.0469, -0.5334 0.3078 0.0469, -0.5348 0.3044 0.0471, -0.5349 0.3037 0.0472, -0.5355 0.2994 0.0475, -0.5162 -0.312 0.4536, -0.5154 -0.309 0.4574, -0.5146 -0.3051 0.4602, -0.5136 -0.3007 0.462, -0.5146 -0.3003 0.462, -0.5168 -0.298 0.462, -0.5163 -0.299 0.462, -0.5172 -0.297 0.462, -0.5168 -0.3149 0.445, -0.5166 -0.3141 0.4492, -0.5175 -0.3149 0.445, -0.5206 -0.3127 0.4492, -0.5209 -0.3134 0.4452, -0.5222 -0.3129 0.4452, -0.5241 -0.3105 0.4492, -0.5246 -0.3111 0.4453, -0.5263 -0.3098 0.4453, -0.5271 -0.3076 0.4492, -0.5276 -0.308 0.4453, -0.5294 -0.3057 0.4452, -0.5293 -0.304 0.4492, -0.53 -0.3044 0.4452, -0.5314 -0.301 0.445, -0.5307 -0.3001 0.4492, -0.5315 -0.3003 0.445, -0.5183 -0.3033 0.4602, -0.5198 -0.3018 0.4602, -0.5209 -0.3 0.4602, -0.5216 -0.298 0.4602, -0.5166 -0.3044 0.4602, -0.5155 -0.2997 0.462, -0.5183 -0.308 0.4574, -0.5208 -0.3064 0.4574, -0.5229 -0.3043 0.4574, -0.5245 -0.3017 0.4574, -0.5255 -0.2989 0.4574, -0.5196 -0.3108 0.4536, -0.5228 -0.3088 0.4536, -0.5254 -0.3062 0.4536, -0.5274 -0.3031 0.4536, -0.5286 -0.2996 0.4536, 0.5254 -0.2994 0.4574, 0.5216 -0.2984 0.4602, 0.5172 -0.2972 0.462, 0.5167 -0.2984 0.462, 0.5149 -0.3001 0.462, 0.5159 -0.2994 0.462, 0.5137 -0.3006 0.462, 0.5305 -0.3008 0.4492, 0.5314 -0.301 0.445, 0.5314 -0.301 0.445, 0.5294 -0.3057 0.4452, 0.5286 -0.3053 0.4492, 0.5294 -0.3057 0.4452, 0.5257 -0.3091 0.4492, 0.5263 -0.3098 0.4453, 0.5218 -0.3121 0.4492, 0.5222 -0.3129 0.4452, 0.5222 -0.3129 0.4452, 0.5173 -0.3139 0.4492, 0.5175 -0.3148 0.445, 0.5175 -0.3149 0.445, 0.5206 -0.3006 0.4602, 0.5191 -0.3026 0.4602, 0.5172 -0.3041 0.4602, 0.5149 -0.305 0.4602, 0.524 -0.3026 0.4574, 0.5219 -0.3054 0.4574, 0.5192 -0.3075 0.4574, 0.5159 -0.3088 0.4574, 0.5284 -0.3002 0.4536, 0.5268 -0.3042 0.4536, 0.5242 -0.3076 0.4536, 0.5207 -0.3102 0.4536, 0.5167 -0.3119 0.4536, 0.5355 0.2994 0.0475, 0.5348 0.3044 0.0471, 0.5348 0.3045 0.0471, 0.5329 0.3091 0.0469, 0.5328 0.3092 0.0469, 0.5297 0.3132 0.0468, 0.5257 0.3163 0.0469, 0.5257 0.3163 0.0469, 0.521 0.3183 0.0471, 0.521 0.3183 0.0471, 0.5159 0.319 0.0475, 0.5159 0.2994 0.0295, -0.5159 0.2994 0.0295, -0.5159 0.3042 0.0301, -0.5159 0.318 0.0429, 0.5159 0.318 0.0429, -0.5159 0.318 0.0428, 0.5159 0.318 0.0428, -0.5159 0.3159 0.0385, 0.5159 0.3159 0.0385, -0.5159 0.3158 0.0384, 0.5159 0.3158 0.0384, -0.5159 0.3127 0.0348, 0.5159 0.3127 0.0348, -0.5159 0.3127 0.0347, 0.5159 0.3127 0.0347, -0.5159 0.3088 0.0319, 0.5159 0.3088 0.0319, -0.5159 0.3087 0.0319, 0.5159 0.3087 0.0319, -0.5159 0.3042 0.0301, 0.5159 0.3042 0.0301, 0.5159 0.3042 0.0301, -0.517 0.3041 0.0301, -0.5197 0.3024 0.0301, -0.5189 0.3032 0.0301, -0.5253 0.2994 0.0319, -0.5253 0.2994 0.0319, -0.5251 0.3015 0.0319, -0.5292 0.2994 0.0347, -0.5293 0.2994 0.0348, -0.5289 0.3024 0.0348, -0.532 0.3031 0.0385, -0.5341 0.3035 0.0429, -0.5327 0.3075 0.0429, -0.524 0.3162 0.0429, -0.5201 0.3176 0.0429, -0.5305 0.311 0.0429, -0.5346 0.2994 0.0429, -0.5345 0.2994 0.0428, -0.5324 0.2994 0.0385, -0.5324 0.2994 0.0384, -0.5196 0.3155 0.0385, -0.5308 0.3065 0.0385, -0.5189 0.3124 0.0348, -0.528 0.3052 0.0348, -0.5288 0.3097 0.0385, -0.5275 0.314 0.0429, -0.518 0.3085 0.0319, -0.5262 0.3123 0.0385, -0.5264 0.3077 0.0348, -0.5244 0.3035 0.0319, -0.5206 0.3005 0.0301, -0.5218 0.3067 0.0319, -0.5231 0.3143 0.0385, -0.5217 0.3114 0.0348, -0.52 0.3078 0.0319, -0.518 0.3038 0.0301, -0.5207 0.2994 0.0301, -0.5208 0.2994 0.0301, -0.5243 0.3098 0.0348, -0.5233 0.3052 0.0319, -0.5203 0.3015 0.0301, -0.5316 -0.3346 0.2264, -0.5367 -0.334 0.2264, -0.5391 -0.3332 0.2264, -0.5414 -0.332 0.2264, -0.5435 -0.3306 0.2264, -0.5454 -0.3289 0.2264, -0.5471 -0.327 0.2264, -0.5486 -0.3249 0.2264, -0.5497 -0.3226 0.2264, -0.5505 -0.3201 0.2264, -0.5512 -0.315 0.2264, 0.5512 -0.315 0.2264, 0.5505 -0.3201 0.2264, 0.5497 -0.3226 0.2264, 0.5486 -0.3249 0.2264, 0.5471 -0.327 0.2264, 0.5454 -0.3289 0.2264, 0.5435 -0.3306 0.2264, 0.5414 -0.332 0.2264, 0.5391 -0.3332 0.2264, 0.5367 -0.334 0.2264, 0.5316 -0.3346 0.2264, 0.5207 0.2994 0.0301, 0.5206 0.3006 0.0301, 0.5184 0.3085 0.0319, 0.5194 0.3123 0.0348, 0.5202 0.3153 0.0385, 0.5207 0.3174 0.0429, 0.5252 0.3155 0.0429, 0.5346 0.2994 0.0429, 0.5339 0.3042 0.0429, 0.5345 0.2994 0.0428, 0.5319 0.3037 0.0385, 0.5242 0.3137 0.0385, 0.5291 0.3126 0.0429, 0.5324 0.2994 0.0385, 0.5324 0.2994 0.0384, 0.5288 0.3028 0.0348, 0.5226 0.311 0.0348, 0.5276 0.3111 0.0385, 0.5293 0.2994 0.0348, 0.5292 0.2994 0.0347, 0.525 0.3018 0.0319, 0.5254 0.3088 0.0348, 0.5206 0.3075 0.0319, 0.5172 0.3041 0.0301, 0.5321 0.3087 0.0429, 0.5302 0.3076 0.0385, 0.5275 0.3061 0.0348, 0.5241 0.3041 0.0319, 0.5201 0.3018 0.0301, 0.5226 0.306 0.0319, 0.5183 0.3036 0.0301, 0.5193 0.3028 0.0301, 0.5253 0.2994 0.0319, 0.5253 0.2994 0.0319, 0.5208 0.2994 0.0301, -0.5159 -0.2994 0.0295, -0.5207 -0.2994 0.0301, -0.5355 -0.2994 0.0475, -0.5346 -0.2994 0.0429, -0.5345 -0.2994 0.0428, -0.5324 -0.2994 0.0385, -0.5324 -0.2994 0.0384, -0.5293 -0.2994 0.0348, -0.5292 -0.2994 0.0347, -0.5253 -0.2994 0.0319, -0.5253 -0.2994 0.0319, -0.5208 -0.2994 0.0301, -0.5348 -0.3044 0.0471, -0.5348 -0.3045 0.0471, -0.5329 -0.3091 0.0469, -0.5328 -0.3092 0.0469, -0.5297 -0.3132 0.0468, -0.5257 -0.3163 0.0469, -0.5257 -0.3163 0.0469, -0.521 -0.3183 0.0471, -0.521 -0.3183 0.0471, -0.5159 -0.319 0.0475, 0.5159 -0.319 0.0475, 0.521 -0.3183 0.0471, 0.521 -0.3183 0.0471, 0.5257 -0.3163 0.0469, 0.5257 -0.3163 0.0469, 0.5297 -0.3132 0.0468, 0.5328 -0.3092 0.0469, 0.5329 -0.3091 0.0469, 0.5348 -0.3045 0.0471, 0.5348 -0.3044 0.0471, 0.5355 -0.2994 0.0475, 0.5159 -0.2994 0.0295, 0.5346 -0.2994 0.0429, 0.5345 -0.2994 0.0428, 0.5324 -0.2994 0.0385, 0.5324 -0.2994 0.0384, 0.5293 -0.2994 0.0348, 0.5292 -0.2994 0.0347, 0.5253 -0.2994 0.0319, 0.5253 -0.2994 0.0319, 0.5208 -0.2994 0.0301, 0.5207 -0.2994 0.0301, -0.5206 -0.3006 0.0301, -0.5159 -0.3087 0.0319, -0.5159 -0.3088 0.0319, -0.5184 -0.3085 0.0319, -0.5159 -0.3127 0.0347, -0.5159 -0.3127 0.0348, -0.5194 -0.3123 0.0348, -0.5202 -0.3153 0.0385, -0.5207 -0.3174 0.0429, -0.5252 -0.3155 0.0429, -0.5339 -0.3042 0.0429, -0.5159 -0.318 0.0429, -0.5159 -0.318 0.0428, -0.5159 -0.3159 0.0385, -0.5159 -0.3158 0.0384, -0.5319 -0.3037 0.0385, -0.5242 -0.3137 0.0385, -0.5291 -0.3126 0.0429, -0.5288 -0.3028 0.0348, -0.5226 -0.311 0.0348, -0.5276 -0.3111 0.0385, -0.525 -0.3018 0.0319, -0.5254 -0.3088 0.0348, -0.5206 -0.3075 0.0319, -0.5172 -0.3041 0.0301, -0.5321 -0.3087 0.0429, -0.5302 -0.3076 0.0385, -0.5275 -0.3061 0.0348, -0.5241 -0.3041 0.0319, -0.5201 -0.3018 0.0301, -0.5159 -0.3042 0.0301, -0.5159 -0.3042 0.0301, -0.5226 -0.306 0.0319, -0.5183 -0.3036 0.0301, -0.5193 -0.3028 0.0301, 0.5159 -0.3042 0.0301, 0.5172 -0.3041 0.0301, 0.525 -0.3018 0.0319, 0.5288 -0.3028 0.0348, 0.5319 -0.3037 0.0385, 0.5339 -0.3042 0.0429, 0.5321 -0.3087 0.0429, 0.5159 -0.318 0.0429, 0.5207 -0.3174 0.0429, 0.5159 -0.318 0.0428, 0.5202 -0.3153 0.0385, 0.5302 -0.3076 0.0385, 0.5291 -0.3126 0.0429, 0.5159 -0.3159 0.0385, 0.5159 -0.3158 0.0384, 0.5194 -0.3123 0.0348, 0.5275 -0.3061 0.0348, 0.5276 -0.3111 0.0385, 0.5159 -0.3127 0.0348, 0.5159 -0.3127 0.0347, 0.5184 -0.3085 0.0319, 0.5254 -0.3088 0.0348, 0.5241 -0.3041 0.0319, 0.5206 -0.3006 0.0301, 0.5252 -0.3155 0.0429, 0.5242 -0.3137 0.0385, 0.5226 -0.311 0.0348, 0.5206 -0.3075 0.0319, 0.5183 -0.3036 0.0301, 0.5226 -0.306 0.0319, 0.5201 -0.3018 0.0301, 0.5193 -0.3028 0.0301, 0.5159 -0.3088 0.0319, 0.5159 -0.3087 0.0319, 0.5159 -0.3042 0.0301]} coordIndex [0,1,2,-1,3,4,5,-1,5,4,6,-1,5,6,7,-1,7,6,8,-1,7,8,9,-1,9,8,10,-1,9,10,11,-1,11,10,12,-1,11,12,13,-1,13,12,14,-1,13,14,15,-1,15,14,16,-1,15,16,17,-1,17,16,18,-1,17,18,19,-1,19,18,20,-1,19,20,21,-1,21,20,22,-1,21,22,2,-1,2,22,23,-1,2,23,0,-1,24,25,26,-1,27,28,29,-1,0,30,31,-1,32,30,0,-1,29,28,0,-1,33,0,28,-1,34,35,36,-1,35,34,37,-1,37,34,38,-1,37,38,39,-1,39,38,40,-1,39,40,41,-1,41,40,42,-1,41,42,43,-1,43,42,44,-1,44,42,45,-1,44,45,46,-1,46,45,47,-1,47,45,6,-1,47,6,4,-1,23,32,0,-1,48,49,27,-1,27,49,50,-1,27,50,28,-1,28,50,51,-1,28,51,33,-1,52,31,53,-1,53,31,30,-1,53,30,54,-1,54,30,32,-1,54,32,55,-1,23,22,32,-1,32,22,20,-1,32,20,55,-1,55,20,18,-1,55,18,16,-1,26,52,56,-1,56,52,53,-1,56,53,57,-1,57,53,54,-1,57,54,58,-1,58,54,55,-1,58,55,59,-1,59,55,16,-1,60,61,62,-1,62,61,24,-1,24,26,62,-1,62,26,56,-1,62,56,63,-1,63,56,57,-1,63,57,64,-1,64,57,58,-1,64,58,65,-1,65,58,59,-1,65,59,66,-1,25,48,26,-1,26,48,27,-1,26,27,52,-1,52,27,29,-1,52,29,31,-1,31,29,0,-1,60,34,67,-1,67,34,36,-1,67,36,68,-1,16,14,59,-1,59,14,12,-1,59,12,66,-1,66,12,10,-1,66,10,8,-1,60,62,34,-1,34,62,63,-1,34,63,38,-1,38,63,64,-1,38,64,40,-1,40,64,65,-1,40,65,42,-1,42,65,66,-1,42,66,45,-1,45,66,8,-1,45,8,6,-1,11,13,69,-1,70,71,72,-1,1,73,74,-1,75,73,1,-1,72,71,1,-1,2,1,71,-1,76,77,78,-1,77,76,79,-1,79,76,80,-1,79,80,81,-1,81,80,82,-1,81,82,83,-1,83,82,84,-1,83,84,85,-1,85,84,86,-1,86,84,87,-1,86,87,88,-1,88,87,89,-1,89,87,90,-1,89,90,91,-1,92,75,1,-1,15,17,70,-1,70,17,19,-1,70,19,71,-1,71,19,21,-1,71,21,2,-1,93,74,94,-1,94,74,73,-1,94,73,95,-1,95,73,75,-1,95,75,96,-1,92,97,75,-1,75,97,98,-1,75,98,96,-1,96,98,99,-1,96,99,100,-1,69,93,101,-1,101,93,94,-1,101,94,102,-1,102,94,95,-1,102,95,103,-1,103,95,96,-1,103,96,104,-1,104,96,100,-1,7,9,105,-1,105,9,11,-1,11,69,105,-1,105,69,101,-1,105,101,106,-1,106,101,102,-1,106,102,107,-1,107,102,103,-1,107,103,108,-1,108,103,104,-1,108,104,109,-1,13,15,69,-1,69,15,70,-1,69,70,93,-1,93,70,72,-1,93,72,74,-1,74,72,1,-1,7,76,5,-1,5,76,78,-1,5,78,3,-1,100,110,104,-1,104,110,111,-1,104,111,109,-1,109,111,112,-1,109,112,113,-1,7,105,76,-1,76,105,106,-1,76,106,80,-1,80,106,107,-1,80,107,82,-1,82,107,108,-1,82,108,84,-1,84,108,109,-1,84,109,87,-1,87,109,113,-1,87,113,90,-1,68,36,114,-1,114,36,115,-1,115,36,116,-1,116,36,35,-1,116,35,117,-1,117,35,37,-1,117,37,118,-1,118,37,39,-1,118,39,119,-1,119,39,41,-1,119,41,120,-1,120,41,43,-1,120,43,121,-1,121,43,44,-1,121,44,122,-1,122,44,46,-1,122,46,123,-1,46,47,123,-1,123,47,4,-1,123,4,124,-1,125,0,33,-1,68,126,67,-1,67,126,127,-1,67,127,60,-1,60,127,128,-1,60,128,61,-1,61,128,129,-1,61,129,24,-1,24,129,130,-1,24,130,25,-1,25,130,131,-1,25,131,48,-1,48,131,132,-1,48,132,49,-1,49,132,133,-1,49,133,50,-1,50,133,134,-1,50,134,51,-1,51,134,135,-1,51,135,33,-1,33,135,136,-1,33,136,125,-1,137,125,138,-1,139,140,141,-1,141,140,142,-1,141,142,143,-1,143,142,144,-1,143,144,145,-1,145,144,146,-1,145,146,147,-1,147,146,148,-1,147,148,149,-1,149,148,150,-1,149,150,151,-1,151,150,152,-1,151,152,153,-1,153,152,154,-1,153,154,155,-1,155,154,156,-1,155,156,157,-1,157,156,158,-1,157,158,138,-1,138,158,159,-1,138,159,137,-1,1,137,160,-1,161,91,162,-1,162,91,90,-1,162,90,163,-1,163,90,113,-1,163,113,164,-1,164,113,112,-1,164,112,165,-1,165,112,111,-1,165,111,166,-1,166,111,110,-1,166,110,167,-1,167,110,100,-1,167,100,168,-1,168,100,99,-1,168,99,169,-1,169,99,98,-1,169,98,170,-1,170,98,97,-1,170,97,160,-1,160,97,92,-1,160,92,1,-1,3,78,171,-1,171,78,172,-1,172,78,173,-1,173,78,77,-1,173,77,174,-1,174,77,79,-1,174,79,175,-1,175,79,81,-1,175,81,176,-1,176,81,83,-1,176,83,177,-1,177,83,85,-1,177,85,178,-1,178,85,86,-1,178,86,179,-1,179,86,88,-1,179,88,180,-1,88,89,180,-1,180,89,91,-1,180,91,181,-1,124,182,183,-1,124,183,123,-1,123,183,184,-1,123,184,122,-1,122,184,185,-1,122,185,121,-1,121,185,186,-1,121,186,120,-1,120,186,187,-1,120,187,119,-1,119,187,188,-1,119,188,118,-1,118,188,189,-1,118,189,117,-1,117,189,190,-1,117,190,116,-1,116,190,191,-1,116,191,115,-1,115,191,192,-1,115,192,114,-1,114,192,193,-1,114,193,194,-1,143,145,195,-1,147,149,196,-1,197,198,199,-1,125,200,201,-1,202,200,125,-1,199,198,125,-1,138,125,198,-1,203,204,205,-1,205,204,206,-1,205,206,207,-1,207,206,208,-1,208,206,209,-1,208,209,210,-1,210,209,211,-1,211,209,212,-1,211,212,213,-1,213,212,214,-1,214,212,215,-1,214,215,216,-1,216,215,217,-1,217,215,218,-1,217,218,219,-1,219,218,127,-1,219,127,126,-1,136,202,125,-1,151,153,197,-1,197,153,155,-1,197,155,198,-1,198,155,157,-1,198,157,138,-1,220,201,221,-1,221,201,200,-1,221,200,222,-1,222,200,202,-1,222,202,223,-1,149,151,196,-1,196,151,197,-1,196,197,224,-1,224,197,199,-1,224,199,225,-1,225,199,125,-1,136,135,202,-1,202,135,134,-1,202,134,223,-1,223,134,133,-1,223,133,132,-1,226,220,227,-1,227,220,221,-1,227,221,228,-1,228,221,222,-1,228,222,229,-1,229,222,223,-1,229,223,230,-1,230,223,132,-1,195,226,231,-1,231,226,227,-1,231,227,232,-1,232,227,228,-1,232,228,233,-1,233,228,229,-1,233,229,234,-1,234,229,230,-1,234,230,235,-1,145,147,195,-1,195,147,196,-1,195,196,226,-1,226,196,224,-1,226,224,220,-1,220,224,225,-1,220,225,201,-1,201,225,125,-1,203,139,204,-1,204,139,141,-1,204,141,143,-1,132,131,230,-1,230,131,130,-1,230,130,235,-1,235,130,129,-1,235,129,128,-1,143,195,204,-1,204,195,231,-1,204,231,206,-1,206,231,232,-1,206,232,209,-1,209,232,233,-1,209,233,212,-1,212,233,234,-1,212,234,215,-1,215,234,235,-1,215,235,218,-1,218,235,128,-1,218,128,127,-1,165,166,236,-1,237,238,239,-1,137,240,241,-1,242,240,137,-1,239,238,137,-1,160,137,238,-1,243,244,245,-1,244,243,246,-1,246,243,247,-1,246,247,248,-1,248,247,249,-1,248,249,250,-1,250,249,251,-1,250,251,252,-1,252,251,253,-1,253,251,254,-1,253,254,255,-1,255,254,256,-1,256,254,142,-1,256,142,140,-1,159,242,137,-1,167,168,237,-1,237,168,169,-1,237,169,238,-1,238,169,170,-1,238,170,160,-1,257,241,258,-1,258,241,240,-1,258,240,259,-1,259,240,242,-1,259,242,260,-1,159,158,242,-1,242,158,156,-1,242,156,260,-1,260,156,154,-1,260,154,152,-1,236,257,261,-1,261,257,258,-1,261,258,262,-1,262,258,259,-1,262,259,263,-1,263,259,260,-1,263,260,264,-1,264,260,152,-1,163,164,265,-1,265,164,165,-1,165,236,265,-1,265,236,261,-1,265,261,266,-1,266,261,262,-1,266,262,267,-1,267,262,263,-1,267,263,268,-1,268,263,264,-1,268,264,269,-1,166,167,236,-1,236,167,237,-1,236,237,257,-1,257,237,239,-1,257,239,241,-1,241,239,137,-1,163,243,162,-1,162,243,245,-1,162,245,161,-1,152,150,264,-1,264,150,148,-1,264,148,269,-1,269,148,146,-1,269,146,144,-1,163,265,243,-1,243,265,266,-1,243,266,247,-1,247,266,267,-1,247,267,249,-1,249,267,268,-1,249,268,251,-1,251,268,269,-1,251,269,254,-1,254,269,144,-1,254,144,142,-1,270,271,181,-1,181,271,180,-1,180,271,179,-1,179,271,272,-1,179,272,178,-1,178,272,273,-1,178,273,177,-1,177,273,274,-1,177,274,176,-1,176,274,275,-1,176,275,175,-1,175,275,276,-1,175,276,174,-1,174,276,277,-1,174,277,173,-1,173,277,278,-1,173,278,172,-1,278,279,172,-1,172,279,280,-1,172,280,171,-1,281,282,283,-1,182,280,284,-1,284,280,285,-1,284,285,286,-1,286,285,287,-1,286,287,288,-1,288,287,289,-1,288,289,290,-1,290,289,291,-1,290,291,292,-1,292,291,293,-1,292,293,294,-1,294,293,295,-1,294,295,296,-1,296,295,297,-1,296,297,298,-1,298,297,299,-1,298,299,300,-1,300,299,301,-1,300,301,283,-1,283,301,302,-1,283,302,281,-1,283,282,303,-1,304,305,282,-1,306,307,308,-1,309,310,311,-1,312,313,314,-1,186,185,315,-1,184,183,316,-1,316,183,182,-1,317,189,188,-1,314,191,190,-1,191,314,192,-1,192,314,313,-1,192,313,193,-1,194,193,318,-1,318,193,313,-1,318,313,319,-1,319,313,312,-1,319,312,320,-1,320,312,321,-1,182,284,316,-1,316,284,286,-1,316,286,322,-1,310,321,311,-1,311,321,312,-1,311,312,323,-1,323,312,314,-1,323,314,317,-1,317,314,190,-1,317,190,189,-1,286,288,322,-1,322,288,290,-1,322,290,324,-1,307,309,308,-1,308,309,311,-1,308,311,325,-1,325,311,323,-1,325,323,326,-1,326,323,317,-1,326,317,327,-1,327,317,188,-1,327,188,187,-1,290,292,324,-1,324,292,294,-1,324,294,328,-1,327,329,326,-1,326,329,330,-1,326,330,325,-1,325,330,331,-1,325,331,308,-1,308,331,332,-1,308,332,306,-1,305,304,333,-1,185,184,315,-1,315,184,316,-1,315,316,334,-1,334,316,322,-1,334,322,335,-1,335,322,324,-1,335,324,336,-1,336,324,328,-1,336,328,337,-1,337,328,303,-1,337,303,282,-1,282,338,332,-1,332,338,339,-1,332,339,306,-1,329,340,330,-1,330,340,341,-1,330,341,331,-1,331,341,342,-1,331,342,332,-1,332,342,282,-1,340,333,341,-1,341,333,304,-1,341,304,342,-1,342,304,282,-1,294,296,328,-1,328,296,298,-1,328,298,303,-1,303,298,300,-1,303,300,283,-1,187,186,327,-1,327,186,315,-1,327,315,329,-1,329,315,334,-1,329,334,340,-1,340,334,335,-1,340,335,333,-1,333,335,336,-1,333,336,305,-1,305,336,337,-1,305,337,282,-1,343,139,203,-1,343,203,344,-1,344,203,205,-1,344,205,345,-1,345,205,207,-1,345,207,346,-1,346,207,208,-1,346,208,347,-1,347,208,210,-1,347,210,348,-1,348,210,211,-1,348,211,349,-1,349,211,213,-1,349,213,350,-1,350,213,214,-1,350,214,351,-1,351,214,216,-1,351,216,352,-1,352,216,217,-1,352,217,353,-1,353,217,219,-1,353,219,126,-1,161,245,354,-1,354,245,355,-1,355,245,356,-1,356,245,244,-1,356,244,357,-1,357,244,246,-1,357,246,358,-1,358,246,248,-1,358,248,359,-1,359,248,250,-1,359,250,360,-1,360,250,252,-1,360,252,361,-1,361,252,253,-1,361,253,362,-1,362,253,255,-1,362,255,363,-1,255,256,363,-1,363,256,140,-1,363,140,364,-1,365,281,366,-1,299,297,367,-1,295,293,368,-1,369,370,371,-1,271,270,372,-1,273,272,373,-1,373,272,271,-1,279,278,370,-1,370,278,277,-1,370,277,371,-1,371,277,276,-1,371,276,275,-1,280,279,285,-1,285,279,370,-1,285,370,287,-1,287,370,369,-1,287,369,289,-1,289,369,291,-1,271,372,373,-1,373,372,374,-1,373,374,375,-1,293,291,368,-1,368,291,369,-1,368,369,376,-1,376,369,371,-1,376,371,377,-1,377,371,275,-1,374,378,375,-1,375,378,379,-1,375,379,380,-1,297,295,367,-1,367,295,368,-1,367,368,381,-1,381,368,376,-1,381,376,382,-1,382,376,377,-1,379,383,380,-1,380,383,384,-1,380,384,385,-1,382,386,381,-1,381,386,387,-1,381,387,367,-1,367,387,388,-1,367,388,299,-1,274,273,389,-1,389,273,373,-1,389,373,390,-1,390,373,375,-1,390,375,391,-1,391,375,380,-1,391,380,392,-1,392,380,385,-1,392,385,393,-1,393,385,366,-1,393,366,281,-1,281,302,388,-1,388,302,301,-1,388,301,299,-1,386,394,387,-1,387,394,395,-1,387,395,388,-1,388,395,281,-1,394,396,395,-1,395,396,281,-1,384,397,385,-1,385,397,398,-1,385,398,366,-1,366,398,399,-1,366,399,365,-1,275,274,377,-1,377,274,389,-1,377,389,382,-1,382,389,390,-1,382,390,386,-1,386,390,391,-1,386,391,394,-1,394,391,392,-1,394,392,396,-1,396,392,393,-1,396,393,281,-1,282,400,401,-1,402,194,403,-1,403,194,318,-1,403,318,404,-1,404,318,319,-1,404,319,405,-1,405,319,320,-1,405,320,406,-1,406,320,321,-1,406,321,407,-1,407,321,310,-1,407,310,408,-1,408,310,309,-1,408,309,409,-1,409,309,307,-1,409,307,410,-1,410,307,306,-1,410,306,411,-1,411,306,339,-1,411,339,401,-1,401,339,338,-1,401,338,282,-1,402,412,353,-1,353,412,352,-1,352,412,351,-1,351,412,413,-1,351,413,350,-1,350,413,414,-1,350,414,349,-1,349,414,415,-1,349,415,348,-1,348,415,416,-1,348,416,347,-1,347,416,417,-1,347,417,346,-1,346,417,418,-1,346,418,345,-1,345,418,419,-1,345,419,344,-1,419,420,344,-1,344,420,421,-1,344,421,343,-1,422,423,364,-1,364,423,363,-1,363,423,362,-1,362,423,424,-1,362,424,361,-1,361,424,425,-1,361,425,360,-1,360,425,426,-1,360,426,359,-1,359,426,427,-1,359,427,358,-1,358,427,428,-1,358,428,357,-1,357,428,429,-1,357,429,356,-1,356,429,430,-1,356,430,355,-1,430,431,355,-1,355,431,432,-1,355,432,354,-1,433,281,365,-1,270,432,372,-1,372,432,434,-1,372,434,374,-1,374,434,435,-1,374,435,378,-1,378,435,436,-1,378,436,379,-1,379,436,437,-1,379,437,383,-1,383,437,438,-1,383,438,384,-1,384,438,439,-1,384,439,397,-1,397,439,440,-1,397,440,398,-1,398,440,441,-1,398,441,399,-1,399,441,442,-1,399,442,365,-1,365,442,443,-1,365,443,433,-1,401,400,444,-1,445,446,447,-1,448,449,450,-1,451,452,453,-1,412,402,403,-1,414,413,454,-1,454,413,412,-1,420,419,452,-1,452,419,418,-1,452,418,453,-1,453,418,417,-1,453,417,416,-1,421,420,455,-1,455,420,452,-1,455,452,456,-1,456,452,451,-1,456,451,457,-1,457,451,458,-1,412,403,454,-1,454,403,404,-1,454,404,459,-1,449,458,450,-1,450,458,451,-1,450,451,460,-1,460,451,453,-1,460,453,461,-1,461,453,416,-1,404,405,459,-1,459,405,406,-1,459,406,462,-1,446,448,447,-1,447,448,450,-1,447,450,463,-1,463,450,460,-1,463,460,464,-1,464,460,461,-1,406,407,462,-1,462,407,408,-1,462,408,465,-1,464,466,463,-1,463,466,467,-1,463,467,447,-1,447,467,468,-1,447,468,445,-1,415,414,469,-1,469,414,454,-1,469,454,470,-1,470,454,459,-1,470,459,471,-1,471,459,462,-1,471,462,472,-1,472,462,465,-1,472,465,473,-1,473,465,444,-1,473,444,400,-1,400,474,468,-1,468,474,475,-1,468,475,445,-1,466,476,467,-1,467,476,477,-1,467,477,468,-1,468,477,400,-1,476,478,477,-1,477,478,400,-1,408,409,465,-1,465,409,410,-1,465,410,444,-1,444,410,411,-1,444,411,401,-1,416,415,461,-1,461,415,469,-1,461,469,464,-1,464,469,470,-1,464,470,466,-1,466,470,471,-1,466,471,476,-1,476,471,472,-1,476,472,478,-1,478,472,473,-1,478,473,400,-1,479,433,480,-1,441,440,481,-1,439,438,482,-1,483,484,485,-1,423,422,486,-1,425,424,487,-1,487,424,423,-1,431,430,484,-1,484,430,429,-1,484,429,485,-1,485,429,428,-1,485,428,427,-1,432,431,434,-1,434,431,484,-1,434,484,435,-1,435,484,483,-1,435,483,436,-1,436,483,437,-1,423,486,487,-1,487,486,488,-1,487,488,489,-1,438,437,482,-1,482,437,483,-1,482,483,490,-1,490,483,485,-1,490,485,491,-1,491,485,427,-1,488,492,489,-1,489,492,493,-1,489,493,494,-1,440,439,481,-1,481,439,482,-1,481,482,495,-1,495,482,490,-1,495,490,496,-1,496,490,491,-1,493,497,494,-1,494,497,498,-1,494,498,499,-1,496,500,495,-1,495,500,501,-1,495,501,481,-1,481,501,502,-1,481,502,441,-1,426,425,503,-1,503,425,487,-1,503,487,504,-1,504,487,489,-1,504,489,505,-1,505,489,494,-1,505,494,506,-1,506,494,499,-1,506,499,507,-1,507,499,480,-1,507,480,433,-1,433,443,502,-1,502,443,442,-1,502,442,441,-1,500,508,501,-1,501,508,509,-1,501,509,502,-1,502,509,433,-1,508,510,509,-1,509,510,433,-1,498,511,499,-1,499,511,512,-1,499,512,480,-1,480,512,513,-1,480,513,479,-1,427,426,491,-1,491,426,503,-1,491,503,496,-1,496,503,504,-1,496,504,500,-1,500,504,505,-1,500,505,508,-1,508,505,506,-1,508,506,510,-1,510,506,507,-1,510,507,433,-1,400,433,479,-1,422,421,486,-1,486,421,455,-1,486,455,488,-1,488,455,456,-1,488,456,492,-1,492,456,457,-1,492,457,493,-1,493,457,458,-1,493,458,497,-1,497,458,449,-1,497,449,498,-1,498,449,448,-1,498,448,511,-1,511,448,446,-1,511,446,512,-1,512,446,445,-1,512,445,513,-1,513,445,475,-1,513,475,479,-1,479,475,474,-1,479,474,400,-1]}}
Shape{appearance Appearance{material Material{diffuseColor 0.34901960784313724 0.34901960784313724 0.34901960784313724 transparency 0.0}}geometry IndexedFaceSet{ccw TRUE solid FALSE coord Coordinate{point [-0.4731 -0.2172 0.4547, -0.4731 -0.2172 0.4626, -0.4718 -0.2274 0.4547, -0.4718 -0.2274 0.4626, -0.4678 -0.2369 0.4547, -0.4678 -0.2369 0.4626, -0.4616 -0.245 0.4547, -0.4616 -0.245 0.4626, -0.4534 -0.2513 0.4547, -0.4534 -0.2513 0.4626, -0.4439 -0.2552 0.4547, -0.4439 -0.2552 0.4626, -0.4337 -0.2566 0.4547, -0.4337 -0.2566 0.4626, -0.4235 -0.2552 0.4547, -0.4235 -0.2552 0.4626, -0.4141 -0.2513 0.4547, -0.4141 -0.2513 0.4626, -0.4059 -0.245 0.4547, -0.4059 -0.245 0.4626, -0.3996 -0.2369 0.4547, -0.3996 -0.2369 0.4626, -0.3957 -0.2274 0.4547, -0.3957 -0.2274 0.4626, -0.3944 -0.2172 0.4547, -0.3944 -0.2172 0.4626, -0.3957 -0.207 0.4547, -0.3957 -0.207 0.4626, -0.3996 -0.1975 0.4547, -0.3996 -0.1975 0.4626, -0.4059 -0.1894 0.4547, -0.4059 -0.1894 0.4626, -0.4141 -0.1831 0.4547, -0.4141 -0.1831 0.4626, -0.4235 -0.1792 0.4547, -0.4235 -0.1792 0.4626, -0.4337 -0.1778 0.4547, -0.4337 -0.1778 0.4626, -0.4439 -0.1792 0.4547, -0.4439 -0.1792 0.4626, -0.4534 -0.1831 0.4547, -0.4534 -0.1831 0.4626, -0.4616 -0.1894 0.4547, -0.4616 -0.1894 0.4626, -0.4678 -0.1975 0.4547, -0.4678 -0.1975 0.4626, -0.4718 -0.207 0.4547, -0.4718 -0.207 0.4626, -0.4337 -0.2172 0.4547]} coordIndex [0,1,2,-1,2,1,3,-1,2,3,4,-1,4,3,5,-1,4,5,6,-1,6,5,7,-1,6,7,8,-1,8,7,9,-1,8,9,10,-1,10,9,11,-1,10,11,12,-1,12,11,13,-1,12,13,14,-1,14,13,15,-1,14,15,16,-1,16,15,17,-1,16,17,18,-1,18,17,19,-1,18,19,20,-1,20,19,21,-1,20,21,22,-1,22,21,23,-1,22,23,24,-1,24,23,25,-1,24,25,26,-1,26,25,27,-1,26,27,28,-1,28,27,29,-1,28,29,30,-1,30,29,31,-1,30,31,32,-1,32,31,33,-1,32,33,34,-1,34,33,35,-1,34,35,36,-1,36,35,37,-1,36,37,38,-1,38,37,39,-1,38,39,40,-1,40,39,41,-1,40,41,42,-1,42,41,43,-1,42,43,44,-1,44,43,45,-1,44,45,46,-1,46,45,47,-1,46,47,0,-1,0,47,1,-1,44,46,48,-1,48,46,0,-1,48,0,2,-1,38,40,48,-1,48,40,42,-1,48,42,44,-1,32,34,48,-1,48,34,36,-1,48,36,38,-1,26,28,48,-1,48,28,30,-1,48,30,32,-1,20,22,48,-1,48,22,24,-1,48,24,26,-1,14,16,48,-1,48,16,18,-1,48,18,20,-1,8,10,48,-1,48,10,12,-1,48,12,14,-1,2,4,48,-1,48,4,6,-1,48,6,8,-1]}}
Shape{appearance Appearance{material Material{diffuseColor 0.6666666666666666 0.6666666666666666 0.6666666666666666 transparency 0.0}}geometry IndexedFaceSet{ccw TRUE solid FALSE coord Coordinate{point [0.3346 0.1535 0.0217, 0.2402 0.2165 0.0217, 0.3346 0.1535 0.0295, 0.2402 0.2165 0.0295, 0.3346 -0.1673 0.0217, 0.3346 -0.1673 0.0295, -0.3346 -0.1673 0.0217, -0.3346 -0.1673 0.0295, -0.3346 0.1535 0.0217, -0.3346 0.1535 0.0295, -0.2402 0.2165 0.0217, -0.2402 0.2165 0.0295]} coordIndex [0,1,2,-1,2,1,3,-1,4,0,5,-1,5,0,2,-1,6,4,7,-1,7,4,5,-1,8,6,9,-1,9,6,7,-1,10,8,11,-1,11,8,9,-1,1,10,3,-1,3,10,11,-1,1,0,4,-1,1,4,10,-1,10,4,6,-1,10,6,8,-1]}}
Shape{appearance Appearance{material Material{diffuseColor 1.0 1.0 1.0 transparency 0.0}}geometry IndexedFaceSet{ccw TRUE solid FALSE coord Coordinate{point [0.4472 0.2054 0.4665, 0.446 0.2039 0.4665, 0.4481 0.2021 0.4665, 0.4457 0.2037 0.4665, 0.4457 0.2004 0.4665, 0.4443 0.2026 0.4665, 0.4431 0.1994 0.4665, 0.4424 0.2019 0.4665, 0.4393 0.199 0.4665, 0.4393 0.2015 0.4665, 0.4331 0.199 0.4665, 0.436 0.2015 0.4665, 0.4331 0.2217 0.4665, 0.436 0.219 0.4665, 0.4395 0.2217 0.4665, 0.4394 0.219 0.4665, 0.443 0.2213 0.4665, 0.4424 0.2187 0.4665, 0.4457 0.2203 0.4665, 0.4443 0.218 0.4665, 0.4481 0.2187 0.4665, 0.446 0.2169 0.4665, 0.4489 0.2179 0.4665, 0.4468 0.2161 0.4665, 0.4503 0.2159 0.4665, 0.4476 0.2147 0.4665, 0.4512 0.2137 0.4665, 0.4482 0.213 0.4665, 0.4515 0.2106 0.4665, 0.4485 0.2105 0.4665, 0.4514 0.2088 0.4665, 0.4484 0.2091 0.4665, 0.4508 0.2062 0.4665, 0.448 0.2071 0.4665, 0.4496 0.2039 0.4665, 0.4481 0.2021 0.4626, 0.4496 0.2039 0.4626, 0.4508 0.2062 0.4626, 0.4514 0.2088 0.4626, 0.4515 0.2106 0.4626, 0.4481 0.2187 0.4626, 0.4482 0.2186 0.4626, 0.4489 0.2179 0.4626, 0.4503 0.2159 0.4626, 0.4512 0.2137 0.4626, 0.4457 0.2203 0.4626, 0.443 0.2213 0.4626, 0.4395 0.2217 0.4626, 0.4331 0.2217 0.4626, 0.4331 0.199 0.4626, 0.4331 0.2186 0.4626, 0.4393 0.199 0.4626, 0.4431 0.1994 0.4626, 0.4457 0.2004 0.4626, 0.446 0.2169 0.4626, 0.4468 0.2161 0.4626, 0.4476 0.2147 0.4626, 0.4482 0.213 0.4626, 0.4485 0.2105 0.4626, 0.4394 0.219 0.4626, 0.4424 0.2187 0.4626, 0.4443 0.218 0.4626, 0.436 0.219 0.4626, 0.436 0.2015 0.4626, 0.4393 0.2015 0.4626, 0.446 0.2039 0.4626, 0.4457 0.2037 0.4626, 0.4443 0.2026 0.4626, 0.4424 0.2019 0.4626, 0.4484 0.2091 0.4626, 0.448 0.2071 0.4626, 0.4472 0.2054 0.4626]} coordIndex [0,1,2,-1,2,1,3,-1,2,3,4,-1,4,3,5,-1,4,5,6,-1,6,5,7,-1,6,7,8,-1,8,7,9,-1,8,9,10,-1,10,9,11,-1,10,11,12,-1,12,11,13,-1,12,13,14,-1,14,13,15,-1,14,15,16,-1,16,15,17,-1,16,17,18,-1,18,17,19,-1,18,19,20,-1,20,19,21,-1,20,21,22,-1,22,21,23,-1,22,23,24,-1,24,23,25,-1,24,25,26,-1,26,25,27,-1,26,27,28,-1,28,27,29,-1,28,29,30,-1,30,29,31,-1,30,31,32,-1,32,31,33,-1,32,33,34,-1,34,33,0,-1,34,0,2,-1,2,35,36,-1,2,36,34,-1,34,36,37,-1,34,37,32,-1,32,37,38,-1,32,38,30,-1,30,38,39,-1,30,39,28,-1,40,20,41,-1,41,20,22,-1,41,22,42,-1,42,22,24,-1,42,24,43,-1,43,24,26,-1,43,26,44,-1,44,26,28,-1,44,28,39,-1,20,40,45,-1,20,45,18,-1,18,45,46,-1,18,46,16,-1,16,46,47,-1,16,47,14,-1,12,14,48,-1,48,14,47,-1,49,10,50,-1,50,10,12,-1,50,12,48,-1,8,10,51,-1,51,10,49,-1,8,51,52,-1,8,52,6,-1,6,52,53,-1,6,53,4,-1,4,53,35,-1,4,35,2,-1,21,54,55,-1,21,55,23,-1,23,55,56,-1,23,56,25,-1,25,56,57,-1,25,57,27,-1,27,57,58,-1,27,58,29,-1,15,59,60,-1,15,60,17,-1,17,60,61,-1,17,61,19,-1,19,61,54,-1,19,54,21,-1,15,13,59,-1,59,13,62,-1,13,11,62,-1,62,11,63,-1,11,9,63,-1,63,9,64,-1,1,65,66,-1,1,66,3,-1,3,66,67,-1,3,67,5,-1,5,67,68,-1,5,68,7,-1,7,68,64,-1,7,64,9,-1,29,58,69,-1,29,69,31,-1,31,69,70,-1,31,70,33,-1,33,70,71,-1,33,71,0,-1,0,71,65,-1,0,65,1,-1]}}
Shape{appearance Appearance{material Material{diffuseColor 0.20784313725490197 0.20784313725490197 0.20784313725490197 transparency 0.0}}geometry IndexedFaceSet{ccw TRUE solid FALSE coord Coordinate{point [0.436 0.219 0.4626, 0.436 0.2015 0.4626, 0.4394 0.219 0.4626, 0.4393 0.2015 0.4626, 0.4457 0.2037 0.4626, 0.446 0.2039 0.4626, 0.4424 0.2019 0.4626, 0.4443 0.2026 0.4626, 0.4484 0.2091 0.4626, 0.4485 0.2105 0.4626, 0.4472 0.2054 0.4626, 0.448 0.2071 0.4626, 0.4482 0.213 0.4626, 0.4476 0.2147 0.4626, 0.4468 0.2161 0.4626, 0.446 0.2169 0.4626, 0.4443 0.218 0.4626, 0.4424 0.2187 0.4626]} coordIndex [0,1,2,-1,2,1,3,-1,2,4,5,-1,3,6,2,-1,2,6,7,-1,2,7,4,-1,8,9,2,-1,5,10,2,-1,2,10,11,-1,2,11,8,-1,9,12,2,-1,2,12,13,-1,2,13,14,-1,14,15,2,-1,2,15,16,-1,2,16,17,-1]}}
Shape{appearance Appearance{material Material{diffuseColor 1.0 1.0 1.0 transparency 0.0}}geometry IndexedFaceSet{ccw TRUE solid FALSE coord Coordinate{point [0.4061 0.203 0.4665, 0.4061 0.203 0.4626, 0.4059 0.2022 0.4626, 0.4059 0.2022 0.4665, 0.4058 0.2017 0.4626, 0.4058 0.2017 0.4665, 0.4057 0.2017 0.4665, 0.4057 0.2017 0.4626, 0.4053 0.203 0.4665, 0.4053 0.203 0.4626, 0.4011 0.2152 0.4665, 0.4025 0.2112 0.4626, 0.4011 0.2152 0.4626, 0.3979 0.2152 0.4665, 0.3979 0.2152 0.4626, 0.4043 0.199 0.4665, 0.4025 0.2036 0.4626, 0.4043 0.199 0.4626, 0.403 0.196 0.4626, 0.403 0.196 0.4665, 0.4042 0.1988 0.4626, 0.4025 0.195 0.4626, 0.4025 0.195 0.4665, 0.402 0.1944 0.4626, 0.402 0.1944 0.4665, 0.4014 0.1941 0.4626, 0.4014 0.1941 0.4665, 0.4008 0.1938 0.4626, 0.4008 0.1938 0.4665, 0.4001 0.1938 0.4626, 0.4001 0.1938 0.4665, 0.3991 0.1939 0.4626, 0.3991 0.1939 0.4665, 0.3985 0.1941 0.4626, 0.3985 0.1941 0.4665, 0.3985 0.1916 0.4665, 0.3985 0.1916 0.4626, 0.3997 0.1913 0.4626, 0.3997 0.1913 0.4665, 0.4004 0.1913 0.4626, 0.4004 0.1913 0.4665, 0.4015 0.1915 0.4626, 0.4015 0.1915 0.4665, 0.4025 0.1918 0.4626, 0.4026 0.1919 0.4665, 0.4026 0.1919 0.4626, 0.4036 0.1926 0.4626, 0.4036 0.1926 0.4665, 0.4038 0.1928 0.4626, 0.4038 0.1928 0.4665, 0.4049 0.194 0.4626, 0.4049 0.194 0.4665, 0.4061 0.1965 0.4626, 0.4061 0.1965 0.4665, 0.4135 0.2152 0.4626, 0.4135 0.2152 0.4665, 0.407 0.1988 0.4626, 0.4105 0.2152 0.4665, 0.4105 0.2152 0.4626, 0.3899 0.1986 0.4626, 0.3917 0.1988 0.4626, 0.3899 0.1986 0.4665, 0.3922 0.1988 0.4665, 0.3922 0.1988 0.4626, 0.3938 0.1994 0.4626, 0.3938 0.1994 0.4665, 0.3946 0.1999 0.4626, 0.3946 0.1999 0.4665, 0.3954 0.2006 0.4626, 0.3954 0.2006 0.4665, 0.396 0.2013 0.4626, 0.396 0.2013 0.4665, 0.3963 0.2022 0.4626, 0.3963 0.2022 0.4665, 0.3965 0.2034 0.4626, 0.3965 0.2034 0.4665, 0.3963 0.2044 0.4626, 0.3963 0.2044 0.4665, 0.396 0.2053 0.4626, 0.396 0.2053 0.4665, 0.3955 0.206 0.4626, 0.3955 0.206 0.4665, 0.3948 0.2067 0.4626, 0.3948 0.2067 0.4665, 0.3929 0.2077 0.4626, 0.3929 0.2077 0.4665, 0.3918 0.2081 0.4626, 0.3918 0.2081 0.4665, 0.3901 0.2089 0.4626, 0.3901 0.2089 0.4665, 0.3891 0.2095 0.4626, 0.3891 0.2095 0.4665, 0.3888 0.2098 0.4626, 0.3888 0.2098 0.4665, 0.3886 0.2102 0.4626, 0.3886 0.2102 0.4665, 0.3885 0.2107 0.4626, 0.3885 0.2107 0.4665, 0.3885 0.2111 0.4626, 0.3885 0.2111 0.4665, 0.3885 0.2115 0.4626, 0.3885 0.2115 0.4665, 0.3886 0.2119 0.4626, 0.3886 0.2119 0.4665, 0.3889 0.2122 0.4626, 0.3889 0.2122 0.4665, 0.3893 0.2126 0.4626, 0.3893 0.2126 0.4665, 0.39 0.213 0.4626, 0.39 0.213 0.4665, 0.3907 0.2132 0.4626, 0.3907 0.2132 0.4665, 0.3916 0.2132 0.4626, 0.3916 0.2132 0.4665, 0.3935 0.213 0.4626, 0.3935 0.213 0.4665, 0.3951 0.2124 0.4626, 0.3951 0.2124 0.4665, 0.3957 0.2121 0.4626, 0.3957 0.2121 0.4665, 0.3957 0.2148 0.4665, 0.3957 0.2148 0.4626, 0.3937 0.2154 0.4626, 0.3937 0.2154 0.4665, 0.3918 0.2155 0.4626, 0.3918 0.2155 0.4665, 0.3897 0.2153 0.4626, 0.3897 0.2153 0.4665, 0.3881 0.2147 0.4626, 0.3881 0.2147 0.4665, 0.3873 0.2143 0.4626, 0.3873 0.2143 0.4665, 0.3868 0.2138 0.4626, 0.3865 0.2135 0.4665, 0.3865 0.2135 0.4626, 0.386 0.2127 0.4626, 0.386 0.2127 0.4665, 0.3856 0.2118 0.4626, 0.3856 0.2118 0.4665, 0.3855 0.2108 0.4626, 0.3855 0.2108 0.4665, 0.3856 0.2097 0.4626, 0.3856 0.2097 0.4665, 0.386 0.2088 0.4626, 0.386 0.2088 0.4665, 0.3863 0.2082 0.4626, 0.3863 0.2082 0.4665, 0.3898 0.2061 0.4626, 0.3898 0.2061 0.4665, 0.3881 0.2069 0.4665, 0.3868 0.2077 0.4626, 0.3868 0.2077 0.4665, 0.3868 0.2077 0.4626, 0.3881 0.2069 0.4626, 0.3917 0.2053 0.4626, 0.3917 0.2053 0.4665, 0.3928 0.2046 0.4626, 0.3928 0.2046 0.4665, 0.3932 0.2043 0.4626, 0.3932 0.2043 0.4665, 0.3934 0.2039 0.4626, 0.3934 0.2039 0.4665, 0.3935 0.2034 0.4626, 0.3935 0.2034 0.4665, 0.3935 0.2031 0.4626, 0.3935 0.2031 0.4665, 0.3935 0.2025 0.4626, 0.3935 0.2025 0.4665, 0.3933 0.2021 0.4626, 0.3933 0.2021 0.4665, 0.3931 0.2018 0.4626, 0.3931 0.2018 0.4665, 0.3928 0.2015 0.4626, 0.3928 0.2015 0.4665, 0.3925 0.2013 0.4626, 0.3925 0.2013 0.4665, 0.3918 0.2011 0.4626, 0.3918 0.2011 0.4665, 0.3903 0.2009 0.4626, 0.3903 0.2009 0.4665, 0.3902 0.2009 0.4626, 0.3902 0.2009 0.4665, 0.3855 0.2025 0.4626, 0.3855 0.2025 0.4665, 0.3865 0.2018 0.4665, 0.3883 0.2011 0.4626, 0.3883 0.2011 0.4665, 0.3868 0.2017 0.4626, 0.3865 0.2018 0.4626, 0.3855 0.1995 0.4665, 0.3855 0.1995 0.4626, 0.3868 0.1991 0.4626, 0.3874 0.1989 0.4665, 0.3882 0.1988 0.4626, 0.3874 0.1989 0.4626, 0.3788 0.199 0.4665, 0.3817 0.199 0.4665, 0.3788 0.2015 0.4665, 0.3817 0.2094 0.4665, 0.3788 0.2093 0.4665, 0.3726 0.2059 0.4665, 0.3733 0.2062 0.4665, 0.3787 0.2015 0.4665, 0.3772 0.2019 0.4665, 0.3783 0.2008 0.4665, 0.3764 0.2013 0.4665, 0.375 0.2066 0.4665, 0.3788 0.2071 0.4665, 0.3788 0.2055 0.4665, 0.3788 0.2053 0.4665, 0.3786 0.2041 0.4665, 0.3782 0.2031 0.4665, 0.3776 0.2022 0.4665, 0.3787 0.2105 0.4665, 0.3814 0.2116 0.4665, 0.3784 0.2115 0.4665, 0.381 0.2129 0.4665, 0.3781 0.2121 0.4665, 0.3804 0.2138 0.4665, 0.3777 0.2126 0.4665, 0.3796 0.2145 0.4665, 0.3772 0.2129 0.4665, 0.3786 0.215 0.4665, 0.3765 0.2131 0.4665, 0.3774 0.2154 0.4665, 0.3755 0.2132 0.4665, 0.3758 0.2155 0.4665, 0.3738 0.213 0.4665, 0.3729 0.2152 0.4665, 0.372 0.2124 0.4665, 0.3708 0.2144 0.4665, 0.3702 0.2113 0.4665, 0.3702 0.214 0.4665, 0.3721 0.2019 0.4665, 0.37 0.1999 0.4665, 0.3723 0.2016 0.4665, 0.371 0.1992 0.4665, 0.3729 0.2013 0.4665, 0.3721 0.1988 0.4665, 0.3735 0.201 0.4665, 0.3738 0.1986 0.4665, 0.3745 0.2009 0.4665, 0.3752 0.1987 0.4665, 0.3756 0.201 0.4665, 0.3764 0.1992 0.4665, 0.3774 0.1998 0.4665, 0.374 0.2086 0.4665, 0.3718 0.208 0.4665, 0.3723 0.2056 0.4665, 0.3706 0.2074 0.4665, 0.3719 0.2052 0.4665, 0.3698 0.2067 0.4665, 0.3717 0.2046 0.4665, 0.3692 0.2058 0.4665, 0.3715 0.204 0.4665, 0.3688 0.2048 0.4665, 0.3715 0.2035 0.4665, 0.3686 0.2033 0.4665, 0.3716 0.2029 0.4665, 0.3688 0.202 0.4665, 0.3718 0.2024 0.4665, 0.3691 0.201 0.4665, 0.3697 0.2002 0.4665, 0.3755 0.2132 0.4626, 0.3765 0.2131 0.4626, 0.3772 0.2129 0.4626, 0.3777 0.2126 0.4626, 0.3781 0.2121 0.4626, 0.3784 0.2115 0.4626, 0.3787 0.2105 0.4626, 0.3788 0.2093 0.4626, 0.374 0.2086 0.4626, 0.3718 0.208 0.4626, 0.3706 0.2074 0.4626, 0.3698 0.2067 0.4626, 0.3692 0.2058 0.4626, 0.3688 0.2048 0.4626, 0.3686 0.2033 0.4626, 0.3688 0.202 0.4626, 0.3691 0.201 0.4626, 0.3697 0.2002 0.4626, 0.37 0.1999 0.4626, 0.3738 0.1986 0.4626, 0.3721 0.1988 0.4626, 0.3721 0.1988 0.4626, 0.371 0.1992 0.4626, 0.3752 0.1987 0.4626, 0.3753 0.1988 0.4626, 0.3764 0.1992 0.4626, 0.3774 0.1998 0.4626, 0.3783 0.2008 0.4626, 0.3787 0.2015 0.4626, 0.3788 0.2015 0.4626, 0.3788 0.199 0.4626, 0.3817 0.199 0.4626, 0.3817 0.2094 0.4626, 0.3814 0.2116 0.4626, 0.381 0.2129 0.4626, 0.3804 0.2138 0.4626, 0.3796 0.2145 0.4626, 0.3786 0.215 0.4626, 0.3774 0.2154 0.4626, 0.3758 0.2155 0.4626, 0.3729 0.2152 0.4626, 0.3708 0.2144 0.4626, 0.3702 0.214 0.4626, 0.3702 0.2113 0.4626, 0.372 0.2124 0.4626, 0.3738 0.213 0.4626, 0.3776 0.2022 0.4626, 0.3772 0.2019 0.4626, 0.3764 0.2013 0.4626, 0.3756 0.201 0.4626, 0.3745 0.2009 0.4626, 0.3788 0.2055 0.4626, 0.3788 0.2053 0.4626, 0.3786 0.2041 0.4626, 0.3782 0.2031 0.4626, 0.3788 0.2071 0.4626, 0.375 0.2066 0.4626, 0.3723 0.2056 0.4626, 0.3726 0.2059 0.4626, 0.3733 0.2062 0.4626, 0.3715 0.2035 0.4626, 0.3715 0.204 0.4626, 0.3717 0.2046 0.4626, 0.3719 0.2052 0.4626, 0.3723 0.2016 0.4626, 0.3721 0.2019 0.4626, 0.3718 0.2024 0.4626, 0.3716 0.2029 0.4626, 0.3735 0.201 0.4626, 0.3729 0.2013 0.4626]} coordIndex [0,1,2,-1,0,2,3,-1,3,2,4,-1,3,4,5,-1,6,5,7,-1,7,5,4,-1,8,6,9,-1,9,6,7,-1,8,9,10,-1,10,9,11,-1,10,11,12,-1,13,10,14,-1,14,10,12,-1,13,14,15,-1,15,14,16,-1,15,16,17,-1,18,19,20,-1,20,19,15,-1,20,15,17,-1,19,18,21,-1,19,21,22,-1,22,21,23,-1,22,23,24,-1,24,23,25,-1,24,25,26,-1,26,25,27,-1,26,27,28,-1,28,27,29,-1,28,29,30,-1,30,29,31,-1,30,31,32,-1,32,31,33,-1,32,33,34,-1,35,34,36,-1,36,34,33,-1,35,36,37,-1,35,37,38,-1,38,37,39,-1,38,39,40,-1,40,39,41,-1,40,41,42,-1,42,41,43,-1,42,43,44,-1,43,45,44,-1,44,45,46,-1,44,46,47,-1,47,46,48,-1,47,48,49,-1,49,48,50,-1,49,50,51,-1,51,50,52,-1,51,52,53,-1,54,55,56,-1,56,55,53,-1,56,53,52,-1,57,55,58,-1,58,55,54,-1,0,57,1,-1,1,57,58,-1,3,5,53,-1,55,57,53,-1,53,57,0,-1,53,0,3,-1,10,13,8,-1,8,13,15,-1,8,15,6,-1,51,22,49,-1,49,22,24,-1,34,35,32,-1,32,35,38,-1,32,38,30,-1,30,38,40,-1,30,40,28,-1,28,40,42,-1,28,42,26,-1,26,42,44,-1,26,44,24,-1,24,44,47,-1,24,47,49,-1,5,6,53,-1,53,6,15,-1,53,15,51,-1,51,15,19,-1,51,19,22,-1,59,60,61,-1,61,60,62,-1,60,63,62,-1,62,63,64,-1,62,64,65,-1,65,64,66,-1,65,66,67,-1,67,66,68,-1,67,68,69,-1,69,68,70,-1,69,70,71,-1,71,70,72,-1,71,72,73,-1,73,72,74,-1,73,74,75,-1,75,74,76,-1,75,76,77,-1,77,76,78,-1,77,78,79,-1,79,78,80,-1,79,80,81,-1,81,80,82,-1,81,82,83,-1,83,82,84,-1,83,84,85,-1,85,84,86,-1,85,86,87,-1,87,86,88,-1,87,88,89,-1,89,88,90,-1,89,90,91,-1,91,90,92,-1,91,92,93,-1,93,92,94,-1,93,94,95,-1,95,94,96,-1,95,96,97,-1,97,96,98,-1,97,98,99,-1,99,98,100,-1,99,100,101,-1,101,100,102,-1,101,102,103,-1,103,102,104,-1,103,104,105,-1,105,104,106,-1,105,106,107,-1,107,106,108,-1,107,108,109,-1,109,108,110,-1,109,110,111,-1,111,110,112,-1,111,112,113,-1,113,112,114,-1,113,114,115,-1,115,114,116,-1,115,116,117,-1,117,116,118,-1,117,118,119,-1,120,119,121,-1,121,119,118,-1,120,121,122,-1,120,122,123,-1,123,122,124,-1,123,124,125,-1,125,124,126,-1,125,126,127,-1,127,126,128,-1,127,128,129,-1,129,128,130,-1,129,130,131,-1,130,132,131,-1,131,132,133,-1,132,134,133,-1,133,134,135,-1,133,135,136,-1,136,135,137,-1,136,137,138,-1,138,137,139,-1,138,139,140,-1,140,139,141,-1,140,141,142,-1,142,141,143,-1,142,143,144,-1,144,143,145,-1,144,145,146,-1,147,148,149,-1,146,145,150,-1,146,150,151,-1,151,150,152,-1,151,152,149,-1,149,152,153,-1,149,153,147,-1,148,147,154,-1,148,154,155,-1,155,154,156,-1,155,156,157,-1,157,156,158,-1,157,158,159,-1,159,158,160,-1,159,160,161,-1,161,160,162,-1,161,162,163,-1,163,162,164,-1,163,164,165,-1,165,164,166,-1,165,166,167,-1,167,166,168,-1,167,168,169,-1,169,168,170,-1,169,170,171,-1,171,170,172,-1,171,172,173,-1,173,172,174,-1,173,174,175,-1,175,174,176,-1,175,176,177,-1,177,176,178,-1,177,178,179,-1,179,178,180,-1,179,180,181,-1,182,183,184,-1,181,180,185,-1,181,185,186,-1,186,185,187,-1,186,187,184,-1,184,187,188,-1,184,188,182,-1,189,183,190,-1,190,183,182,-1,190,191,189,-1,189,191,192,-1,59,61,193,-1,193,61,192,-1,193,192,194,-1,194,192,191,-1,105,107,129,-1,129,107,127,-1,155,87,148,-1,148,87,89,-1,65,67,171,-1,171,67,69,-1,171,69,169,-1,169,69,71,-1,169,71,167,-1,167,71,73,-1,167,73,165,-1,165,73,75,-1,165,75,163,-1,163,75,77,-1,163,77,161,-1,161,77,79,-1,161,79,159,-1,159,79,81,-1,159,81,157,-1,157,81,83,-1,157,83,155,-1,155,83,85,-1,155,85,87,-1,61,181,192,-1,192,181,186,-1,192,186,189,-1,189,186,184,-1,189,184,183,-1,107,109,127,-1,127,109,111,-1,127,111,125,-1,125,111,113,-1,125,113,123,-1,123,113,115,-1,123,115,120,-1,120,115,117,-1,120,117,119,-1,171,173,65,-1,65,173,175,-1,65,175,62,-1,62,175,177,-1,62,177,61,-1,61,177,179,-1,61,179,181,-1,129,131,105,-1,105,131,133,-1,105,133,103,-1,103,133,136,-1,103,136,101,-1,101,136,138,-1,101,138,99,-1,99,138,140,-1,99,140,97,-1,97,140,142,-1,97,142,95,-1,95,142,144,-1,95,144,93,-1,93,144,146,-1,93,146,91,-1,91,146,151,-1,91,151,89,-1,89,151,149,-1,89,149,148,-1,195,196,197,-1,197,196,198,-1,199,200,201,-1,202,203,204,-1,204,203,205,-1,206,207,198,-1,198,207,208,-1,208,209,198,-1,198,209,210,-1,198,210,197,-1,197,210,211,-1,197,211,202,-1,202,211,212,-1,202,212,203,-1,201,206,199,-1,199,206,198,-1,199,198,213,-1,213,198,214,-1,213,214,215,-1,215,214,216,-1,215,216,217,-1,217,216,218,-1,217,218,219,-1,219,218,220,-1,219,220,221,-1,221,220,222,-1,221,222,223,-1,223,222,224,-1,223,224,225,-1,225,224,226,-1,225,226,227,-1,227,226,228,-1,227,228,229,-1,229,228,230,-1,229,230,231,-1,231,230,232,-1,233,234,235,-1,235,234,236,-1,235,236,237,-1,237,236,238,-1,237,238,239,-1,239,238,240,-1,239,240,241,-1,241,240,242,-1,241,242,243,-1,243,242,244,-1,243,244,205,-1,205,244,245,-1,205,245,204,-1,199,246,200,-1,200,246,247,-1,200,247,248,-1,248,247,249,-1,248,249,250,-1,250,249,251,-1,250,251,252,-1,252,251,253,-1,252,253,254,-1,254,253,255,-1,254,255,256,-1,256,255,257,-1,256,257,258,-1,258,257,259,-1,258,259,260,-1,260,259,261,-1,260,261,233,-1,233,261,262,-1,233,262,234,-1,225,263,264,-1,225,264,223,-1,223,264,265,-1,223,265,221,-1,221,265,266,-1,221,266,219,-1,219,266,267,-1,219,267,217,-1,217,267,268,-1,217,268,215,-1,215,268,269,-1,215,269,213,-1,213,269,270,-1,213,270,199,-1,246,199,271,-1,271,199,270,-1,246,271,272,-1,246,272,247,-1,247,272,273,-1,247,273,249,-1,249,273,274,-1,249,274,251,-1,251,274,275,-1,251,275,253,-1,253,275,276,-1,253,276,255,-1,255,276,277,-1,255,277,257,-1,257,277,278,-1,257,278,259,-1,259,278,279,-1,259,279,261,-1,261,279,280,-1,261,280,262,-1,262,280,281,-1,262,281,234,-1,282,240,283,-1,283,240,238,-1,283,238,284,-1,284,238,236,-1,284,236,285,-1,285,236,234,-1,285,234,281,-1,240,282,286,-1,240,286,242,-1,242,286,287,-1,242,287,244,-1,287,288,244,-1,244,288,289,-1,244,289,245,-1,245,289,290,-1,245,290,204,-1,204,290,291,-1,204,291,202,-1,197,202,292,-1,292,202,291,-1,195,197,293,-1,293,197,292,-1,196,195,294,-1,294,195,293,-1,198,196,295,-1,295,196,294,-1,198,295,296,-1,198,296,214,-1,214,296,297,-1,214,297,216,-1,216,297,298,-1,216,298,218,-1,218,298,299,-1,218,299,220,-1,220,299,300,-1,220,300,222,-1,222,300,301,-1,222,301,224,-1,224,301,302,-1,224,302,226,-1,226,302,303,-1,226,303,228,-1,228,303,304,-1,228,304,230,-1,230,304,305,-1,230,305,232,-1,231,232,306,-1,306,232,305,-1,231,306,307,-1,231,307,229,-1,229,307,308,-1,229,308,227,-1,227,308,263,-1,227,263,225,-1,212,309,310,-1,212,310,203,-1,203,310,311,-1,203,311,205,-1,205,311,312,-1,205,312,243,-1,243,312,313,-1,243,313,241,-1,208,314,315,-1,208,315,209,-1,209,315,316,-1,209,316,210,-1,210,316,317,-1,210,317,211,-1,211,317,309,-1,211,309,212,-1,208,207,314,-1,314,207,318,-1,207,206,318,-1,318,206,319,-1,248,320,321,-1,248,321,200,-1,200,321,322,-1,200,322,201,-1,201,322,319,-1,201,319,206,-1,256,323,324,-1,256,324,254,-1,254,324,325,-1,254,325,252,-1,252,325,326,-1,252,326,250,-1,250,326,320,-1,250,320,248,-1,235,327,328,-1,235,328,233,-1,233,328,329,-1,233,329,260,-1,260,329,330,-1,260,330,258,-1,258,330,323,-1,258,323,256,-1,241,313,331,-1,241,331,239,-1,239,331,332,-1,239,332,237,-1,237,332,327,-1,237,327,235,-1]}}
Shape{appearance Appearance{material Material{diffuseColor 0.20784313725490197 0.20784313725490197 0.20784313725490197 transparency 0.0}}geometry IndexedFaceSet{ccw TRUE solid FALSE coord Coordinate{point [0.3788 0.2053 0.4626, 0.3788 0.2055 0.4626, 0.3723 0.2056 0.4626, 0.3788 0.2071 0.4626, 0.375 0.2066 0.4626, 0.3733 0.2062 0.4626, 0.3726 0.2059 0.4626, 0.3786 0.2041 0.4626, 0.3719 0.2052 0.4626, 0.3782 0.2031 0.4626, 0.3721 0.2019 0.4626, 0.3723 0.2016 0.4626, 0.3772 0.2019 0.4626, 0.3718 0.2024 0.4626, 0.3764 0.2013 0.4626, 0.3756 0.201 0.4626, 0.3745 0.2009 0.4626, 0.3717 0.2046 0.4626, 0.3715 0.204 0.4626, 0.3776 0.2022 0.4626, 0.3715 0.2035 0.4626, 0.3716 0.2029 0.4626, 0.3729 0.2013 0.4626, 0.3735 0.201 0.4626]} coordIndex [0,1,2,-1,1,3,4,-1,4,5,1,-1,1,5,6,-1,1,6,2,-1,0,2,7,-1,7,2,8,-1,7,8,9,-1,10,11,12,-1,10,12,13,-1,14,12,15,-1,15,12,16,-1,8,17,9,-1,9,17,18,-1,9,18,19,-1,19,18,20,-1,19,20,12,-1,12,20,21,-1,12,21,13,-1,11,22,12,-1,12,22,23,-1,12,23,16,-1]}}
Shape{appearance Appearance{material Material{diffuseColor 1.0 1.0 1.0 transparency 0.0}}geometry IndexedFaceSet{ccw TRUE solid FALSE coord Coordinate{point [0.2535 0.1957 0.4665, 0.2559 0.1928 0.4665, 0.252 0.21 0.4665, 0.2833 0.206 0.4665, 0.3059 0.2179 0.4665, 0.2733 0.205 0.4665, 0.2729 0.2065 0.4665, 0.2492 0.2381 0.4665, 0.2528 0.24 0.4665, 0.2519 0.2499 0.4665, 0.2793 0.2152 0.4665, 0.267 0.2105 0.4665, 0.2684 0.2104 0.4665, 0.262 0.2504 0.4665, 0.267 0.2386 0.4665, 0.2695 0.2437 0.4665, 0.2699 0.2098 0.4665, 0.2712 0.2089 0.4665, 0.2722 0.2078 0.4665, 0.2485 0.2122 0.4665, 0.2498 0.1998 0.4665, 0.2518 0.1992 0.4665, 0.2583 0.2507 0.4665, 0.3009 0.2265 0.4665, 0.2833 0.2044 0.4665, 0.2733 0.2035 0.4665, 0.2832 0.2027 0.4665, 0.2654 0.2103 0.4665, 0.2633 0.2202 0.4665, 0.264 0.2097 0.4665, 0.2598 0.2188 0.4665, 0.2628 0.2088 0.4665, 0.2565 0.2165 0.4665, 0.2621 0.2082 0.4665, 0.2538 0.2135 0.4665, 0.2613 0.2068 0.4665, 0.2608 0.2053 0.4665, 0.2607 0.2037 0.4665, 0.273 0.2196 0.4665, 0.2691 0.2205 0.4665, 0.2672 0.2207 0.4665, 0.3112 0.2339 0.4665, 0.3125 0.2339 0.4665, 0.3191 0.2426 0.4665, 0.3156 0.2335 0.4665, 0.3199 0.2423 0.4665, 0.3184 0.2324 0.4665, 0.3247 0.24 0.4665, 0.3291 0.2363 0.4665, 0.2653 0.2542 0.4665, 0.2731 0.248 0.4665, 0.2691 0.2575 0.4665, 0.2774 0.2512 0.4665, 0.2731 0.2599 0.4665, 0.2568 0.2409 0.4665, 0.2585 0.241 0.4665, 0.2602 0.2506 0.4665, 0.2623 0.2405 0.4665, 0.2659 0.2392 0.4665, 0.3291 0.2061 0.4665, 0.3216 0.2126 0.4665, 0.3248 0.2024 0.4665, 0.3192 0.2106 0.4665, 0.3198 0.2 0.4665, 0.3164 0.2093 0.4665, 0.3145 0.1989 0.4665, 0.3135 0.2087 0.4665, 0.3049 0.1989 0.4665, 0.3062 0.2087 0.4665, 0.304 0.199 0.4665, 0.2765 0.2177 0.4665, 0.3209 0.2307 0.4665, 0.3228 0.2286 0.4665, 0.3324 0.2317 0.4665, 0.3243 0.2258 0.4665, 0.3344 0.2267 0.4665, 0.325 0.2227 0.4665, 0.3351 0.2215 0.4665, 0.3251 0.2213 0.4665, 0.3344 0.2157 0.4665, 0.3247 0.2182 0.4665, 0.3323 0.2106 0.4665, 0.3236 0.2153 0.4665, 0.3218 0.2128 0.4665, 0.3104 0.2554 0.4665, 0.3041 0.248 0.4665, 0.3158 0.2491 0.4665, 0.3077 0.2436 0.4665, 0.3102 0.2384 0.4665, 0.2428 0.2288 0.4665, 0.2322 0.2261 0.4665, 0.2423 0.2249 0.4665, 0.2322 0.2245 0.4665, 0.2425 0.2224 0.4665, 0.2329 0.2182 0.4665, 0.2437 0.2184 0.4665, 0.2353 0.2122 0.4665, 0.2456 0.2152 0.4665, 0.2389 0.2069 0.4665, 0.244 0.2027 0.4665, 0.261 0.2022 0.4665, 0.2617 0.2009 0.4665, 0.2806 0.2628 0.4665, 0.2827 0.2533 0.4665, 0.2885 0.2638 0.4665, 0.2886 0.2541 0.4665, 0.2955 0.263 0.4665, 0.2941 0.2534 0.4665, 0.3035 0.26 0.4665, 0.2992 0.2515 0.4665, 0.3037 0.2483 0.4665, 0.246 0.2476 0.4665, 0.2408 0.244 0.4665, 0.2464 0.2356 0.4665, 0.2397 0.2429 0.4665, 0.2442 0.2324 0.4665, 0.2359 0.238 0.4665, 0.2333 0.2321 0.4665, 0.2823 0.1987 0.4665, 0.2729 0.2019 0.4665, 0.2804 0.1951 0.4665, 0.2721 0.2005 0.4665, 0.2779 0.1923 0.4665, 0.2713 0.1996 0.4665, 0.2747 0.1901 0.4665, 0.27 0.1987 0.4665, 0.2711 0.1887 0.4665, 0.2686 0.1981 0.4665, 0.2672 0.1882 0.4665, 0.267 0.1979 0.4665, 0.2666 0.1882 0.4665, 0.2667 0.1979 0.4665, 0.2627 0.1888 0.4665, 0.2653 0.1982 0.4665, 0.259 0.1904 0.4665, 0.2638 0.1988 0.4665, 0.2626 0.1997 0.4665, 0.3054 0.2089 0.4665, 0.3015 0.2006 0.4665, 0.3019 0.2002 0.4665, 0.3059 0.2088 0.4665, 0.303 0.1994 0.4665, 0.3003 0.2039 0.4665, 0.3004 0.2027 0.4665, 0.3008 0.2016 0.4665, 0.304 0.2087 0.4665, 0.3029 0.2083 0.4665, 0.3003 0.2045 0.4665, 0.3019 0.2076 0.4665, 0.3012 0.2068 0.4665, 0.3006 0.2057 0.4665, 0.3053 0.2089 0.4665, 0.3351 0.2215 0.4626, 0.3344 0.2267 0.4626, 0.3338 0.2281 0.4626, 0.3324 0.2317 0.4626, 0.3291 0.2363 0.4626, 0.3247 0.24 0.4626, 0.3199 0.2423 0.4626, 0.3191 0.2426 0.4626, 0.3158 0.2491 0.4626, 0.3104 0.2554 0.4626, 0.3068 0.2579 0.4626, 0.3035 0.26 0.4626, 0.2955 0.263 0.4626, 0.2885 0.2638 0.4626, 0.2691 0.2575 0.4626, 0.2698 0.2579 0.4626, 0.2731 0.2599 0.4626, 0.2806 0.2628 0.4626, 0.2653 0.2542 0.4626, 0.262 0.2504 0.4626, 0.2602 0.2506 0.4626, 0.2583 0.2507 0.4626, 0.2519 0.2499 0.4626, 0.246 0.2476 0.4626, 0.2408 0.244 0.4626, 0.2397 0.2429 0.4626, 0.2322 0.2245 0.4626, 0.2359 0.238 0.4626, 0.2333 0.2321 0.4626, 0.2326 0.2281 0.4626, 0.2322 0.2261 0.4626, 0.2329 0.2186 0.4626, 0.2329 0.2182 0.4626, 0.2353 0.2122 0.4626, 0.2389 0.2069 0.4626, 0.244 0.2027 0.4626, 0.2498 0.1998 0.4626, 0.2518 0.1992 0.4626, 0.252 0.1988 0.4626, 0.2535 0.1957 0.4626, 0.2559 0.1928 0.4626, 0.259 0.1904 0.4626, 0.2627 0.1888 0.4626, 0.2666 0.1882 0.4626, 0.2672 0.1882 0.4626, 0.2833 0.2044 0.4626, 0.2711 0.1887 0.4626, 0.2747 0.1901 0.4626, 0.2779 0.1923 0.4626, 0.2804 0.1951 0.4626, 0.2823 0.1987 0.4626, 0.2823 0.1988 0.4626, 0.2832 0.2027 0.4626, 0.2833 0.206 0.4626, 0.3059 0.2179 0.4626, 0.3009 0.2265 0.4626, 0.3055 0.2186 0.4626, 0.2858 0.2186 0.4626, 0.2793 0.2152 0.4626, 0.2765 0.2177 0.4626, 0.2749 0.2186 0.4626, 0.273 0.2196 0.4626, 0.2691 0.2205 0.4626, 0.2672 0.2207 0.4626, 0.2633 0.2202 0.4626, 0.2598 0.2188 0.4626, 0.2594 0.2186 0.4626, 0.2565 0.2165 0.4626, 0.2538 0.2135 0.4626, 0.252 0.21 0.4626, 0.2423 0.2249 0.4626, 0.2485 0.2122 0.4626, 0.2456 0.2152 0.4626, 0.2437 0.2184 0.4626, 0.2436 0.2186 0.4626, 0.2425 0.2224 0.4626, 0.2427 0.2281 0.4626, 0.2428 0.2288 0.4626, 0.2442 0.2324 0.4626, 0.2464 0.2356 0.4626, 0.2492 0.2381 0.4626, 0.2528 0.24 0.4626, 0.2568 0.2409 0.4626, 0.2585 0.241 0.4626, 0.2623 0.2405 0.4626, 0.2659 0.2392 0.4626, 0.267 0.2386 0.4626, 0.2695 0.2437 0.4626, 0.2731 0.248 0.4626, 0.2774 0.2512 0.4626, 0.2827 0.2533 0.4626, 0.2886 0.2541 0.4626, 0.2941 0.2534 0.4626, 0.2992 0.2515 0.4626, 0.3037 0.2483 0.4626, 0.3041 0.248 0.4626, 0.3077 0.2436 0.4626, 0.3102 0.2384 0.4626, 0.3112 0.2339 0.4626, 0.3125 0.2339 0.4626, 0.3156 0.2335 0.4626, 0.3184 0.2324 0.4626, 0.3209 0.2307 0.4626, 0.3228 0.2286 0.4626, 0.323 0.2281 0.4626, 0.3243 0.2258 0.4626, 0.325 0.2227 0.4626, 0.3251 0.2213 0.4626, 0.3248 0.2186 0.4626, 0.3247 0.2182 0.4626, 0.3236 0.2153 0.4626, 0.3218 0.2128 0.4626, 0.3216 0.2126 0.4626, 0.3192 0.2106 0.4626, 0.3164 0.2093 0.4626, 0.3135 0.2087 0.4626, 0.3062 0.2087 0.4626, 0.3059 0.2088 0.4626, 0.3054 0.2089 0.4626, 0.3053 0.2089 0.4626, 0.304 0.2087 0.4626, 0.3029 0.2083 0.4626, 0.3019 0.2076 0.4626, 0.3012 0.2068 0.4626, 0.3006 0.2057 0.4626, 0.3003 0.2045 0.4626, 0.3003 0.2039 0.4626, 0.3004 0.2027 0.4626, 0.3008 0.2016 0.4626, 0.3015 0.2006 0.4626, 0.3019 0.2002 0.4626, 0.303 0.1994 0.4626, 0.304 0.199 0.4626, 0.3049 0.1989 0.4626, 0.3145 0.1989 0.4626, 0.3198 0.2 0.4626, 0.3248 0.2024 0.4626, 0.3291 0.2061 0.4626, 0.3323 0.2106 0.4626, 0.3344 0.2157 0.4626, 0.3347 0.2186 0.4626, 0.267 0.2105 0.4626, 0.2684 0.2104 0.4626, 0.2699 0.2098 0.4626, 0.2712 0.2089 0.4626, 0.2722 0.2078 0.4626, 0.2729 0.2065 0.4626, 0.2733 0.205 0.4626, 0.2733 0.2035 0.4626, 0.2729 0.2019 0.4626, 0.2721 0.2005 0.4626, 0.2713 0.1996 0.4626, 0.27 0.1987 0.4626, 0.2686 0.1981 0.4626, 0.267 0.1979 0.4626, 0.2667 0.1979 0.4626, 0.2653 0.1982 0.4626, 0.2638 0.1988 0.4626, 0.2626 0.1997 0.4626, 0.2617 0.2009 0.4626, 0.261 0.2022 0.4626, 0.2607 0.2037 0.4626, 0.2608 0.2053 0.4626, 0.2613 0.2068 0.4626, 0.2621 0.2082 0.4626, 0.2628 0.2088 0.4626, 0.264 0.2097 0.4626, 0.2654 0.2103 0.4626]} coordIndex [0,1,2,-1,3,4,5,-1,5,4,6,-1,7,8,9,-1,10,11,12,-1,13,14,15,-1,12,16,10,-1,10,16,17,-1,10,17,18,-1,19,20,2,-1,2,20,21,-1,2,21,0,-1,9,8,22,-1,6,4,18,-1,18,4,23,-1,18,23,10,-1,3,5,24,-1,24,5,25,-1,24,25,26,-1,27,28,29,-1,29,28,30,-1,29,30,31,-1,31,30,32,-1,31,32,33,-1,33,32,34,-1,33,34,35,-1,35,34,2,-1,35,2,36,-1,36,2,37,-1,38,39,27,-1,27,39,40,-1,27,40,28,-1,41,42,43,-1,43,42,44,-1,43,44,45,-1,45,44,46,-1,45,46,47,-1,47,46,48,-1,13,15,49,-1,49,15,50,-1,49,50,51,-1,51,50,52,-1,51,52,53,-1,8,54,22,-1,22,54,55,-1,22,55,56,-1,56,55,57,-1,56,57,13,-1,13,57,58,-1,13,58,14,-1,59,60,61,-1,61,60,62,-1,61,62,63,-1,63,62,64,-1,63,64,65,-1,65,64,66,-1,65,66,67,-1,67,66,68,-1,67,68,69,-1,11,10,27,-1,27,10,70,-1,27,70,38,-1,46,71,48,-1,48,71,72,-1,48,72,73,-1,73,72,74,-1,73,74,75,-1,75,74,76,-1,75,76,77,-1,77,76,78,-1,77,78,79,-1,79,78,80,-1,79,80,81,-1,81,80,82,-1,81,82,59,-1,59,82,83,-1,59,83,60,-1,84,85,86,-1,86,85,87,-1,86,87,43,-1,43,87,88,-1,43,88,41,-1,89,90,91,-1,91,90,92,-1,91,92,93,-1,93,92,94,-1,93,94,95,-1,95,94,96,-1,95,96,97,-1,97,96,98,-1,97,98,19,-1,19,98,99,-1,19,99,20,-1,37,2,100,-1,100,2,1,-1,100,1,101,-1,53,52,102,-1,102,52,103,-1,102,103,104,-1,104,103,105,-1,104,105,106,-1,106,105,107,-1,106,107,108,-1,108,107,109,-1,108,109,84,-1,84,109,110,-1,84,110,85,-1,9,111,7,-1,7,111,112,-1,7,112,113,-1,113,112,114,-1,113,114,115,-1,115,114,116,-1,115,116,89,-1,89,116,117,-1,89,117,90,-1,26,25,118,-1,118,25,119,-1,118,119,120,-1,120,119,121,-1,120,121,122,-1,122,121,123,-1,122,123,124,-1,124,123,125,-1,124,125,126,-1,126,125,127,-1,126,127,128,-1,128,127,129,-1,128,129,130,-1,130,129,131,-1,130,131,132,-1,132,131,133,-1,132,133,134,-1,134,133,135,-1,134,135,1,-1,1,135,136,-1,1,136,101,-1,137,138,139,-1,68,140,69,-1,69,140,137,-1,69,137,141,-1,141,137,139,-1,142,143,137,-1,137,143,144,-1,137,144,138,-1,145,146,147,-1,146,148,147,-1,147,148,149,-1,147,149,150,-1,142,137,147,-1,147,137,151,-1,147,151,145,-1,77,152,153,-1,77,153,75,-1,75,153,154,-1,75,154,73,-1,154,155,73,-1,73,155,156,-1,73,156,48,-1,48,156,157,-1,48,157,47,-1,47,157,158,-1,47,158,45,-1,45,158,159,-1,45,159,43,-1,43,159,160,-1,43,160,86,-1,86,160,161,-1,86,161,84,-1,84,161,108,-1,108,161,162,-1,162,163,108,-1,108,163,164,-1,108,164,106,-1,106,164,165,-1,106,165,104,-1,166,51,167,-1,167,51,53,-1,167,53,168,-1,168,53,102,-1,168,102,169,-1,169,102,104,-1,169,104,165,-1,51,166,170,-1,51,170,49,-1,49,170,171,-1,49,171,13,-1,13,171,172,-1,13,172,56,-1,56,172,173,-1,56,173,22,-1,22,173,174,-1,22,174,9,-1,9,174,175,-1,9,175,111,-1,111,175,176,-1,111,176,112,-1,112,176,177,-1,112,177,114,-1,178,92,90,-1,114,177,179,-1,114,179,116,-1,116,179,180,-1,116,180,117,-1,117,180,181,-1,117,181,90,-1,90,181,182,-1,90,182,178,-1,178,183,92,-1,92,183,94,-1,183,184,94,-1,94,184,185,-1,94,185,96,-1,96,185,186,-1,96,186,98,-1,98,186,187,-1,98,187,99,-1,99,187,188,-1,99,188,20,-1,20,188,189,-1,20,189,21,-1,21,189,190,-1,21,190,0,-1,190,191,0,-1,0,191,192,-1,0,192,1,-1,1,192,193,-1,1,193,134,-1,134,193,194,-1,134,194,132,-1,132,194,195,-1,132,195,130,-1,130,195,196,-1,130,196,128,-1,197,24,26,-1,128,196,198,-1,128,198,126,-1,126,198,199,-1,126,199,124,-1,124,199,200,-1,124,200,122,-1,122,200,201,-1,122,201,120,-1,120,201,202,-1,120,202,118,-1,118,202,203,-1,118,203,26,-1,26,203,204,-1,26,204,197,-1,3,24,205,-1,205,24,197,-1,4,3,206,-1,206,3,205,-1,207,23,208,-1,208,23,4,-1,208,4,206,-1,23,207,10,-1,10,207,209,-1,10,209,210,-1,10,210,211,-1,10,211,70,-1,70,211,212,-1,70,212,38,-1,212,213,38,-1,38,213,214,-1,38,214,39,-1,39,214,215,-1,39,215,40,-1,40,215,216,-1,40,216,28,-1,28,216,217,-1,28,217,30,-1,30,217,218,-1,30,218,32,-1,218,219,32,-1,32,219,220,-1,32,220,34,-1,34,220,221,-1,34,221,2,-1,222,91,93,-1,2,221,223,-1,2,223,19,-1,19,223,224,-1,19,224,97,-1,97,224,225,-1,97,225,95,-1,95,225,226,-1,95,226,93,-1,93,226,227,-1,93,227,222,-1,222,228,91,-1,91,228,89,-1,228,229,89,-1,89,229,230,-1,89,230,115,-1,115,230,231,-1,115,231,113,-1,113,231,232,-1,113,232,7,-1,7,232,233,-1,7,233,8,-1,8,233,234,-1,8,234,54,-1,54,234,235,-1,54,235,55,-1,55,235,236,-1,55,236,57,-1,57,236,237,-1,57,237,58,-1,58,237,238,-1,58,238,14,-1,14,238,239,-1,14,239,15,-1,15,239,240,-1,15,240,50,-1,50,240,241,-1,50,241,52,-1,52,241,242,-1,52,242,103,-1,103,242,243,-1,103,243,105,-1,105,243,244,-1,105,244,107,-1,107,244,245,-1,107,245,109,-1,109,245,246,-1,109,246,110,-1,110,246,247,-1,110,247,85,-1,85,247,248,-1,85,248,87,-1,87,248,249,-1,87,249,88,-1,88,249,250,-1,88,250,41,-1,42,41,251,-1,251,41,250,-1,42,251,252,-1,42,252,44,-1,44,252,253,-1,44,253,46,-1,46,253,254,-1,46,254,71,-1,71,254,255,-1,71,255,72,-1,72,255,256,-1,72,256,74,-1,256,257,74,-1,74,257,258,-1,74,258,76,-1,76,258,259,-1,76,259,78,-1,259,260,78,-1,78,260,80,-1,260,261,80,-1,80,261,262,-1,80,262,82,-1,82,262,263,-1,82,263,83,-1,83,263,264,-1,83,264,60,-1,60,264,265,-1,60,265,62,-1,62,265,266,-1,62,266,64,-1,64,266,267,-1,64,267,66,-1,68,66,268,-1,268,66,267,-1,68,268,269,-1,68,269,140,-1,140,269,270,-1,140,270,137,-1,137,270,271,-1,137,271,151,-1,151,271,272,-1,151,272,145,-1,145,272,273,-1,145,273,146,-1,146,273,274,-1,146,274,148,-1,148,274,275,-1,148,275,149,-1,149,275,276,-1,149,276,150,-1,150,276,277,-1,150,277,147,-1,147,277,278,-1,147,278,142,-1,142,278,279,-1,142,279,143,-1,143,279,280,-1,143,280,144,-1,144,280,281,-1,144,281,138,-1,138,281,282,-1,138,282,139,-1,139,282,283,-1,139,283,141,-1,141,283,284,-1,141,284,69,-1,69,284,285,-1,69,285,67,-1,65,67,286,-1,286,67,285,-1,65,286,287,-1,65,287,63,-1,63,287,288,-1,63,288,61,-1,61,288,289,-1,61,289,59,-1,59,289,290,-1,59,290,81,-1,81,290,291,-1,81,291,79,-1,79,291,77,-1,77,291,292,-1,77,292,152,-1,11,293,294,-1,11,294,12,-1,12,294,295,-1,12,295,16,-1,16,295,296,-1,16,296,17,-1,17,296,297,-1,17,297,18,-1,18,297,298,-1,18,298,6,-1,6,298,299,-1,6,299,5,-1,5,299,300,-1,5,300,25,-1,25,300,301,-1,25,301,119,-1,119,301,302,-1,119,302,121,-1,121,302,303,-1,121,303,123,-1,123,303,304,-1,123,304,125,-1,125,304,305,-1,125,305,127,-1,127,305,306,-1,127,306,129,-1,129,306,307,-1,129,307,131,-1,131,307,308,-1,131,308,133,-1,133,308,309,-1,133,309,135,-1,135,309,310,-1,135,310,136,-1,136,310,311,-1,136,311,101,-1,101,311,312,-1,101,312,100,-1,100,312,313,-1,100,313,37,-1,37,313,314,-1,37,314,36,-1,36,314,315,-1,36,315,35,-1,35,315,316,-1,35,316,33,-1,33,316,317,-1,33,317,31,-1,31,317,318,-1,31,318,29,-1,29,318,319,-1,29,319,27,-1,27,319,293,-1,27,293,11,-1]}}
Shape{appearance Appearance{material Material{diffuseColor 0.20784313725490197 0.20784313725490197 0.20784313725490197 transparency 0.0}}geometry IndexedFaceSet{ccw TRUE solid FALSE coord Coordinate{point [0.2667 0.1979 0.4626, 0.2628 0.2088 0.4626, 0.2621 0.2082 0.4626, 0.2686 0.1981 0.4626, 0.27 0.1987 0.4626, 0.2684 0.2104 0.4626, 0.267 0.2105 0.4626, 0.2654 0.2103 0.4626, 0.264 0.2097 0.4626, 0.261 0.2022 0.4626, 0.2617 0.2009 0.4626, 0.2626 0.1997 0.4626, 0.267 0.1979 0.4626, 0.2613 0.2068 0.4626, 0.2608 0.2053 0.4626, 0.2607 0.2037 0.4626, 0.2638 0.1988 0.4626, 0.2653 0.1982 0.4626, 0.2713 0.1996 0.4626, 0.2721 0.2005 0.4626, 0.2729 0.2019 0.4626, 0.2733 0.2035 0.4626, 0.2733 0.205 0.4626, 0.2729 0.2065 0.4626, 0.2722 0.2078 0.4626, 0.2712 0.2089 0.4626, 0.2699 0.2098 0.4626]} coordIndex [0,1,2,-1,3,4,5,-1,6,7,0,-1,0,7,8,-1,0,8,1,-1,9,10,2,-1,2,10,11,-1,6,0,5,-1,5,0,12,-1,5,12,3,-1,13,14,2,-1,2,14,15,-1,2,15,9,-1,11,16,2,-1,2,16,17,-1,2,17,0,-1,4,18,5,-1,5,18,19,-1,5,19,20,-1,20,21,5,-1,5,21,22,-1,5,22,23,-1,23,24,5,-1,5,24,25,-1,5,25,26,-1]}}
Shape{appearance Appearance{material Material{diffuseColor 1.0 1.0 1.0 transparency 0.0}}geometry IndexedFaceSet{ccw TRUE solid FALSE coord Coordinate{point [0.4188 0.2414 0.4665, 0.4176 0.2399 0.4665, 0.4197 0.2381 0.4665, 0.4173 0.2397 0.4665, 0.4173 0.2364 0.4665, 0.4159 0.2386 0.4665, 0.4147 0.2354 0.4665, 0.414 0.2379 0.4665, 0.4109 0.235 0.4665, 0.4109 0.2376 0.4665, 0.4046 0.235 0.4665, 0.4076 0.2376 0.4665, 0.4046 0.2577 0.4665, 0.4076 0.2551 0.4665, 0.4111 0.2577 0.4665, 0.411 0.2551 0.4665, 0.4146 0.2573 0.4665, 0.414 0.2547 0.4665, 0.4173 0.2563 0.4665, 0.4159 0.254 0.4665, 0.4197 0.2547 0.4665, 0.4175 0.2529 0.4665, 0.4205 0.2539 0.4665, 0.4184 0.2521 0.4665, 0.4219 0.2519 0.4665, 0.4192 0.2507 0.4665, 0.4227 0.2497 0.4665, 0.4198 0.249 0.4665, 0.4231 0.2466 0.4665, 0.42 0.2465 0.4665, 0.423 0.2448 0.4665, 0.42 0.2452 0.4665, 0.4224 0.2422 0.4665, 0.4195 0.2431 0.4665, 0.4212 0.2399 0.4665, 0.4197 0.2381 0.4626, 0.4212 0.2399 0.4626, 0.4224 0.2422 0.4626, 0.423 0.2448 0.4626, 0.4231 0.2466 0.4626, 0.4227 0.2497 0.4626, 0.4219 0.2519 0.4626, 0.4205 0.2539 0.4626, 0.4197 0.2547 0.4626, 0.4111 0.2577 0.4626, 0.4173 0.2563 0.4626, 0.415 0.2571 0.4626, 0.4146 0.2573 0.4626, 0.4046 0.2577 0.4626, 0.4046 0.235 0.4626, 0.4109 0.235 0.4626, 0.4147 0.2354 0.4626, 0.415 0.2356 0.4626, 0.4173 0.2364 0.4626, 0.4175 0.2529 0.4626, 0.4184 0.2521 0.4626, 0.4192 0.2507 0.4626, 0.4198 0.249 0.4626, 0.42 0.2465 0.4626, 0.411 0.2551 0.4626, 0.414 0.2547 0.4626, 0.4159 0.254 0.4626, 0.4076 0.2551 0.4626, 0.4076 0.2376 0.4626, 0.4109 0.2376 0.4626, 0.4176 0.2399 0.4626, 0.4173 0.2397 0.4626, 0.4159 0.2386 0.4626, 0.414 0.2379 0.4626, 0.42 0.2452 0.4626, 0.4195 0.2431 0.4626, 0.4188 0.2414 0.4626]} coordIndex [0,1,2,-1,2,1,3,-1,2,3,4,-1,4,3,5,-1,4,5,6,-1,6,5,7,-1,6,7,8,-1,8,7,9,-1,8,9,10,-1,10,9,11,-1,10,11,12,-1,12,11,13,-1,12,13,14,-1,14,13,15,-1,14,15,16,-1,16,15,17,-1,16,17,18,-1,18,17,19,-1,18,19,20,-1,20,19,21,-1,20,21,22,-1,22,21,23,-1,22,23,24,-1,24,23,25,-1,24,25,26,-1,26,25,27,-1,26,27,28,-1,28,27,29,-1,28,29,30,-1,30,29,31,-1,30,31,32,-1,32,31,33,-1,32,33,34,-1,34,33,0,-1,34,0,2,-1,2,35,36,-1,2,36,34,-1,34,36,37,-1,34,37,32,-1,32,37,38,-1,32,38,30,-1,30,38,39,-1,30,39,28,-1,28,39,40,-1,28,40,26,-1,26,40,41,-1,26,41,24,-1,24,41,42,-1,24,42,22,-1,22,42,43,-1,22,43,20,-1,44,14,16,-1,20,43,45,-1,20,45,18,-1,18,45,46,-1,18,46,16,-1,16,46,47,-1,16,47,44,-1,12,14,48,-1,48,14,44,-1,10,12,49,-1,49,12,48,-1,8,10,50,-1,50,10,49,-1,35,2,4,-1,8,50,51,-1,8,51,6,-1,6,51,52,-1,6,52,4,-1,4,52,53,-1,4,53,35,-1,21,54,55,-1,21,55,23,-1,23,55,56,-1,23,56,25,-1,25,56,57,-1,25,57,27,-1,27,57,58,-1,27,58,29,-1,15,59,60,-1,15,60,17,-1,17,60,61,-1,17,61,19,-1,19,61,54,-1,19,54,21,-1,15,13,59,-1,59,13,62,-1,13,11,62,-1,62,11,63,-1,11,9,63,-1,63,9,64,-1,1,65,66,-1,1,66,3,-1,3,66,67,-1,3,67,5,-1,5,67,68,-1,5,68,7,-1,7,68,64,-1,7,64,9,-1,29,58,69,-1,29,69,31,-1,31,69,70,-1,31,70,33,-1,33,70,71,-1,33,71,0,-1,0,71,65,-1,0,65,1,-1]}}
Shape{appearance Appearance{material Material{diffuseColor 0.20784313725490197 0.20784313725490197 0.20784313725490197 transparency 0.0}}geometry IndexedFaceSet{ccw TRUE solid FALSE coord Coordinate{point [0.4076 0.2551 0.4626, 0.4076 0.2376 0.4626, 0.411 0.2551 0.4626, 0.4109 0.2376 0.4626, 0.4173 0.2397 0.4626, 0.4176 0.2399 0.4626, 0.414 0.2379 0.4626, 0.4159 0.2386 0.4626, 0.42 0.2452 0.4626, 0.42 0.2465 0.4626, 0.4188 0.2414 0.4626, 0.4195 0.2431 0.4626, 0.4198 0.249 0.4626, 0.4192 0.2507 0.4626, 0.4184 0.2521 0.4626, 0.4175 0.2529 0.4626, 0.4159 0.254 0.4626, 0.414 0.2547 0.4626]} coordIndex [0,1,2,-1,2,1,3,-1,2,4,5,-1,3,6,2,-1,2,6,7,-1,2,7,4,-1,8,9,2,-1,5,10,2,-1,2,10,11,-1,2,11,8,-1,9,12,2,-1,2,12,13,-1,2,13,14,-1,14,15,2,-1,2,15,16,-1,2,16,17,-1]}}
Shape{appearance Appearance{material Material{diffuseColor 1.0 1.0 1.0 transparency 0.0}}geometry IndexedFaceSet{ccw TRUE solid FALSE coord Coordinate{point [0.3777 0.2372 0.4665, 0.3777 0.2372 0.4626, 0.3756 0.2374 0.4626, 0.3756 0.2374 0.4665, 0.374 0.238 0.4626, 0.374 0.238 0.4665, 0.3724 0.2391 0.4626, 0.3724 0.2391 0.4665, 0.3719 0.2396 0.4626, 0.3719 0.2396 0.4665, 0.3708 0.2411 0.4626, 0.3708 0.2411 0.4665, 0.3701 0.243 0.4626, 0.3701 0.243 0.4665, 0.3697 0.2452 0.4626, 0.3697 0.2452 0.4665, 0.3697 0.2461 0.4626, 0.3697 0.2461 0.4665, 0.37 0.2491 0.4626, 0.37 0.2491 0.4665, 0.3708 0.2511 0.4626, 0.3708 0.2511 0.4665, 0.3719 0.2527 0.4626, 0.3719 0.2527 0.4665, 0.3721 0.2529 0.4626, 0.3721 0.2529 0.4665, 0.3736 0.2541 0.4626, 0.3736 0.2541 0.4665, 0.3754 0.255 0.4626, 0.3754 0.255 0.4665, 0.3773 0.2554 0.4626, 0.3773 0.2554 0.4665, 0.3782 0.2554 0.4626, 0.3782 0.2554 0.4665, 0.381 0.2551 0.4626, 0.381 0.2551 0.4665, 0.3833 0.2542 0.4626, 0.3833 0.2542 0.4665, 0.3836 0.2541 0.4626, 0.3836 0.2541 0.4665, 0.3836 0.2571 0.4665, 0.3836 0.2571 0.4626, 0.3782 0.258 0.4626, 0.3782 0.258 0.4665, 0.3787 0.258 0.4665, 0.3816 0.2577 0.4626, 0.3816 0.2577 0.4665, 0.3805 0.2579 0.4626, 0.3787 0.258 0.4626, 0.3766 0.2579 0.4626, 0.375 0.2577 0.4665, 0.375 0.2577 0.4626, 0.3726 0.2567 0.4626, 0.3726 0.2567 0.4665, 0.3704 0.2552 0.4626, 0.3704 0.2552 0.4665, 0.3699 0.2547 0.4626, 0.3699 0.2547 0.4665, 0.3684 0.2529 0.4626, 0.3684 0.2529 0.4665, 0.3676 0.2511 0.4626, 0.3673 0.2504 0.4665, 0.3673 0.2504 0.4626, 0.3667 0.2476 0.4626, 0.3667 0.2476 0.4665, 0.3666 0.2459 0.4626, 0.3666 0.2459 0.4665, 0.367 0.2422 0.4626, 0.367 0.2422 0.4665, 0.3676 0.2407 0.4626, 0.368 0.2398 0.4665, 0.368 0.2398 0.4626, 0.3693 0.2379 0.4626, 0.3693 0.2379 0.4665, 0.3695 0.2377 0.4626, 0.3695 0.2377 0.4665, 0.3712 0.2363 0.4626, 0.3712 0.2363 0.4665, 0.3733 0.2352 0.4626, 0.3733 0.2352 0.4665, 0.3757 0.2347 0.4626, 0.3757 0.2347 0.4665, 0.3773 0.2346 0.4626, 0.3773 0.2346 0.4665, 0.3808 0.2349 0.4626, 0.3808 0.2349 0.4665, 0.3832 0.2357 0.4626, 0.3832 0.2357 0.4665, 0.3836 0.2359 0.4626, 0.3836 0.2359 0.4665, 0.3836 0.2387 0.4665, 0.3836 0.2387 0.4626, 0.3816 0.2378 0.4626, 0.3816 0.2378 0.4665, 0.3791 0.2373 0.4626, 0.3791 0.2373 0.4665, 0.4591 0.2077 0.4665, 0.4582 0.2052 0.4665, 0.4668 0.2077 0.4665, 0.4677 0.2052 0.4665, 0.4625 0.2172 0.4665, 0.4614 0.2217 0.4665, 0.4528 0.199 0.4665, 0.456 0.199 0.4665, 0.4627 0.2178 0.4665, 0.4629 0.2188 0.4665, 0.4646 0.2217 0.4665, 0.463 0.2188 0.4665, 0.4632 0.2178 0.4665, 0.4633 0.2172 0.4665, 0.4732 0.199 0.4665, 0.47 0.199 0.4665, 0.4614 0.2217 0.4626, 0.4646 0.2217 0.4626, 0.4528 0.199 0.4626, 0.4603 0.2186 0.4626, 0.456 0.199 0.4626, 0.4582 0.2052 0.4626, 0.4677 0.2052 0.4626, 0.47 0.199 0.4626, 0.4732 0.199 0.4626, 0.4657 0.2186 0.4626, 0.4625 0.2172 0.4626, 0.4627 0.2178 0.4626, 0.4629 0.2188 0.4626, 0.4591 0.2077 0.4626, 0.4668 0.2077 0.4626, 0.4633 0.2172 0.4626, 0.463 0.2188 0.4626, 0.4632 0.2178 0.4626]} coordIndex [0,1,2,-1,0,2,3,-1,3,2,4,-1,3,4,5,-1,5,4,6,-1,5,6,7,-1,7,6,8,-1,7,8,9,-1,9,8,10,-1,9,10,11,-1,11,10,12,-1,11,12,13,-1,13,12,14,-1,13,14,15,-1,15,14,16,-1,15,16,17,-1,17,16,18,-1,17,18,19,-1,19,18,20,-1,19,20,21,-1,21,20,22,-1,21,22,23,-1,23,22,24,-1,23,24,25,-1,25,24,26,-1,25,26,27,-1,27,26,28,-1,27,28,29,-1,29,28,30,-1,29,30,31,-1,31,30,32,-1,31,32,33,-1,33,32,34,-1,33,34,35,-1,35,34,36,-1,35,36,37,-1,37,36,38,-1,37,38,39,-1,40,39,41,-1,41,39,38,-1,42,43,44,-1,40,41,45,-1,40,45,46,-1,46,45,47,-1,46,47,44,-1,44,47,48,-1,44,48,42,-1,43,42,49,-1,43,49,50,-1,49,51,50,-1,50,51,52,-1,50,52,53,-1,53,52,54,-1,53,54,55,-1,55,54,56,-1,55,56,57,-1,57,56,58,-1,57,58,59,-1,59,58,60,-1,59,60,61,-1,60,62,61,-1,61,62,63,-1,61,63,64,-1,64,63,65,-1,64,65,66,-1,66,65,67,-1,66,67,68,-1,68,67,69,-1,68,69,70,-1,69,71,70,-1,70,71,72,-1,70,72,73,-1,73,72,74,-1,73,74,75,-1,75,74,76,-1,75,76,77,-1,77,76,78,-1,77,78,79,-1,79,78,80,-1,79,80,81,-1,81,80,82,-1,81,82,83,-1,83,82,84,-1,83,84,85,-1,85,84,86,-1,85,86,87,-1,87,86,88,-1,87,88,89,-1,90,89,91,-1,91,89,88,-1,90,91,92,-1,90,92,93,-1,93,92,94,-1,93,94,95,-1,95,94,1,-1,95,1,0,-1,37,39,40,-1,19,21,59,-1,37,40,35,-1,59,21,57,-1,43,33,44,-1,44,33,35,-1,44,35,46,-1,46,35,40,-1,21,23,57,-1,57,23,25,-1,57,25,55,-1,55,25,27,-1,55,27,53,-1,53,27,50,-1,50,27,29,-1,50,29,43,-1,43,29,31,-1,43,31,33,-1,66,17,64,-1,64,17,19,-1,64,19,61,-1,61,19,59,-1,89,90,87,-1,87,90,93,-1,87,93,85,-1,85,93,95,-1,85,95,83,-1,83,95,0,-1,83,0,81,-1,81,0,3,-1,81,3,79,-1,79,3,5,-1,79,5,77,-1,77,5,7,-1,77,7,75,-1,75,7,9,-1,75,9,73,-1,73,9,11,-1,73,11,70,-1,70,11,68,-1,68,11,13,-1,68,13,66,-1,66,13,15,-1,66,15,17,-1,96,97,98,-1,98,97,99,-1,100,101,96,-1,96,101,102,-1,96,102,97,-1,97,102,103,-1,100,104,101,-1,101,104,105,-1,101,105,106,-1,106,105,107,-1,106,107,108,-1,108,109,106,-1,106,109,98,-1,106,98,110,-1,110,98,99,-1,110,99,111,-1,101,106,112,-1,112,106,113,-1,114,102,115,-1,115,102,101,-1,115,101,112,-1,103,102,116,-1,116,102,114,-1,97,103,117,-1,117,103,116,-1,99,97,118,-1,118,97,117,-1,111,99,119,-1,119,99,118,-1,110,111,120,-1,120,111,119,-1,110,120,106,-1,106,120,121,-1,106,121,113,-1,100,122,123,-1,100,123,104,-1,104,123,124,-1,104,124,105,-1,100,96,122,-1,122,96,125,-1,96,98,125,-1,125,98,126,-1,98,109,126,-1,126,109,127,-1,107,128,129,-1,107,129,108,-1,108,129,127,-1,108,127,109,-1,107,105,128,-1,128,105,124,-1]}}
Shape{appearance Appearance{material Material{diffuseColor 0.20784313725490197 0.20784313725490197 0.20784313725490197 transparency 0.0}}geometry IndexedFaceSet{ccw TRUE solid FALSE coord Coordinate{point [0.463 0.2188 0.4626, 0.4629 0.2188 0.4626, 0.4632 0.2178 0.4626, 0.4627 0.2178 0.4626, 0.4633 0.2172 0.4626, 0.4625 0.2172 0.4626, 0.4668 0.2077 0.4626, 0.4591 0.2077 0.4626]} coordIndex [0,1,2,-1,2,1,3,-1,2,3,4,-1,4,3,5,-1,4,5,6,-1,6,5,7,-1]}}
Shape{appearance Appearance{material Material{diffuseColor 1.0 1.0 1.0 transparency 0.0}}geometry IndexedFaceSet{ccw TRUE solid FALSE coord Coordinate{point [0.4288 0.2015 0.4665, 0.4288 0.2015 0.4626, 0.4195 0.2015 0.4665, 0.4237 0.2015 0.4626, 0.4195 0.2015 0.4626, 0.4195 0.2092 0.4665, 0.4195 0.2092 0.4626, 0.4276 0.2092 0.4665, 0.4237 0.2092 0.4626, 0.4276 0.2092 0.4626, 0.4276 0.2118 0.4665, 0.4276 0.2118 0.4626, 0.4195 0.2118 0.4626, 0.4195 0.2118 0.4665, 0.4237 0.2118 0.4626, 0.4195 0.219 0.4626, 0.4195 0.219 0.4665, 0.4195 0.2186 0.4626, 0.4282 0.219 0.4626, 0.4282 0.219 0.4665, 0.4237 0.219 0.4626, 0.4282 0.2217 0.4665, 0.4282 0.2217 0.4626, 0.4166 0.2217 0.4626, 0.4166 0.2217 0.4665, 0.4237 0.2217 0.4626, 0.4166 0.199 0.4626, 0.4166 0.199 0.4665, 0.4166 0.2186 0.4626, 0.4288 0.199 0.4665, 0.4237 0.199 0.4626, 0.4288 0.199 0.4626, 0.3566 0.2015 0.4665, 0.3659 0.2015 0.4665, 0.3566 0.2015 0.4626, 0.3659 0.2015 0.4626, 0.3566 0.2092 0.4665, 0.3566 0.2092 0.4626, 0.3647 0.2092 0.4665, 0.3647 0.2092 0.4626, 0.3647 0.2118 0.4665, 0.3647 0.2118 0.4626, 0.3566 0.2118 0.4665, 0.3566 0.2118 0.4626, 0.3566 0.219 0.4626, 0.3566 0.219 0.4665, 0.3566 0.2186 0.4626, 0.3654 0.219 0.4665, 0.3654 0.219 0.4626, 0.3654 0.2217 0.4665, 0.3654 0.2217 0.4626, 0.3537 0.2217 0.4665, 0.3537 0.2217 0.4626, 0.3537 0.199 0.4626, 0.3537 0.199 0.4665, 0.3537 0.2186 0.4626, 0.3659 0.199 0.4665, 0.3659 0.199 0.4626, 0.4307 0.2437 0.4665, 0.4298 0.2412 0.4665, 0.4383 0.2437 0.4665, 0.4392 0.2412 0.4665, 0.4341 0.2532 0.4665, 0.433 0.2577 0.4665, 0.4244 0.235 0.4665, 0.4276 0.235 0.4665, 0.4343 0.2538 0.4665, 0.4345 0.2548 0.4665, 0.4361 0.2577 0.4665, 0.4346 0.2548 0.4665, 0.4347 0.2538 0.4665, 0.4349 0.2532 0.4665, 0.4448 0.235 0.4665, 0.4416 0.235 0.4665, 0.433 0.2577 0.4626, 0.4361 0.2577 0.4626, 0.4244 0.235 0.4626, 0.4309 0.2521 0.4626, 0.4276 0.235 0.4626, 0.4298 0.2412 0.4626, 0.4392 0.2412 0.4626, 0.4309 0.2412 0.4626, 0.4416 0.235 0.4626, 0.4448 0.235 0.4626, 0.4341 0.2532 0.4626, 0.4343 0.2538 0.4626, 0.4345 0.2548 0.4626, 0.4307 0.2437 0.4626, 0.4383 0.2437 0.4626, 0.4349 0.2532 0.4626, 0.4346 0.2548 0.4626, 0.4347 0.2538 0.4626]} coordIndex [0,1,2,-1,2,1,3,-1,2,3,4,-1,5,2,6,-1,6,2,4,-1,5,6,7,-1,7,6,8,-1,7,8,9,-1,10,7,11,-1,11,7,9,-1,12,13,14,-1,14,13,10,-1,14,10,11,-1,15,16,17,-1,17,16,13,-1,17,13,12,-1,18,19,20,-1,20,19,16,-1,20,16,15,-1,21,19,22,-1,22,19,18,-1,23,24,25,-1,25,24,21,-1,25,21,22,-1,26,27,28,-1,28,27,24,-1,28,24,23,-1,27,26,29,-1,29,26,30,-1,29,30,31,-1,0,29,1,-1,1,29,31,-1,27,29,0,-1,0,2,27,-1,27,2,5,-1,27,5,24,-1,19,21,16,-1,16,21,24,-1,16,24,13,-1,13,24,5,-1,13,5,10,-1,10,5,7,-1,32,33,34,-1,34,33,35,-1,36,32,37,-1,37,32,34,-1,38,36,39,-1,39,36,37,-1,40,38,41,-1,41,38,39,-1,42,40,43,-1,43,40,41,-1,44,45,46,-1,46,45,42,-1,46,42,43,-1,47,45,48,-1,48,45,44,-1,49,47,50,-1,50,47,48,-1,51,49,52,-1,52,49,50,-1,53,54,55,-1,55,54,51,-1,55,51,52,-1,56,54,57,-1,57,54,53,-1,33,56,35,-1,35,56,57,-1,54,56,33,-1,33,32,54,-1,54,32,36,-1,54,36,51,-1,47,49,45,-1,45,49,51,-1,45,51,42,-1,42,51,36,-1,42,36,40,-1,40,36,38,-1,58,59,60,-1,60,59,61,-1,62,63,58,-1,58,63,64,-1,58,64,59,-1,59,64,65,-1,62,66,63,-1,63,66,67,-1,63,67,68,-1,68,67,69,-1,68,69,70,-1,70,71,68,-1,68,71,60,-1,68,60,72,-1,72,60,61,-1,72,61,73,-1,63,68,74,-1,74,68,75,-1,76,64,77,-1,77,64,63,-1,77,63,74,-1,65,64,78,-1,78,64,76,-1,59,65,79,-1,79,65,78,-1,80,61,81,-1,81,61,59,-1,81,59,79,-1,73,61,82,-1,82,61,80,-1,72,73,83,-1,83,73,82,-1,68,72,75,-1,75,72,83,-1,62,84,85,-1,62,85,66,-1,66,85,86,-1,66,86,67,-1,62,58,84,-1,84,58,87,-1,58,60,87,-1,87,60,88,-1,60,71,88,-1,88,71,89,-1,69,90,91,-1,69,91,70,-1,70,91,89,-1,70,89,71,-1,69,67,90,-1,90,67,86,-1]}}
Shape{appearance Appearance{material Material{diffuseColor 0.20784313725490197 0.20784313725490197 0.20784313725490197 transparency 0.0}}geometry IndexedFaceSet{ccw TRUE solid FALSE coord Coordinate{point [0.4346 0.2548 0.4626, 0.4345 0.2548 0.4626, 0.4347 0.2538 0.4626, 0.4343 0.2538 0.4626, 0.4349 0.2532 0.4626, 0.4341 0.2532 0.4626, 0.4383 0.2437 0.4626, 0.4307 0.2437 0.4626]} coordIndex [0,1,2,-1,2,1,3,-1,2,3,4,-1,4,3,5,-1,4,5,6,-1,6,5,7,-1]}}
Shape{appearance Appearance{material Material{diffuseColor 1.0 1.0 1.0 transparency 0.0}}geometry IndexedFaceSet{ccw TRUE solid FALSE coord Coordinate{point [0.3911 0.2376 0.4626, 0.3911 0.2376 0.4665, 0.3972 0.2376 0.4626, 0.4003 0.2376 0.4665, 0.4003 0.2376 0.4626, 0.3911 0.2452 0.4665, 0.3911 0.2452 0.4626, 0.3992 0.2452 0.4626, 0.3992 0.2452 0.4665, 0.3972 0.2452 0.4626, 0.3992 0.2478 0.4665, 0.3992 0.2478 0.4626, 0.3911 0.2478 0.4626, 0.3911 0.2478 0.4665, 0.3972 0.2478 0.4626, 0.3911 0.2551 0.4665, 0.3911 0.2551 0.4626, 0.3998 0.2551 0.4665, 0.3972 0.2551 0.4626, 0.3998 0.2551 0.4626, 0.3998 0.2577 0.4665, 0.3998 0.2577 0.4626, 0.3881 0.2577 0.4626, 0.3881 0.2577 0.4665, 0.3972 0.2577 0.4626, 0.3881 0.235 0.4665, 0.3881 0.235 0.4626, 0.4003 0.235 0.4665, 0.3972 0.235 0.4626, 0.4003 0.235 0.4626, 0.3566 0.2376 0.4665, 0.3657 0.2376 0.4665, 0.3566 0.2376 0.4626, 0.3657 0.2376 0.4626, 0.3566 0.2577 0.4665, 0.3566 0.2577 0.4626, 0.3537 0.2577 0.4665, 0.3537 0.2577 0.4626, 0.3537 0.235 0.4665, 0.3537 0.235 0.4626, 0.3657 0.235 0.4665, 0.3657 0.235 0.4626]} coordIndex [0,1,2,-1,2,1,3,-1,2,3,4,-1,5,1,6,-1,6,1,0,-1,7,8,9,-1,9,8,5,-1,9,5,6,-1,10,8,11,-1,11,8,7,-1,12,13,14,-1,14,13,10,-1,14,10,11,-1,15,13,16,-1,16,13,12,-1,15,16,17,-1,17,16,18,-1,17,18,19,-1,20,17,21,-1,21,17,19,-1,22,23,24,-1,24,23,20,-1,24,20,21,-1,25,23,26,-1,26,23,22,-1,25,26,27,-1,27,26,28,-1,27,28,29,-1,3,27,4,-1,4,27,29,-1,25,27,3,-1,3,1,25,-1,25,1,5,-1,25,5,23,-1,17,20,15,-1,15,20,23,-1,15,23,13,-1,13,23,5,-1,13,5,10,-1,10,5,8,-1,30,31,32,-1,32,31,33,-1,34,30,35,-1,35,30,32,-1,36,34,37,-1,37,34,35,-1,38,36,39,-1,39,36,37,-1,40,38,41,-1,41,38,39,-1,31,40,33,-1,33,40,41,-1,34,36,30,-1,30,36,38,-1,30,38,31,-1,31,38,40,-1]}}