#VRML V2.0 utf8
# generated by schgen part add
Shape{appearance Appearance{material Material{diffuseColor 0.6470588235294118 0.6196078431372549 0.5882352941176471 transparency 0.0}}geometry IndexedFaceSet{ccw TRUE solid FALSE coord Coordinate{point [-3.1004 -0.4724 0.0, -3.1004 -0.6102 0.0502, -3.1988 -0.4724 0.0, -3.1988 -0.6102 0.0502, -3.1004 0.9449 0.0, -3.1988 0.9449 0.0, -3.1004 0.9449 0.1181, -3.1988 0.9449 0.1181, -3.1004 0.8858 0.1181, -3.1988 0.8858 0.1181, -3.1004 0.8858 0.9055, -3.1988 0.8858 0.9055, -3.1004 0.5709 0.9055, -3.1988 0.5709 0.9055, -3.1004 0.5709 1.0433, -3.1988 0.5709 1.0433, -3.1004 -0.4724 1.0433, -3.1988 -0.4724 1.0433, -3.1004 -0.6102 0.9932, -3.1988 -0.6102 0.9932, -3.1004 -0.6102 0.9646, -3.1988 -0.6102 0.9646, -3.1004 0.3346 0.9646, -3.1988 0.3346 0.9646, -3.1004 0.3346 0.0984, -3.1988 0.3346 0.0984, -3.1004 -0.6102 0.0984, -3.1988 -0.6102 0.0984]} coordIndex [0,1,2,-1,2,1,3,-1,4,0,5,-1,5,0,2,-1,6,4,7,-1,7,4,5,-1,8,6,9,-1,9,6,7,-1,10,8,11,-1,11,8,9,-1,12,10,13,-1,13,10,11,-1,14,12,15,-1,15,12,13,-1,16,14,17,-1,17,14,15,-1,18,16,19,-1,19,16,17,-1,20,18,21,-1,21,18,19,-1,22,20,23,-1,23,20,21,-1,24,22,25,-1,25,22,23,-1,26,24,27,-1,27,24,25,-1,1,26,3,-1,3,26,27,-1,22,24,12,-1,12,24,8,-1,12,8,10,-1,18,20,16,-1,16,20,22,-1,16,22,14,-1,14,22,12,-1,26,1,24,-1,24,1,0,-1,24,0,8,-1,8,0,4,-1,8,4,6,-1,21,19,23,-1,23,19,17,-1,17,15,23,-1,23,15,13,-1,23,13,25,-1,25,13,11,-1,25,11,9,-1,3,27,2,-1,2,27,25,-1,2,25,5,-1,5,25,9,-1,5,9,7,-1]}}
Shape{appearance Appearance{material Material{diffuseColor 0.2235294117647059 0.2235294117647059 0.2235294117647059 transparency 0.0}}geometry IndexedFaceSet{ccw TRUE solid FALSE coord Coordinate{point [3.5039 -0.8071 1.0433, -3.5039 -0.8071 1.0433, 3.5039 -1.2795 1.0433, -3.5039 -1.2795 1.0433, 3.5039 -0.8071 1.0039, 3.5039 -1.2795 1.0039, 4.0157 -0.8071 1.0039, 4.0157 -1.2795 1.0039, 4.0361 -1.2795 1.0013, 4.0361 -0.8071 1.0013, 4.0551 -1.2795 0.9934, 4.0551 -0.8071 0.9934, 4.0714 -1.2795 0.9809, 4.0714 -0.8071 0.9809, 4.0839 -1.2795 0.9646, 4.0839 -0.8071 0.9646, 4.0918 -1.2795 0.9456, 4.0918 -0.8071 0.9456, 4.0945 -1.2795 0.9252, 4.0945 -0.8071 0.9252, 4.0945 -0.8071 0.2756, 4.0945 -1.2795 0.2756, 4.0918 -1.2795 0.2552, 4.0918 -0.8071 0.2552, 4.0839 -1.2795 0.2362, 4.0839 -0.8071 0.2362, 4.0714 -1.2795 0.2199, 4.0714 -0.8071 0.2199, 4.0551 -1.2795 0.2074, 4.0551 -0.8071 0.2074, 4.0361 -1.2795 0.1995, 4.0361 -0.8071 0.1995, 4.0157 -1.2795 0.1969, 4.0157 -0.8071 0.1969, 3.5039 -0.8071 0.1969, 3.5039 -1.2795 0.1969, 3.5039 -0.8071 0.1575, 3.5039 -1.2795 0.1575, 3.2087 -1.0827 0.1575, 3.2087 -0.8071 0.1575, 3.4055 -1.2795 0.1575, 3.2087 -1.0827 0.5512, 3.2087 -0.8071 0.5512, -3.2087 -0.8071 0.5512, -3.2087 -1.0827 0.5512, -3.4055 -1.2795 0.5512, 3.4055 -1.2795 0.5512, -3.2087 -1.0827 0.1575, -3.2087 -0.8071 0.1575, -3.4055 -1.2795 0.1575, -3.5039 -1.2795 0.1575, -3.5039 -0.8071 0.1575, -3.5039 -0.8071 0.1969, -3.5039 -1.2795 0.1969, -4.0157 -0.8071 0.1969, -4.0157 -1.2795 0.1969, -4.0361 -1.2795 0.1995, -4.0361 -0.8071 0.1995, -4.0551 -1.2795 0.2074, -4.0551 -0.8071 0.2074, -4.0714 -1.2795 0.2199, -4.0714 -0.8071 0.2199, -4.0839 -1.2795 0.2362, -4.0839 -0.8071 0.2362, -4.0918 -1.2795 0.2552, -4.0918 -0.8071 0.2552, -4.0945 -1.2795 0.2756, -4.0945 -0.8071 0.2756, -4.0945 -0.8071 0.9252, -4.0945 -1.2795 0.9252, -4.0918 -1.2795 0.9456, -4.0918 -0.8071 0.9456, -4.0839 -1.2795 0.9646, -4.0839 -0.8071 0.9646, -4.0714 -1.2795 0.9809, -4.0714 -0.8071 0.9809, -4.0551 -1.2795 0.9934, -4.0551 -0.8071 0.9934, -4.0361 -1.2795 1.0013, -4.0361 -0.8071 1.0013, -4.0157 -1.2795 1.0039, -4.0157 -0.8071 1.0039, -3.5039 -0.8071 1.0039, -3.5039 -1.2795 1.0039]} coordIndex [0,1,2,-1,2,1,3,-1,4,0,5,-1,5,0,2,-1,6,4,7,-1,7,4,5,-1,6,7,8,-1,6,8,9,-1,9,8,10,-1,9,10,11,-1,11,10,12,-1,11,12,13,-1,13,12,14,-1,13,14,15,-1,15,14,16,-1,15,16,17,-1,17,16,18,-1,17,18,19,-1,20,19,21,-1,21,19,18,-1,20,21,22,-1,20,22,23,-1,23,22,24,-1,23,24,25,-1,25,24,26,-1,25,26,27,-1,27,26,28,-1,27,28,29,-1,29,28,30,-1,29,30,31,-1,31,30,32,-1,31,32,33,-1,34,33,35,-1,35,33,32,-1,36,34,37,-1,37,34,35,-1,38,39,40,-1,40,39,36,-1,40,36,37,-1,41,42,38,-1,38,42,39,-1,43,42,44,-1,44,42,41,-1,44,41,45,-1,45,41,46,-1,47,48,44,-1,44,48,43,-1,49,50,47,-1,47,50,51,-1,47,51,48,-1,52,51,53,-1,53,51,50,-1,54,52,55,-1,55,52,53,-1,54,55,56,-1,54,56,57,-1,57,56,58,-1,57,58,59,-1,59,58,60,-1,59,60,61,-1,61,60,62,-1,61,62,63,-1,63,62,64,-1,63,64,65,-1,65,64,66,-1,65,66,67,-1,68,67,69,-1,69,67,66,-1,68,69,70,-1,68,70,71,-1,71,70,72,-1,71,72,73,-1,73,72,74,-1,73,74,75,-1,75,74,76,-1,75,76,77,-1,77,76,78,-1,77,78,79,-1,79,78,80,-1,79,80,81,-1,82,81,83,-1,83,81,80,-1,1,82,3,-1,3,82,83,-1,81,82,68,-1,34,36,39,-1,48,51,43,-1,43,51,52,-1,81,68,79,-1,19,20,6,-1,1,0,82,-1,82,0,4,-1,71,73,75,-1,6,20,4,-1,71,75,68,-1,68,75,77,-1,68,77,79,-1,67,68,52,-1,52,68,82,-1,52,82,43,-1,43,82,4,-1,43,4,42,-1,42,4,20,-1,61,63,59,-1,59,63,57,-1,52,54,67,-1,67,54,57,-1,67,57,65,-1,65,57,63,-1,39,42,34,-1,34,42,20,-1,34,20,33,-1,33,20,23,-1,33,23,25,-1,25,27,33,-1,33,27,29,-1,33,29,31,-1,13,6,11,-1,11,6,9,-1,13,15,6,-1,6,15,17,-1,6,17,19,-1,50,49,53,-1,53,49,45,-1,2,3,83,-1,46,40,35,-1,35,40,37,-1,56,55,66,-1,2,83,5,-1,5,83,45,-1,5,45,46,-1,46,18,16,-1,69,80,78,-1,55,53,66,-1,66,53,45,-1,66,45,69,-1,69,45,83,-1,69,83,80,-1,46,35,18,-1,18,35,32,-1,18,32,21,-1,72,70,74,-1,74,70,69,-1,74,69,76,-1,76,69,78,-1,16,14,46,-1,46,14,12,-1,46,12,10,-1,66,64,56,-1,56,64,62,-1,56,62,58,-1,58,62,60,-1,10,8,46,-1,46,8,7,-1,46,7,5,-1,26,32,28,-1,28,32,30,-1,26,24,32,-1,32,24,22,-1,32,22,21,-1,46,41,40,-1,40,41,38,-1,44,45,47,-1,47,45,49,-1]}}
Shape{appearance Appearance{material Material{diffuseColor 0.6470588235294118 0.6196078431372549 0.5882352941176471 transparency 0.0}}geometry IndexedFaceSet{ccw TRUE solid FALSE coord Coordinate{point [3.1004 -0.6102 0.0502, 3.1004 -0.4724 0.0, 3.1988 -0.6102 0.0502, 3.1988 -0.4724 0.0, 3.1004 0.9449 0.0, 3.1988 0.9449 0.0, 3.1004 0.9449 0.1181, 3.1988 0.9449 0.1181, 3.1004 0.8858 0.1181, 3.1988 0.8858 0.1181, 3.1004 0.8858 0.9055, 3.1988 0.8858 0.9055, 3.1004 0.5709 0.9055, 3.1988 0.5709 0.9055, 3.1004 0.5709 1.0433, 3.1988 0.5709 1.0433, 3.1004 -0.4724 1.0433, 3.1988 -0.4724 1.0433, 3.1004 -0.6102 0.9932, 3.1988 -0.6102 0.9932, 3.1004 -0.6102 0.9646, 3.1988 -0.6102 0.9646, 3.1004 0.3346 0.9646, 3.1988 0.3346 0.9646, 3.1004 0.3346 0.0984, 3.1988 0.3346 0.0984, 3.1004 -0.6102 0.0984, 3.1988 -0.6102 0.0984]} coordIndex [0,1,2,-1,2,1,3,-1,1,4,3,-1,3,4,5,-1,4,6,5,-1,5,6,7,-1,6,8,7,-1,7,8,9,-1,8,10,9,-1,9,10,11,-1,10,12,11,-1,11,12,13,-1,12,14,13,-1,13,14,15,-1,14,16,15,-1,15,16,17,-1,16,18,17,-1,17,18,19,-1,18,20,19,-1,19,20,21,-1,20,22,21,-1,21,22,23,-1,22,24,23,-1,23,24,25,-1,24,26,25,-1,25,26,27,-1,26,0,27,-1,27,0,2,-1,20,18,22,-1,22,18,16,-1,16,14,22,-1,22,14,12,-1,22,12,24,-1,24,12,10,-1,24,10,8,-1,0,26,1,-1,1,26,24,-1,1,24,4,-1,4,24,8,-1,4,8,6,-1,23,25,13,-1,13,25,9,-1,13,9,11,-1,27,2,25,-1,25,2,3,-1,25,3,9,-1,9,3,5,-1,9,5,7,-1,19,21,17,-1,17,21,23,-1,17,23,15,-1,15,23,13,-1]}}
Shape{appearance Appearance{material Material{diffuseColor 0.48627450980392156 0.23529411764705882 0.01568627450980392 transparency 0.0}}geometry IndexedFaceSet{ccw TRUE solid FALSE coord Coordinate{point [1.6043 -0.8071 1.063, 2.9528 -0.8071 1.063, 2.9528 -0.5354 1.063, -0.3089 -0.0346 1.063, -0.307 -0.0344 1.063, -0.3264 -0.0344 1.063, -0.2923 -0.0346 1.063, -0.2898 -0.0355 1.063, -0.2898 -0.0344 1.063, 0.0051 -0.2511 1.063, -0.0072 -0.2428 1.063, -0.1401 -0.2428 1.063, -0.0203 -0.234 1.063, -0.0391 -0.2123 1.063, -0.1028 -0.1379 1.063, -0.1401 -0.1379 1.063, -0.0978 -0.1505 1.063, -0.0861 -0.1667 1.063, -0.0707 -0.1798 1.063, -0.051 -0.1891 1.063, -0.0537 -0.1882 1.063, 0.0337 -0.2612 1.063, -0.1401 -0.5354 1.063, 0.0572 -0.2637 1.063, 0.0853 -0.2602 1.063, 0.1116 -0.2501 1.063, 1.6043 -0.5354 1.063, 0.1232 -0.2428 1.063, 1.6043 -0.2428 1.063, 0.1255 -0.2414 1.063, 1.6043 -0.1379 1.063, 0.2544 -0.1379 1.063, 0.2519 -0.1521 1.063, 0.2428 -0.1726 1.063, 0.2291 -0.1902 1.063, 0.1861 -0.2148 1.063, 0.1636 -0.2175 1.063, 0.1389 -0.23 1.063, 0.1571 -0.2172 1.063, 0.1505 -0.2164 1.063, 0.2253 -0.1938 1.063, 0.2072 -0.2066 1.063, 0.2142 -0.0481 1.063, 0.2319 -0.0633 1.063, 1.6043 -0.0344 1.063, 0.2449 -0.0818 1.063, 0.1936 -0.0381 1.063, 0.1857 -0.0344 1.063, 0.1864 -0.0359 1.063, 0.2531 -0.1029 1.063, 0.2558 -0.1253 1.063, 0.2557 -0.1307 1.063, 1.6043 -0.0027 1.063, 0.1559 -0.0027 1.063, 0.161 -0.0048 1.063, 0.1722 -0.0132 1.063, 0.1806 -0.0237 1.063, 0.1087 -0.0027 1.063, 0.1185 0.0011 1.063, -0.1401 0.6102 1.063, 0.1323 0.0028 1.063, 0.1344 0.0027 1.063, 1.6043 0.6102 1.063, 0.1479 0.0007 1.063, 0.079 -0.0344 1.063, 0.0791 -0.034 1.063, -0.1401 -0.0027 1.063, 0.0859 -0.0213 1.063, 0.0944 -0.0117 1.063, 0.1058 -0.0038 1.063, 0.0063 -0.068 1.063, 0.0024 -0.0695 1.063, -0.0043 -0.102 1.063, 0.0896 -0.0923 1.063, 0.0133 -0.1321 1.063, 0.0979 -0.1001 1.063, 0.1097 -0.107 1.063, 0.0098 -0.0655 1.063, -0.0976 -0.0762 1.063, -0.0863 -0.0604 1.063, -0.1401 -0.0344 1.063, -0.0718 -0.1185 1.063, -0.0693 -0.1295 1.063, -0.0648 -0.1379 1.063, 0.2186 -0.1379 1.063, -0.1047 -0.1332 1.063, -0.1074 -0.1145 1.063, -0.1048 -0.0942 1.063, -0.002 -0.0701 1.063, -0.0026 -0.0701 1.063, -0.0043 -0.0697 1.063, 0.2151 -0.1036 1.063, 0.2085 -0.0923 1.063, 0.1796 -0.0863 1.063, 0.1983 -0.0818 1.063, 0.1858 -0.0741 1.063, 0.1585 -0.1051 1.063, 0.1702 -0.097 1.063, 0.22 -0.1265 1.063, 0.2193 -0.1175 1.063, 0.146 -0.11 1.063, 0.1323 -0.1117 1.063, 0.1232 -0.1109 1.063, -0.0708 -0.0473 1.063, -0.0535 -0.0388 1.063, -0.0345 -0.0348 1.063, 0.0156 -0.0524 1.063, 0.0155 -0.0547 1.063, 0.0754 -0.0598 1.063, 0.0143 -0.059 1.063, 0.0121 -0.0629 1.063, -0.0009 -0.0348 1.063, 0.0023 -0.0353 1.063, 0.0061 -0.0368 1.063, 0.0098 -0.0394 1.063, 0.0111 -0.0408 1.063, 0.0136 -0.0443 1.063, 0.0151 -0.0482 1.063, 0.0757 -0.048 1.063, 0.0754 -0.0542 1.063, -0.0611 -0.0845 1.063, -0.0672 -0.0935 1.063, -0.0709 -0.1037 1.063, -0.0721 -0.1139 1.063, -0.0055 -0.0695 1.063, -0.0311 -0.0695 1.063, -0.0386 -0.0707 1.063, -0.049 -0.0747 1.063, -0.0578 -0.0811 1.063, -0.0107 -0.1927 1.063, 0.0022 -0.208 1.063, 0.1329 -0.1748 1.063, 0.0034 -0.2091 1.063, 0.0194 -0.2202 1.063, 0.1242 -0.1929 1.063, 0.1367 -0.177 1.063, 0.1495 -0.1817 1.063, -0.0377 -0.1572 1.063, -0.0277 -0.1583 1.063, -0.0231 -0.1583 1.063, -0.0196 -0.1744 1.063, -0.064 -0.1394 1.063, -0.0566 -0.1475 1.063, -0.0477 -0.1535 1.063, 0.1832 -0.1797 1.063, 0.1959 -0.1729 1.063, 0.1692 -0.1831 1.063, 0.2055 -0.1643 1.063, 0.2134 -0.153 1.063, 0.1114 -0.2081 1.063, 0.0372 -0.2271 1.063, 0.0962 -0.2192 1.063, 0.0566 -0.2295 1.063, 0.0776 -0.2268 1.063, 0.163 -0.1834 1.063, 0.2183 -0.1403 1.063, -0.4359 -0.1059 1.063, -0.4377 -0.0442 1.063, -0.4453 -0.1379 1.063, -0.4453 -0.0344 1.063, -0.4377 -0.0351 1.063, -0.42 -0.0344 1.063, -0.405 -0.1059 1.063, -0.405 -0.0803 1.063, -0.42 -0.1059 1.063, -0.42 -0.0803 1.063, -0.4337 -0.0803 1.063, -0.4337 -0.0711 1.063, -0.42 -0.0442 1.063, -0.42 -0.0711 1.063, -0.405 -0.0442 1.063, -0.405 -0.0711 1.063, -0.42 -0.0351 1.063, -0.3947 -0.0351 1.063, -0.3893 -0.0344 1.063, -0.3947 -0.1151 1.063, -0.2277 -0.0595 1.063, -0.2297 -0.0624 1.063, -0.2312 -0.0785 1.063, -0.2851 -0.0474 1.063, -0.2716 -0.0719 1.063, -0.2851 -0.0371 1.063, -0.2716 -0.0351 1.063, -0.2565 -0.0381 1.063, -0.253 -0.0358 1.063, -0.2615 -0.0351 1.063, -0.2492 -0.0344 1.063, -0.2339 -0.0359 1.063, -0.222 -0.0344 1.063, -0.2377 -0.0344 1.063, -0.2379 -0.0344 1.063, -0.2273 -0.0424 1.063, -0.2261 -0.0458 1.063, -0.2256 -0.0504 1.063, -0.2328 -0.065 1.063, -0.2371 -0.0672 1.063, -0.2376 -0.0826 1.063, -0.2446 -0.0691 1.063, -0.2533 -0.0851 1.063, -0.2499 -0.0854 1.063, -0.2439 -0.0848 1.063, -0.2305 -0.0382 1.063, -0.2294 -0.0394 1.063, -0.2891 -0.045 1.063, -0.2898 -0.0447 1.063, -0.2898 -0.066 1.063, -0.2615 -0.0439 1.063, -0.2613 -0.0439 1.063, -0.2597 -0.0415 1.063, -0.222 -0.1379 1.063, -0.2256 -0.0517 1.063, -0.2263 -0.056 1.063, -0.2708 -0.0795 1.063, -0.2856 -0.0729 1.063, -0.2856 -0.0804 1.063, -0.2868 -0.0836 1.063, -0.2671 -0.0873 1.063, -0.2312 -0.0883 1.063, -0.2334 -0.0895 1.063, -0.2408 -0.0924 1.063, -0.2692 -0.084 1.063, -0.2852 -0.0768 1.063, -0.2509 -0.0936 1.063, -0.2569 -0.093 1.063, -0.2611 -0.0917 1.063, -0.2615 -0.0714 1.063, -0.2612 -0.0759 1.063, -0.2601 -0.0794 1.063, -0.259 -0.0815 1.063, -0.2897 -0.0661 1.063, -0.288 -0.0678 1.063, -0.2867 -0.0699 1.063, -0.2574 -0.0831 1.063, -0.2557 -0.0843 1.063, -0.294 -0.0344 1.063, -0.2898 -0.0027 1.063, -0.3007 -0.0337 1.063, -0.3264 -0.0027 1.063, -0.321 -0.091 1.063, -0.321 -0.0813 1.063, -0.3233 -0.0466 1.063, -0.3221 -0.0434 1.063, -0.3202 -0.0408 1.063, -0.2887 -0.0864 1.063, -0.2898 -0.0874 1.063, -0.2898 -0.1379 1.063, -0.2916 -0.089 1.063, -0.2946 -0.0908 1.063, -0.3001 -0.0928 1.063, -0.3075 -0.0936 1.063, -0.3264 -0.1379 1.063, -0.313 -0.0932 1.063, -0.3204 -0.0601 1.063, -0.3223 -0.0573 1.063, -0.3233 -0.0544 1.063, -0.3238 -0.0506 1.063, -0.3173 -0.0383 1.063, -0.3144 -0.0365 1.063, -0.3065 -0.0854 1.063, -0.3035 -0.0852 1.063, -0.2955 -0.0777 1.063, -0.3008 -0.0845 1.063, -0.2986 -0.0833 1.063, -0.2956 -0.0764 1.063, -0.296 -0.0748 1.063, -0.2968 -0.0735 1.063, -0.2977 -0.0724 1.063, -0.3013 -0.0702 1.063, -0.3131 -0.0847 1.063, -0.3075 -0.0675 1.063, -0.3187 -0.0826 1.063, -0.3114 -0.0659 1.063, -0.318 -0.0622 1.063, -0.2971 -0.082 1.063, -0.2962 -0.0807 1.063, -0.2957 -0.0793 1.063, -0.2954 -0.0426 1.063, -0.3004 -0.0602 1.063, -0.2944 -0.0629 1.063, -0.3016 -0.0419 1.063, -0.3021 -0.0419 1.063, -0.307 -0.0575 1.063, -0.3072 -0.0425 1.063, -0.3135 -0.0496 1.063, -0.3134 -0.0509 1.063, -0.3098 -0.0434 1.063, -0.3107 -0.044 1.063, -0.3119 -0.045 1.063, -0.3128 -0.0463 1.063, -0.3133 -0.0477 1.063, -0.3129 -0.0525 1.063, -0.3121 -0.0538 1.063, -0.3109 -0.0551 1.063, -0.4747 -0.184 1.063, -0.4453 -0.184 1.063, -0.4829 -0.1621 1.063, -0.4943 -0.1621 1.063, -0.4638 -0.2422 1.063, -2.9528 -0.1379 1.063, -2.9528 -0.2428 1.063, -0.4453 -0.2428 1.063, -0.4527 -0.2422 1.063, -0.4453 -0.2227 1.063, -0.4222 -0.1621 1.063, -0.42 -0.1379 1.063, -0.4337 -0.1621 1.063, -0.4414 -0.184 1.063, -0.3746 -0.1621 1.063, -0.3526 -0.1621 1.063, -0.345 -0.1379 1.063, -0.3754 -0.2422 1.063, -0.3893 -0.2428 1.063, -0.345 -0.2428 1.063, -0.3526 -0.2422 1.063, -0.4057 -0.2316 1.063, -0.4088 -0.2285 1.063, -0.42 -0.2428 1.063, -0.4176 -0.1983 1.063, -0.4157 -0.1889 1.063, -0.4118 -0.1806 1.063, -0.4057 -0.1733 1.063, -0.4038 -0.1717 1.063, -0.3959 -0.1666 1.063, -0.3893 -0.1379 1.063, -0.3893 -0.1643 1.063, -0.3864 -0.1633 1.063, -0.3879 -0.2408 1.063, -0.3893 -0.2402 1.063, -0.3975 -0.2372 1.063, -0.4137 -0.2214 1.063, -0.4166 -0.2137 1.063, -0.4178 -0.2032 1.063, -0.3357 -0.2422 1.063, -0.3264 -0.2428 1.063, -0.3047 -0.233 1.063, -0.3047 -0.2073 1.063, -0.3264 -0.233 1.063, -0.3264 -0.2073 1.063, -0.3357 -0.233 1.063, -0.3334 -0.2073 1.063, -0.3375 -0.1712 1.063, -0.3334 -0.1982 1.063, -0.3264 -0.1712 1.063, -0.3264 -0.1982 1.063, -0.3047 -0.1712 1.063, -0.3047 -0.1982 1.063, -0.3375 -0.1621 1.063, -0.3264 -0.1621 1.063, -0.2944 -0.1621 1.063, -0.2898 -0.2428 1.063, -0.2944 -0.2422 1.063, -0.3264 -0.2422 1.063, -0.2784 -0.2402 1.063, -0.2705 -0.2426 1.063, -0.2676 -0.2428 1.063, -0.2509 -0.161 1.063, -0.2423 -0.1629 1.063, -0.2577 -0.17 1.063, -0.2611 -0.1701 1.063, -0.2784 -0.2294 1.063, -0.2702 -0.1717 1.063, -0.2784 -0.1753 1.063, -0.2772 -0.1648 1.063, -0.2687 -0.162 1.063, -0.2784 -0.1654 1.063, -0.2562 -0.1607 1.063, -0.2348 -0.1666 1.063, -0.2287 -0.1717 1.063, -0.2272 -0.1733 1.063, -0.2369 -0.2244 1.063, -0.2331 -0.2188 1.063, -0.2305 -0.2118 1.063, -0.2695 -0.233 1.063, -0.2595 -0.2342 1.063, -0.256 -0.234 1.063, -0.2491 -0.2326 1.063, -0.2293 -0.2012 1.063, -0.2293 -0.2005 1.063, -0.2305 -0.1907 1.063, -0.2391 -0.1765 1.063, -0.2444 -0.1729 1.063, -0.2502 -0.1708 1.063, -0.2645 -0.0898 1.063, -0.2428 -0.2296 1.063, -0.2377 -0.2253 1.063, -0.2331 -0.1841 1.063, -0.2371 -0.1784 1.063, -0.2601 -0.2435 1.063, -0.2898 -0.5354 1.063, -0.2594 -0.2435 1.063, -0.222 -0.5354 1.063, -0.2534 -0.2428 1.063, -0.222 -0.2428 1.063, -0.2402 -0.2392 1.063, -0.2486 -0.2423 1.063, -0.2242 -0.2241 1.063, -0.23 -0.2317 1.063, -0.2323 -0.2339 1.063, -0.2227 -0.1804 1.063, -0.222 -0.1823 1.063, -0.2172 -0.1379 1.063, -0.2172 -0.2428 1.063, -0.2204 -0.2152 1.063, -0.222 -0.219 1.063, -0.2197 -0.1891 1.063, -0.2184 -0.2006 1.063, -0.2186 -0.2047 1.063, -0.2437 -0.0337 1.063, -0.222 -0.0027 1.063, -0.2489 -0.0343 1.063, -0.3735 -0.0923 1.063, -0.3839 -0.0923 1.063, -0.42 -0.1151 1.063, -0.4359 -0.1151 1.063, -0.3551 -0.0493 1.063, -0.3564 -0.0446 1.063, -0.3566 -0.0446 1.063, -0.345 -0.0783 1.063, -0.3579 -0.0492 1.063, -0.3571 -0.0465 1.063, -0.345 -0.0514 1.063, -0.329 -0.0923 1.063, -0.3402 -0.0923 1.063, -0.3511 -0.0344 1.063, -0.3514 -0.0352 1.063, -0.345 -0.0212 1.063, -0.3451 -0.0212 1.063, -0.345 -0.0344 1.063, -0.347 -0.0248 1.063, -0.3311 -0.0179 1.063, -0.3311 -0.009 1.063, -0.3331 -0.0172 1.063, -0.3367 -0.0167 1.063, -0.3391 -0.017 1.063, -0.345 -0.0099 1.063, -0.3416 -0.0086 1.063, -0.345 -0.0027 1.063, -0.3375 -0.0081 1.063, -0.3353 -0.0082 1.063, -0.3413 -0.0178 1.063, -0.3432 -0.0191 1.063, -0.3579 -0.0264 1.063, -0.3534 -0.0176 1.063, -0.3893 -0.0027 1.063, -0.3611 -0.0344 1.063, -0.3497 -0.0132 1.063, -0.349 -0.0126 1.063, -0.3455 -0.0101 1.063, -0.1401 -0.8071 1.063, -0.2172 -0.8071 1.063, -0.2172 -0.5354 1.063, -0.222 -0.8071 1.063, -0.2898 -0.8071 1.063, -0.3264 -0.8071 1.063, -0.3264 -0.5354 1.063, -0.345 -0.8071 1.063, -0.345 -0.5354 1.063, -0.3893 -0.8071 1.063, -0.3893 -0.5354 1.063, -0.42 -0.8071 1.063, -0.42 -0.5354 1.063, -0.4453 -0.8071 1.063, -0.4453 -0.5354 1.063, -2.9528 -0.8071 1.063, -2.9528 -0.5354 1.063, -0.1833 -0.2422 1.063, -0.1833 -0.1712 1.063, -0.2152 -0.1712 1.063, -0.1729 -0.1621 1.063, -0.1729 -0.2422 1.063, -0.2152 -0.1621 1.063, -0.5339 -0.0351 1.063, -0.5225 -0.0351 1.063, -0.553 -0.1151 1.063, -0.5641 -0.1151 1.063, -2.9528 -0.0344 1.063, -0.5946 -0.0351 1.063, -0.5831 -0.0351 1.063, -0.575 -0.057 1.063, -0.5416 -0.057 1.063, -0.4757 -0.1151 1.063, -0.4882 -0.1137 1.063, -0.506 -0.1045 1.063, -0.5091 -0.1015 1.063, -0.514 -0.0944 1.063, -0.5169 -0.0867 1.063, -0.5121 -0.0536 1.063, -0.506 -0.0463 1.063, -0.5041 -0.0446 1.063, -0.4962 -0.0396 1.063, -0.4978 -0.1102 1.063, -0.4867 -0.0363 1.063, -0.4749 -0.0351 1.063, -0.4529 -0.0351 1.063, -0.4529 -0.1151 1.063, -0.5181 -0.0761 1.063, -0.5178 -0.0713 1.063, -0.516 -0.0619 1.063, -0.216 -0.0442 1.063, -0.216 -0.0351 1.063, -0.2172 -0.0344 1.063, -0.1729 -0.0351 1.063, -0.2142 -0.1059 1.063, -0.1729 -0.1151 1.063, -0.2142 -0.1151 1.063, -0.1833 -0.0711 1.063, -0.1833 -0.0442 1.063, -0.2119 -0.0711 1.063, -0.2119 -0.0803 1.063, -0.1833 -0.0803 1.063, -0.1833 -0.1059 1.063, -0.42 -0.0027 1.063, -0.4453 -0.0027 1.063, -2.9528 -0.0027 1.063, -0.2172 -0.0027 1.063, -0.2172 0.6102 1.063, -0.222 0.6102 1.063, -0.2898 0.6102 1.063, -0.3264 0.6102 1.063, -0.345 0.6102 1.063, -0.3893 0.6102 1.063, -0.42 0.6102 1.063, -0.4453 0.6102 1.063, -2.9528 0.6102 1.063, 2.9528 -0.2428 1.063, 2.9528 -0.1379 1.063, 2.9528 -0.0344 1.063, 2.9528 -0.0027 1.063, 2.9528 0.6102 1.063, 2.9528 0.6102 0.9646, 2.9528 -0.8071 0.9646, 3.1516 -0.8071 0.7283, 3.1516 -0.8071 0.5512, 3.12 -0.7775 0.7283, 3.12 -0.7775 0.5512, 3.0957 -0.7417 0.7283, 3.0957 -0.7417 0.5512, 3.0797 -0.7014 0.7283, 3.0797 -0.7014 0.5512, 3.073 -0.6586 0.7283, 3.073 -0.6586 0.5512, 3.0758 -0.6154 0.7283, 3.0758 -0.6154 0.5512, -3.1515 -0.8071 0.5512, -3.12 -0.7775 0.5512, -3.0957 -0.7417 0.5512, -3.1496 -0.0984 0.5512, 3.1496 -0.0984 0.5512, -3.1496 -0.1969 0.5512, -3.0758 -0.6154 0.5512, -3.0797 -0.7014 0.5512, -3.073 -0.6586 0.5512, 3.1496 -0.1969 0.5512, -3.1515 -0.8071 0.7283, -3.12 -0.7775 0.7283, -3.0957 -0.7417 0.7283, -3.0797 -0.7014 0.7283, -3.073 -0.6586 0.7283, -3.0758 -0.6154 0.7283, -2.9528 -0.8071 0.9646, -2.9528 0.6102 0.9646, 2.8051 -1.2795 0.1535, 2.8051 -1.2795 0.1969, 2.8051 -0.9449 0.1535, 2.8051 -0.9116 0.1969, 2.7067 -0.9116 0.1969, 2.7067 -1.2795 0.1969, 2.7067 -0.9449 0.1535, 2.7067 -1.2795 0.1535, 2.7067 0.6299 0.4011, 2.7067 0.6299 0.311, 2.6969 0.6299 0.1378, 2.7067 0.6299 0.1535, 2.815 0.6299 0.1378, 2.8051 0.6299 0.1535, 2.815 0.6299 0.9252, 2.8051 0.6299 0.8268, 2.6969 0.6299 0.9252, 2.7067 0.6299 0.8268, 2.7067 0.6299 0.6654, 2.8051 0.6299 0.6654, 2.8051 0.6299 0.4011, 2.8051 0.6299 0.311, 2.4114 -1.2795 0.1535, 2.4114 -1.2795 0.1969, 2.4114 -0.9449 0.1535, 2.4114 -0.9116 0.1969, 2.313 -0.9116 0.1969, 2.313 -1.2795 0.1969, 2.313 -0.9449 0.1535, 2.313 -1.2795 0.1535, 2.313 0.6299 0.4011, 2.313 0.6299 0.311, 2.3032 0.6299 0.1378, 2.313 0.6299 0.1535, 2.4213 0.6299 0.1378, 2.4114 0.6299 0.1535, 2.4213 0.6299 0.9252, 2.4114 0.6299 0.8268, 2.3032 0.6299 0.9252, 2.313 0.6299 0.8268, 2.313 0.6299 0.6654, 2.4114 0.6299 0.6654, 2.4114 0.6299 0.4011, 2.4114 0.6299 0.311, 2.0177 -1.2795 0.1535, 2.0177 -1.2795 0.1969, 2.0177 -0.9449 0.1535, 2.0177 -0.9116 0.1969, 1.9193 -0.9116 0.1969, 1.9193 -1.2795 0.1969, 1.9193 -0.9449 0.1535, 1.9193 -1.2795 0.1535, 1.9193 0.6299 0.4011, 1.9193 0.6299 0.311, 1.9094 0.6299 0.1378, 1.9193 0.6299 0.1535, 2.0276 0.6299 0.1378, 2.0177 0.6299 0.1535, 2.0276 0.6299 0.9252, 2.0177 0.6299 0.8268, 1.9094 0.6299 0.9252, 1.9193 0.6299 0.8268, 1.9193 0.6299 0.6654, 2.0177 0.6299 0.6654, 2.0177 0.6299 0.4011, 2.0177 0.6299 0.311, 1.624 -1.2795 0.1535, 1.624 -1.2795 0.1969, 1.624 -0.9449 0.1535, 1.624 -0.9116 0.1969, 1.5256 -0.9116 0.1969, 1.5256 -1.2795 0.1969, 1.5256 -0.9449 0.1535, 1.5256 -1.2795 0.1535, 1.624 0.6299 0.1535, 1.6339 0.6299 0.1378, 1.5256 0.6299 0.1535, 1.5157 0.6299 0.1378, 1.5256 0.6299 0.311, 1.5256 0.6299 0.6654, 1.5157 0.6299 0.9252, 1.624 0.6299 0.311, 1.624 0.6299 0.4011, 1.6339 0.6299 0.9252, 1.5256 0.6299 0.4011, 1.624 0.6299 0.6654, 1.624 0.6299 0.8268, 1.5256 0.6299 0.8268, 1.2303 -1.2795 0.1535, 1.2303 -1.2795 0.1969, 1.2303 -0.9449 0.1535, 1.2303 -0.9116 0.1969, 1.1319 -0.9116 0.1969, 1.1319 -1.2795 0.1969, 1.1319 -0.9449 0.1535, 1.1319 -1.2795 0.1535, 1.1319 0.6299 0.6654, 1.122 0.6299 0.1378, 1.122 0.6299 0.9252, 1.2303 0.6299 0.1535, 1.2402 0.6299 0.1378, 1.1319 0.6299 0.1535, 1.1319 0.6299 0.311, 1.2303 0.6299 0.311, 1.2303 0.6299 0.4011, 1.2402 0.6299 0.9252, 1.1319 0.6299 0.4011, 1.2303 0.6299 0.6654, 1.2303 0.6299 0.8268, 1.1319 0.6299 0.8268, 0.8366 -1.2795 0.1535, 0.8366 -1.2795 0.1969, 0.8366 -0.9449 0.1535, 0.8366 -0.9116 0.1969, 0.7382 -0.9116 0.1969, 0.7382 -1.2795 0.1969, 0.7382 -0.9449 0.1535, 0.7382 -1.2795 0.1535, 0.8366 0.6299 0.6654, 0.8366 0.6299 0.8268, 0.8465 0.6299 0.9252, 0.8465 0.6299 0.1378, 0.8366 0.6299 0.4011, 0.8366 0.6299 0.311, 0.7283 0.6299 0.9252, 0.7382 0.6299 0.8268, 0.7382 0.6299 0.6654, 0.7382 0.6299 0.4011, 0.7382 0.6299 0.311, 0.7283 0.6299 0.1378, 0.7382 0.6299 0.1535, 0.8366 0.6299 0.1535, 0.3445 -0.9116 0.1969, 0.3445 -1.2795 0.1969, 0.3445 -0.9449 0.1535, 0.3445 -1.2795 0.1535, 0.4429 -1.2795 0.1535, 0.4429 -1.2795 0.1969, 0.4429 -0.9449 0.1535, 0.4429 -0.9116 0.1969, 0.4429 0.6299 0.1535, 0.4528 0.6299 0.1378, 0.3445 0.6299 0.1535, 0.3346 0.6299 0.1378, 0.3445 0.6299 0.311, 0.3445 0.6299 0.4011, 0.4429 0.6299 0.311, 0.4429 0.6299 0.4011, 0.4528 0.6299 0.9252, 0.3346 0.6299 0.9252, 0.3445 0.6299 0.6654, 0.4429 0.6299 0.6654, 0.4429 0.6299 0.8268, 0.3445 0.6299 0.8268, -0.0492 -0.9116 0.1969, -0.0492 -1.2795 0.1969, -0.0492 -0.9449 0.1535, -0.0492 -1.2795 0.1535, 0.0492 -1.2795 0.1535, 0.0492 -1.2795 0.1969, 0.0492 -0.9449 0.1535, 0.0492 -0.9116 0.1969, 0.0492 0.6299 0.1535, 0.0591 0.6299 0.1378, -0.0492 0.6299 0.1535, -0.0591 0.6299 0.1378, -0.0492 0.6299 0.311, -0.0492 0.6299 0.4011, 0.0492 0.6299 0.311, 0.0492 0.6299 0.4011, 0.0591 0.6299 0.9252, -0.0591 0.6299 0.9252, -0.0492 0.6299 0.6654, 0.0492 0.6299 0.6654, 0.0492 0.6299 0.8268, -0.0492 0.6299 0.8268, -0.3445 -1.2795 0.1535, -0.3445 -1.2795 0.1969, -0.3445 -0.9449 0.1535, -0.3445 -0.9116 0.1969, -0.4429 -0.9116 0.1969, -0.4429 -1.2795 0.1969, -0.4429 -0.9449 0.1535, -0.4429 -1.2795 0.1535, -0.3445 0.6299 0.1535, -0.3346 0.6299 0.1378, -0.4429 0.6299 0.1535, -0.4528 0.6299 0.1378, -0.4429 0.6299 0.311, -0.4429 0.6299 0.4011, -0.3445 0.6299 0.311, -0.3445 0.6299 0.4011, -0.3346 0.6299 0.9252, -0.4528 0.6299 0.9252, -0.4429 0.6299 0.6654, -0.3445 0.6299 0.6654, -0.3445 0.6299 0.8268, -0.4429 0.6299 0.8268, -0.8366 -0.9116 0.1969, -0.8366 -1.2795 0.1969, -0.8366 -0.9449 0.1535, -0.8366 -1.2795 0.1535, -0.7382 -1.2795 0.1535, -0.7382 -1.2795 0.1969, -0.7382 -0.9449 0.1535, -0.7382 -0.9116 0.1969, -0.7382 0.6299 0.1535, -0.7283 0.6299 0.1378, -0.8366 0.6299 0.1535, -0.8465 0.6299 0.1378, -0.8366 0.6299 0.311, -0.8366 0.6299 0.4011, -0.7382 0.6299 0.311, -0.7382 0.6299 0.4011, -0.7283 0.6299 0.9252, -0.8465 0.6299 0.9252, -0.8366 0.6299 0.6654, -0.7382 0.6299 0.6654, -0.7382 0.6299 0.8268, -0.8366 0.6299 0.8268, -1.2303 -0.9116 0.1969, -1.2303 -1.2795 0.1969, -1.2303 -0.9449 0.1535, -1.2303 -1.2795 0.1535, -1.1319 -1.2795 0.1535, -1.1319 -1.2795 0.1969, -1.1319 -0.9449 0.1535, -1.1319 -0.9116 0.1969, -1.1319 0.6299 0.1535, -1.122 0.6299 0.1378, -1.2303 0.6299 0.1535, -1.2402 0.6299 0.1378, -1.2303 0.6299 0.311, -1.2303 0.6299 0.4011, -1.1319 0.6299 0.311, -1.1319 0.6299 0.4011, -1.122 0.6299 0.9252, -1.2402 0.6299 0.9252, -1.2303 0.6299 0.6654, -1.1319 0.6299 0.6654, -1.1319 0.6299 0.8268, -1.2303 0.6299 0.8268, -1.624 -0.9116 0.1969, -1.624 -1.2795 0.1969, -1.624 -0.9449 0.1535, -1.624 -1.2795 0.1535, -1.5256 -1.2795 0.1535, -1.5256 -1.2795 0.1969, -1.5256 -0.9449 0.1535, -1.5256 -0.9116 0.1969, -1.5256 0.6299 0.1535, -1.5157 0.6299 0.1378, -1.624 0.6299 0.1535, -1.6339 0.6299 0.1378, -1.624 0.6299 0.311, -1.624 0.6299 0.4011, -1.5256 0.6299 0.311, -1.5256 0.6299 0.4011, -1.5157 0.6299 0.9252, -1.6339 0.6299 0.9252, -1.624 0.6299 0.6654, -1.5256 0.6299 0.6654, -1.5256 0.6299 0.8268, -1.624 0.6299 0.8268, -2.0177 -0.9116 0.1969, -2.0177 -1.2795 0.1969, -2.0177 -0.9449 0.1535, -2.0177 -1.2795 0.1535, -1.9193 -1.2795 0.1535, -1.9193 -1.2795 0.1969, -1.9193 -0.9449 0.1535, -1.9193 -0.9116 0.1969, -1.9193 0.6299 0.1535, -1.9094 0.6299 0.1378, -2.0177 0.6299 0.1535, -2.0276 0.6299 0.1378, -2.0177 0.6299 0.311, -2.0177 0.6299 0.4011, -1.9193 0.6299 0.311, -1.9193 0.6299 0.4011, -1.9094 0.6299 0.9252, -2.0276 0.6299 0.9252, -2.0177 0.6299 0.6654, -1.9193 0.6299 0.6654, -1.9193 0.6299 0.8268, -2.0177 0.6299 0.8268, -2.4114 -0.9116 0.1969, -2.4114 -1.2795 0.1969, -2.4114 -0.9449 0.1535, -2.4114 -1.2795 0.1535, -2.313 -1.2795 0.1535, -2.313 -1.2795 0.1969, -2.313 -0.9449 0.1535, -2.313 -0.9116 0.1969, -2.313 0.6299 0.1535, -2.3031 0.6299 0.1378, -2.4114 0.6299 0.1535, -2.4213 0.6299 0.1378, -2.4114 0.6299 0.311, -2.4114 0.6299 0.4011, -2.313 0.6299 0.311, -2.313 0.6299 0.4011, -2.3031 0.6299 0.9252, -2.4213 0.6299 0.9252, -2.4114 0.6299 0.6654, -2.313 0.6299 0.6654, -2.313 0.6299 0.8268, -2.4114 0.6299 0.8268, -2.8051 -0.9116 0.1969, -2.8051 -1.2795 0.1969, -2.8051 -0.9449 0.1535, -2.8051 -1.2795 0.1535, -2.7067 -1.2795 0.1535, -2.7067 -1.2795 0.1969, -2.7067 -0.9449 0.1535, -2.7067 -0.9116 0.1969, -2.7067 0.6299 0.1535, -2.6969 0.6299 0.1378, -2.8051 0.6299 0.1535, -2.815 0.6299 0.1378, -2.8051 0.6299 0.311, -2.8051 0.6299 0.4011, -2.7067 0.6299 0.311, -2.7067 0.6299 0.4011, -2.6969 0.6299 0.9252, -2.815 0.6299 0.9252, -2.8051 0.6299 0.6654, -2.7067 0.6299 0.6654, -2.7067 0.6299 0.8268, -2.8051 0.6299 0.8268, 3.0571 0.6102 0.9252, -3.0571 0.6102 0.9252, -3.0571 0.6102 0.9646, 3.0571 0.6102 0.9646, -0.8465 0.689 0.9252, -0.9055 0.8858 0.9252, 2.6969 0.689 0.9252, 2.4213 0.689 0.9252, 2.6378 0.8858 0.9252, 2.4803 0.8858 0.9252, -0.4528 0.689 0.9252, -0.7283 0.689 0.9252, -0.5118 0.8858 0.9252, -0.6693 0.8858 0.9252, 2.3032 0.689 0.9252, 2.0276 0.689 0.9252, 2.2441 0.8858 0.9252, 2.0866 0.8858 0.9252, -1.4567 0.8858 0.9252, -1.5157 0.689 0.9252, -1.2992 0.8858 0.9252, -1.2402 0.689 0.9252, 2.9921 0.8858 0.9252, 2.874 0.8858 0.9252, 3.0571 0.689 0.9252, 2.815 0.689 0.9252, -1.6339 0.689 0.9252, -1.9094 0.689 0.9252, -1.6929 0.8858 0.9252, -1.8504 0.8858 0.9252, -1.122 0.689 0.9252, -1.063 0.8858 0.9252, -2.0866 0.8858 0.9252, -2.2441 0.8858 0.9252, -2.3031 0.689 0.9252, -2.0276 0.689 0.9252, -2.4213 0.689 0.9252, -2.6969 0.689 0.9252, -2.4803 0.8858 0.9252, -2.6378 0.8858 0.9252, 1.8504 0.8858 0.9252, 1.6929 0.8858 0.9252, 1.9094 0.689 0.9252, 1.6339 0.689 0.9252, -2.874 0.8858 0.9252, -2.9921 0.8858 0.9252, -2.815 0.689 0.9252, -3.0571 0.689 0.9252, 1.4567 0.8858 0.9252, 1.2992 0.8858 0.9252, 1.5157 0.689 0.9252, 1.2402 0.689 0.9252, 1.063 0.8858 0.9252, 0.9055 0.8858 0.9252, 1.122 0.689 0.9252, 0.8465 0.689 0.9252, 0.7283 0.689 0.9252, 0.4528 0.689 0.9252, 0.6693 0.8858 0.9252, 0.5118 0.8858 0.9252, 0.2756 0.8858 0.9252, 0.1181 0.8858 0.9252, 0.3346 0.689 0.9252, 0.0591 0.689 0.9252, -0.0591 0.689 0.9252, -0.3346 0.689 0.9252, -0.1181 0.8858 0.9252, -0.2756 0.8858 0.9252, -2.9921 0.8858 0.1378, -2.874 0.8858 0.1378, -3.0571 0.689 0.1378, -2.815 0.689 0.1378, -3.0571 0.6102 0.1378, -2.3031 0.689 0.1378, -2.2441 0.8858 0.1378, -2.6969 0.689 0.1378, -2.4213 0.689 0.1378, -2.6378 0.8858 0.1378, -2.4803 0.8858 0.1378, -1.9094 0.689 0.1378, -1.8504 0.8858 0.1378, -1.5157 0.689 0.1378, -1.4567 0.8858 0.1378, -2.0276 0.689 0.1378, -2.0866 0.8858 0.1378, -0.9055 0.8858 0.1378, -0.8465 0.689 0.1378, -1.063 0.8858 0.1378, -1.122 0.689 0.1378, -1.6339 0.689 0.1378, -1.6929 0.8858 0.1378, -0.3346 0.689 0.1378, -0.2756 0.8858 0.1378, 3.0571 0.6102 0.1378, 0.0591 0.689 0.1378, 0.1181 0.8858 0.1378, -1.2402 0.689 0.1378, -1.2992 0.8858 0.1378, 0.4528 0.689 0.1378, 0.5118 0.8858 0.1378, 0.8465 0.689 0.1378, 0.9055 0.8858 0.1378, -0.6693 0.8858 0.1378, -0.5118 0.8858 0.1378, -0.7283 0.689 0.1378, -0.4528 0.689 0.1378, 1.6339 0.689 0.1378, 1.6929 0.8858 0.1378, 1.2992 0.8858 0.1378, 1.4567 0.8858 0.1378, 1.5157 0.689 0.1378, -0.0591 0.689 0.1378, -0.1181 0.8858 0.1378, 0.3346 0.689 0.1378, 0.2756 0.8858 0.1378, 2.0866 0.8858 0.1378, 2.2441 0.8858 0.1378, 2.3032 0.689 0.1378, 2.0276 0.689 0.1378, 1.9094 0.689 0.1378, 1.8504 0.8858 0.1378, 0.7283 0.689 0.1378, 0.6693 0.8858 0.1378, 1.2402 0.689 0.1378, 1.122 0.689 0.1378, 1.063 0.8858 0.1378, 2.874 0.8858 0.1378, 2.9921 0.8858 0.1378, 2.815 0.689 0.1378, 3.0571 0.689 0.1378, 2.6969 0.689 0.1378, 2.4213 0.689 0.1378, 2.6378 0.8858 0.1378, 2.4803 0.8858 0.1378, -2.9528 0.6102 0.0984, -3.0571 0.6102 0.0984, 3.0571 0.6102 0.0984, 2.9528 0.6102 0.0984, 2.9528 0.6102 0.0, -2.9528 0.6102 0.0, 2.9528 -1.2795 0.0, -2.9528 -1.2795 0.0, 3.1496 -1.2795 0.0984, 3.1496 -1.2795 0.1969, 2.9528 -1.2795 0.0984, -3.1496 -1.2795 0.1969, -3.1496 -1.2795 0.0984, -2.9528 -1.2795 0.0984, -0.0492 -0.6693 0.5118, 0.0492 -0.6693 0.5118, -0.0492 -0.4972 0.3543, 0.0492 -0.4972 0.3543, -0.0492 -0.4498 0.311, 0.0492 -0.4498 0.311, 0.0492 0.689 0.311, -0.0492 0.689 0.311, -0.0492 0.0394 0.6654, 0.0492 0.0394 0.6654, -0.0492 -0.0984 0.6654, 0.0492 -0.0984 0.6654, -0.0492 -0.7087 0.6654, 0.0492 -0.7087 0.6654, 0.0492 -0.0984 0.748, 0.0492 -0.689 0.7677, 0.0492 -0.7087 0.7874, 0.0492 -0.7087 0.7677, 0.0492 0.0394 0.7677, 0.0492 -0.689 0.748, -0.0492 -0.7087 0.7677, -0.0492 -0.7087 0.7874, -0.0492 -0.689 0.748, -0.0492 -0.689 0.7677, -0.0492 -0.0984 0.748, -0.0492 0.0394 0.7677, -2.8051 -0.0984 0.6457, -2.9528 -0.0984 0.7283, -2.8051 -0.0984 0.6654, -2.9528 -0.0984 0.748, -2.8051 -0.0984 0.748, -2.7067 -0.0984 0.6457, -3.1496 -0.0984 0.7283, 0.8366 -0.0984 0.748, 1.1319 -0.0984 0.748, 0.8366 -0.0984 0.6654, 1.1319 -0.0984 0.6654, 0.8366 -0.0984 0.6457, -2.7067 -0.0984 0.748, -2.4114 -0.0984 0.748, -2.7067 -0.0984 0.6654, -2.4114 -0.0984 0.6654, -2.4114 -0.0984 0.6457, -2.313 -0.0984 0.6457, -2.313 -0.0984 0.748, -2.0177 -0.0984 0.748, -2.313 -0.0984 0.6654, -2.0177 -0.0984 0.6654, -2.0177 -0.0984 0.6457, -1.9193 -0.0984 0.6457, 0.3445 -0.0984 0.6457, 0.4429 -0.0984 0.6457, -1.9193 -0.0984 0.748, -1.624 -0.0984 0.748, -1.9193 -0.0984 0.6654, -1.624 -0.0984 0.6654, -1.624 -0.0984 0.6457, -1.5256 -0.0984 0.6457, -1.5256 -0.0984 0.748, -1.2303 -0.0984 0.748, -1.5256 -0.0984 0.6654, -1.2303 -0.0984 0.6654, -1.2303 -0.0984 0.6457, -1.1319 -0.0984 0.6457, 1.1319 -0.0984 0.6457, 1.2303 -0.0984 0.6457, -1.1319 -0.0984 0.748, -0.8366 -0.0984 0.748, -1.1319 -0.0984 0.6654, -0.8366 -0.0984 0.6654, -0.8366 -0.0984 0.6457, -0.7382 -0.0984 0.6457, 0.7382 -0.0984 0.6457, 0.7382 -0.0984 0.6654, 0.4429 -0.0984 0.6654, 0.7382 -0.0984 0.748, 0.4429 -0.0984 0.748, 2.8051 -0.0984 0.748, 2.9528 -0.0984 0.748, 2.8051 -0.0984 0.6654, 2.9528 -0.0984 0.7283, 2.8051 -0.0984 0.6457, 1.5256 -0.0984 0.6457, 1.624 -0.0984 0.6457, 1.2303 -0.0984 0.748, 1.5256 -0.0984 0.748, 1.2303 -0.0984 0.6654, 1.5256 -0.0984 0.6654, -0.7382 -0.0984 0.748, -0.4429 -0.0984 0.748, -0.7382 -0.0984 0.6654, -0.4429 -0.0984 0.6654, -0.4429 -0.0984 0.6457, -0.3445 -0.0984 0.6457, 0.3445 -0.0984 0.748, 0.3445 -0.0984 0.6654, 0.0492 -0.0984 0.6457, 1.624 -0.0984 0.748, 1.9193 -0.0984 0.748, 1.624 -0.0984 0.6654, 1.9193 -0.0984 0.6654, 1.9193 -0.0984 0.6457, 2.0177 -0.0984 0.6457, -0.0492 -0.0984 0.6457, -0.3445 -0.0984 0.6654, -0.3445 -0.0984 0.748, 2.0177 -0.0984 0.748, 2.313 -0.0984 0.748, 2.0177 -0.0984 0.6654, 2.313 -0.0984 0.6654, 2.313 -0.0984 0.6457, 2.4114 -0.0984 0.6457, 3.1496 -0.0984 0.7283, 2.7067 -0.0984 0.6457, 2.7067 -0.0984 0.6654, 2.4114 -0.0984 0.6654, 2.7067 -0.0984 0.748, 2.4114 -0.0984 0.748, 0.0492 -0.7087 0.6457, -0.0492 -0.7087 0.6457, -0.3445 -0.689 0.748, -0.3445 -0.7087 0.7677, -0.4429 -0.7087 0.7677, -0.4429 -0.689 0.748, -0.7382 -0.7087 0.7677, -0.7382 -0.689 0.748, -0.8366 -0.7087 0.7677, -0.8366 -0.689 0.748, -1.1319 -0.7087 0.7677, -1.1319 -0.689 0.748, -1.2303 -0.7087 0.7677, -1.2303 -0.689 0.748, -1.5256 -0.7087 0.7677, -1.5256 -0.689 0.748, -1.624 -0.7087 0.7677, -1.624 -0.689 0.748, -1.9193 -0.7087 0.7677, -1.9193 -0.689 0.748, -2.0177 -0.7087 0.7677, -2.0177 -0.689 0.748, -2.313 -0.7087 0.7677, -2.313 -0.689 0.748, -2.8051 -0.7087 0.7677, -2.8051 -0.689 0.748, -2.9528 -0.7087 0.7677, -2.9528 -0.689 0.748, -2.4114 -0.7087 0.7677, -2.4114 -0.689 0.748, -2.7067 -0.7087 0.7677, -2.7067 -0.689 0.748, 2.9528 -0.7087 0.7677, 2.8051 -0.7087 0.7677, 2.9528 -0.7677 0.7677, 2.7067 -0.7087 0.7677, 2.4114 -0.7087 0.7677, 2.313 -0.7087 0.7677, 2.0177 -0.7087 0.7677, 1.9193 -0.7087 0.7677, 1.624 -0.7087 0.7677, 1.5256 -0.7087 0.7677, -2.9528 -0.7677 0.7677, 1.2303 -0.7087 0.7677, 1.1319 -0.7087 0.7677, 0.8366 -0.7087 0.7677, 0.7382 -0.7087 0.7677, 0.4429 -0.7087 0.7677, 0.3445 -0.7087 0.7677, 2.9528 -0.689 0.7677, 2.9528 -0.689 0.748, 2.9528 -0.8071 0.8071, 2.9528 -0.8071 0.8858, 2.9528 0.0394 0.7677, 2.9528 0.0394 0.748, -2.313 -0.7087 0.7874, -2.313 -0.689 0.7677, -2.0177 -0.689 0.7677, -2.9528 -0.8071 0.8858, -2.0177 -0.7087 0.7874, -1.9193 -0.7087 0.7874, 2.313 -0.7087 0.7874, 2.4114 -0.7087 0.7874, -2.9528 -0.689 0.7677, -2.8051 -0.689 0.7677, -2.8051 -0.7087 0.7874, -2.7067 -0.7087 0.7874, -2.7067 -0.689 0.7677, -2.4114 -0.689 0.7677, -2.4114 -0.7087 0.7874, -1.9193 -0.689 0.7677, -1.624 -0.689 0.7677, -1.624 -0.7087 0.7874, -1.5256 -0.7087 0.7874, -1.5256 -0.689 0.7677, -1.2303 -0.689 0.7677, -1.2303 -0.7087 0.7874, -1.1319 -0.7087 0.7874, 2.0177 -0.7087 0.7874, 2.0177 -0.689 0.7677, 2.313 -0.689 0.7677, -0.3445 -0.7087 0.7874, -0.3445 -0.689 0.7677, 2.8051 -0.689 0.7677, 2.8051 -0.7087 0.7874, 2.7067 -0.7087 0.7874, 2.7067 -0.689 0.7677, 2.4114 -0.689 0.7677, -1.1319 -0.689 0.7677, -0.8366 -0.689 0.7677, -0.8366 -0.7087 0.7874, -0.7382 -0.7087 0.7874, -0.7382 -0.689 0.7677, -0.4429 -0.689 0.7677, -0.4429 -0.7087 0.7874, 0.7382 -0.7087 0.7874, 0.8366 -0.7087 0.7874, 0.4429 -0.7087 0.7874, 0.4429 -0.689 0.7677, 0.7382 -0.689 0.7677, 0.3445 -0.689 0.7677, 0.3445 -0.7087 0.7874, 1.5256 -0.7087 0.7874, 1.624 -0.7087 0.7874, 1.2303 -0.7087 0.7874, 1.2303 -0.689 0.7677, 1.5256 -0.689 0.7677, 1.1319 -0.7087 0.7874, 1.1319 -0.689 0.7677, 0.8366 -0.689 0.7677, 1.9193 -0.7087 0.7874, 1.9193 -0.689 0.7677, 1.624 -0.689 0.7677, -3.8189 -0.8071 0.2362, -3.8583 -0.8071 0.2362, -3.8583 -0.8071 0.0984, -2.9528 -0.8071 0.748, -2.9528 -0.8071 0.8071, 3.8189 -0.8071 0.8268, 3.8583 -0.8071 0.8268, 3.8583 -0.8071 0.9646, 2.9528 -0.8071 0.7283, 3.8189 -0.8071 0.2362, 3.2362 -0.8071 0.748, 3.2362 -0.8071 0.3543, -3.8583 -0.8071 0.9646, -3.8189 -0.8071 0.8268, -3.8583 -0.8071 0.8268, 3.8583 -0.8071 0.2362, 3.8583 -0.8071 0.0984, 3.1496 -0.8071 0.0984, 3.1496 -0.8071 0.3543, -3.1496 -0.8071 0.0984, -3.1496 -0.8071 0.3543, -3.2362 -0.8071 0.3543, -2.9528 -0.8071 0.7283, 2.9528 -0.8071 0.748, -3.2362 -0.8071 0.748, 3.8583 0.2953 0.9646, 3.6024 0.5512 0.9646, 3.4449 0.5512 0.9646, 3.0571 0.3346 0.9646, 3.2421 0.3346 0.9646, 3.2421 0.689 0.9646, 3.4449 0.8858 0.9646, 3.3071 0.8858 0.9646, 3.0571 0.3346 0.0984, 0.3445 -0.4972 0.3543, 0.3445 -0.4498 0.311, 0.3445 0.0394 0.3543, 0.3445 0.0394 0.4011, 0.3445 -0.8858 0.2303, 0.3445 -0.7904 0.3543, 0.3445 -0.8858 0.3543, 0.3445 -0.6693 0.5118, 0.4429 -0.6693 0.5118, 0.4429 -0.4972 0.3543, 0.4429 -0.4498 0.311, 0.4429 0.0394 0.3543, 0.4429 0.0394 0.4011, 0.4429 -0.8858 0.2303, 0.4429 -0.8858 0.3543, 0.4429 -0.7904 0.3543, 0.4429 0.689 0.311, 0.3445 0.689 0.311, 0.3445 -0.689 0.748, 0.3445 0.0394 0.7677, 0.3445 0.0394 0.6654, 0.4429 0.0394 0.6654, 0.4429 0.0394 0.7677, 0.4429 -0.689 0.748, 0.4429 -0.7087 0.6654, 0.3445 -0.7087 0.6654, 0.3445 -0.7087 0.6457, 0.4429 -0.7087 0.6457, -2.313 0.0394 0.4011, -2.313 0.0394 0.3543, -2.0177 0.0394 0.3543, -2.4114 0.0394 0.3543, -2.4114 0.0394 0.4011, -2.8051 0.0394 0.6654, -2.8051 0.0394 0.7677, -2.9528 0.0394 0.7677, -2.9528 0.0394 0.748, -2.4114 0.0394 0.7677, -2.7067 0.0394 0.7677, -2.4114 0.0394 0.6654, -2.0177 0.0394 0.4011, -3.2087 0.0394 0.3543, -2.8051 0.0394 0.3543, -3.2087 0.0394 0.748, -2.8051 0.0394 0.4011, -2.7067 0.0394 0.4011, -2.7067 0.0394 0.3543, -1.9193 0.0394 0.4011, -1.9193 0.0394 0.3543, -1.624 0.0394 0.3543, -2.0177 0.0394 0.7677, -2.313 0.0394 0.7677, -2.0177 0.0394 0.6654, -1.624 0.0394 0.4011, -2.7067 0.0394 0.6654, -1.5256 0.0394 0.4011, -1.5256 0.0394 0.3543, -1.2303 0.0394 0.3543, -1.624 0.0394 0.7677, -1.9193 0.0394 0.7677, -1.624 0.0394 0.6654, -1.2303 0.0394 0.4011, -1.1319 0.0394 0.4011, -1.1319 0.0394 0.3543, -0.8366 0.0394 0.3543, -1.2303 0.0394 0.7677, -1.5256 0.0394 0.7677, -1.2303 0.0394 0.6654, -0.8366 0.0394 0.4011, -2.313 0.0394 0.6654, -0.7382 0.0394 0.4011, -0.7382 0.0394 0.3543, -0.4429 0.0394 0.3543, -0.8366 0.0394 0.7677, -1.1319 0.0394 0.7677, -0.8366 0.0394 0.6654, -0.4429 0.0394 0.4011, -1.9193 0.0394 0.6654, -0.3445 0.0394 0.4011, -0.3445 0.0394 0.3543, -0.0492 0.0394 0.3543, -1.5256 0.0394 0.6654, -1.1319 0.0394 0.6654, -0.0492 0.0394 0.4011, -0.7382 0.0394 0.7677, -0.7382 0.0394 0.6654, -0.4429 0.0394 0.7677, -0.4429 0.0394 0.6654, -0.3445 0.0394 0.6654, -0.3445 0.0394 0.7677, 0.0492 0.0394 0.3543, 0.0492 0.0394 0.4011, 1.5256 0.0394 0.6654, 1.5256 0.0394 0.4011, 1.624 0.0394 0.6654, 1.624 0.0394 0.4011, 1.624 0.0394 0.3543, 1.9193 0.0394 0.3543, 1.9193 0.0394 0.4011, 1.2303 0.0394 0.7677, 1.2303 0.0394 0.6654, 1.5256 0.0394 0.7677, 1.1319 0.0394 0.6654, 1.1319 0.0394 0.4011, 1.2303 0.0394 0.4011, 1.2303 0.0394 0.3543, 1.5256 0.0394 0.3543, 2.313 0.0394 0.7677, 2.0177 0.0394 0.7677, 2.313 0.0394 0.6654, 2.0177 0.0394 0.6654, 2.0177 0.0394 0.3543, 2.313 0.0394 0.3543, 2.0177 0.0394 0.4011, 2.313 0.0394 0.4011, 2.4114 0.0394 0.3543, 2.7067 0.0394 0.3543, 2.7067 0.0394 0.4011, 0.8366 0.0394 0.7677, 0.8366 0.0394 0.6654, 1.1319 0.0394 0.7677, 0.7382 0.0394 0.6654, 0.7382 0.0394 0.4011, 0.8366 0.0394 0.4011, 0.8366 0.0394 0.3543, 1.1319 0.0394 0.3543, 0.7382 0.0394 0.7677, 2.7067 0.0394 0.7677, 2.4114 0.0394 0.7677, 2.7067 0.0394 0.6654, 2.4114 0.0394 0.6654, 2.8051 0.0394 0.7677, 2.8051 0.0394 0.6654, 2.8051 0.0394 0.3543, 3.2087 0.0394 0.3543, 2.8051 0.0394 0.4011, 3.2087 0.0394 0.748, 2.4114 0.0394 0.4011, 1.9193 0.0394 0.6654, 1.9193 0.0394 0.7677, 1.624 0.0394 0.7677, 0.7382 0.0394 0.3543, 0.7382 -0.689 0.748, 0.8366 -0.689 0.748, 0.8366 0.689 0.311, 0.7382 0.689 0.311, 0.8366 -0.4498 0.311, 0.7382 -0.4498 0.311, 0.7382 -0.6693 0.5118, 0.8366 -0.6693 0.5118, 0.7382 -0.4972 0.3543, 0.8366 -0.4972 0.3543, 0.8366 -0.8858 0.2303, 0.8366 -0.8858 0.3543, 0.8366 -0.7904 0.3543, 0.7382 -0.8858 0.2303, 0.7382 -0.7904 0.3543, 0.7382 -0.8858 0.3543, 1.1319 -0.8858 0.3543, 1.1319 -0.7904 0.3543, 1.1319 -0.4972 0.3543, 1.1319 -0.6693 0.5118, 1.2303 -0.6693 0.5118, 1.2303 -0.4972 0.3543, 1.1319 -0.4498 0.311, 1.2303 -0.4498 0.311, 1.2303 -0.8858 0.2303, 1.2303 -0.8858 0.3543, 1.2303 -0.7904 0.3543, 1.2303 0.689 0.311, 1.1319 0.689 0.311, 1.1319 -0.8858 0.2303, 1.5256 -0.8858 0.3543, 1.5256 -0.7904 0.3543, 1.5256 -0.4972 0.3543, 1.5256 -0.6693 0.5118, 1.624 -0.6693 0.5118, 1.624 -0.4972 0.3543, 1.5256 -0.4498 0.311, 1.624 -0.4498 0.311, 1.624 -0.8858 0.2303, 1.624 -0.8858 0.3543, 1.624 -0.7904 0.3543, 1.624 0.689 0.311, 1.5256 0.689 0.311, 1.5256 -0.8858 0.2303, 1.9193 -0.8858 0.3543, 1.9193 -0.7904 0.3543, 1.9193 -0.4972 0.3543, 1.9193 -0.6693 0.5118, 2.0177 -0.6693 0.5118, 2.0177 -0.4972 0.3543, 1.9193 -0.4498 0.311, 2.0177 -0.4498 0.311, 2.0177 -0.8858 0.2303, 2.0177 -0.8858 0.3543, 2.0177 -0.7904 0.3543, 2.0177 0.689 0.311, 1.9193 0.689 0.311, 1.9193 -0.8858 0.2303, 2.313 -0.4972 0.3543, 2.313 -0.7904 0.3543, 2.313 -0.8858 0.3543, 2.313 -0.6693 0.5118, 2.4114 -0.6693 0.5118, 2.4114 -0.4972 0.3543, 2.313 -0.4498 0.311, 2.4114 -0.4498 0.311, 2.4114 -0.8858 0.2303, 2.4114 -0.8858 0.3543, 2.4114 -0.7904 0.3543, 2.4114 0.689 0.311, 2.313 0.689 0.311, 2.313 -0.8858 0.2303, 2.7067 -0.4972 0.3543, 2.7067 -0.7904 0.3543, 2.7067 -0.8858 0.3543, 2.7067 -0.6693 0.5118, 2.8051 -0.6693 0.5118, 2.8051 -0.4972 0.3543, 2.7067 -0.4498 0.311, 2.8051 -0.4498 0.311, 2.8051 -0.8858 0.2303, 2.8051 -0.8858 0.3543, 2.8051 -0.7904 0.3543, 2.7067 0.689 0.311, 2.8051 0.689 0.311, 2.7067 -0.8858 0.2303, 3.2087 -0.752 0.3543, 3.1496 -0.8858 0.3543, 3.2087 -0.752 0.748, 3.1496 -0.1969 0.7283, -3.0571 0.3346 0.9646, -3.2421 0.3346 0.9646, -3.8583 0.2953 0.9646, -3.3071 0.8858 0.9646, -3.4449 0.8858 0.9646, -3.2421 0.689 0.9646, -3.4449 0.5512 0.9646, -3.6024 0.5512 0.9646, -3.8583 0.2953 0.8268, -3.8189 0.3346 0.8268, -3.8189 0.3346 0.2362, -3.8583 0.2953 0.2362, -3.8583 0.2953 0.0984, -3.0571 0.3346 0.0984, -3.6024 0.5512 0.0984, -3.4449 0.5512 0.0984, -3.4449 0.8858 0.0984, -3.3071 0.8858 0.0984, -3.2421 0.689 0.0984, -3.2421 0.3346 0.0984, -0.3445 -0.4498 0.311, -0.3445 -0.4972 0.3543, -0.3445 -0.8858 0.2303, -0.3445 -0.8858 0.3543, -0.3445 -0.7904 0.3543, -0.4429 -0.6693 0.5118, -0.3445 -0.6693 0.5118, -0.4429 -0.4972 0.3543, -0.4429 -0.4498 0.311, -0.4429 -0.8858 0.2303, -0.4429 -0.7904 0.3543, -0.4429 -0.8858 0.3543, -0.7382 -0.8858 0.3543, -0.7382 -0.7904 0.3543, -0.7382 -0.4972 0.3543, -0.8366 -0.4972 0.3543, -0.8366 -0.4498 0.311, -0.8366 -0.8858 0.2303, -0.8366 -0.7904 0.3543, -0.8366 -0.8858 0.3543, -0.8366 -0.6693 0.5118, -0.7382 -0.6693 0.5118, -0.7382 -0.4498 0.311, -0.8366 0.689 0.311, -0.7382 0.689 0.311, -0.8366 -0.7087 0.6654, -0.7382 -0.7087 0.6654, -0.8366 -0.7087 0.6457, -0.7382 -0.7087 0.6457, -0.3445 0.689 0.311, -0.4429 0.689 0.311, -0.4429 -0.7087 0.6654, -0.3445 -0.7087 0.6654, -0.4429 -0.7087 0.6457, -0.3445 -0.7087 0.6457, -1.1319 0.689 0.311, -1.2303 0.689 0.311, -1.1319 -0.4498 0.311, -1.2303 -0.4498 0.311, -1.2303 -0.6693 0.5118, -1.1319 -0.6693 0.5118, -1.2303 -0.4972 0.3543, -1.1319 -0.4972 0.3543, -1.2303 -0.8858 0.2303, -1.2303 -0.7904 0.3543, -1.2303 -0.8858 0.3543, -1.5256 -0.4972 0.3543, -1.5256 -0.7904 0.3543, -1.5256 -0.8858 0.3543, -1.624 -0.4972 0.3543, -1.624 -0.4498 0.311, -1.624 -0.8858 0.2303, -1.624 -0.7904 0.3543, -1.624 -0.8858 0.3543, -1.624 -0.6693 0.5118, -1.5256 -0.6693 0.5118, -1.5256 -0.4498 0.311, -1.5256 0.689 0.311, -1.624 0.689 0.311, -1.624 -0.7087 0.6654, -1.5256 -0.7087 0.6654, -1.624 -0.7087 0.6457, -1.5256 -0.7087 0.6457, -1.2303 -0.7087 0.6654, -1.1319 -0.7087 0.6654, -1.2303 -0.7087 0.6457, -1.1319 -0.7087 0.6457, -1.9193 0.689 0.311, -2.0177 0.689 0.311, -1.9193 -0.4498 0.311, -2.0177 -0.4498 0.311, -2.0177 -0.6693 0.5118, -1.9193 -0.6693 0.5118, -2.0177 -0.4972 0.3543, -1.9193 -0.4972 0.3543, -2.0177 -0.8858 0.2303, -2.0177 -0.7904 0.3543, -2.0177 -0.8858 0.3543, -2.313 -0.8858 0.3543, -2.313 -0.7904 0.3543, -2.313 -0.4972 0.3543, -2.4114 -0.4972 0.3543, -2.4114 -0.4498 0.311, -2.4114 -0.8858 0.2303, -2.4114 -0.7904 0.3543, -2.4114 -0.8858 0.3543, -2.4114 -0.6693 0.5118, -2.313 -0.6693 0.5118, -2.313 -0.4498 0.311, -2.4114 0.689 0.311, -2.313 0.689 0.311, -2.4114 -0.7087 0.6654, -2.313 -0.7087 0.6654, -2.4114 -0.7087 0.6457, -2.313 -0.7087 0.6457, -2.0177 -0.7087 0.6654, -1.9193 -0.7087 0.6654, -2.0177 -0.7087 0.6457, -1.9193 -0.7087 0.6457, -2.7067 0.689 0.311, -2.8051 0.689 0.311, -2.7067 -0.4498 0.311, -2.8051 -0.4498 0.311, -2.8051 -0.6693 0.5118, -2.7067 -0.6693 0.5118, -2.8051 -0.4972 0.3543, -2.7067 -0.4972 0.3543, -2.8051 -0.8858 0.2303, -2.8051 -0.7904 0.3543, -2.8051 -0.8858 0.3543, -3.2087 -0.752 0.3543, -3.1496 -0.8858 0.3543, -2.7067 -0.8858 0.3543, -2.7067 -0.7904 0.3543, -2.7067 -0.8858 0.2303, -2.7067 -0.8858 0.1969, -2.4114 -0.8858 0.1969, -3.1496 -0.8858 0.1969, -2.8051 -0.8858 0.1969, -3.2087 -0.752 0.748, -3.1496 -0.1969 0.7283, -2.8051 -0.7087 0.6654, -2.7067 -0.7087 0.6654, -2.8051 -0.7087 0.6457, -2.7067 -0.7087 0.6457, -2.313 -0.8858 0.2303, -2.313 -0.8858 0.1969, -2.0177 -0.8858 0.1969, -1.9193 -0.7904 0.3543, -1.9193 -0.8858 0.3543, -1.9193 -0.8858 0.2303, -1.624 -0.8858 0.1969, -1.9193 -0.8858 0.1969, -1.5256 -0.8858 0.2303, -1.2303 -0.8858 0.1969, -1.5256 -0.8858 0.1969, -1.1319 -0.8858 0.3543, -1.1319 -0.7904 0.3543, -1.1319 -0.8858 0.2303, -1.1319 -0.8858 0.1969, -0.8366 -0.8858 0.1969, -0.7382 -0.8858 0.2303, -0.7382 -0.8858 0.1969, -0.4429 -0.8858 0.1969, -0.0492 -0.8858 0.3543, -0.0492 -0.7904 0.3543, -0.0492 -0.8858 0.2303, 0.0492 -0.8858 0.2303, 0.0492 -0.8858 0.3543, 0.0492 -0.7904 0.3543, 0.7382 -0.8858 0.1969, 0.4429 -0.8858 0.1969, 0.3445 -0.8858 0.1969, 0.0492 -0.8858 0.1969, -0.3445 -0.8858 0.1969, -0.0492 -0.8858 0.1969, 3.1496 -0.8858 0.1969, 3.2421 0.3346 0.0984, 3.3071 0.8858 0.0984, 3.4449 0.8858 0.0984, 3.2421 0.689 0.0984, 3.4449 0.5512 0.0984, 3.6024 0.5512 0.0984, 3.8583 0.2953 0.0984, 3.8583 0.2953 0.2362, 3.8189 0.3346 0.2362, 3.8189 0.3346 0.8268, 3.8583 0.2953 0.8268, 2.8051 -0.8858 0.1969, 2.4114 -0.8858 0.1969, 2.7067 -0.8858 0.1969, 2.7067 -0.689 0.748, 2.8051 -0.689 0.748, 2.8051 -0.7087 0.6654, 2.7067 -0.7087 0.6654, 2.7067 -0.7087 0.6457, 2.8051 -0.7087 0.6457, 1.1319 -0.689 0.748, 1.5256 -0.689 0.748, 1.2303 -0.689 0.748, 1.9193 -0.689 0.748, 1.624 -0.689 0.748, 2.313 -0.689 0.748, 2.0177 -0.689 0.748, 2.4114 -0.689 0.748, 1.2303 -0.7087 0.6654, 1.1319 -0.7087 0.6654, 1.1319 -0.7087 0.6457, 1.2303 -0.7087 0.6457, 1.624 -0.7087 0.6654, 1.5256 -0.7087 0.6654, 1.5256 -0.7087 0.6457, 1.624 -0.7087 0.6457, 2.0177 -0.7087 0.6654, 1.9193 -0.7087 0.6654, 1.9193 -0.7087 0.6457, 2.0177 -0.7087 0.6457, 2.4114 -0.7087 0.6654, 2.313 -0.7087 0.6654, 2.313 -0.7087 0.6457, 2.4114 -0.7087 0.6457, 2.0177 -0.8858 0.1969, 2.313 -0.8858 0.1969, 1.624 -0.8858 0.1969, 1.9193 -0.8858 0.1969, 1.5256 -0.8858 0.1969, 1.2303 -0.8858 0.1969, 1.1319 -0.8858 0.1969, 0.8366 -0.8858 0.1969, 0.8366 -0.7087 0.6654, 0.7382 -0.7087 0.6654, 0.7382 -0.7087 0.6457, 0.8366 -0.7087 0.6457]} coordIndex [0,1,2,-1,3,4,5,-1,6,7,8,-1,9,10,11,-1,11,10,12,-1,11,12,13,-1,14,15,16,-1,16,15,11,-1,16,11,17,-1,17,11,18,-1,13,19,11,-1,11,19,20,-1,11,20,18,-1,21,22,23,-1,23,22,24,-1,24,22,25,-1,25,22,26,-1,25,26,27,-1,27,26,28,-1,27,28,29,-1,28,30,31,-1,31,32,28,-1,28,32,33,-1,28,33,34,-1,28,35,29,-1,29,35,36,-1,29,36,37,-1,37,36,38,-1,37,38,39,-1,34,40,28,-1,28,40,41,-1,28,41,35,-1,42,43,44,-1,44,43,45,-1,42,44,46,-1,46,44,47,-1,46,47,48,-1,45,49,44,-1,44,49,50,-1,44,50,30,-1,30,50,51,-1,30,51,31,-1,52,53,44,-1,44,53,54,-1,54,55,44,-1,44,55,56,-1,44,56,47,-1,57,58,59,-1,59,58,60,-1,59,60,61,-1,52,62,53,-1,53,62,59,-1,53,59,63,-1,63,59,61,-1,64,65,66,-1,65,67,66,-1,66,67,68,-1,66,68,69,-1,70,71,72,-1,73,74,75,-1,75,74,76,-1,70,72,77,-1,78,79,80,-1,81,82,74,-1,74,82,83,-1,74,83,84,-1,14,85,15,-1,15,85,86,-1,15,86,80,-1,80,86,87,-1,80,87,78,-1,71,88,72,-1,72,88,89,-1,72,89,90,-1,91,92,93,-1,93,92,94,-1,93,94,95,-1,96,84,97,-1,97,84,98,-1,97,98,93,-1,93,98,99,-1,93,99,91,-1,96,100,84,-1,84,100,101,-1,84,101,74,-1,74,101,102,-1,74,102,76,-1,79,103,80,-1,80,103,104,-1,80,104,105,-1,106,107,108,-1,108,107,109,-1,108,109,72,-1,72,109,110,-1,72,110,77,-1,111,112,64,-1,112,113,64,-1,64,113,114,-1,64,114,115,-1,115,116,64,-1,64,116,117,-1,64,117,118,-1,118,117,106,-1,118,106,119,-1,119,106,108,-1,120,121,72,-1,72,121,122,-1,72,122,74,-1,74,122,123,-1,74,123,81,-1,90,124,72,-1,72,124,125,-1,72,125,126,-1,126,127,72,-1,72,127,128,-1,72,128,120,-1,129,130,131,-1,130,132,131,-1,131,132,133,-1,131,133,134,-1,83,131,84,-1,84,131,135,-1,84,135,136,-1,137,138,83,-1,83,138,139,-1,83,139,131,-1,131,139,140,-1,131,140,129,-1,141,142,83,-1,83,142,143,-1,83,143,137,-1,144,145,146,-1,146,145,147,-1,146,147,148,-1,134,133,149,-1,149,133,150,-1,149,150,151,-1,151,150,152,-1,151,152,153,-1,136,154,84,-1,84,154,146,-1,84,146,155,-1,155,146,148,-1,156,157,158,-1,158,157,159,-1,159,157,160,-1,159,160,161,-1,162,163,164,-1,164,163,165,-1,164,165,156,-1,156,165,166,-1,156,166,157,-1,157,166,167,-1,157,167,168,-1,168,167,169,-1,168,169,170,-1,170,169,171,-1,160,172,161,-1,161,172,173,-1,161,173,174,-1,174,173,175,-1,176,177,178,-1,179,180,181,-1,181,180,182,-1,183,184,185,-1,185,184,186,-1,185,186,182,-1,187,188,189,-1,189,188,190,-1,191,192,188,-1,188,192,193,-1,177,194,178,-1,178,194,195,-1,178,195,196,-1,196,195,197,-1,198,199,197,-1,197,199,200,-1,197,200,196,-1,187,201,188,-1,188,201,202,-1,188,202,191,-1,203,204,205,-1,206,207,185,-1,185,207,208,-1,185,208,183,-1,209,210,211,-1,212,180,213,-1,214,215,216,-1,176,178,211,-1,211,178,217,-1,211,217,209,-1,209,217,218,-1,209,218,219,-1,203,205,179,-1,216,220,214,-1,214,220,212,-1,214,212,221,-1,221,212,213,-1,219,222,209,-1,209,222,223,-1,209,223,224,-1,225,226,197,-1,197,226,227,-1,197,227,228,-1,205,229,179,-1,179,229,230,-1,179,230,180,-1,180,230,231,-1,180,231,213,-1,228,232,197,-1,197,232,233,-1,197,233,198,-1,6,8,234,-1,234,8,235,-1,234,235,236,-1,236,235,4,-1,4,235,237,-1,4,237,5,-1,238,239,5,-1,240,241,5,-1,5,241,242,-1,243,244,245,-1,245,244,246,-1,245,246,247,-1,247,248,245,-1,245,248,249,-1,245,249,250,-1,250,249,251,-1,250,251,238,-1,252,253,239,-1,239,253,254,-1,239,254,5,-1,5,254,255,-1,5,255,240,-1,242,256,5,-1,5,256,257,-1,5,257,3,-1,258,259,260,-1,260,259,261,-1,260,261,262,-1,260,263,258,-1,258,263,264,-1,258,264,265,-1,265,266,258,-1,258,266,267,-1,258,267,268,-1,268,267,269,-1,268,269,270,-1,270,269,271,-1,270,271,239,-1,239,271,272,-1,239,272,252,-1,273,274,262,-1,262,274,275,-1,262,275,260,-1,276,277,204,-1,204,277,278,-1,204,278,205,-1,276,279,277,-1,277,279,280,-1,277,280,281,-1,281,280,282,-1,281,283,284,-1,282,285,281,-1,281,285,286,-1,281,286,287,-1,287,288,281,-1,281,288,289,-1,281,289,283,-1,284,290,281,-1,281,290,291,-1,281,291,292,-1,293,294,295,-1,295,294,158,-1,295,158,296,-1,297,296,298,-1,298,299,297,-1,297,299,300,-1,297,300,301,-1,301,300,302,-1,303,304,305,-1,305,304,158,-1,305,158,306,-1,306,158,294,-1,307,308,309,-1,310,311,312,-1,309,308,312,-1,312,308,313,-1,312,313,310,-1,314,315,316,-1,317,318,304,-1,304,318,319,-1,304,319,320,-1,320,321,304,-1,304,321,322,-1,304,322,323,-1,323,322,324,-1,323,324,325,-1,310,326,311,-1,311,326,327,-1,311,327,316,-1,316,327,328,-1,316,328,314,-1,315,329,316,-1,316,329,330,-1,316,330,331,-1,302,300,303,-1,303,300,316,-1,303,316,304,-1,304,316,331,-1,304,331,317,-1,332,312,333,-1,334,335,336,-1,336,335,337,-1,336,337,338,-1,338,337,339,-1,338,339,340,-1,340,339,341,-1,340,341,342,-1,342,341,343,-1,342,343,344,-1,344,343,345,-1,332,338,312,-1,312,338,340,-1,312,340,309,-1,309,340,346,-1,309,346,250,-1,250,346,347,-1,250,347,245,-1,245,347,348,-1,245,348,349,-1,349,348,350,-1,349,350,333,-1,333,350,351,-1,333,351,332,-1,352,349,353,-1,353,349,354,-1,355,356,209,-1,357,358,359,-1,359,358,360,-1,359,360,361,-1,362,363,245,-1,352,359,349,-1,349,359,361,-1,349,361,245,-1,245,361,364,-1,245,364,362,-1,355,209,365,-1,356,366,209,-1,209,366,367,-1,209,367,368,-1,369,370,359,-1,359,370,371,-1,372,373,359,-1,359,373,374,-1,359,374,375,-1,371,376,359,-1,359,376,377,-1,359,377,378,-1,379,380,359,-1,359,380,381,-1,359,381,357,-1,363,365,245,-1,245,365,209,-1,245,209,243,-1,243,209,224,-1,243,224,215,-1,215,224,382,-1,215,382,216,-1,375,383,359,-1,359,383,384,-1,359,384,369,-1,378,385,359,-1,359,385,386,-1,359,386,379,-1,387,388,389,-1,389,388,390,-1,389,390,391,-1,392,393,394,-1,395,396,392,-1,392,396,397,-1,392,397,393,-1,368,398,209,-1,209,398,399,-1,209,399,400,-1,401,402,392,-1,392,402,403,-1,392,403,395,-1,399,404,400,-1,400,404,405,-1,400,405,401,-1,401,405,406,-1,401,406,402,-1,407,408,409,-1,409,408,235,-1,409,235,186,-1,186,235,8,-1,186,8,182,-1,182,8,7,-1,182,7,181,-1,410,411,323,-1,411,174,323,-1,323,174,175,-1,323,175,304,-1,304,175,412,-1,304,412,158,-1,158,412,413,-1,158,413,156,-1,414,415,416,-1,325,307,323,-1,323,307,309,-1,323,309,410,-1,410,309,417,-1,410,417,418,-1,418,417,414,-1,418,414,419,-1,419,414,416,-1,420,421,5,-1,238,5,250,-1,250,5,421,-1,250,421,309,-1,309,421,422,-1,309,422,417,-1,423,424,420,-1,425,426,427,-1,427,426,428,-1,427,428,423,-1,423,420,427,-1,427,420,5,-1,427,5,429,-1,429,5,237,-1,429,237,430,-1,429,431,427,-1,427,431,432,-1,427,432,433,-1,434,435,436,-1,436,435,437,-1,436,437,237,-1,237,437,438,-1,237,438,430,-1,433,439,427,-1,427,439,440,-1,427,440,425,-1,441,442,443,-1,441,443,444,-1,442,445,443,-1,443,445,446,-1,443,446,436,-1,436,446,447,-1,436,447,434,-1,0,26,448,-1,448,26,22,-1,448,22,449,-1,449,22,450,-1,449,450,451,-1,451,450,390,-1,451,390,452,-1,452,390,388,-1,452,388,453,-1,453,388,454,-1,453,454,455,-1,455,454,456,-1,455,456,457,-1,457,456,458,-1,457,458,459,-1,459,458,460,-1,459,460,461,-1,461,460,462,-1,461,462,463,-1,463,462,464,-1,387,354,388,-1,388,354,349,-1,388,349,454,-1,454,349,333,-1,454,333,456,-1,456,333,312,-1,456,312,458,-1,458,312,311,-1,458,311,460,-1,460,311,316,-1,460,316,462,-1,462,316,300,-1,462,300,464,-1,464,300,299,-1,21,9,22,-1,22,9,11,-1,22,11,450,-1,450,11,401,-1,450,401,390,-1,390,401,392,-1,390,392,391,-1,391,392,394,-1,465,466,467,-1,468,469,11,-1,11,469,465,-1,11,465,401,-1,401,465,467,-1,401,467,400,-1,400,467,470,-1,400,470,15,-1,15,470,468,-1,15,468,11,-1,471,472,159,-1,158,473,474,-1,296,158,298,-1,298,158,474,-1,298,474,475,-1,475,474,476,-1,475,476,159,-1,159,476,477,-1,159,477,471,-1,471,477,478,-1,471,478,479,-1,480,481,158,-1,482,483,473,-1,473,483,484,-1,473,484,485,-1,486,487,472,-1,472,487,488,-1,472,488,489,-1,158,481,473,-1,473,481,490,-1,473,490,482,-1,489,491,472,-1,472,491,492,-1,472,492,159,-1,159,492,493,-1,159,493,158,-1,158,493,494,-1,158,494,480,-1,485,495,473,-1,473,495,496,-1,473,496,472,-1,472,496,497,-1,472,497,486,-1,498,499,500,-1,500,499,501,-1,500,501,80,-1,193,210,188,-1,188,210,209,-1,188,209,500,-1,500,209,400,-1,500,400,498,-1,498,400,502,-1,80,501,15,-1,15,501,503,-1,15,503,400,-1,400,503,504,-1,400,504,502,-1,505,506,507,-1,507,506,498,-1,507,498,508,-1,508,498,502,-1,508,502,509,-1,509,502,510,-1,411,444,174,-1,174,444,443,-1,174,443,161,-1,161,443,511,-1,161,511,159,-1,159,511,512,-1,159,512,475,-1,475,512,513,-1,407,190,408,-1,408,190,188,-1,408,188,514,-1,514,188,500,-1,514,500,66,-1,66,500,80,-1,66,80,64,-1,64,80,105,-1,64,105,111,-1,69,57,66,-1,66,57,59,-1,66,59,514,-1,514,59,515,-1,514,515,408,-1,408,515,516,-1,408,516,235,-1,235,516,517,-1,235,517,237,-1,237,517,518,-1,237,518,436,-1,436,518,519,-1,436,519,443,-1,443,519,520,-1,443,520,511,-1,511,520,521,-1,511,521,512,-1,512,521,522,-1,512,522,513,-1,513,522,523,-1,0,2,26,-1,26,2,524,-1,26,524,28,-1,28,524,525,-1,28,525,30,-1,30,525,526,-1,30,526,44,-1,44,526,527,-1,44,527,52,-1,52,527,528,-1,52,528,62,-1,529,528,530,-1,530,528,1,-1,531,532,533,-1,533,532,534,-1,533,534,535,-1,535,534,536,-1,535,536,537,-1,537,536,538,-1,537,538,539,-1,539,538,540,-1,539,540,541,-1,541,540,542,-1,538,536,543,-1,543,536,534,-1,543,534,532,-1,538,543,540,-1,540,543,544,-1,540,544,545,-1,546,547,548,-1,548,547,549,-1,545,550,540,-1,540,550,551,-1,540,551,542,-1,542,551,549,-1,542,549,552,-1,552,549,547,-1,543,553,544,-1,544,553,554,-1,544,554,545,-1,545,554,555,-1,545,555,550,-1,550,555,556,-1,550,556,551,-1,551,556,557,-1,551,557,549,-1,549,557,558,-1,463,523,559,-1,559,523,560,-1,561,562,563,-1,563,562,564,-1,565,566,567,-1,567,566,568,-1,569,570,571,-1,571,570,572,-1,571,572,573,-1,573,572,574,-1,575,576,577,-1,577,576,578,-1,577,578,579,-1,580,581,579,-1,579,581,569,-1,579,569,577,-1,577,569,571,-1,574,582,573,-1,573,582,581,-1,573,581,575,-1,575,581,580,-1,575,580,576,-1,583,584,585,-1,585,584,586,-1,587,588,589,-1,589,588,590,-1,591,592,593,-1,593,592,594,-1,593,594,595,-1,595,594,596,-1,597,598,599,-1,599,598,600,-1,599,600,601,-1,602,603,601,-1,601,603,591,-1,601,591,599,-1,599,591,593,-1,596,604,595,-1,595,604,603,-1,595,603,597,-1,597,603,602,-1,597,602,598,-1,605,606,607,-1,607,606,608,-1,609,610,611,-1,611,610,612,-1,613,614,615,-1,615,614,616,-1,615,616,617,-1,617,616,618,-1,619,620,621,-1,621,620,622,-1,621,622,623,-1,624,625,623,-1,623,625,613,-1,623,613,621,-1,621,613,615,-1,618,626,617,-1,617,626,625,-1,617,625,619,-1,619,625,624,-1,619,624,620,-1,627,628,629,-1,629,628,630,-1,631,632,633,-1,633,632,634,-1,635,636,637,-1,637,636,638,-1,637,638,639,-1,640,638,641,-1,635,642,636,-1,636,642,643,-1,636,643,644,-1,639,638,645,-1,645,638,640,-1,645,640,643,-1,643,640,646,-1,643,646,644,-1,644,646,647,-1,644,647,641,-1,641,647,648,-1,641,648,640,-1,649,650,651,-1,651,650,652,-1,653,654,655,-1,655,654,656,-1,657,658,659,-1,660,661,662,-1,662,661,658,-1,662,658,663,-1,660,664,661,-1,661,664,665,-1,661,665,666,-1,663,658,667,-1,667,658,657,-1,667,657,665,-1,665,657,668,-1,665,668,666,-1,666,668,669,-1,666,669,659,-1,659,669,670,-1,659,670,657,-1,671,672,673,-1,673,672,674,-1,675,676,677,-1,677,676,678,-1,679,680,681,-1,681,682,683,-1,683,682,684,-1,681,680,685,-1,685,680,686,-1,685,686,687,-1,688,689,690,-1,690,689,691,-1,690,691,682,-1,682,691,692,-1,682,692,684,-1,681,683,679,-1,679,683,688,-1,679,688,687,-1,687,688,690,-1,687,690,685,-1,693,694,695,-1,695,694,696,-1,697,698,699,-1,699,698,700,-1,701,702,703,-1,703,702,704,-1,703,704,705,-1,705,704,706,-1,701,707,702,-1,702,707,708,-1,702,708,709,-1,704,710,706,-1,706,710,711,-1,706,711,708,-1,708,711,712,-1,708,712,709,-1,709,712,713,-1,709,713,710,-1,710,713,714,-1,710,714,711,-1,715,716,717,-1,717,716,718,-1,719,720,721,-1,721,720,722,-1,723,724,725,-1,725,724,726,-1,725,726,727,-1,727,726,728,-1,723,729,724,-1,724,729,730,-1,724,730,731,-1,726,732,728,-1,728,732,733,-1,728,733,730,-1,730,733,734,-1,730,734,731,-1,731,734,735,-1,731,735,732,-1,732,735,736,-1,732,736,733,-1,737,738,739,-1,739,738,740,-1,741,742,743,-1,743,742,744,-1,745,746,747,-1,747,746,748,-1,747,748,749,-1,749,748,750,-1,745,751,746,-1,746,751,752,-1,746,752,753,-1,748,754,750,-1,750,754,755,-1,750,755,752,-1,752,755,756,-1,752,756,753,-1,753,756,757,-1,753,757,754,-1,754,757,758,-1,754,758,755,-1,759,760,761,-1,761,760,762,-1,763,764,765,-1,765,764,766,-1,767,768,769,-1,769,768,770,-1,769,770,771,-1,771,770,772,-1,767,773,768,-1,768,773,774,-1,768,774,775,-1,770,776,772,-1,772,776,777,-1,772,777,774,-1,774,777,778,-1,774,778,775,-1,775,778,779,-1,775,779,776,-1,776,779,780,-1,776,780,777,-1,781,782,783,-1,783,782,784,-1,785,786,787,-1,787,786,788,-1,789,790,791,-1,791,790,792,-1,791,792,793,-1,793,792,794,-1,789,795,790,-1,790,795,796,-1,790,796,797,-1,792,798,794,-1,794,798,799,-1,794,799,796,-1,796,799,800,-1,796,800,797,-1,797,800,801,-1,797,801,798,-1,798,801,802,-1,798,802,799,-1,803,804,805,-1,805,804,806,-1,807,808,809,-1,809,808,810,-1,811,812,813,-1,813,812,814,-1,813,814,815,-1,815,814,816,-1,811,817,812,-1,812,817,818,-1,812,818,819,-1,814,820,816,-1,816,820,821,-1,816,821,818,-1,818,821,822,-1,818,822,819,-1,819,822,823,-1,819,823,820,-1,820,823,824,-1,820,824,821,-1,825,826,827,-1,827,826,828,-1,829,830,831,-1,831,830,832,-1,833,834,835,-1,835,834,836,-1,835,836,837,-1,837,836,838,-1,833,839,834,-1,834,839,840,-1,834,840,841,-1,836,842,838,-1,838,842,843,-1,838,843,840,-1,840,843,844,-1,840,844,841,-1,841,844,845,-1,841,845,842,-1,842,845,846,-1,842,846,843,-1,847,848,849,-1,849,848,850,-1,851,852,853,-1,853,852,854,-1,855,856,857,-1,857,856,858,-1,857,858,859,-1,859,858,860,-1,855,861,856,-1,856,861,862,-1,856,862,863,-1,858,864,860,-1,860,864,865,-1,860,865,862,-1,862,865,866,-1,862,866,863,-1,863,866,867,-1,863,867,864,-1,864,867,868,-1,864,868,865,-1,869,870,871,-1,871,870,872,-1,873,874,875,-1,875,874,876,-1,877,878,879,-1,879,878,880,-1,879,880,881,-1,881,880,882,-1,877,883,878,-1,878,883,884,-1,878,884,885,-1,880,886,882,-1,882,886,887,-1,882,887,884,-1,884,887,888,-1,884,888,885,-1,885,888,889,-1,885,889,886,-1,886,889,890,-1,886,890,887,-1,891,892,560,-1,560,892,893,-1,894,891,529,-1,529,891,560,-1,529,560,528,-1,528,560,523,-1,754,892,753,-1,753,892,891,-1,776,895,896,-1,597,897,898,-1,898,897,899,-1,898,899,900,-1,775,901,902,-1,902,901,903,-1,902,903,904,-1,619,905,906,-1,906,905,907,-1,906,907,908,-1,909,910,911,-1,911,910,798,-1,911,798,912,-1,819,820,892,-1,913,914,915,-1,915,914,916,-1,915,916,891,-1,891,916,575,-1,891,575,577,-1,776,892,775,-1,775,892,754,-1,775,754,901,-1,841,917,918,-1,918,917,919,-1,918,919,920,-1,863,864,892,-1,910,819,798,-1,798,819,892,-1,798,892,797,-1,797,892,776,-1,797,776,921,-1,921,776,896,-1,921,896,922,-1,923,924,925,-1,923,925,926,-1,926,925,863,-1,926,863,842,-1,842,863,892,-1,842,892,841,-1,841,892,820,-1,841,820,917,-1,599,891,597,-1,597,891,577,-1,597,577,897,-1,621,891,619,-1,619,891,599,-1,619,599,905,-1,885,927,928,-1,928,927,929,-1,928,929,930,-1,931,932,933,-1,933,932,934,-1,933,934,621,-1,621,934,644,-1,621,644,891,-1,891,644,641,-1,935,936,937,-1,937,936,938,-1,937,938,886,-1,886,938,892,-1,886,892,885,-1,885,892,864,-1,885,864,927,-1,891,709,710,-1,939,940,941,-1,941,940,942,-1,941,942,641,-1,641,942,666,-1,641,666,891,-1,891,666,659,-1,943,944,945,-1,945,944,946,-1,945,946,659,-1,659,946,681,-1,659,681,891,-1,891,681,685,-1,891,685,709,-1,709,685,947,-1,709,947,948,-1,948,947,949,-1,948,949,950,-1,951,952,953,-1,953,952,954,-1,953,954,710,-1,710,954,731,-1,710,731,891,-1,891,731,732,-1,891,732,753,-1,753,732,955,-1,753,955,956,-1,956,955,957,-1,956,957,958,-1,959,960,961,-1,961,960,962,-1,961,962,963,-1,963,962,880,-1,963,880,878,-1,856,964,965,-1,858,966,967,-1,967,966,968,-1,967,968,969,-1,834,970,971,-1,856,963,858,-1,858,963,878,-1,858,878,966,-1,812,972,973,-1,834,963,836,-1,836,963,856,-1,836,856,974,-1,974,856,965,-1,974,965,975,-1,976,977,978,-1,978,977,790,-1,978,790,979,-1,812,963,814,-1,814,963,834,-1,814,834,980,-1,980,834,971,-1,980,971,981,-1,746,982,983,-1,768,984,770,-1,770,984,963,-1,724,985,986,-1,977,770,790,-1,790,770,963,-1,790,963,792,-1,792,963,812,-1,792,812,987,-1,987,812,973,-1,987,973,988,-1,702,989,990,-1,682,991,992,-1,993,994,995,-1,995,994,996,-1,995,996,768,-1,768,996,748,-1,768,748,984,-1,984,748,746,-1,636,997,998,-1,999,1000,1001,-1,724,984,726,-1,726,984,746,-1,726,746,1002,-1,1002,746,983,-1,1002,983,1003,-1,702,984,704,-1,704,984,724,-1,704,724,1004,-1,1004,724,986,-1,1004,986,1005,-1,593,595,984,-1,984,638,636,-1,1006,1007,1008,-1,1006,1008,1009,-1,1009,1008,593,-1,1009,593,617,-1,617,593,984,-1,617,984,615,-1,615,984,636,-1,615,636,1010,-1,1010,636,998,-1,1010,998,1011,-1,682,984,690,-1,690,984,702,-1,690,702,1012,-1,1012,702,990,-1,1012,990,1013,-1,999,1001,1014,-1,1014,1001,638,-1,1014,638,661,-1,661,638,984,-1,661,984,658,-1,658,984,682,-1,658,682,1015,-1,1015,682,992,-1,1015,992,1016,-1,1017,1018,1019,-1,1019,1018,1020,-1,1019,1020,573,-1,573,1020,984,-1,573,984,571,-1,571,984,595,-1,571,595,1021,-1,1021,595,1022,-1,1021,1022,1023,-1,1023,1022,1024,-1,1025,1026,963,-1,984,1027,1028,-1,1029,1030,1028,-1,1028,1030,1025,-1,1028,1025,984,-1,984,1025,963,-1,1029,1031,1030,-1,1030,1031,1032,-1,744,742,764,-1,1033,1034,1035,-1,1035,1034,562,-1,1035,562,1031,-1,1031,562,561,-1,1031,561,568,-1,566,584,568,-1,568,584,583,-1,568,583,1031,-1,1031,583,590,-1,806,804,830,-1,851,850,1032,-1,588,606,590,-1,590,606,605,-1,590,605,1031,-1,1031,605,612,-1,763,762,1031,-1,1036,1037,870,-1,870,1037,1038,-1,870,1038,872,-1,872,1038,1032,-1,872,1032,873,-1,873,1032,850,-1,873,850,874,-1,874,850,848,-1,610,628,612,-1,612,628,627,-1,612,627,1031,-1,1031,627,634,-1,760,786,762,-1,762,786,785,-1,762,785,1031,-1,1031,785,784,-1,1031,829,828,-1,826,852,828,-1,828,852,851,-1,828,851,1031,-1,1031,851,1032,-1,632,650,634,-1,634,650,649,-1,634,649,1031,-1,1031,649,656,-1,654,672,656,-1,656,672,671,-1,656,671,1031,-1,1031,671,678,-1,782,808,784,-1,784,808,807,-1,784,807,1031,-1,1031,807,806,-1,1031,806,829,-1,829,806,830,-1,676,698,678,-1,678,698,697,-1,678,697,1031,-1,1031,697,696,-1,694,720,696,-1,696,720,719,-1,696,719,1031,-1,1031,719,718,-1,716,738,718,-1,718,738,737,-1,718,737,1031,-1,1031,737,744,-1,1031,744,763,-1,763,744,764,-1,719,721,718,-1,718,721,717,-1,1039,1040,1041,-1,1041,1040,1042,-1,1041,1042,1043,-1,1043,1042,1044,-1,1045,1046,729,-1,729,1046,727,-1,729,727,1044,-1,1044,727,1043,-1,1047,1048,1049,-1,1049,1048,1050,-1,1049,1050,1051,-1,1051,1050,1052,-1,1053,1050,1048,-1,1054,1055,1056,-1,1048,1057,1053,-1,1053,1057,1054,-1,1053,1054,1058,-1,1058,1054,1056,-1,1059,1060,1061,-1,1061,1060,1062,-1,1061,1062,1063,-1,1063,1062,1064,-1,1063,1064,1049,-1,1049,1064,1047,-1,1065,1066,1067,-1,1067,1066,1068,-1,1067,1068,1069,-1,1070,546,1065,-1,1065,546,1071,-1,1065,1071,1066,-1,1072,1073,1074,-1,1074,1073,1075,-1,1074,1075,1076,-1,1077,1078,1079,-1,1079,1078,1080,-1,1079,1080,1070,-1,1070,1080,1081,-1,1070,1081,546,-1,546,1081,1082,-1,1083,1084,1085,-1,1085,1084,1086,-1,1085,1086,1082,-1,1082,1086,1087,-1,1082,1087,546,-1,546,1087,1088,-1,546,1089,1090,-1,1091,1092,1093,-1,1093,1092,1094,-1,1093,1094,1088,-1,1088,1094,1095,-1,1088,1095,546,-1,546,1095,1096,-1,1097,1098,1099,-1,1099,1098,1100,-1,1099,1100,1096,-1,1096,1100,1101,-1,1096,1101,546,-1,546,1101,1102,-1,1103,1104,546,-1,1105,1106,1107,-1,1107,1106,1108,-1,1107,1108,1102,-1,1102,1108,1109,-1,1102,1109,546,-1,546,1109,1110,-1,1075,1103,1076,-1,1076,1103,546,-1,1076,546,1111,-1,1111,546,1090,-1,1111,1090,1112,-1,1112,1090,1113,-1,1112,1113,1114,-1,1114,1113,1115,-1,1116,1117,1118,-1,1118,1117,1119,-1,1118,1119,1120,-1,1121,1122,547,-1,1123,1124,1125,-1,1125,1124,1126,-1,1125,1126,1104,-1,1104,1126,1121,-1,1104,1121,546,-1,546,1121,547,-1,1127,1128,1129,-1,1129,1128,1130,-1,1129,1130,1110,-1,1110,1130,1131,-1,1110,1131,546,-1,546,1131,1132,-1,1053,1133,1050,-1,1050,1133,1134,-1,1050,1134,1135,-1,1136,1137,1138,-1,1138,1137,1139,-1,1138,1139,1122,-1,1122,1139,1140,-1,1122,1140,547,-1,547,1140,1141,-1,1134,1089,1135,-1,1135,1089,546,-1,1135,546,1142,-1,1142,546,1132,-1,1142,1132,1049,-1,1049,1132,1143,-1,1049,1143,1063,-1,1063,1143,1144,-1,1145,1146,1147,-1,1147,1146,1148,-1,1147,1148,1141,-1,1141,1148,1149,-1,1141,1149,547,-1,547,1149,1150,-1,1119,1151,1120,-1,1120,1151,547,-1,1120,547,1152,-1,1152,547,1150,-1,1152,1150,1153,-1,1153,1150,1154,-1,1153,1154,1155,-1,1155,1154,1156,-1,1157,1052,1135,-1,1135,1052,1050,-1,1158,1051,1157,-1,1157,1051,1052,-1,1158,1142,1051,-1,1051,1142,1049,-1,1157,1135,1158,-1,1158,1135,1142,-1,1159,1061,1144,-1,1144,1061,1063,-1,1059,1061,1160,-1,1160,1061,1159,-1,1161,1162,1163,-1,1163,1162,1164,-1,1165,1166,1167,-1,1167,1166,1168,-1,1169,1170,1171,-1,1171,1170,1172,-1,1173,1174,1175,-1,1175,1174,1176,-1,1177,1178,1179,-1,1179,1178,1180,-1,1181,1182,1183,-1,1183,1182,1184,-1,1185,1186,1187,-1,1187,1186,1188,-1,1189,1190,1191,-1,1191,1190,1192,-1,1191,1192,1193,-1,1193,1194,1191,-1,1191,1194,1195,-1,1191,1195,1196,-1,1196,1197,1191,-1,1191,1197,1198,-1,1191,1198,1199,-1,1199,1198,1200,-1,1199,1200,1201,-1,1059,1160,1199,-1,1199,1160,1161,-1,1199,1161,1163,-1,1163,1165,1199,-1,1199,1165,1167,-1,1199,1167,1169,-1,1201,1202,1199,-1,1199,1202,1203,-1,1199,1203,1204,-1,1169,1171,1199,-1,1199,1171,1173,-1,1199,1173,1175,-1,1204,1205,1199,-1,1199,1205,1056,-1,1199,1056,1059,-1,1175,1177,1199,-1,1199,1177,1179,-1,1199,1179,1185,-1,1185,1187,1199,-1,1199,1187,1181,-1,1199,1181,1183,-1,1206,1207,1189,-1,1191,1208,1189,-1,1189,1208,1209,-1,1189,1209,1206,-1,1207,1206,1117,-1,1117,1206,1210,-1,1117,1210,1211,-1,1212,1213,1214,-1,1215,1216,1217,-1,1218,1219,1209,-1,1220,1221,1215,-1,1215,1221,1222,-1,1215,1222,1223,-1,1224,1225,1223,-1,1223,1225,1226,-1,1223,1226,1215,-1,1215,1226,1212,-1,1215,1212,1216,-1,1216,1212,1214,-1,1227,1228,1217,-1,1217,1228,1229,-1,1217,1229,1215,-1,1215,1229,1230,-1,1231,1232,1230,-1,1230,1232,1233,-1,1230,1233,1215,-1,1215,1233,1234,-1,1235,1236,1237,-1,1238,1239,1062,-1,1240,1206,1241,-1,1241,1206,1209,-1,1241,1209,1242,-1,1242,1209,1219,-1,1242,1219,1243,-1,1243,1219,1244,-1,1245,1246,1234,-1,1234,1246,1247,-1,1234,1247,1215,-1,1215,1247,1248,-1,1249,1250,1248,-1,1248,1250,1251,-1,1248,1251,1215,-1,1215,1251,1238,-1,1215,1238,1060,-1,1060,1238,1062,-1,1252,1253,1209,-1,1254,1255,1256,-1,1054,1257,1055,-1,1055,1257,1258,-1,1256,1252,1254,-1,1254,1252,1209,-1,1254,1209,1258,-1,1258,1209,1215,-1,1258,1215,1055,-1,1055,1215,1060,-1,1259,1260,1209,-1,1261,1262,1263,-1,1263,1259,1261,-1,1261,1259,1209,-1,1261,1209,1264,-1,1264,1209,1253,-1,1264,1253,1265,-1,1265,1253,1266,-1,1237,1218,1235,-1,1235,1218,1209,-1,1235,1209,1267,-1,1267,1209,1260,-1,1267,1260,1268,-1,1268,1260,1269,-1,1270,1271,1272,-1,1273,1208,1274,-1,1275,1276,1277,-1,530,1215,1209,-1,532,531,1278,-1,1279,1280,1281,-1,530,1209,1277,-1,1277,1209,1208,-1,1277,1208,1275,-1,559,1282,1283,-1,1283,1282,1284,-1,1285,1279,1286,-1,1286,1279,1281,-1,1286,1281,1287,-1,1287,1281,1288,-1,1289,1290,1291,-1,1292,1278,1293,-1,532,1278,543,-1,543,1278,1292,-1,543,1292,553,-1,1279,1275,1280,-1,1280,1275,1208,-1,1280,1208,1293,-1,1293,1208,1273,-1,1293,1273,1292,-1,1272,1289,1270,-1,1270,1289,1291,-1,1270,1291,1283,-1,1283,1291,1294,-1,1,463,530,-1,530,463,559,-1,530,559,1215,-1,1215,559,1283,-1,1215,1283,1274,-1,1274,1283,1294,-1,1274,1294,1273,-1,1295,1296,1297,-1,894,529,1298,-1,1298,529,530,-1,1298,530,1299,-1,1299,530,1277,-1,1277,1295,1299,-1,1299,1295,1297,-1,1299,1297,1300,-1,1300,1297,1301,-1,1300,1301,1302,-1,891,894,1298,-1,1303,1027,984,-1,1020,915,984,-1,984,915,891,-1,984,891,1303,-1,1303,891,1298,-1,915,1020,913,-1,913,1020,1018,-1,914,913,1017,-1,1017,913,1018,-1,1019,916,1017,-1,1017,916,914,-1,573,575,1019,-1,1019,575,916,-1,1021,897,571,-1,571,897,577,-1,1023,899,1021,-1,1021,899,897,-1,900,899,1024,-1,1024,899,1023,-1,1022,898,1024,-1,1024,898,900,-1,595,597,1022,-1,1022,597,898,-1,1008,905,593,-1,593,905,599,-1,1007,907,1008,-1,1008,907,905,-1,908,907,1006,-1,1006,907,1007,-1,1009,906,1006,-1,1006,906,908,-1,617,619,1009,-1,1009,619,906,-1,1010,933,615,-1,615,933,621,-1,1011,931,1010,-1,1010,931,933,-1,932,931,998,-1,998,931,1011,-1,997,934,998,-1,998,934,932,-1,636,644,997,-1,997,644,934,-1,1001,941,638,-1,638,941,641,-1,1000,939,1001,-1,1001,939,941,-1,940,939,999,-1,999,939,1000,-1,1014,942,999,-1,999,942,940,-1,661,666,1014,-1,1014,666,942,-1,1015,945,658,-1,658,945,659,-1,1016,943,1015,-1,1015,943,945,-1,944,943,992,-1,992,943,1016,-1,991,946,992,-1,992,946,944,-1,682,681,991,-1,991,681,946,-1,1012,947,690,-1,690,947,685,-1,1013,949,1012,-1,1012,949,947,-1,950,949,990,-1,990,949,1013,-1,989,948,990,-1,990,948,950,-1,702,709,989,-1,989,709,948,-1,1004,953,704,-1,704,953,710,-1,1005,951,1004,-1,1004,951,953,-1,952,951,986,-1,986,951,1005,-1,985,954,986,-1,986,954,952,-1,724,731,985,-1,985,731,954,-1,1304,1305,1306,-1,1306,1305,705,-1,1306,705,1307,-1,1307,705,706,-1,1308,1309,1310,-1,1311,1312,1304,-1,1304,1312,1313,-1,1304,1313,1305,-1,1305,1313,1314,-1,1314,1313,1315,-1,1316,708,1315,-1,1315,708,707,-1,1315,707,1314,-1,1317,1318,1319,-1,1320,1321,707,-1,707,1321,705,-1,707,705,1314,-1,1314,705,1305,-1,1205,1258,1322,-1,1322,1258,1257,-1,1322,1257,1133,-1,1133,1257,1323,-1,1133,1323,1134,-1,1134,1323,1324,-1,1115,1113,1325,-1,1255,1254,1204,-1,1325,1326,1115,-1,1115,1326,1255,-1,1115,1255,1327,-1,1327,1255,1204,-1,1328,1329,1113,-1,1113,1329,1134,-1,1113,1134,1325,-1,1325,1134,1324,-1,1089,1134,1330,-1,1330,1134,1329,-1,1331,1090,1330,-1,1330,1090,1089,-1,1331,1328,1090,-1,1090,1328,1113,-1,1330,1329,1331,-1,1331,1329,1328,-1,1324,1323,1057,-1,1332,1333,1334,-1,1335,1336,1337,-1,1338,1339,1337,-1,1337,1339,1340,-1,1337,1340,1335,-1,1341,1342,1343,-1,1343,1342,1344,-1,1345,1346,1347,-1,1347,1346,1348,-1,1347,1348,1340,-1,1340,1348,1349,-1,1340,1349,1335,-1,1335,1349,1350,-1,1351,1352,1353,-1,1354,1355,1356,-1,1356,1355,1357,-1,1334,1344,1332,-1,1332,1344,1342,-1,1332,1342,1336,-1,1336,1342,1358,-1,1336,1358,1337,-1,1359,1360,1361,-1,1362,1363,1364,-1,1364,1363,1365,-1,1366,1367,1368,-1,1369,1370,1371,-1,1371,1370,1372,-1,1353,1357,1351,-1,1351,1357,1355,-1,1351,1355,1344,-1,1344,1355,1373,-1,1344,1373,1343,-1,1374,1375,1376,-1,1377,1378,1379,-1,1379,1378,1380,-1,1361,1365,1359,-1,1359,1365,1363,-1,1359,1363,1357,-1,1357,1363,1381,-1,1357,1381,1356,-1,1382,1383,1384,-1,1368,1372,1366,-1,1366,1372,1370,-1,1366,1370,1365,-1,1365,1370,1385,-1,1365,1385,1364,-1,1376,1380,1374,-1,1374,1380,1378,-1,1374,1378,1372,-1,1372,1378,1386,-1,1372,1386,1371,-1,1384,1387,1382,-1,1382,1387,1388,-1,1382,1388,1380,-1,1380,1388,1389,-1,1380,1389,1379,-1,1390,1388,1391,-1,1391,1388,1387,-1,1391,1387,1392,-1,1392,1387,1393,-1,1394,1306,1395,-1,1395,1306,1307,-1,1047,1064,1393,-1,1396,1397,1398,-1,1398,1397,1399,-1,1400,1401,1399,-1,1399,1401,1402,-1,1403,1404,1405,-1,1405,1404,1396,-1,1406,1407,1404,-1,1404,1407,1408,-1,1404,1408,1396,-1,1396,1408,1409,-1,1396,1409,1397,-1,1397,1409,1410,-1,1411,1412,1413,-1,1413,1412,1414,-1,1415,1416,1417,-1,1417,1416,1418,-1,1419,1420,1421,-1,1422,1423,1424,-1,1424,1423,1406,-1,1425,1426,1423,-1,1423,1426,1427,-1,1423,1427,1406,-1,1406,1427,1428,-1,1406,1428,1407,-1,1407,1428,1429,-1,1430,1326,1425,-1,1425,1326,1325,-1,1431,1432,1433,-1,1433,1432,1434,-1,1210,1435,1211,-1,1211,1435,1436,-1,1387,1395,1393,-1,1393,1395,1307,-1,1393,1307,1047,-1,1047,1307,1048,-1,1437,1438,1439,-1,1439,1438,1440,-1,1439,1440,1421,-1,1421,1440,1211,-1,1421,1211,1419,-1,1419,1211,1436,-1,1419,1436,1441,-1,1441,1436,1433,-1,1441,1433,1418,-1,1418,1433,1434,-1,1418,1434,1417,-1,1417,1434,1413,-1,1417,1413,1402,-1,1402,1413,1414,-1,1402,1414,1399,-1,1399,1414,1442,-1,1399,1442,1398,-1,1398,1442,1443,-1,1398,1443,1444,-1,1057,1048,1324,-1,1324,1048,1307,-1,1324,1307,1325,-1,1325,1307,1316,-1,1325,1316,1425,-1,1425,1316,1315,-1,1425,1315,1426,-1,1426,1315,1445,-1,1057,1323,1054,-1,1054,1323,1257,-1,1326,1430,1255,-1,1255,1430,1256,-1,1203,1252,1446,-1,1446,1252,1256,-1,1446,1256,1114,-1,1114,1256,1430,-1,1114,1430,1112,-1,1112,1430,1425,-1,1072,1074,1423,-1,1266,1253,1202,-1,1423,1422,1072,-1,1072,1422,1266,-1,1072,1266,1447,-1,1447,1266,1202,-1,1448,1449,684,-1,684,1449,689,-1,684,689,1450,-1,1450,689,1451,-1,1452,1453,1454,-1,1454,1453,1455,-1,1454,1455,1451,-1,1451,1455,1450,-1,1450,1455,1428,-1,1427,683,1428,-1,1428,683,684,-1,1428,684,1450,-1,1456,1457,1458,-1,1426,688,1427,-1,1427,688,683,-1,1454,1451,1445,-1,1445,1451,689,-1,1445,689,1426,-1,1426,689,688,-1,1459,1460,1461,-1,1318,1461,1319,-1,1319,1461,1460,-1,1319,1460,1313,-1,1313,1460,1454,-1,1313,1454,1315,-1,1315,1454,1445,-1,1457,1462,1458,-1,1458,1462,1463,-1,1458,1463,1455,-1,1455,1463,1464,-1,1455,1464,1428,-1,1428,1464,1429,-1,1465,1466,1464,-1,1464,1466,1467,-1,1464,1467,1468,-1,1468,1467,1469,-1,1469,1467,1409,-1,1408,665,1409,-1,1409,665,664,-1,1409,664,1469,-1,1470,1471,1472,-1,1473,1474,664,-1,664,1474,663,-1,664,663,1469,-1,1469,663,1468,-1,1464,1468,1429,-1,1429,1468,663,-1,1429,663,1407,-1,1407,663,667,-1,1475,1463,1462,-1,1407,667,1408,-1,1408,667,665,-1,1471,1476,1472,-1,1472,1476,1477,-1,1472,1477,1467,-1,1467,1477,1478,-1,1467,1478,1409,-1,1409,1478,1410,-1,1479,1480,1478,-1,1478,1480,1481,-1,1478,1481,1482,-1,1482,1481,1483,-1,1483,1481,1400,-1,1399,643,1400,-1,1400,643,642,-1,1400,642,1483,-1,1484,1485,1486,-1,1487,1488,642,-1,642,1488,639,-1,642,639,1483,-1,1483,639,1482,-1,1478,1482,1410,-1,1410,1482,639,-1,1410,639,1397,-1,1397,639,645,-1,1489,1477,1476,-1,1397,645,1399,-1,1399,645,643,-1,1485,1490,1486,-1,1486,1490,1491,-1,1486,1491,1481,-1,1481,1491,1492,-1,1481,1492,1400,-1,1400,1492,1401,-1,1493,1494,1492,-1,1492,1494,1495,-1,1492,1495,1496,-1,1496,1495,1497,-1,1497,1495,1415,-1,1417,625,1415,-1,1415,625,626,-1,1415,626,1497,-1,1498,1499,1500,-1,1501,1502,626,-1,626,1502,614,-1,626,614,1497,-1,1497,614,1496,-1,1492,1496,1401,-1,1401,1496,614,-1,1401,614,1402,-1,1402,614,613,-1,1503,1491,1490,-1,1402,613,1417,-1,1417,613,625,-1,1416,1415,1504,-1,1504,1415,1495,-1,1504,1495,1505,-1,1505,1495,1500,-1,1505,1500,1506,-1,1506,1500,1499,-1,1507,1508,1504,-1,1504,1508,1509,-1,1504,1509,1510,-1,1510,1509,1511,-1,1511,1509,1419,-1,1441,603,1419,-1,1419,603,604,-1,1419,604,1511,-1,1512,1513,1514,-1,1515,1516,604,-1,604,1516,592,-1,604,592,1511,-1,1511,592,1510,-1,1504,1510,1416,-1,1416,1510,592,-1,1416,592,1418,-1,1418,592,591,-1,1517,1505,1506,-1,1418,591,1441,-1,1441,591,603,-1,1420,1419,1518,-1,1518,1419,1509,-1,1518,1509,1519,-1,1519,1509,1514,-1,1519,1514,1520,-1,1520,1514,1513,-1,1521,1522,1518,-1,1518,1522,1523,-1,1518,1523,1524,-1,1524,1523,1525,-1,1525,1523,1437,-1,1439,581,1437,-1,1437,581,582,-1,1437,582,1525,-1,1526,1527,1528,-1,1524,1525,570,-1,570,1525,582,-1,570,582,1529,-1,1529,582,1530,-1,1518,1524,1420,-1,1420,1524,570,-1,1420,570,1421,-1,1421,570,569,-1,1531,1519,1520,-1,1421,569,1439,-1,1439,569,581,-1,1288,1281,1532,-1,1438,1437,1532,-1,1532,1437,1523,-1,1532,1523,1288,-1,1288,1523,1528,-1,1288,1528,1533,-1,1533,1528,1527,-1,1438,1532,1440,-1,1440,1532,1534,-1,1280,1534,1281,-1,1281,1534,1532,-1,1211,1440,1117,-1,1117,1440,1534,-1,1117,1534,1293,-1,1293,1534,1280,-1,1119,1117,1278,-1,1278,1117,1293,-1,531,533,1278,-1,1278,533,535,-1,1278,535,537,-1,537,539,1278,-1,1278,539,541,-1,1278,541,1119,-1,1119,541,1535,-1,1119,1535,1151,-1,552,1535,542,-1,542,1535,541,-1,547,1151,552,-1,552,1151,1535,-1,559,560,1536,-1,1536,560,893,-1,559,1536,1282,-1,1282,1536,1537,-1,1282,1537,1538,-1,1539,1540,1541,-1,1541,1540,1542,-1,1541,1542,1537,-1,1537,1542,1543,-1,1537,1543,1538,-1,1544,1284,1538,-1,1538,1284,1282,-1,1545,1283,1544,-1,1544,1283,1284,-1,1546,1270,1545,-1,1545,1270,1283,-1,1547,1271,1546,-1,1546,1271,1270,-1,1548,1272,1547,-1,1547,1272,1271,-1,1549,1026,1025,-1,1548,1550,1551,-1,1552,1553,1554,-1,1552,1554,1551,-1,1551,1554,1555,-1,1551,1555,1548,-1,1038,1037,1289,-1,1025,1038,1549,-1,1549,1038,1289,-1,1549,1289,1555,-1,1555,1289,1272,-1,1555,1272,1548,-1,1537,1536,1555,-1,1555,1536,1549,-1,1541,1537,1554,-1,1554,1537,1555,-1,1554,1553,1541,-1,1541,1553,1539,-1,1540,1539,1552,-1,1552,1539,1553,-1,1552,1551,1540,-1,1540,1551,1542,-1,1543,1542,1550,-1,1550,1542,1551,-1,1544,1538,1545,-1,1545,1538,1543,-1,1545,1543,1546,-1,1546,1543,1550,-1,1546,1550,1547,-1,1547,1550,1548,-1,1536,893,1549,-1,1549,893,892,-1,1026,1549,963,-1,963,1549,892,-1,963,892,961,-1,961,892,938,-1,936,959,938,-1,938,959,961,-1,960,959,935,-1,935,959,936,-1,960,935,962,-1,962,935,937,-1,962,937,880,-1,880,937,886,-1,878,885,966,-1,966,885,928,-1,966,928,968,-1,968,928,930,-1,969,968,929,-1,929,968,930,-1,969,929,967,-1,967,929,927,-1,967,927,858,-1,858,927,864,-1,856,863,964,-1,964,863,925,-1,964,925,965,-1,965,925,924,-1,975,965,923,-1,923,965,924,-1,975,923,974,-1,974,923,926,-1,974,926,836,-1,836,926,842,-1,834,841,970,-1,970,841,918,-1,970,918,971,-1,971,918,920,-1,981,971,919,-1,919,971,920,-1,981,919,980,-1,980,919,917,-1,980,917,814,-1,814,917,820,-1,812,819,972,-1,972,819,910,-1,972,910,973,-1,973,910,909,-1,988,973,911,-1,911,973,909,-1,988,911,987,-1,987,911,912,-1,987,912,792,-1,792,912,798,-1,790,797,979,-1,979,797,921,-1,979,921,978,-1,978,921,922,-1,976,978,896,-1,896,978,922,-1,976,896,977,-1,977,896,895,-1,977,895,770,-1,770,895,776,-1,768,775,995,-1,995,775,902,-1,995,902,993,-1,993,902,904,-1,994,993,903,-1,903,993,904,-1,994,903,996,-1,996,903,901,-1,996,901,748,-1,748,901,754,-1,746,753,982,-1,982,753,956,-1,982,956,983,-1,983,956,958,-1,1003,983,957,-1,957,983,958,-1,1003,957,1002,-1,1002,957,955,-1,1002,955,726,-1,726,955,732,-1,1556,1557,1383,-1,1382,752,1383,-1,1383,752,751,-1,1383,751,1556,-1,1558,1559,1560,-1,1561,1562,1563,-1,1563,1562,1557,-1,1563,1557,1564,-1,1564,1557,1556,-1,1563,1564,1376,-1,1376,1564,749,-1,1376,749,1380,-1,1380,749,750,-1,1565,1566,1567,-1,1568,1567,1569,-1,1569,1567,1566,-1,1569,1566,1570,-1,1570,1566,1563,-1,1570,1563,1375,-1,1375,1563,1376,-1,1571,1572,1368,-1,1368,1572,771,-1,1368,771,1372,-1,1372,771,772,-1,1573,1574,1575,-1,1576,1577,1571,-1,1571,1577,1570,-1,1571,1570,1572,-1,1572,1570,1578,-1,1572,1578,771,-1,771,1578,773,-1,771,773,1579,-1,1579,773,1580,-1,1165,1247,1166,-1,1166,1247,1246,-1,1166,1246,1106,-1,1106,1246,1377,-1,1106,1377,1108,-1,1108,1377,1379,-1,1127,1129,1389,-1,1249,1248,1163,-1,1389,1388,1127,-1,1127,1388,1249,-1,1127,1249,1164,-1,1164,1249,1163,-1,1379,1389,1108,-1,1108,1389,1129,-1,1108,1129,1581,-1,1581,1129,1582,-1,1109,1108,1583,-1,1583,1108,1581,-1,1584,1110,1583,-1,1583,1110,1109,-1,1584,1582,1110,-1,1110,1582,1129,-1,1583,1581,1584,-1,1584,1581,1582,-1,1164,1162,1127,-1,1127,1162,1128,-1,1161,1251,1162,-1,1162,1251,1250,-1,1162,1250,1128,-1,1128,1250,1390,-1,1128,1390,1130,-1,1130,1390,1391,-1,1144,1143,1392,-1,1239,1238,1160,-1,1392,1393,1144,-1,1144,1393,1239,-1,1144,1239,1159,-1,1159,1239,1160,-1,1585,1586,751,-1,751,1586,749,-1,751,749,1556,-1,1556,749,1564,-1,1391,1392,1130,-1,1130,1392,1143,-1,1130,1143,1587,-1,1587,1143,1588,-1,1131,1130,1589,-1,1589,1130,1587,-1,1590,1132,1589,-1,1589,1132,1131,-1,1590,1588,1132,-1,1132,1588,1143,-1,1589,1587,1590,-1,1590,1587,1588,-1,1161,1160,1251,-1,1251,1160,1238,-1,1062,1239,1064,-1,1064,1239,1393,-1,1250,1249,1390,-1,1390,1249,1388,-1,1165,1163,1247,-1,1247,1163,1248,-1,1246,1245,1377,-1,1377,1245,1378,-1,1105,1107,1386,-1,1245,1234,1167,-1,1386,1378,1105,-1,1105,1378,1245,-1,1105,1245,1168,-1,1168,1245,1167,-1,1591,1592,795,-1,795,1592,793,-1,795,793,1593,-1,1593,793,1594,-1,1595,1596,1597,-1,1597,1596,1598,-1,1597,1598,1594,-1,1594,1598,1593,-1,1597,1594,1361,-1,1361,1594,793,-1,1361,793,1365,-1,1365,793,794,-1,1599,1600,1601,-1,1361,1360,1597,-1,1597,1360,1602,-1,1597,1602,1600,-1,1600,1602,1603,-1,1600,1603,1601,-1,1601,1603,1604,-1,1605,1606,1353,-1,1353,1606,815,-1,1353,815,1357,-1,1357,815,816,-1,1607,1608,1609,-1,1610,1611,1605,-1,1605,1611,1602,-1,1605,1602,1606,-1,1606,1602,1612,-1,1613,1614,817,-1,817,1614,815,-1,817,815,1612,-1,1612,815,1606,-1,1173,1229,1174,-1,1174,1229,1228,-1,1174,1228,1092,-1,1092,1228,1362,-1,1092,1362,1094,-1,1094,1362,1364,-1,1097,1099,1385,-1,1231,1230,1171,-1,1385,1370,1097,-1,1097,1370,1231,-1,1097,1231,1172,-1,1172,1231,1171,-1,1364,1385,1094,-1,1094,1385,1099,-1,1094,1099,1615,-1,1615,1099,1616,-1,1095,1094,1617,-1,1617,1094,1615,-1,1618,1096,1617,-1,1617,1096,1095,-1,1618,1616,1096,-1,1096,1616,1099,-1,1617,1615,1618,-1,1618,1615,1616,-1,1172,1170,1097,-1,1097,1170,1098,-1,1169,1233,1170,-1,1170,1233,1232,-1,1170,1232,1098,-1,1098,1232,1369,-1,1098,1369,1100,-1,1100,1369,1371,-1,1371,1386,1100,-1,1100,1386,1107,-1,1100,1107,1619,-1,1619,1107,1620,-1,1101,1100,1621,-1,1621,1100,1619,-1,1622,1102,1621,-1,1621,1102,1101,-1,1622,1620,1102,-1,1102,1620,1107,-1,1621,1619,1622,-1,1622,1619,1620,-1,1232,1231,1369,-1,1369,1231,1370,-1,1169,1167,1233,-1,1233,1167,1234,-1,1173,1171,1229,-1,1229,1171,1230,-1,1228,1227,1362,-1,1362,1227,1363,-1,1091,1093,1381,-1,1227,1217,1175,-1,1381,1363,1091,-1,1091,1363,1227,-1,1091,1227,1176,-1,1176,1227,1175,-1,1623,1624,839,-1,839,1624,837,-1,839,837,1625,-1,1625,837,1626,-1,1627,1628,1629,-1,1629,1628,1630,-1,1629,1630,1626,-1,1626,1630,1625,-1,1629,1626,1334,-1,1334,1626,837,-1,1334,837,1344,-1,1344,837,838,-1,1631,1632,1633,-1,1634,1633,1635,-1,1635,1633,1632,-1,1635,1632,1636,-1,1636,1632,1629,-1,1636,1629,1333,-1,1333,1629,1334,-1,1637,1638,1335,-1,1335,1638,859,-1,1335,859,1336,-1,1336,859,860,-1,1639,1640,1641,-1,1642,1643,1637,-1,1637,1643,1636,-1,1637,1636,1638,-1,1638,1636,1644,-1,1638,1644,859,-1,859,1644,861,-1,859,861,1645,-1,1645,861,1646,-1,1185,1226,1186,-1,1186,1226,1225,-1,1186,1225,1078,-1,1078,1225,1341,-1,1078,1341,1080,-1,1080,1341,1343,-1,1083,1085,1373,-1,1213,1212,1179,-1,1373,1355,1083,-1,1083,1355,1213,-1,1083,1213,1180,-1,1180,1213,1179,-1,1343,1373,1080,-1,1080,1373,1085,-1,1080,1085,1647,-1,1647,1085,1648,-1,1081,1080,1649,-1,1649,1080,1647,-1,1650,1082,1649,-1,1649,1082,1081,-1,1650,1648,1082,-1,1082,1648,1085,-1,1649,1647,1650,-1,1650,1647,1648,-1,1180,1178,1083,-1,1083,1178,1084,-1,1177,1216,1178,-1,1178,1216,1214,-1,1178,1214,1084,-1,1084,1214,1354,-1,1084,1354,1086,-1,1086,1354,1356,-1,1356,1381,1086,-1,1086,1381,1093,-1,1086,1093,1651,-1,1651,1093,1652,-1,1087,1086,1653,-1,1653,1086,1651,-1,1654,1088,1653,-1,1653,1088,1087,-1,1654,1652,1088,-1,1088,1652,1093,-1,1653,1651,1654,-1,1654,1651,1652,-1,1214,1213,1354,-1,1354,1213,1355,-1,1177,1175,1216,-1,1216,1175,1217,-1,1185,1179,1226,-1,1226,1179,1212,-1,1225,1224,1341,-1,1341,1224,1342,-1,1077,1079,1358,-1,1224,1223,1187,-1,1358,1342,1077,-1,1077,1342,1224,-1,1077,1224,1188,-1,1188,1224,1187,-1,1655,1656,883,-1,883,1656,881,-1,883,881,1657,-1,1657,881,1658,-1,1659,1660,1661,-1,1661,1660,1662,-1,1661,1662,1658,-1,1658,1662,1657,-1,1661,1658,1346,-1,1346,1658,881,-1,1346,881,1348,-1,1348,881,882,-1,1663,1664,1665,-1,1666,1291,1290,-1,1661,1346,1345,-1,1345,1666,1661,-1,1661,1666,1290,-1,1661,1290,1664,-1,1664,1290,1667,-1,1664,1667,1665,-1,1668,1641,1669,-1,1669,1641,1640,-1,1669,1640,1662,-1,1662,1640,1637,-1,1662,1637,1350,-1,1350,1637,1335,-1,1657,1662,1350,-1,1349,884,1350,-1,1350,884,883,-1,1350,883,1657,-1,1670,1668,1669,-1,1348,882,1349,-1,1349,882,884,-1,1671,1672,1670,-1,1670,1672,1639,-1,1670,1639,1668,-1,1668,1639,1641,-1,874,848,876,-1,876,848,847,-1,876,847,1671,-1,1671,847,1672,-1,873,875,872,-1,872,875,871,-1,1665,1667,1663,-1,1663,1667,1673,-1,1663,1673,1674,-1,1674,1673,869,-1,869,1673,1036,-1,869,1036,870,-1,1667,1290,1673,-1,1673,1290,1289,-1,1673,1289,1036,-1,1036,1289,1037,-1,1291,1666,1294,-1,1294,1666,1675,-1,1347,1675,1345,-1,1345,1675,1666,-1,1273,1294,1675,-1,1273,1675,1068,-1,1068,1675,1347,-1,1068,1347,1340,-1,1292,1273,1066,-1,1066,1273,1068,-1,558,557,1292,-1,1292,557,556,-1,558,1292,1676,-1,1676,1292,1066,-1,1676,1066,1071,-1,556,555,1292,-1,1292,555,554,-1,1292,554,553,-1,549,558,548,-1,548,558,1676,-1,548,1676,546,-1,546,1676,1071,-1,1340,1339,1068,-1,1068,1339,1220,-1,1274,1199,1215,-1,1215,1199,1183,-1,1215,1183,1220,-1,1220,1183,1184,-1,1220,1184,1068,-1,1339,1338,1220,-1,1220,1338,1221,-1,1181,1222,1182,-1,1182,1222,1221,-1,1182,1221,1069,-1,1069,1221,1338,-1,1069,1338,1067,-1,1067,1338,1337,-1,1337,1358,1067,-1,1067,1358,1079,-1,1067,1079,1677,-1,1677,1079,1678,-1,1065,1067,1679,-1,1679,1067,1677,-1,1680,1070,1679,-1,1679,1070,1065,-1,1680,1678,1070,-1,1070,1678,1079,-1,1679,1677,1680,-1,1680,1677,1678,-1,1181,1187,1222,-1,1222,1187,1223,-1,1184,1182,1068,-1,1068,1182,1069,-1,1274,1208,1199,-1,1199,1208,1191,-1,1188,1186,1077,-1,1077,1186,1078,-1,1644,1636,1333,-1,1332,862,1333,-1,1333,862,861,-1,1333,861,1644,-1,1681,1634,1635,-1,1336,860,1332,-1,1332,860,862,-1,1682,1683,1681,-1,1681,1683,1631,-1,1681,1631,1634,-1,1634,1631,1633,-1,1353,1352,1605,-1,1605,1352,1630,-1,1605,1630,1608,-1,1608,1630,1684,-1,1608,1684,1609,-1,1609,1684,1685,-1,1625,1630,1352,-1,1351,840,1352,-1,1352,840,839,-1,1352,839,1625,-1,1686,1685,1684,-1,1344,838,1351,-1,1351,838,840,-1,1609,1685,1607,-1,1607,1685,1686,-1,1607,1686,1687,-1,1687,1686,1688,-1,830,804,832,-1,832,804,803,-1,832,803,1688,-1,1688,803,1687,-1,829,831,828,-1,828,831,827,-1,852,826,854,-1,854,826,825,-1,854,825,1682,-1,1682,825,1683,-1,851,853,850,-1,850,853,849,-1,1176,1174,1091,-1,1091,1174,1092,-1,1612,1602,1360,-1,1359,818,1360,-1,1360,818,817,-1,1360,817,1612,-1,1689,1604,1603,-1,1357,816,1359,-1,1359,816,818,-1,1601,1604,1599,-1,1599,1604,1689,-1,1599,1689,1690,-1,1690,1689,1691,-1,1692,1575,1693,-1,1693,1575,1574,-1,1693,1574,1598,-1,1598,1574,1571,-1,1598,1571,1367,-1,1367,1571,1368,-1,1593,1598,1367,-1,1366,796,1367,-1,1367,796,795,-1,1367,795,1593,-1,1694,1692,1693,-1,1365,794,1366,-1,1366,794,796,-1,1695,1696,1694,-1,1694,1696,1573,-1,1694,1573,1692,-1,1692,1573,1575,-1,786,760,788,-1,788,760,759,-1,788,759,1695,-1,1695,759,1696,-1,785,787,784,-1,784,787,783,-1,808,782,810,-1,810,782,781,-1,810,781,1691,-1,1691,781,1690,-1,807,809,806,-1,806,809,805,-1,1168,1166,1105,-1,1105,1166,1106,-1,1578,1570,1375,-1,1374,774,1375,-1,1375,774,773,-1,1375,773,1578,-1,1697,1568,1569,-1,1372,772,1374,-1,1374,772,774,-1,1698,1699,1697,-1,1697,1699,1565,-1,1697,1565,1568,-1,1568,1565,1567,-1,1559,1700,1560,-1,1560,1700,1701,-1,1560,1701,1557,-1,1557,1701,1041,-1,1557,1041,1383,-1,1383,1041,1384,-1,1041,1043,1384,-1,1384,1043,727,-1,1384,727,1387,-1,1387,727,728,-1,1702,1701,1700,-1,730,1395,728,-1,728,1395,1387,-1,1044,1042,1394,-1,1395,730,1394,-1,1394,730,729,-1,1394,729,1044,-1,1703,1704,1705,-1,1704,1310,1705,-1,1705,1310,1309,-1,1705,1309,1042,-1,1042,1309,1304,-1,1042,1304,1394,-1,1394,1304,1306,-1,1461,1318,1459,-1,1459,1318,1317,-1,1459,1317,1706,-1,1706,1317,1707,-1,1706,1707,675,-1,675,1707,700,-1,675,700,676,-1,676,700,698,-1,697,699,696,-1,696,699,695,-1,1310,1704,1308,-1,1308,1704,1703,-1,1308,1703,1708,-1,1708,1703,1709,-1,720,694,722,-1,722,694,693,-1,722,693,1709,-1,1709,693,1708,-1,1710,1711,1558,-1,1558,1711,1702,-1,1558,1702,1559,-1,1559,1702,1700,-1,738,716,740,-1,740,716,715,-1,740,715,1710,-1,1710,715,1711,-1,737,739,744,-1,744,739,743,-1,764,742,766,-1,766,742,741,-1,766,741,1698,-1,1698,741,1699,-1,763,765,762,-1,762,765,761,-1,1380,750,1382,-1,1382,750,752,-1,1038,1025,1032,-1,1032,1025,1030,-1,1034,1033,1712,-1,1712,1033,1287,-1,1712,1287,1533,-1,1533,1287,1288,-1,1287,1033,1035,-1,1028,1027,1303,-1,1713,1286,1303,-1,1303,1286,1287,-1,1303,1287,1028,-1,1028,1287,1035,-1,1714,1715,1716,-1,1716,1715,1717,-1,1716,1717,1713,-1,1713,1717,1286,-1,1286,1717,1718,-1,1286,1718,1719,-1,1713,1303,1299,-1,1299,1303,1298,-1,1716,1713,1300,-1,1300,1713,1299,-1,1300,1302,1716,-1,1716,1302,1714,-1,1715,1714,1301,-1,1301,1714,1302,-1,1301,1297,1715,-1,1715,1297,1717,-1,1718,1717,1296,-1,1296,1717,1297,-1,1720,1719,1721,-1,1721,1719,1718,-1,1721,1718,1722,-1,1722,1718,1296,-1,1722,1296,1723,-1,1723,1296,1295,-1,1719,1720,1286,-1,1286,1720,1285,-1,1721,1279,1720,-1,1720,1279,1285,-1,1722,1275,1721,-1,1721,1275,1279,-1,1723,1276,1722,-1,1722,1276,1275,-1,1295,1277,1723,-1,1723,1277,1276,-1,1031,1029,1035,-1,1035,1029,1028,-1,562,1034,564,-1,564,1034,1712,-1,564,1712,1724,-1,1724,1712,1526,-1,1526,1712,1533,-1,1526,1533,1527,-1,561,563,568,-1,568,563,567,-1,1725,1726,1512,-1,1512,1726,1531,-1,1512,1531,1513,-1,1513,1531,1520,-1,584,566,586,-1,586,566,565,-1,586,565,1725,-1,1725,565,1726,-1,1192,1242,1727,-1,1727,1242,1243,-1,1727,1243,1155,-1,1155,1243,1431,-1,1155,1431,1153,-1,1153,1431,1433,-1,1116,1118,1436,-1,1240,1241,1190,-1,1436,1435,1116,-1,1116,1435,1240,-1,1116,1240,1728,-1,1728,1240,1190,-1,1729,1730,1118,-1,1118,1730,1153,-1,1118,1153,1436,-1,1436,1153,1433,-1,1152,1153,1731,-1,1731,1153,1730,-1,1732,1120,1731,-1,1731,1120,1152,-1,1732,1729,1120,-1,1120,1729,1118,-1,1731,1730,1732,-1,1732,1730,1729,-1,1117,1116,1207,-1,1207,1116,1728,-1,1190,1189,1728,-1,1728,1189,1207,-1,1322,1058,1205,-1,1205,1058,1056,-1,1446,1327,1203,-1,1203,1327,1204,-1,1733,1447,1201,-1,1201,1447,1202,-1,1734,1735,1198,-1,1198,1735,1200,-1,1736,1737,1196,-1,1196,1737,1197,-1,1738,1739,1194,-1,1194,1739,1195,-1,1727,1740,1192,-1,1192,1740,1193,-1,1133,1053,1322,-1,1322,1053,1058,-1,1114,1115,1446,-1,1446,1115,1327,-1,1073,1072,1733,-1,1733,1072,1447,-1,1201,1264,1733,-1,1733,1264,1265,-1,1733,1265,1073,-1,1073,1265,1424,-1,1073,1424,1075,-1,1075,1424,1406,-1,1123,1125,1404,-1,1262,1261,1200,-1,1404,1403,1123,-1,1123,1403,1262,-1,1123,1262,1735,-1,1735,1262,1200,-1,1741,1742,1125,-1,1125,1742,1075,-1,1125,1075,1404,-1,1404,1075,1406,-1,1103,1075,1743,-1,1743,1075,1742,-1,1744,1104,1743,-1,1743,1104,1103,-1,1744,1741,1104,-1,1104,1741,1125,-1,1743,1742,1744,-1,1744,1742,1741,-1,1124,1123,1734,-1,1734,1123,1735,-1,1198,1259,1734,-1,1734,1259,1263,-1,1734,1263,1124,-1,1124,1263,1405,-1,1124,1405,1126,-1,1126,1405,1396,-1,1136,1138,1398,-1,1269,1260,1197,-1,1398,1444,1136,-1,1136,1444,1269,-1,1136,1269,1737,-1,1737,1269,1197,-1,1745,1746,1138,-1,1138,1746,1126,-1,1138,1126,1398,-1,1398,1126,1396,-1,1121,1126,1747,-1,1747,1126,1746,-1,1748,1122,1747,-1,1747,1122,1121,-1,1748,1745,1122,-1,1122,1745,1138,-1,1747,1746,1748,-1,1748,1746,1745,-1,1137,1136,1736,-1,1736,1136,1737,-1,1196,1267,1736,-1,1736,1267,1268,-1,1736,1268,1137,-1,1137,1268,1443,-1,1137,1443,1139,-1,1139,1443,1442,-1,1145,1147,1414,-1,1236,1235,1195,-1,1414,1412,1145,-1,1145,1412,1236,-1,1145,1236,1739,-1,1739,1236,1195,-1,1749,1750,1147,-1,1147,1750,1139,-1,1147,1139,1414,-1,1414,1139,1442,-1,1140,1139,1751,-1,1751,1139,1750,-1,1752,1141,1751,-1,1751,1141,1140,-1,1752,1749,1141,-1,1141,1749,1147,-1,1751,1750,1752,-1,1752,1750,1749,-1,1146,1145,1738,-1,1738,1145,1739,-1,1194,1218,1738,-1,1738,1218,1237,-1,1738,1237,1146,-1,1146,1237,1411,-1,1146,1411,1148,-1,1148,1411,1413,-1,1156,1154,1434,-1,1244,1219,1193,-1,1434,1432,1156,-1,1156,1432,1244,-1,1156,1244,1740,-1,1740,1244,1193,-1,1753,1754,1154,-1,1154,1754,1148,-1,1154,1148,1434,-1,1434,1148,1413,-1,1149,1148,1755,-1,1755,1148,1754,-1,1756,1150,1755,-1,1755,1150,1149,-1,1756,1753,1150,-1,1150,1753,1154,-1,1755,1754,1756,-1,1756,1754,1753,-1,1155,1156,1727,-1,1727,1156,1740,-1,1219,1218,1193,-1,1193,1218,1194,-1,1432,1431,1244,-1,1244,1431,1243,-1,1412,1411,1236,-1,1236,1411,1237,-1,1235,1267,1195,-1,1195,1267,1196,-1,1444,1443,1269,-1,1269,1443,1268,-1,1260,1259,1197,-1,1197,1259,1198,-1,1403,1405,1262,-1,1262,1405,1263,-1,1261,1264,1200,-1,1200,1264,1201,-1,1422,1424,1266,-1,1266,1424,1265,-1,1241,1242,1190,-1,1190,1242,1192,-1,1206,1240,1210,-1,1210,1240,1435,-1,583,585,590,-1,590,585,589,-1,1757,1758,1498,-1,1498,1758,1517,-1,1498,1517,1499,-1,1499,1517,1506,-1,606,588,608,-1,608,588,587,-1,608,587,1757,-1,1757,587,1758,-1,605,607,612,-1,612,607,611,-1,1759,1760,1484,-1,1484,1760,1503,-1,1484,1503,1485,-1,1485,1503,1490,-1,628,610,630,-1,630,610,609,-1,630,609,1759,-1,1759,609,1760,-1,627,629,634,-1,634,629,633,-1,1476,1471,1489,-1,1489,1471,1470,-1,1489,1470,1761,-1,1761,1470,1762,-1,1761,1762,631,-1,631,1762,652,-1,631,652,632,-1,632,652,650,-1,649,651,656,-1,656,651,655,-1,1462,1457,1475,-1,1475,1457,1456,-1,1475,1456,1763,-1,1763,1456,1764,-1,1763,1764,653,-1,653,1764,674,-1,653,674,654,-1,654,674,672,-1,671,673,678,-1,678,673,677,-1,1765,1766,1074,-1,1074,1766,1112,-1,1074,1112,1423,-1,1423,1112,1425,-1,1111,1112,1767,-1,1767,1112,1766,-1,1768,1076,1767,-1,1767,1076,1111,-1,1768,1765,1076,-1,1076,1765,1074,-1,1767,1766,1768,-1,1768,1766,1765,-1,1253,1252,1202,-1,1202,1252,1203,-1,1307,706,1316,-1,1316,706,708,-1,1254,1258,1204,-1,1204,1258,1205,-1,1059,1056,1060,-1,1060,1056,1055,-1]}}
Shape{appearance Appearance{material Material{diffuseColor 0.6470588235294118 0.6196078431372549 0.5882352941176471 transparency 0.0}}geometry IndexedFaceSet{ccw TRUE solid FALSE coord Coordinate{point [-2.7067 0.8661 0.1535, -2.7067 0.6299 0.1535, -2.8051 0.8661 0.1535, -2.8051 0.6299 0.1535, -2.7067 0.8661 0.0591, -2.8051 0.8661 0.0591, -2.7067 1.2795 0.0, -2.8051 1.2795 0.0, -2.7067 1.2795 0.1181, -2.8051 1.2795 0.1181, -2.7067 1.0039 0.1575, -2.8051 1.0039 0.1575, -2.7067 1.0039 0.8268, -2.8051 1.0039 0.8268, -2.7067 0.6299 0.8268, -2.8051 0.6299 0.8268, -2.7067 0.689 0.6654, -2.7067 0.6299 0.6654, -2.8051 0.689 0.6654, -2.8051 0.6299 0.6654, -2.7067 0.689 0.311, -2.8051 0.689 0.311, -2.7067 0.6299 0.311, -2.8051 0.6299 0.311, -2.7067 -0.8858 0.2303, -2.7067 -0.9116 0.1969, -2.7067 -0.8858 0.1969, -2.8051 -0.8858 0.2303, -2.8051 -0.8858 0.1969, -2.8051 -0.9116 0.1969, -2.8051 -0.9449 0.1535, -2.7067 -0.9449 0.1535, -2.8051 -0.7904 0.3543, -2.7067 -0.7904 0.3543, -2.8051 -0.6693 0.5118, -2.7067 -0.6693 0.5118, -2.7067 -0.4972 0.3543, -2.8051 -0.4972 0.3543, -2.313 0.8661 0.1535, -2.313 0.6299 0.1535, -2.4114 0.8661 0.1535, -2.4114 0.6299 0.1535, -2.313 0.8661 0.0591, -2.4114 0.8661 0.0591, -2.313 1.2795 0.0, -2.4114 1.2795 0.0, -2.313 1.2795 0.1181, -2.4114 1.2795 0.1181, -2.313 1.0039 0.1575, -2.4114 1.0039 0.1575, -2.313 1.0039 0.8268, -2.4114 1.0039 0.8268, -2.313 0.6299 0.8268, -2.4114 0.6299 0.8268, -2.313 0.689 0.6654, -2.313 0.6299 0.6654, -2.4114 0.689 0.6654, -2.4114 0.6299 0.6654, -2.313 0.689 0.311, -2.4114 0.689 0.311, -2.313 0.6299 0.311, -2.4114 0.6299 0.311, -2.313 -0.8858 0.2303, -2.313 -0.9116 0.1969, -2.313 -0.8858 0.1969, -2.4114 -0.8858 0.2303, -2.4114 -0.8858 0.1969, -2.4114 -0.9116 0.1969, -2.4114 -0.9449 0.1535, -2.313 -0.9449 0.1535, -2.4114 -0.7904 0.3543, -2.313 -0.7904 0.3543, -2.4114 -0.6693 0.5118, -2.313 -0.6693 0.5118, -2.313 -0.4972 0.3543, -2.4114 -0.4972 0.3543, -1.9193 0.8661 0.1535, -1.9193 0.6299 0.1535, -2.0177 0.8661 0.1535, -2.0177 0.6299 0.1535, -1.9193 0.8661 0.0591, -2.0177 0.8661 0.0591, -1.9193 1.2795 0.0, -2.0177 1.2795 0.0, -1.9193 1.2795 0.1181, -2.0177 1.2795 0.1181, -1.9193 1.0039 0.1575, -2.0177 1.0039 0.1575, -1.9193 1.0039 0.8268, -2.0177 1.0039 0.8268, -1.9193 0.6299 0.8268, -2.0177 0.6299 0.8268, -1.9193 0.689 0.6654, -1.9193 0.6299 0.6654, -2.0177 0.689 0.6654, -2.0177 0.6299 0.6654, -1.9193 0.689 0.311, -2.0177 0.689 0.311, -1.9193 0.6299 0.311, -2.0177 0.6299 0.311, -1.9193 -0.8858 0.2303, -1.9193 -0.9116 0.1969, -1.9193 -0.8858 0.1969, -2.0177 -0.8858 0.2303, -2.0177 -0.8858 0.1969, -2.0177 -0.9116 0.1969, -2.0177 -0.9449 0.1535, -1.9193 -0.9449 0.1535, -2.0177 -0.7904 0.3543, -1.9193 -0.7904 0.3543, -2.0177 -0.6693 0.5118, -1.9193 -0.6693 0.5118, -1.9193 -0.4972 0.3543, -2.0177 -0.4972 0.3543, -1.5256 0.8661 0.1535, -1.5256 0.6299 0.1535, -1.624 0.8661 0.1535, -1.624 0.6299 0.1535, -1.5256 0.8661 0.0591, -1.624 0.8661 0.0591, -1.5256 1.2795 0.0, -1.624 1.2795 0.0, -1.5256 1.2795 0.1181, -1.624 1.2795 0.1181, -1.5256 1.0039 0.1575, -1.624 1.0039 0.1575, -1.5256 1.0039 0.8268, -1.624 1.0039 0.8268, -1.5256 0.6299 0.8268, -1.624 0.6299 0.8268, -1.5256 0.689 0.6654, -1.5256 0.6299 0.6654, -1.624 0.689 0.6654, -1.624 0.6299 0.6654, -1.5256 0.689 0.311, -1.624 0.689 0.311, -1.5256 0.6299 0.311, -1.624 0.6299 0.311, -1.5256 -0.8858 0.2303, -1.5256 -0.9116 0.1969, -1.5256 -0.8858 0.1969, -1.624 -0.8858 0.2303, -1.624 -0.8858 0.1969, -1.624 -0.9116 0.1969, -1.624 -0.9449 0.1535, -1.5256 -0.9449 0.1535, -1.624 -0.7904 0.3543, -1.5256 -0.7904 0.3543, -1.624 -0.6693 0.5118, -1.5256 -0.6693 0.5118, -1.5256 -0.4972 0.3543, -1.624 -0.4972 0.3543, -1.1319 0.8661 0.1535, -1.1319 0.6299 0.1535, -1.2303 0.8661 0.1535, -1.2303 0.6299 0.1535, -1.1319 0.8661 0.0591, -1.2303 0.8661 0.0591, -1.1319 1.2795 0.0, -1.2303 1.2795 0.0, -1.1319 1.2795 0.1181, -1.2303 1.2795 0.1181, -1.1319 1.0039 0.1575, -1.2303 1.0039 0.1575, -1.1319 1.0039 0.8268, -1.2303 1.0039 0.8268, -1.1319 0.6299 0.8268, -1.2303 0.6299 0.8268, -1.1319 0.689 0.6654, -1.1319 0.6299 0.6654, -1.2303 0.689 0.6654, -1.2303 0.6299 0.6654, -1.1319 0.689 0.311, -1.2303 0.689 0.311, -1.1319 0.6299 0.311, -1.2303 0.6299 0.311, -1.1319 -0.8858 0.2303, -1.1319 -0.9116 0.1969, -1.1319 -0.8858 0.1969, -1.2303 -0.8858 0.2303, -1.2303 -0.8858 0.1969, -1.2303 -0.9116 0.1969, -1.2303 -0.9449 0.1535, -1.1319 -0.9449 0.1535, -1.2303 -0.7904 0.3543, -1.1319 -0.7904 0.3543, -1.2303 -0.6693 0.5118, -1.1319 -0.6693 0.5118, -1.1319 -0.4972 0.3543, -1.2303 -0.4972 0.3543, -0.7382 0.8661 0.1535, -0.7382 0.6299 0.1535, -0.8366 0.8661 0.1535, -0.8366 0.6299 0.1535, -0.7382 0.8661 0.0591, -0.8366 0.8661 0.0591, -0.7382 1.2795 0.0, -0.8366 1.2795 0.0, -0.7382 1.2795 0.1181, -0.8366 1.2795 0.1181, -0.7382 1.0039 0.1575, -0.8366 1.0039 0.1575, -0.7382 1.0039 0.8268, -0.8366 1.0039 0.8268, -0.7382 0.6299 0.8268, -0.8366 0.6299 0.8268, -0.7382 0.689 0.6654, -0.7382 0.6299 0.6654, -0.8366 0.689 0.6654, -0.8366 0.6299 0.6654, -0.7382 0.689 0.311, -0.8366 0.689 0.311, -0.7382 0.6299 0.311, -0.8366 0.6299 0.311, -0.7382 -0.8858 0.2303, -0.7382 -0.9116 0.1969, -0.7382 -0.8858 0.1969, -0.8366 -0.8858 0.2303, -0.8366 -0.8858 0.1969, -0.8366 -0.9116 0.1969, -0.8366 -0.9449 0.1535, -0.7382 -0.9449 0.1535, -0.8366 -0.7904 0.3543, -0.7382 -0.7904 0.3543, -0.8366 -0.6693 0.5118, -0.7382 -0.6693 0.5118, -0.7382 -0.4972 0.3543, -0.8366 -0.4972 0.3543, -0.3445 0.8661 0.1535, -0.3445 0.6299 0.1535, -0.4429 0.8661 0.1535, -0.4429 0.6299 0.1535, -0.3445 0.8661 0.0591, -0.4429 0.8661 0.0591, -0.3445 1.2795 0.0, -0.4429 1.2795 0.0, -0.3445 1.2795 0.1181, -0.4429 1.2795 0.1181, -0.3445 1.0039 0.1575, -0.4429 1.0039 0.1575, -0.3445 1.0039 0.8268, -0.4429 1.0039 0.8268, -0.3445 0.6299 0.8268, -0.4429 0.6299 0.8268, -0.3445 0.689 0.6654, -0.3445 0.6299 0.6654, -0.4429 0.689 0.6654, -0.4429 0.6299 0.6654, -0.3445 0.689 0.311, -0.4429 0.689 0.311, -0.3445 0.6299 0.311, -0.4429 0.6299 0.311, -0.3445 -0.8858 0.2303, -0.3445 -0.9116 0.1969, -0.3445 -0.8858 0.1969, -0.4429 -0.8858 0.2303, -0.4429 -0.8858 0.1969, -0.4429 -0.9116 0.1969, -0.4429 -0.9449 0.1535, -0.3445 -0.9449 0.1535, -0.4429 -0.7904 0.3543, -0.3445 -0.7904 0.3543, -0.4429 -0.6693 0.5118, -0.3445 -0.6693 0.5118, -0.3445 -0.4972 0.3543, -0.4429 -0.4972 0.3543, 0.0492 0.8661 0.1535, 0.0492 0.6299 0.1535, -0.0492 0.8661 0.1535, -0.0492 0.6299 0.1535, 0.0492 0.8661 0.0591, -0.0492 0.8661 0.0591, 0.0492 1.2795 0.0, -0.0492 1.2795 0.0, 0.0492 1.2795 0.1181, -0.0492 1.2795 0.1181, 0.0492 1.0039 0.1575, -0.0492 1.0039 0.1575, 0.0492 1.0039 0.8268, -0.0492 1.0039 0.8268, 0.0492 0.6299 0.8268, -0.0492 0.6299 0.8268, 0.0492 0.689 0.6654, 0.0492 0.6299 0.6654, -0.0492 0.689 0.6654, -0.0492 0.6299 0.6654, 0.0492 0.689 0.311, -0.0492 0.689 0.311, 0.0492 0.6299 0.311, -0.0492 0.6299 0.311, 0.0492 -0.4972 0.3543, 0.0492 -0.6693 0.5118, 0.0492 -0.7904 0.3543, -0.0492 -0.8858 0.2303, -0.0492 -0.8858 0.1969, -0.0492 -0.9116 0.1969, -0.0492 -0.9449 0.1535, 0.0492 -0.9449 0.1535, 0.0492 -0.9116 0.1969, 0.0492 -0.8858 0.2303, -0.0492 -0.7904 0.3543, -0.0492 -0.6693 0.5118, 0.0492 -0.8858 0.1969, -0.0492 -0.4972 0.3543, 0.4429 0.8661 0.1535, 0.4429 0.6299 0.1535, 0.3445 0.8661 0.1535, 0.3445 0.6299 0.1535, 0.4429 0.8661 0.0591, 0.3445 0.8661 0.0591, 0.4429 1.2795 0.0, 0.3445 1.2795 0.0, 0.4429 1.2795 0.1181, 0.3445 1.2795 0.1181, 0.4429 1.0039 0.1575, 0.3445 1.0039 0.1575, 0.4429 1.0039 0.8268, 0.3445 1.0039 0.8268, 0.4429 0.6299 0.8268, 0.3445 0.6299 0.8268, 0.4429 0.689 0.6654, 0.4429 0.6299 0.6654, 0.3445 0.689 0.6654, 0.3445 0.6299 0.6654, 0.4429 0.689 0.311, 0.3445 0.689 0.311, 0.4429 0.6299 0.311, 0.3445 0.6299 0.311, 0.4429 -0.4972 0.3543, 0.4429 -0.6693 0.5118, 0.4429 -0.7904 0.3543, 0.3445 -0.4972 0.3543, 0.3445 -0.7904 0.3543, 0.3445 -0.6693 0.5118, 0.3445 -0.9449 0.1535, 0.4429 -0.9449 0.1535, 0.3445 -0.9116 0.1969, 0.4429 -0.9116 0.1969, 0.3445 -0.8858 0.2303, 0.4429 -0.8858 0.2303, 0.4429 -0.8858 0.1969, 0.3445 -0.8858 0.1969, 0.8366 0.8661 0.1535, 0.8366 0.6299 0.1535, 0.7382 0.8661 0.1535, 0.7382 0.6299 0.1535, 0.8366 0.8661 0.0591, 0.7382 0.8661 0.0591, 0.8366 1.2795 0.0, 0.7382 1.2795 0.0, 0.8366 1.2795 0.1181, 0.7382 1.2795 0.1181, 0.8366 1.0039 0.1575, 0.7382 1.0039 0.1575, 0.8366 1.0039 0.8268, 0.7382 1.0039 0.8268, 0.8366 0.6299 0.8268, 0.7382 0.6299 0.8268, 0.8366 0.689 0.6654, 0.8366 0.6299 0.6654, 0.7382 0.689 0.6654, 0.7382 0.6299 0.6654, 0.8366 0.689 0.311, 0.7382 0.689 0.311, 0.8366 0.6299 0.311, 0.7382 0.6299 0.311, 0.8366 -0.4972 0.3543, 0.8366 -0.6693 0.5118, 0.8366 -0.7904 0.3543, 0.7382 -0.4972 0.3543, 0.7382 -0.7904 0.3543, 0.7382 -0.6693 0.5118, 0.7382 -0.9449 0.1535, 0.8366 -0.9449 0.1535, 0.7382 -0.9116 0.1969, 0.8366 -0.9116 0.1969, 0.7382 -0.8858 0.2303, 0.8366 -0.8858 0.2303, 0.8366 -0.8858 0.1969, 0.7382 -0.8858 0.1969, 1.2303 0.8661 0.1535, 1.2303 0.6299 0.1535, 1.1319 0.8661 0.1535, 1.1319 0.6299 0.1535, 1.2303 0.8661 0.0591, 1.1319 0.8661 0.0591, 1.2303 1.2795 0.0, 1.1319 1.2795 0.0, 1.2303 1.2795 0.1181, 1.1319 1.2795 0.1181, 1.2303 1.0039 0.1575, 1.1319 1.0039 0.1575, 1.2303 1.0039 0.8268, 1.1319 1.0039 0.8268, 1.2303 0.6299 0.8268, 1.1319 0.6299 0.8268, 1.2303 0.689 0.6654, 1.2303 0.6299 0.6654, 1.1319 0.689 0.6654, 1.1319 0.6299 0.6654, 1.2303 0.689 0.311, 1.1319 0.689 0.311, 1.2303 0.6299 0.311, 1.1319 0.6299 0.311, 1.2303 -0.4972 0.3543, 1.2303 -0.6693 0.5118, 1.2303 -0.7904 0.3543, 1.1319 -0.4972 0.3543, 1.1319 -0.7904 0.3543, 1.1319 -0.6693 0.5118, 1.2303 -0.8858 0.2303, 1.1319 -0.8858 0.2303, 1.2303 -0.9116 0.1969, 1.1319 -0.9116 0.1969, 1.2303 -0.9449 0.1535, 1.1319 -0.9449 0.1535, 1.2303 -0.8858 0.1969, 1.1319 -0.8858 0.1969, 1.624 0.8661 0.1535, 1.624 0.6299 0.1535, 1.5256 0.8661 0.1535, 1.5256 0.6299 0.1535, 1.624 0.8661 0.0591, 1.5256 0.8661 0.0591, 1.624 1.2795 0.0, 1.5256 1.2795 0.0, 1.624 1.2795 0.1181, 1.5256 1.2795 0.1181, 1.624 1.0039 0.1575, 1.5256 1.0039 0.1575, 1.624 1.0039 0.8268, 1.5256 1.0039 0.8268, 1.624 0.6299 0.8268, 1.5256 0.6299 0.8268, 1.624 0.689 0.6654, 1.624 0.6299 0.6654, 1.5256 0.689 0.6654, 1.5256 0.6299 0.6654, 1.624 0.689 0.311, 1.5256 0.689 0.311, 1.624 0.6299 0.311, 1.5256 0.6299 0.311, 1.624 -0.4972 0.3543, 1.624 -0.6693 0.5118, 1.624 -0.7904 0.3543, 1.5256 -0.4972 0.3543, 1.5256 -0.7904 0.3543, 1.5256 -0.6693 0.5118, 1.5256 -0.9449 0.1535, 1.624 -0.9449 0.1535, 1.5256 -0.9116 0.1969, 1.624 -0.9116 0.1969, 1.5256 -0.8858 0.2303, 1.624 -0.8858 0.2303, 1.624 -0.8858 0.1969, 1.5256 -0.8858 0.1969, 2.0177 0.8661 0.1535, 2.0177 0.6299 0.1535, 1.9193 0.8661 0.1535, 1.9193 0.6299 0.1535, 2.0177 0.8661 0.0591, 1.9193 0.8661 0.0591, 2.0177 1.2795 0.0, 1.9193 1.2795 0.0, 2.0177 1.2795 0.1181, 1.9193 1.2795 0.1181, 2.0177 1.0039 0.1575, 1.9193 1.0039 0.1575, 2.0177 1.0039 0.8268, 1.9193 1.0039 0.8268, 2.0177 0.6299 0.8268, 1.9193 0.6299 0.8268, 2.0177 0.689 0.6654, 2.0177 0.6299 0.6654, 1.9193 0.689 0.6654, 1.9193 0.6299 0.6654, 2.0177 0.689 0.311, 1.9193 0.689 0.311, 2.0177 0.6299 0.311, 1.9193 0.6299 0.311, 2.0177 -0.4972 0.3543, 2.0177 -0.6693 0.5118, 2.0177 -0.7904 0.3543, 1.9193 -0.4972 0.3543, 1.9193 -0.7904 0.3543, 1.9193 -0.6693 0.5118, 1.9193 -0.9449 0.1535, 2.0177 -0.9449 0.1535, 1.9193 -0.9116 0.1969, 2.0177 -0.9116 0.1969, 1.9193 -0.8858 0.2303, 2.0177 -0.8858 0.2303, 2.0177 -0.8858 0.1969, 1.9193 -0.8858 0.1969, 2.4114 0.8661 0.1535, 2.4114 0.6299 0.1535, 2.313 0.8661 0.1535, 2.313 0.6299 0.1535, 2.4114 0.8661 0.0591, 2.313 0.8661 0.0591, 2.4114 1.2795 0.0, 2.313 1.2795 0.0, 2.4114 1.2795 0.1181, 2.313 1.2795 0.1181, 2.4114 1.0039 0.1575, 2.313 1.0039 0.1575, 2.4114 1.0039 0.8268, 2.313 1.0039 0.8268, 2.4114 0.6299 0.8268, 2.313 0.6299 0.8268, 2.4114 0.689 0.6654, 2.4114 0.6299 0.6654, 2.313 0.689 0.6654, 2.313 0.6299 0.6654, 2.4114 0.689 0.311, 2.313 0.689 0.311, 2.4114 0.6299 0.311, 2.313 0.6299 0.311, 2.4114 -0.4972 0.3543, 2.4114 -0.6693 0.5118, 2.4114 -0.7904 0.3543, 2.313 -0.4972 0.3543, 2.313 -0.7904 0.3543, 2.313 -0.6693 0.5118, 2.313 -0.9449 0.1535, 2.4114 -0.9449 0.1535, 2.313 -0.9116 0.1969, 2.4114 -0.9116 0.1969, 2.313 -0.8858 0.2303, 2.4114 -0.8858 0.2303, 2.4114 -0.8858 0.1969, 2.313 -0.8858 0.1969, 2.8051 0.8661 0.1535, 2.8051 0.6299 0.1535, 2.7067 0.8661 0.1535, 2.7067 0.6299 0.1535, 2.8051 0.8661 0.0591, 2.7067 0.8661 0.0591, 2.8051 1.2795 0.0, 2.7067 1.2795 0.0, 2.8051 1.2795 0.1181, 2.7067 1.2795 0.1181, 2.8051 1.0039 0.1575, 2.7067 1.0039 0.1575, 2.8051 1.0039 0.8268, 2.7067 1.0039 0.8268, 2.8051 0.6299 0.8268, 2.7067 0.6299 0.8268, 2.8051 0.689 0.6654, 2.8051 0.6299 0.6654, 2.7067 0.689 0.6654, 2.7067 0.6299 0.6654, 2.8051 0.689 0.311, 2.7067 0.689 0.311, 2.8051 0.6299 0.311, 2.7067 0.6299 0.311, 2.8051 -0.4972 0.3543, 2.8051 -0.6693 0.5118, 2.8051 -0.7904 0.3543, 2.8051 -0.8858 0.1969, 2.8051 -0.8858 0.2303, 2.8051 -0.9116 0.1969, 2.7067 -0.4972 0.3543, 2.7067 -0.7904 0.3543, 2.7067 -0.6693 0.5118, 2.7067 -0.9449 0.1535, 2.8051 -0.9449 0.1535, 2.7067 -0.9116 0.1969, 2.7067 -0.8858 0.2303, 2.7067 -0.8858 0.1969]} coordIndex [0,1,2,-1,2,1,3,-1,4,0,5,-1,5,0,2,-1,6,4,7,-1,7,4,5,-1,8,6,9,-1,9,6,7,-1,10,8,11,-1,11,8,9,-1,12,10,13,-1,13,10,11,-1,14,12,15,-1,15,12,13,-1,16,17,18,-1,18,17,19,-1,20,16,21,-1,21,16,18,-1,12,14,17,-1,22,1,20,-1,20,1,0,-1,20,0,16,-1,6,8,4,-1,4,8,10,-1,4,10,0,-1,0,10,12,-1,0,12,16,-1,16,12,17,-1,2,13,11,-1,9,7,11,-1,11,7,5,-1,11,5,2,-1,19,15,18,-1,18,15,13,-1,18,13,21,-1,21,13,2,-1,21,2,23,-1,23,2,3,-1,24,25,26,-1,27,28,29,-1,30,31,29,-1,29,31,25,-1,29,25,27,-1,27,25,24,-1,27,24,32,-1,32,24,33,-1,32,33,34,-1,34,33,35,-1,33,36,35,-1,32,34,37,-1,38,39,40,-1,40,39,41,-1,42,38,43,-1,43,38,40,-1,44,42,45,-1,45,42,43,-1,46,44,47,-1,47,44,45,-1,48,46,49,-1,49,46,47,-1,50,48,51,-1,51,48,49,-1,52,50,53,-1,53,50,51,-1,54,55,56,-1,56,55,57,-1,58,54,59,-1,59,54,56,-1,44,46,42,-1,42,46,48,-1,42,48,38,-1,38,48,50,-1,60,39,58,-1,58,39,38,-1,58,38,54,-1,54,38,50,-1,54,50,55,-1,55,50,52,-1,40,51,49,-1,47,45,49,-1,49,45,43,-1,49,43,40,-1,57,53,56,-1,56,53,51,-1,56,51,59,-1,59,51,40,-1,59,40,61,-1,61,40,41,-1,62,63,64,-1,65,66,67,-1,68,69,67,-1,67,69,63,-1,67,63,65,-1,65,63,62,-1,65,62,70,-1,70,62,71,-1,70,71,72,-1,72,71,73,-1,71,74,73,-1,70,72,75,-1,76,77,78,-1,78,77,79,-1,80,76,81,-1,81,76,78,-1,82,80,83,-1,83,80,81,-1,84,82,85,-1,85,82,83,-1,86,84,87,-1,87,84,85,-1,88,86,89,-1,89,86,87,-1,90,88,91,-1,91,88,89,-1,92,93,94,-1,94,93,95,-1,96,92,97,-1,97,92,94,-1,82,84,80,-1,80,84,86,-1,80,86,76,-1,76,86,88,-1,98,77,96,-1,96,77,76,-1,96,76,92,-1,92,76,88,-1,92,88,93,-1,93,88,90,-1,78,89,87,-1,85,83,87,-1,87,83,81,-1,87,81,78,-1,95,91,94,-1,94,91,89,-1,94,89,97,-1,97,89,78,-1,97,78,99,-1,99,78,79,-1,100,101,102,-1,103,104,105,-1,106,107,105,-1,105,107,101,-1,105,101,103,-1,103,101,100,-1,103,100,108,-1,108,100,109,-1,108,109,110,-1,110,109,111,-1,109,112,111,-1,108,110,113,-1,114,115,116,-1,116,115,117,-1,118,114,119,-1,119,114,116,-1,120,118,121,-1,121,118,119,-1,122,120,123,-1,123,120,121,-1,124,122,125,-1,125,122,123,-1,126,124,127,-1,127,124,125,-1,128,126,129,-1,129,126,127,-1,130,131,132,-1,132,131,133,-1,134,130,135,-1,135,130,132,-1,120,122,118,-1,118,122,124,-1,118,124,114,-1,114,124,126,-1,136,115,134,-1,134,115,114,-1,134,114,130,-1,130,114,126,-1,130,126,131,-1,131,126,128,-1,116,127,125,-1,123,121,125,-1,125,121,119,-1,125,119,116,-1,133,129,132,-1,132,129,127,-1,132,127,135,-1,135,127,116,-1,135,116,137,-1,137,116,117,-1,138,139,140,-1,141,142,143,-1,144,145,143,-1,143,145,139,-1,143,139,141,-1,141,139,138,-1,141,138,146,-1,146,138,147,-1,146,147,148,-1,148,147,149,-1,147,150,149,-1,146,148,151,-1,152,153,154,-1,154,153,155,-1,156,152,157,-1,157,152,154,-1,158,156,159,-1,159,156,157,-1,160,158,161,-1,161,158,159,-1,162,160,163,-1,163,160,161,-1,164,162,165,-1,165,162,163,-1,166,164,167,-1,167,164,165,-1,168,169,170,-1,170,169,171,-1,172,168,173,-1,173,168,170,-1,158,160,156,-1,156,160,162,-1,156,162,152,-1,152,162,164,-1,174,153,172,-1,172,153,152,-1,172,152,168,-1,168,152,164,-1,168,164,169,-1,169,164,166,-1,154,165,163,-1,161,159,163,-1,163,159,157,-1,163,157,154,-1,171,167,170,-1,170,167,165,-1,170,165,173,-1,173,165,154,-1,173,154,175,-1,175,154,155,-1,176,177,178,-1,179,180,181,-1,182,183,181,-1,181,183,177,-1,181,177,179,-1,179,177,176,-1,179,176,184,-1,184,176,185,-1,184,185,186,-1,186,185,187,-1,185,188,187,-1,184,186,189,-1,190,191,192,-1,192,191,193,-1,194,190,195,-1,195,190,192,-1,196,194,197,-1,197,194,195,-1,198,196,199,-1,199,196,197,-1,200,198,201,-1,201,198,199,-1,202,200,203,-1,203,200,201,-1,204,202,205,-1,205,202,203,-1,206,207,208,-1,208,207,209,-1,210,206,211,-1,211,206,208,-1,204,207,202,-1,202,207,206,-1,212,191,210,-1,210,191,190,-1,206,210,202,-1,202,210,190,-1,202,190,200,-1,200,190,194,-1,200,194,198,-1,198,194,196,-1,192,203,201,-1,199,197,201,-1,201,197,195,-1,201,195,192,-1,209,205,208,-1,208,205,203,-1,208,203,211,-1,211,203,192,-1,211,192,213,-1,213,192,193,-1,214,215,216,-1,217,218,219,-1,220,221,219,-1,219,221,215,-1,219,215,217,-1,217,215,214,-1,217,214,222,-1,222,214,223,-1,222,223,224,-1,224,223,225,-1,223,226,225,-1,222,224,227,-1,228,229,230,-1,230,229,231,-1,232,228,233,-1,233,228,230,-1,234,232,235,-1,235,232,233,-1,236,234,237,-1,237,234,235,-1,238,236,239,-1,239,236,237,-1,240,238,241,-1,241,238,239,-1,242,240,243,-1,243,240,241,-1,244,245,246,-1,246,245,247,-1,248,244,249,-1,249,244,246,-1,242,245,240,-1,240,245,244,-1,250,229,248,-1,248,229,228,-1,244,248,240,-1,240,248,228,-1,240,228,238,-1,238,228,232,-1,238,232,236,-1,236,232,234,-1,239,237,235,-1,231,251,230,-1,230,251,249,-1,230,249,246,-1,235,233,239,-1,239,233,230,-1,239,230,241,-1,241,230,246,-1,241,246,243,-1,243,246,247,-1,252,253,254,-1,255,256,257,-1,258,259,257,-1,257,259,253,-1,257,253,255,-1,255,253,252,-1,255,252,260,-1,260,252,261,-1,260,261,262,-1,262,261,263,-1,261,264,263,-1,260,262,265,-1,266,267,268,-1,268,267,269,-1,270,266,271,-1,271,266,268,-1,272,270,273,-1,273,270,271,-1,274,272,275,-1,275,272,273,-1,276,274,277,-1,277,274,275,-1,278,276,279,-1,279,276,277,-1,280,278,281,-1,281,278,279,-1,282,283,284,-1,284,283,285,-1,286,282,287,-1,287,282,284,-1,280,283,278,-1,278,283,282,-1,288,267,286,-1,286,267,266,-1,282,286,278,-1,278,286,266,-1,278,266,276,-1,276,266,270,-1,276,270,274,-1,274,270,272,-1,277,275,273,-1,269,289,268,-1,268,289,287,-1,268,287,284,-1,273,271,277,-1,277,271,268,-1,277,268,279,-1,279,268,284,-1,279,284,281,-1,281,284,285,-1,290,291,292,-1,293,294,295,-1,296,297,295,-1,295,297,298,-1,295,298,293,-1,293,298,299,-1,293,299,300,-1,300,299,292,-1,300,292,301,-1,301,292,291,-1,302,299,298,-1,300,301,303,-1,304,305,306,-1,306,305,307,-1,308,304,309,-1,309,304,306,-1,310,308,311,-1,311,308,309,-1,312,310,313,-1,313,310,311,-1,314,312,315,-1,315,312,313,-1,316,314,317,-1,317,314,315,-1,318,316,319,-1,319,316,317,-1,320,321,322,-1,322,321,323,-1,324,320,325,-1,325,320,322,-1,310,312,308,-1,308,312,314,-1,308,314,304,-1,304,314,316,-1,326,305,324,-1,324,305,304,-1,324,304,320,-1,320,304,316,-1,320,316,321,-1,321,316,318,-1,306,317,315,-1,313,311,315,-1,315,311,309,-1,315,309,306,-1,323,319,322,-1,322,319,317,-1,322,317,325,-1,325,317,306,-1,325,306,327,-1,327,306,307,-1,328,329,330,-1,331,332,333,-1,334,335,336,-1,336,335,337,-1,336,337,338,-1,338,337,339,-1,338,339,332,-1,332,339,330,-1,332,330,333,-1,333,330,329,-1,340,339,337,-1,341,336,338,-1,342,343,344,-1,344,343,345,-1,346,342,347,-1,347,342,344,-1,348,346,349,-1,349,346,347,-1,350,348,351,-1,351,348,349,-1,352,350,353,-1,353,350,351,-1,354,352,355,-1,355,352,353,-1,356,354,357,-1,357,354,355,-1,358,359,360,-1,360,359,361,-1,362,358,363,-1,363,358,360,-1,348,350,346,-1,346,350,352,-1,346,352,342,-1,342,352,354,-1,364,343,362,-1,362,343,342,-1,362,342,358,-1,358,342,354,-1,358,354,359,-1,359,354,356,-1,344,355,353,-1,351,349,353,-1,353,349,347,-1,353,347,344,-1,361,357,360,-1,360,357,355,-1,360,355,363,-1,363,355,344,-1,363,344,365,-1,365,344,345,-1,366,367,368,-1,369,370,371,-1,372,373,374,-1,374,373,375,-1,374,375,376,-1,376,375,377,-1,376,377,370,-1,370,377,368,-1,370,368,371,-1,371,368,367,-1,378,377,375,-1,379,374,376,-1,380,381,382,-1,382,381,383,-1,384,380,385,-1,385,380,382,-1,386,384,387,-1,387,384,385,-1,388,386,389,-1,389,386,387,-1,390,388,391,-1,391,388,389,-1,392,390,393,-1,393,390,391,-1,394,392,395,-1,395,392,393,-1,396,397,398,-1,398,397,399,-1,400,396,401,-1,401,396,398,-1,394,397,392,-1,392,397,396,-1,402,381,400,-1,400,381,380,-1,396,400,392,-1,392,400,380,-1,392,380,390,-1,390,380,384,-1,390,384,388,-1,388,384,386,-1,382,393,391,-1,389,387,391,-1,391,387,385,-1,391,385,382,-1,399,395,398,-1,398,395,393,-1,398,393,401,-1,401,393,382,-1,401,382,403,-1,403,382,383,-1,404,405,406,-1,407,408,409,-1,405,409,406,-1,406,409,408,-1,406,408,410,-1,410,408,411,-1,410,411,412,-1,412,411,413,-1,412,413,414,-1,414,413,415,-1,416,410,412,-1,417,413,411,-1,418,419,420,-1,420,419,421,-1,422,418,423,-1,423,418,420,-1,424,422,425,-1,425,422,423,-1,426,424,427,-1,427,424,425,-1,428,426,429,-1,429,426,427,-1,430,428,431,-1,431,428,429,-1,432,430,433,-1,433,430,431,-1,434,435,436,-1,436,435,437,-1,438,434,439,-1,439,434,436,-1,432,435,430,-1,430,435,434,-1,440,419,438,-1,438,419,418,-1,434,438,430,-1,430,438,418,-1,430,418,428,-1,428,418,422,-1,428,422,426,-1,426,422,424,-1,420,431,429,-1,427,425,429,-1,429,425,423,-1,429,423,420,-1,437,433,436,-1,436,433,431,-1,436,431,439,-1,439,431,420,-1,439,420,441,-1,441,420,421,-1,442,443,444,-1,445,446,447,-1,448,449,450,-1,450,449,451,-1,450,451,452,-1,452,451,453,-1,452,453,446,-1,446,453,444,-1,446,444,447,-1,447,444,443,-1,454,453,451,-1,455,450,452,-1,456,457,458,-1,458,457,459,-1,460,456,461,-1,461,456,458,-1,462,460,463,-1,463,460,461,-1,464,462,465,-1,465,462,463,-1,466,464,467,-1,467,464,465,-1,468,466,469,-1,469,466,467,-1,470,468,471,-1,471,468,469,-1,472,473,474,-1,474,473,475,-1,476,472,477,-1,477,472,474,-1,470,473,468,-1,468,473,472,-1,478,457,476,-1,476,457,456,-1,472,476,468,-1,468,476,456,-1,468,456,466,-1,466,456,460,-1,466,460,464,-1,464,460,462,-1,458,469,467,-1,465,463,467,-1,467,463,461,-1,467,461,458,-1,475,471,474,-1,474,471,469,-1,474,469,477,-1,477,469,458,-1,477,458,479,-1,479,458,459,-1,480,481,482,-1,483,484,485,-1,486,487,488,-1,488,487,489,-1,488,489,490,-1,490,489,491,-1,490,491,484,-1,484,491,482,-1,484,482,485,-1,485,482,481,-1,492,491,489,-1,493,488,490,-1,494,495,496,-1,496,495,497,-1,498,494,499,-1,499,494,496,-1,500,498,501,-1,501,498,499,-1,502,500,503,-1,503,500,501,-1,504,502,505,-1,505,502,503,-1,506,504,507,-1,507,504,505,-1,508,506,509,-1,509,506,507,-1,510,511,512,-1,512,511,513,-1,514,510,515,-1,515,510,512,-1,508,511,506,-1,506,511,510,-1,516,495,514,-1,514,495,494,-1,510,514,506,-1,506,514,494,-1,506,494,504,-1,504,494,498,-1,504,498,502,-1,502,498,500,-1,496,507,505,-1,503,501,505,-1,505,501,499,-1,505,499,496,-1,513,509,512,-1,512,509,507,-1,512,507,515,-1,515,507,496,-1,515,496,517,-1,517,496,497,-1,518,519,520,-1,521,522,523,-1,524,525,526,-1,526,525,527,-1,526,527,528,-1,528,527,529,-1,528,529,522,-1,522,529,520,-1,522,520,523,-1,523,520,519,-1,530,529,527,-1,531,526,528,-1,532,533,534,-1,534,533,535,-1,536,532,537,-1,537,532,534,-1,538,536,539,-1,539,536,537,-1,540,538,541,-1,541,538,539,-1,542,540,543,-1,543,540,541,-1,544,542,545,-1,545,542,543,-1,546,544,547,-1,547,544,545,-1,548,549,550,-1,550,549,551,-1,552,548,553,-1,553,548,550,-1,546,549,544,-1,544,549,548,-1,554,533,552,-1,552,533,532,-1,548,552,544,-1,544,552,532,-1,544,532,542,-1,542,532,536,-1,542,536,540,-1,540,536,538,-1,534,545,543,-1,541,539,543,-1,543,539,537,-1,543,537,534,-1,551,547,550,-1,550,547,545,-1,550,545,553,-1,553,545,534,-1,553,534,555,-1,555,534,535,-1,556,557,558,-1,559,560,561,-1,562,563,564,-1,565,566,567,-1,567,566,561,-1,567,561,568,-1,568,561,560,-1,568,560,563,-1,563,560,558,-1,563,558,564,-1,564,558,557,-1,569,567,568,-1]}}
Shape{appearance Appearance{material Material{diffuseColor 1.0 1.0 1.0 transparency 0.0}}geometry IndexedFaceSet{ccw TRUE solid FALSE coord Coordinate{point [-0.2152 -0.1712 1.0669, -0.2152 -0.1621 1.0669, -0.2152 -0.1712 1.063, -0.2152 -0.1621 1.063, -0.1833 -0.1712 1.0669, -0.1833 -0.1712 1.063, -0.1833 -0.2422 1.0669, -0.1833 -0.2422 1.063, -0.1729 -0.2422 1.0669, -0.1729 -0.2422 1.063, -0.1729 -0.1621 1.0669, -0.1729 -0.1621 1.063, -0.2562 -0.1607 1.0669, -0.2562 -0.1607 1.063, -0.2687 -0.162 1.063, -0.2687 -0.162 1.0669, -0.2772 -0.1648 1.063, -0.2772 -0.1648 1.0669, -0.2784 -0.1654 1.063, -0.2784 -0.1654 1.0669, -0.2784 -0.1753 1.0669, -0.2784 -0.1753 1.063, -0.2702 -0.1717 1.063, -0.2702 -0.1717 1.0669, -0.2611 -0.1701 1.063, -0.2611 -0.1701 1.0669, -0.2577 -0.17 1.063, -0.2577 -0.17 1.0669, -0.2502 -0.1708 1.063, -0.2502 -0.1708 1.0669, -0.2444 -0.1729 1.063, -0.2444 -0.1729 1.0669, -0.2391 -0.1765 1.063, -0.2391 -0.1765 1.0669, -0.2371 -0.1784 1.063, -0.2371 -0.1784 1.0669, -0.2331 -0.1841 1.063, -0.2331 -0.1841 1.0669, -0.2305 -0.1907 1.063, -0.2305 -0.1907 1.0669, -0.2293 -0.2005 1.063, -0.2293 -0.2005 1.0669, -0.2293 -0.2012 1.063, -0.2293 -0.2012 1.0669, -0.2305 -0.2118 1.063, -0.2305 -0.2118 1.0669, -0.2331 -0.2188 1.063, -0.2331 -0.2188 1.0669, -0.2369 -0.2244 1.063, -0.2369 -0.2244 1.0669, -0.2377 -0.2253 1.063, -0.2377 -0.2253 1.0669, -0.2428 -0.2296 1.063, -0.2428 -0.2296 1.0669, -0.2491 -0.2326 1.063, -0.2491 -0.2326 1.0669, -0.256 -0.234 1.063, -0.256 -0.234 1.0669, -0.2595 -0.2342 1.063, -0.2595 -0.2342 1.0669, -0.2695 -0.233 1.063, -0.2695 -0.233 1.0669, -0.2784 -0.2294 1.063, -0.2784 -0.2294 1.0669, -0.2784 -0.2402 1.0669, -0.2784 -0.2402 1.063, -0.2594 -0.2435 1.063, -0.2594 -0.2435 1.0669, -0.2601 -0.2435 1.0669, -0.2705 -0.2426 1.063, -0.2705 -0.2426 1.0669, -0.2676 -0.2428 1.063, -0.2601 -0.2435 1.063, -0.2486 -0.2423 1.0669, -0.2534 -0.2428 1.063, -0.2486 -0.2423 1.063, -0.2402 -0.2392 1.063, -0.2402 -0.2392 1.0669, -0.2323 -0.2339 1.063, -0.2323 -0.2339 1.0669, -0.23 -0.2317 1.063, -0.23 -0.2317 1.0669, -0.2242 -0.2241 1.063, -0.222 -0.219 1.063, -0.2204 -0.2152 1.0669, -0.2242 -0.2241 1.0669, -0.2204 -0.2152 1.063, -0.2186 -0.2047 1.063, -0.2186 -0.2047 1.0669, -0.2184 -0.2006 1.063, -0.2184 -0.2006 1.0669, -0.2197 -0.1891 1.063, -0.222 -0.1823 1.063, -0.2227 -0.1804 1.0669, -0.2197 -0.1891 1.0669, -0.2227 -0.1804 1.063, -0.2272 -0.1733 1.063, -0.2272 -0.1733 1.0669, -0.2287 -0.1717 1.063, -0.2287 -0.1717 1.0669, -0.2348 -0.1666 1.063, -0.2348 -0.1666 1.0669, -0.2423 -0.1629 1.063, -0.2423 -0.1629 1.0669, -0.2509 -0.161 1.063, -0.2509 -0.161 1.0669, -0.3375 -0.1712 1.0669, -0.3375 -0.1621 1.0669, -0.3375 -0.1712 1.063, -0.3375 -0.1621 1.063, -0.3047 -0.1712 1.063, -0.3047 -0.1712 1.0669, -0.3264 -0.1712 1.063, -0.3047 -0.1982 1.0669, -0.3047 -0.1982 1.063, -0.3334 -0.1982 1.0669, -0.3264 -0.1982 1.063, -0.3334 -0.1982 1.063, -0.3334 -0.2073 1.0669, -0.3334 -0.2073 1.063, -0.3047 -0.2073 1.063, -0.3047 -0.2073 1.0669, -0.3264 -0.2073 1.063, -0.3047 -0.233 1.0669, -0.3047 -0.233 1.063, -0.3357 -0.233 1.0669, -0.3264 -0.233 1.063, -0.3357 -0.233 1.063, -0.3357 -0.2422 1.0669, -0.3357 -0.2422 1.063, -0.2944 -0.2422 1.063, -0.2944 -0.2422 1.0669, -0.3264 -0.2422 1.063, -0.2944 -0.1621 1.0669, -0.2944 -0.1621 1.063, -0.3264 -0.1621 1.063, -0.3972 -0.1785 1.0669, -0.4038 -0.1717 1.0669, -0.3984 -0.1796 1.0669, -0.4057 -0.1733 1.0669, -0.4026 -0.1848 1.0669, -0.4118 -0.1806 1.0669, -0.4052 -0.1909 1.0669, -0.4157 -0.1889 1.0669, -0.4067 -0.1983 1.0669, -0.4176 -0.1983 1.0669, -0.4069 -0.2029 1.0669, -0.4178 -0.2032 1.0669, -0.4057 -0.2129 1.0669, -0.4166 -0.2137 1.0669, -0.4035 -0.2188 1.0669, -0.4137 -0.2214 1.0669, -0.4003 -0.2233 1.0669, -0.4088 -0.2285 1.0669, -0.3981 -0.2254 1.0669, -0.4057 -0.2316 1.0669, -0.392 -0.2295 1.0669, -0.3975 -0.2372 1.0669, -0.385 -0.2319 1.0669, -0.3879 -0.2408 1.0669, -0.375 -0.233 1.0669, -0.3754 -0.2422 1.0669, -0.3629 -0.233 1.0669, -0.3526 -0.2422 1.0669, -0.3629 -0.1712 1.0669, -0.3526 -0.1621 1.0669, -0.3746 -0.1712 1.0669, -0.3746 -0.1621 1.0669, -0.3852 -0.1724 1.0669, -0.3864 -0.1633 1.0669, -0.3919 -0.1749 1.0669, -0.3959 -0.1666 1.0669, -0.3746 -0.1621 1.063, -0.3526 -0.1621 1.063, -0.3864 -0.1633 1.063, -0.3893 -0.1643 1.063, -0.3959 -0.1666 1.063, -0.4038 -0.1717 1.063, -0.4057 -0.1733 1.063, -0.4118 -0.1806 1.063, -0.4157 -0.1889 1.063, -0.4176 -0.1983 1.063, -0.4178 -0.2032 1.063, -0.4166 -0.2137 1.063, -0.4137 -0.2214 1.063, -0.4088 -0.2285 1.063, -0.4057 -0.2316 1.063, -0.3975 -0.2372 1.063, -0.3893 -0.2402 1.063, -0.3879 -0.2408 1.063, -0.3754 -0.2422 1.063, -0.3526 -0.2422 1.063, -0.375 -0.233 1.063, -0.3629 -0.233 1.063, -0.3629 -0.1712 1.063, -0.3746 -0.1712 1.063, -0.3984 -0.1796 1.063, -0.3972 -0.1785 1.063, -0.3919 -0.1749 1.063, -0.3852 -0.1724 1.063, -0.4069 -0.2029 1.063, -0.4067 -0.1983 1.063, -0.4052 -0.1909 1.063, -0.4026 -0.1848 1.063, -0.3981 -0.2254 1.063, -0.4003 -0.2233 1.063, -0.4035 -0.2188 1.063, -0.4057 -0.2129 1.063, -0.385 -0.2319 1.063, -0.392 -0.2295 1.063]} coordIndex [0,1,2,-1,2,1,3,-1,4,0,5,-1,5,0,2,-1,6,4,7,-1,7,4,5,-1,8,6,9,-1,9,6,7,-1,10,8,11,-1,11,8,9,-1,1,10,3,-1,3,10,11,-1,6,8,4,-1,4,8,10,-1,4,10,0,-1,0,10,1,-1,12,13,14,-1,12,14,15,-1,15,14,16,-1,15,16,17,-1,17,16,18,-1,17,18,19,-1,20,19,21,-1,21,19,18,-1,20,21,22,-1,20,22,23,-1,23,22,24,-1,23,24,25,-1,25,24,26,-1,25,26,27,-1,27,26,28,-1,27,28,29,-1,29,28,30,-1,29,30,31,-1,31,30,32,-1,31,32,33,-1,33,32,34,-1,33,34,35,-1,35,34,36,-1,35,36,37,-1,37,36,38,-1,37,38,39,-1,39,38,40,-1,39,40,41,-1,41,40,42,-1,41,42,43,-1,43,42,44,-1,43,44,45,-1,45,44,46,-1,45,46,47,-1,47,46,48,-1,47,48,49,-1,49,48,50,-1,49,50,51,-1,51,50,52,-1,51,52,53,-1,53,52,54,-1,53,54,55,-1,55,54,56,-1,55,56,57,-1,57,56,58,-1,57,58,59,-1,59,58,60,-1,59,60,61,-1,61,60,62,-1,61,62,63,-1,64,63,65,-1,65,63,62,-1,66,67,68,-1,64,65,69,-1,64,69,70,-1,70,69,71,-1,70,71,68,-1,68,71,72,-1,68,72,66,-1,67,66,73,-1,73,66,74,-1,74,75,73,-1,73,75,76,-1,73,76,77,-1,77,76,78,-1,77,78,79,-1,79,78,80,-1,79,80,81,-1,81,80,82,-1,83,84,82,-1,82,84,85,-1,82,85,81,-1,83,86,84,-1,84,86,87,-1,84,87,88,-1,88,87,89,-1,88,89,90,-1,90,89,91,-1,92,93,91,-1,91,93,94,-1,91,94,90,-1,92,95,93,-1,93,95,96,-1,93,96,97,-1,97,96,98,-1,97,98,99,-1,99,98,100,-1,99,100,101,-1,101,100,102,-1,101,102,103,-1,103,102,104,-1,103,104,105,-1,105,104,13,-1,105,13,12,-1,37,39,94,-1,63,64,61,-1,61,64,70,-1,61,70,59,-1,59,70,68,-1,59,68,57,-1,57,68,67,-1,57,67,55,-1,55,67,73,-1,55,73,53,-1,94,39,90,-1,81,51,79,-1,79,51,53,-1,79,53,77,-1,77,53,73,-1,19,20,17,-1,17,20,23,-1,17,23,15,-1,15,23,12,-1,39,41,90,-1,90,41,43,-1,90,43,88,-1,88,43,45,-1,88,45,84,-1,84,45,85,-1,85,45,47,-1,85,47,81,-1,81,47,49,-1,81,49,51,-1,94,93,37,-1,37,93,97,-1,37,97,35,-1,35,97,99,-1,35,99,33,-1,33,99,101,-1,33,101,31,-1,31,101,103,-1,31,103,29,-1,29,103,105,-1,29,105,27,-1,27,105,12,-1,27,12,25,-1,25,12,23,-1,106,107,108,-1,108,107,109,-1,110,111,112,-1,112,111,106,-1,112,106,108,-1,113,111,114,-1,114,111,110,-1,113,114,115,-1,115,114,116,-1,115,116,117,-1,118,115,119,-1,119,115,117,-1,120,121,122,-1,122,121,118,-1,122,118,119,-1,123,121,124,-1,124,121,120,-1,123,124,125,-1,125,124,126,-1,125,126,127,-1,128,125,129,-1,129,125,127,-1,130,131,132,-1,132,131,128,-1,132,128,129,-1,133,131,134,-1,134,131,130,-1,133,134,107,-1,107,134,135,-1,107,135,109,-1,107,106,133,-1,133,106,111,-1,115,118,113,-1,113,118,121,-1,125,128,123,-1,123,128,131,-1,123,131,121,-1,121,131,133,-1,121,133,113,-1,113,133,111,-1,136,137,138,-1,138,137,139,-1,138,139,140,-1,140,139,141,-1,140,141,142,-1,142,141,143,-1,142,143,144,-1,144,143,145,-1,144,145,146,-1,146,145,147,-1,146,147,148,-1,148,147,149,-1,148,149,150,-1,150,149,151,-1,150,151,152,-1,152,151,153,-1,152,153,154,-1,154,153,155,-1,154,155,156,-1,156,155,157,-1,156,157,158,-1,158,157,159,-1,158,159,160,-1,160,159,161,-1,160,161,162,-1,162,161,163,-1,162,163,164,-1,164,163,165,-1,164,165,166,-1,166,165,167,-1,166,167,168,-1,168,167,169,-1,168,169,170,-1,170,169,171,-1,170,171,136,-1,136,171,137,-1,167,165,172,-1,172,165,173,-1,167,172,174,-1,167,174,169,-1,169,174,175,-1,169,175,171,-1,175,176,171,-1,171,176,177,-1,171,177,137,-1,137,177,178,-1,137,178,139,-1,139,178,179,-1,139,179,141,-1,141,179,180,-1,141,180,143,-1,143,180,181,-1,143,181,145,-1,145,181,182,-1,145,182,147,-1,147,182,183,-1,147,183,149,-1,149,183,184,-1,149,184,151,-1,151,184,185,-1,151,185,153,-1,153,185,186,-1,153,186,155,-1,155,186,187,-1,188,159,187,-1,187,159,157,-1,187,157,155,-1,188,189,159,-1,159,189,190,-1,159,190,161,-1,163,161,191,-1,191,161,190,-1,165,163,173,-1,173,163,191,-1,160,162,192,-1,192,162,193,-1,162,164,193,-1,193,164,194,-1,164,166,194,-1,194,166,195,-1,138,196,197,-1,138,197,136,-1,136,197,198,-1,136,198,170,-1,170,198,199,-1,170,199,168,-1,168,199,195,-1,168,195,166,-1,146,200,201,-1,146,201,144,-1,144,201,202,-1,144,202,142,-1,142,202,203,-1,142,203,140,-1,140,203,196,-1,140,196,138,-1,154,204,205,-1,154,205,152,-1,152,205,206,-1,152,206,150,-1,150,206,207,-1,150,207,148,-1,148,207,200,-1,148,200,146,-1,160,192,208,-1,160,208,158,-1,158,208,209,-1,158,209,156,-1,156,209,204,-1,156,204,154,-1]}}
Shape{appearance Appearance{material Material{diffuseColor 0.48627450980392156 0.23529411764705882 0.01568627450980392 transparency 0.0}}geometry IndexedFaceSet{ccw TRUE solid FALSE coord Coordinate{point [-0.3629 -0.233 1.063, -0.3629 -0.1712 1.063, -0.375 -0.233 1.063, -0.3746 -0.1712 1.063, -0.3972 -0.1785 1.063, -0.3984 -0.1796 1.063, -0.3852 -0.1724 1.063, -0.3919 -0.1749 1.063, -0.4026 -0.1848 1.063, -0.4052 -0.1909 1.063, -0.4067 -0.1983 1.063, -0.4069 -0.2029 1.063, -0.4057 -0.2129 1.063, -0.4035 -0.2188 1.063, -0.4003 -0.2233 1.063, -0.3981 -0.2254 1.063, -0.385 -0.2319 1.063, -0.392 -0.2295 1.063]} coordIndex [0,1,2,-1,2,1,3,-1,2,4,5,-1,3,6,2,-1,2,6,7,-1,2,7,4,-1,5,8,2,-1,2,8,9,-1,2,9,10,-1,10,11,2,-1,2,11,12,-1,2,12,13,-1,13,14,2,-1,2,14,15,-1,2,15,16,-1,16,15,17,-1]}}
Shape{appearance Appearance{material Material{diffuseColor 1.0 1.0 1.0 transparency 0.0}}geometry IndexedFaceSet{ccw TRUE solid FALSE coord Coordinate{point [-0.4446 -0.193 1.0669, -0.4414 -0.184 1.0669, -0.4715 -0.193 1.0669, -0.4747 -0.184 1.0669, -0.4566 -0.2263 1.0669, -0.4527 -0.2422 1.0669, -0.4222 -0.1621 1.0669, -0.4337 -0.1621 1.0669, -0.4573 -0.2287 1.0669, -0.4579 -0.2319 1.0669, -0.4638 -0.2422 1.0669, -0.4582 -0.2319 1.0669, -0.4588 -0.2285 1.0669, -0.4594 -0.2263 1.0669, -0.4943 -0.1621 1.0669, -0.4829 -0.1621 1.0669, -0.4638 -0.2422 1.063, -0.4943 -0.1621 1.063, -0.4527 -0.2422 1.063, -0.4222 -0.1621 1.063, -0.4453 -0.2227 1.063, -0.4337 -0.1621 1.063, -0.4414 -0.184 1.063, -0.4747 -0.184 1.063, -0.4453 -0.184 1.063, -0.4829 -0.1621 1.063, -0.4446 -0.193 1.063, -0.4715 -0.193 1.063, -0.4594 -0.2263 1.063, -0.4582 -0.2319 1.063, -0.4588 -0.2285 1.063, -0.4579 -0.2319 1.063, -0.4566 -0.2263 1.063, -0.4573 -0.2287 1.063]} coordIndex [0,1,2,-1,2,1,3,-1,4,5,0,-1,0,5,6,-1,0,6,1,-1,1,6,7,-1,4,8,5,-1,5,8,9,-1,5,9,10,-1,10,9,11,-1,10,11,12,-1,12,13,10,-1,10,13,2,-1,10,2,14,-1,14,2,3,-1,14,3,15,-1,10,14,16,-1,16,14,17,-1,5,10,18,-1,18,10,16,-1,19,6,20,-1,20,6,5,-1,20,5,18,-1,7,6,21,-1,21,6,19,-1,1,7,22,-1,22,7,21,-1,23,3,24,-1,24,3,1,-1,24,1,22,-1,15,3,25,-1,25,3,23,-1,14,15,17,-1,17,15,25,-1,0,2,26,-1,26,2,27,-1,2,13,27,-1,27,13,28,-1,11,29,30,-1,11,30,12,-1,12,30,28,-1,12,28,13,-1,11,9,29,-1,29,9,31,-1,4,32,33,-1,4,33,8,-1,8,33,31,-1,8,31,9,-1,4,0,32,-1,32,0,26,-1]}}
Shape{appearance Appearance{material Material{diffuseColor 0.48627450980392156 0.23529411764705882 0.01568627450980392 transparency 0.0}}geometry IndexedFaceSet{ccw TRUE solid FALSE coord Coordinate{point [-0.4582 -0.2319 1.063, -0.4579 -0.2319 1.063, -0.4588 -0.2285 1.063, -0.4573 -0.2287 1.063, -0.4594 -0.2263 1.063, -0.4566 -0.2263 1.063, -0.4715 -0.193 1.063, -0.4446 -0.193 1.063]} coordIndex [0,1,2,-1,2,1,3,-1,2,3,4,-1,4,3,5,-1,4,5,6,-1,6,5,7,-1]}}
Shape{appearance Appearance{material Material{diffuseColor 1.0 1.0 1.0 transparency 0.0}}geometry IndexedFaceSet{ccw TRUE solid FALSE coord Coordinate{point [-0.216 -0.0442 1.0669, -0.216 -0.0351 1.0669, -0.216 -0.0442 1.063, -0.216 -0.0351 1.063, -0.1833 -0.0442 1.0669, -0.1833 -0.0442 1.063, -0.1833 -0.0711 1.0669, -0.1833 -0.0711 1.063, -0.2119 -0.0711 1.0669, -0.2119 -0.0711 1.063, -0.2119 -0.0803 1.0669, -0.2119 -0.0803 1.063, -0.1833 -0.0803 1.0669, -0.1833 -0.0803 1.063, -0.1833 -0.1059 1.0669, -0.1833 -0.1059 1.063, -0.2142 -0.1059 1.0669, -0.2142 -0.1059 1.063, -0.2142 -0.1151 1.0669, -0.2142 -0.1151 1.063, -0.1729 -0.1151 1.0669, -0.1729 -0.1151 1.063, -0.1729 -0.0351 1.0669, -0.1729 -0.0351 1.063, -0.2371 -0.0672 1.0669, -0.2328 -0.065 1.0669, -0.2384 -0.0584 1.0669, -0.2613 -0.0439 1.0669, -0.2615 -0.0439 1.0669, -0.2609 -0.0531 1.0669, -0.2372 -0.057 1.0669, -0.2297 -0.0624 1.0669, -0.2364 -0.0551 1.0669, -0.2277 -0.0595 1.0669, -0.2359 -0.0528 1.0669, -0.2615 -0.0576 1.0669, -0.2716 -0.0719 1.0669, -0.2615 -0.0583 1.0669, -0.2615 -0.0638 1.0669, -0.2615 -0.0351 1.0669, -0.2716 -0.0351 1.0669, -0.24 -0.0596 1.0669, -0.2425 -0.0607 1.0669, -0.2446 -0.0691 1.0669, -0.2481 -0.062 1.0669, -0.2615 -0.0714 1.0669, -0.2263 -0.056 1.0669, -0.2256 -0.0517 1.0669, -0.2358 -0.0512 1.0669, -0.2256 -0.0504 1.0669, -0.236 -0.0489 1.0669, -0.2261 -0.0458 1.0669, -0.2367 -0.0471 1.0669, -0.2273 -0.0424 1.0669, -0.2378 -0.0454 1.0669, -0.2612 -0.0759 1.0669, -0.2708 -0.0795 1.0669, -0.2601 -0.0794 1.0669, -0.2692 -0.084 1.0669, -0.259 -0.0815 1.0669, -0.2671 -0.0873 1.0669, -0.2574 -0.0831 1.0669, -0.2645 -0.0898 1.0669, -0.2557 -0.0843 1.0669, -0.2611 -0.0917 1.0669, -0.2533 -0.0851 1.0669, -0.2569 -0.093 1.0669, -0.2499 -0.0854 1.0669, -0.2509 -0.0936 1.0669, -0.2439 -0.0848 1.0669, -0.2408 -0.0924 1.0669, -0.2376 -0.0826 1.0669, -0.2334 -0.0895 1.0669, -0.2312 -0.0785 1.0669, -0.2312 -0.0883 1.0669, -0.2594 -0.0496 1.0669, -0.2572 -0.0466 1.0669, -0.2597 -0.0415 1.0669, -0.256 -0.0454 1.0669, -0.2565 -0.0381 1.0669, -0.2531 -0.0435 1.0669, -0.253 -0.0358 1.0669, -0.2501 -0.0424 1.0669, -0.2489 -0.0343 1.0669, -0.2463 -0.042 1.0669, -0.2437 -0.0337 1.0669, -0.2429 -0.0423 1.0669, -0.2377 -0.0344 1.0669, -0.2407 -0.0432 1.0669, -0.2339 -0.0359 1.0669, -0.2387 -0.0445 1.0669, -0.2305 -0.0382 1.0669, -0.2294 -0.0394 1.0669, -0.2509 -0.0936 1.063, -0.2408 -0.0924 1.063, -0.2334 -0.0895 1.063, -0.2312 -0.0883 1.063, -0.2312 -0.0785 1.063, -0.2376 -0.0826 1.063, -0.2439 -0.0848 1.063, -0.2499 -0.0854 1.063, -0.2533 -0.0851 1.063, -0.2557 -0.0843 1.063, -0.2574 -0.0831 1.063, -0.259 -0.0815 1.063, -0.2601 -0.0794 1.063, -0.2612 -0.0759 1.063, -0.2615 -0.0714 1.063, -0.2446 -0.0691 1.063, -0.2371 -0.0672 1.063, -0.2328 -0.065 1.063, -0.2297 -0.0624 1.063, -0.2277 -0.0595 1.063, -0.2263 -0.056 1.063, -0.2256 -0.0517 1.063, -0.2256 -0.0504 1.063, -0.2261 -0.0458 1.063, -0.2273 -0.0424 1.063, -0.2294 -0.0394 1.063, -0.2305 -0.0382 1.063, -0.2437 -0.0337 1.063, -0.2379 -0.0344 1.063, -0.2377 -0.0344 1.063, -0.2339 -0.0359 1.063, -0.2489 -0.0343 1.063, -0.2492 -0.0344 1.063, -0.253 -0.0358 1.063, -0.2565 -0.0381 1.063, -0.2597 -0.0415 1.063, -0.2613 -0.0439 1.063, -0.2615 -0.0439 1.063, -0.2615 -0.0351 1.063, -0.2716 -0.0351 1.063, -0.2716 -0.0719 1.063, -0.2708 -0.0795 1.063, -0.2692 -0.084 1.063, -0.2671 -0.0873 1.063, -0.2645 -0.0898 1.063, -0.2611 -0.0917 1.063, -0.2569 -0.093 1.063, -0.2384 -0.0584 1.063, -0.24 -0.0596 1.063, -0.2425 -0.0607 1.063, -0.2481 -0.062 1.063, -0.2358 -0.0512 1.063, -0.2359 -0.0528 1.063, -0.2364 -0.0551 1.063, -0.2372 -0.057 1.063, -0.2387 -0.0445 1.063, -0.2378 -0.0454 1.063, -0.2367 -0.0471 1.063, -0.236 -0.0489 1.063, -0.2463 -0.042 1.063, -0.2429 -0.0423 1.063, -0.2407 -0.0432 1.063, -0.2572 -0.0466 1.063, -0.256 -0.0454 1.063, -0.2531 -0.0435 1.063, -0.2501 -0.0424 1.063, -0.2615 -0.0583 1.063, -0.2615 -0.0576 1.063, -0.2609 -0.0531 1.063, -0.2594 -0.0496 1.063, -0.2615 -0.0638 1.063]} coordIndex [0,1,2,-1,2,1,3,-1,4,0,5,-1,5,0,2,-1,6,4,7,-1,7,4,5,-1,8,6,9,-1,9,6,7,-1,10,8,11,-1,11,8,9,-1,12,10,13,-1,13,10,11,-1,14,12,15,-1,15,12,13,-1,16,14,17,-1,17,14,15,-1,18,16,19,-1,19,16,17,-1,20,18,21,-1,21,18,19,-1,22,20,23,-1,23,20,21,-1,1,22,3,-1,3,22,23,-1,16,18,14,-1,14,18,20,-1,14,20,12,-1,1,0,22,-1,22,0,4,-1,22,4,6,-1,8,10,6,-1,6,10,12,-1,6,12,22,-1,22,12,20,-1,24,25,26,-1,27,28,29,-1,26,25,30,-1,30,25,31,-1,30,31,32,-1,32,31,33,-1,32,33,34,-1,35,36,37,-1,37,36,38,-1,39,40,28,-1,28,40,36,-1,28,36,29,-1,29,36,35,-1,26,41,24,-1,24,41,42,-1,24,42,43,-1,43,42,44,-1,43,44,45,-1,33,46,34,-1,34,46,47,-1,34,47,48,-1,48,47,49,-1,48,49,50,-1,50,49,51,-1,50,51,52,-1,52,51,53,-1,52,53,54,-1,44,38,45,-1,45,38,36,-1,45,36,55,-1,55,36,56,-1,55,56,57,-1,57,56,58,-1,57,58,59,-1,59,58,60,-1,59,60,61,-1,61,60,62,-1,61,62,63,-1,63,62,64,-1,63,64,65,-1,65,64,66,-1,65,66,67,-1,67,66,68,-1,67,68,69,-1,69,68,70,-1,69,70,71,-1,71,70,72,-1,71,72,73,-1,73,72,74,-1,29,75,27,-1,27,75,76,-1,27,76,77,-1,77,76,78,-1,77,78,79,-1,79,78,80,-1,79,80,81,-1,81,80,82,-1,81,82,83,-1,83,82,84,-1,83,84,85,-1,85,84,86,-1,85,86,87,-1,87,86,88,-1,87,88,89,-1,89,88,90,-1,89,90,91,-1,91,90,54,-1,91,54,92,-1,92,54,53,-1,68,93,94,-1,68,94,70,-1,70,94,95,-1,70,95,72,-1,72,95,96,-1,72,96,74,-1,73,74,97,-1,97,74,96,-1,73,97,98,-1,73,98,71,-1,71,98,99,-1,71,99,69,-1,69,99,100,-1,69,100,67,-1,67,100,101,-1,67,101,65,-1,65,101,102,-1,65,102,63,-1,63,102,103,-1,63,103,61,-1,61,103,104,-1,61,104,59,-1,59,104,105,-1,59,105,57,-1,57,105,106,-1,57,106,55,-1,55,106,107,-1,55,107,45,-1,43,45,108,-1,108,45,107,-1,43,108,109,-1,43,109,24,-1,24,109,110,-1,24,110,25,-1,25,110,111,-1,25,111,31,-1,31,111,112,-1,31,112,33,-1,33,112,113,-1,33,113,46,-1,46,113,114,-1,46,114,47,-1,47,114,115,-1,47,115,49,-1,49,115,116,-1,49,116,51,-1,51,116,117,-1,51,117,53,-1,53,117,118,-1,53,118,92,-1,92,118,119,-1,92,119,91,-1,120,85,121,-1,121,85,87,-1,121,87,122,-1,122,87,89,-1,122,89,123,-1,123,89,91,-1,123,91,119,-1,85,120,124,-1,85,124,83,-1,83,124,125,-1,83,125,81,-1,125,126,81,-1,81,126,127,-1,81,127,79,-1,79,127,128,-1,79,128,77,-1,77,128,129,-1,77,129,27,-1,28,27,130,-1,130,27,129,-1,39,28,131,-1,131,28,130,-1,40,39,132,-1,132,39,131,-1,36,40,133,-1,133,40,132,-1,36,133,134,-1,36,134,56,-1,56,134,135,-1,56,135,58,-1,58,135,136,-1,58,136,60,-1,60,136,137,-1,60,137,62,-1,62,137,138,-1,62,138,64,-1,64,138,139,-1,64,139,66,-1,66,139,93,-1,66,93,68,-1,26,140,141,-1,26,141,41,-1,41,141,142,-1,41,142,42,-1,42,142,143,-1,42,143,44,-1,48,144,145,-1,48,145,34,-1,34,145,146,-1,34,146,32,-1,32,146,147,-1,32,147,30,-1,30,147,140,-1,30,140,26,-1,90,148,149,-1,90,149,54,-1,54,149,150,-1,54,150,52,-1,52,150,151,-1,52,151,50,-1,50,151,144,-1,50,144,48,-1,84,152,153,-1,84,153,86,-1,86,153,154,-1,86,154,88,-1,88,154,148,-1,88,148,90,-1,76,155,156,-1,76,156,78,-1,78,156,157,-1,78,157,80,-1,80,157,158,-1,80,158,82,-1,82,158,152,-1,82,152,84,-1,37,159,160,-1,37,160,35,-1,35,160,161,-1,35,161,29,-1,29,161,162,-1,29,162,75,-1,75,162,155,-1,75,155,76,-1,37,38,159,-1,159,38,163,-1,38,44,163,-1,163,44,143,-1]}}
Shape{appearance Appearance{material Material{diffuseColor 0.48627450980392156 0.23529411764705882 0.01568627450980392 transparency 0.0}}geometry IndexedFaceSet{ccw TRUE solid FALSE coord Coordinate{point [-0.2615 -0.0638 1.063, -0.2481 -0.062 1.063, -0.2615 -0.0583 1.063, -0.2425 -0.0607 1.063, -0.24 -0.0596 1.063, -0.2384 -0.0584 1.063, -0.2615 -0.0576 1.063, -0.2609 -0.0531 1.063, -0.2372 -0.057 1.063, -0.2594 -0.0496 1.063, -0.2378 -0.0454 1.063, -0.2387 -0.0445 1.063, -0.256 -0.0454 1.063, -0.2367 -0.0471 1.063, -0.2531 -0.0435 1.063, -0.2501 -0.0424 1.063, -0.2463 -0.042 1.063, -0.2364 -0.0551 1.063, -0.2359 -0.0528 1.063, -0.2572 -0.0466 1.063, -0.2358 -0.0512 1.063, -0.236 -0.0489 1.063, -0.2407 -0.0432 1.063, -0.2429 -0.0423 1.063]} coordIndex [0,1,2,-1,2,1,3,-1,3,4,2,-1,2,4,5,-1,2,5,6,-1,6,5,7,-1,7,5,8,-1,7,8,9,-1,10,11,12,-1,10,12,13,-1,14,12,15,-1,15,12,16,-1,8,17,9,-1,9,17,18,-1,9,18,19,-1,19,18,20,-1,19,20,12,-1,12,20,21,-1,12,21,13,-1,11,22,12,-1,12,22,23,-1,12,23,16,-1]}}
Shape{appearance Appearance{material Material{diffuseColor 1.0 1.0 1.0 transparency 0.0}}geometry IndexedFaceSet{ccw TRUE solid FALSE coord Coordinate{point [-0.3016 -0.0419 1.0669, -0.3016 -0.0419 1.063, -0.2954 -0.0426 1.063, -0.2898 -0.0447 1.063, -0.2891 -0.045 1.0669, -0.2954 -0.0426 1.0669, -0.2891 -0.045 1.063, -0.2851 -0.0474 1.063, -0.2851 -0.0474 1.0669, -0.2851 -0.0371 1.0669, -0.2851 -0.0371 1.063, -0.2923 -0.0346 1.0669, -0.2898 -0.0355 1.063, -0.3007 -0.0337 1.063, -0.3007 -0.0337 1.0669, -0.294 -0.0344 1.063, -0.2923 -0.0346 1.063, -0.3089 -0.0346 1.0669, -0.307 -0.0344 1.063, -0.3089 -0.0346 1.063, -0.3144 -0.0365 1.063, -0.3144 -0.0365 1.0669, -0.3173 -0.0383 1.063, -0.3173 -0.0383 1.0669, -0.3202 -0.0408 1.063, -0.3202 -0.0408 1.0669, -0.3221 -0.0434 1.063, -0.3221 -0.0434 1.0669, -0.3233 -0.0466 1.063, -0.3233 -0.0466 1.0669, -0.3238 -0.0506 1.063, -0.3238 -0.0506 1.0669, -0.3233 -0.0544 1.063, -0.3233 -0.0544 1.0669, -0.3223 -0.0573 1.063, -0.3223 -0.0573 1.0669, -0.3204 -0.0601 1.063, -0.3204 -0.0601 1.0669, -0.318 -0.0622 1.063, -0.318 -0.0622 1.0669, -0.3114 -0.0659 1.063, -0.3114 -0.0659 1.0669, -0.3075 -0.0675 1.063, -0.3075 -0.0675 1.0669, -0.3013 -0.0702 1.063, -0.3013 -0.0702 1.0669, -0.2977 -0.0724 1.063, -0.2977 -0.0724 1.0669, -0.2968 -0.0735 1.063, -0.2968 -0.0735 1.0669, -0.296 -0.0748 1.063, -0.296 -0.0748 1.0669, -0.2956 -0.0764 1.063, -0.2956 -0.0764 1.0669, -0.2955 -0.0777 1.063, -0.2955 -0.0777 1.0669, -0.2957 -0.0793 1.063, -0.2957 -0.0793 1.0669, -0.2962 -0.0807 1.063, -0.2962 -0.0807 1.0669, -0.2971 -0.082 1.063, -0.2971 -0.082 1.0669, -0.2986 -0.0833 1.063, -0.2986 -0.0833 1.0669, -0.3008 -0.0845 1.063, -0.3008 -0.0845 1.0669, -0.3035 -0.0852 1.063, -0.3035 -0.0852 1.0669, -0.3065 -0.0854 1.063, -0.3065 -0.0854 1.0669, -0.3131 -0.0847 1.063, -0.3131 -0.0847 1.0669, -0.3187 -0.0826 1.063, -0.3187 -0.0826 1.0669, -0.321 -0.0813 1.063, -0.321 -0.0813 1.0669, -0.321 -0.091 1.0669, -0.321 -0.091 1.063, -0.313 -0.0932 1.063, -0.313 -0.0932 1.0669, -0.3075 -0.0936 1.063, -0.3075 -0.0936 1.0669, -0.3001 -0.0928 1.063, -0.3001 -0.0928 1.0669, -0.2946 -0.0908 1.063, -0.2946 -0.0908 1.0669, -0.2916 -0.089 1.063, -0.2916 -0.089 1.0669, -0.2887 -0.0864 1.0669, -0.2898 -0.0874 1.063, -0.2887 -0.0864 1.063, -0.2868 -0.0836 1.063, -0.2868 -0.0836 1.0669, -0.2856 -0.0804 1.063, -0.2856 -0.0804 1.0669, -0.2852 -0.0768 1.063, -0.2852 -0.0768 1.0669, -0.2856 -0.0729 1.063, -0.2856 -0.0729 1.0669, -0.2867 -0.0699 1.063, -0.2867 -0.0699 1.0669, -0.288 -0.0678 1.063, -0.288 -0.0678 1.0669, -0.3004 -0.0602 1.063, -0.3004 -0.0602 1.0669, -0.2944 -0.0629 1.0669, -0.2897 -0.0661 1.063, -0.2897 -0.0661 1.0669, -0.2898 -0.066 1.063, -0.2944 -0.0629 1.063, -0.307 -0.0575 1.063, -0.307 -0.0575 1.0669, -0.3109 -0.0551 1.063, -0.3109 -0.0551 1.0669, -0.3121 -0.0538 1.063, -0.3121 -0.0538 1.0669, -0.3129 -0.0525 1.063, -0.3129 -0.0525 1.0669, -0.3134 -0.0509 1.063, -0.3134 -0.0509 1.0669, -0.3135 -0.0496 1.063, -0.3135 -0.0496 1.0669, -0.3133 -0.0477 1.063, -0.3133 -0.0477 1.0669, -0.3128 -0.0463 1.063, -0.3128 -0.0463 1.0669, -0.3119 -0.045 1.063, -0.3119 -0.045 1.0669, -0.3107 -0.044 1.063, -0.3107 -0.044 1.0669, -0.3098 -0.0434 1.063, -0.3098 -0.0434 1.0669, -0.3072 -0.0425 1.063, -0.3072 -0.0425 1.0669, -0.3021 -0.0419 1.063, -0.3021 -0.0419 1.0669, -0.3735 -0.0923 1.0669, -0.3839 -0.0923 1.0669, -0.3735 -0.0923 1.063, -0.3839 -0.0923 1.063, -0.3579 -0.0492 1.0669, -0.3579 -0.0492 1.063, -0.3571 -0.0465 1.063, -0.3571 -0.0465 1.0669, -0.3566 -0.0446 1.063, -0.3566 -0.0446 1.0669, -0.3564 -0.0446 1.0669, -0.3564 -0.0446 1.063, -0.3551 -0.0493 1.0669, -0.3551 -0.0493 1.063, -0.3402 -0.0923 1.063, -0.3402 -0.0923 1.0669, -0.345 -0.0783 1.063, -0.329 -0.0923 1.0669, -0.329 -0.0923 1.063, -0.3514 -0.0352 1.063, -0.3514 -0.0352 1.0669, -0.345 -0.0514 1.063, -0.347 -0.0248 1.063, -0.347 -0.0248 1.0669, -0.3511 -0.0344 1.063, -0.3451 -0.0212 1.063, -0.3451 -0.0212 1.0669, -0.345 -0.0212 1.063, -0.3432 -0.0191 1.0669, -0.3432 -0.0191 1.063, -0.3413 -0.0178 1.063, -0.3413 -0.0178 1.0669, -0.3391 -0.017 1.063, -0.3391 -0.017 1.0669, -0.3367 -0.0167 1.063, -0.3367 -0.0167 1.0669, -0.3331 -0.0172 1.063, -0.3331 -0.0172 1.0669, -0.3311 -0.0179 1.063, -0.3311 -0.0179 1.0669, -0.3311 -0.009 1.0669, -0.3311 -0.009 1.063, -0.3353 -0.0082 1.063, -0.3353 -0.0082 1.0669, -0.3375 -0.0081 1.063, -0.3375 -0.0081 1.0669, -0.3416 -0.0086 1.063, -0.345 -0.0099 1.063, -0.3455 -0.0101 1.0669, -0.3416 -0.0086 1.0669, -0.3455 -0.0101 1.063, -0.349 -0.0126 1.063, -0.349 -0.0126 1.0669, -0.3497 -0.0132 1.063, -0.3497 -0.0132 1.0669, -0.3534 -0.0176 1.063, -0.3534 -0.0176 1.0669, -0.3579 -0.0264 1.063, -0.3579 -0.0264 1.0669, -0.3611 -0.0344 1.063, -0.4377 -0.0442 1.0669, -0.4377 -0.0351 1.0669, -0.4377 -0.0442 1.063, -0.4377 -0.0351 1.063, -0.405 -0.0442 1.063, -0.405 -0.0442 1.0669, -0.42 -0.0442 1.063, -0.405 -0.0711 1.0669, -0.405 -0.0711 1.063, -0.4337 -0.0711 1.063, -0.4337 -0.0711 1.0669, -0.42 -0.0711 1.063, -0.4337 -0.0803 1.0669, -0.4337 -0.0803 1.063, -0.405 -0.0803 1.063, -0.405 -0.0803 1.0669, -0.42 -0.0803 1.063, -0.405 -0.1059 1.0669, -0.405 -0.1059 1.063, -0.4359 -0.1059 1.063, -0.4359 -0.1059 1.0669, -0.42 -0.1059 1.063, -0.4359 -0.1151 1.0669, -0.4359 -0.1151 1.063, -0.3947 -0.1151 1.063, -0.3947 -0.1151 1.0669, -0.42 -0.1151 1.063, -0.3947 -0.0351 1.0669, -0.3947 -0.0351 1.063, -0.42 -0.0351 1.063, -0.4974 -0.0514 1.0669, -0.5041 -0.0446 1.0669, -0.4986 -0.0526 1.0669, -0.506 -0.0463 1.0669, -0.5028 -0.0578 1.0669, -0.5121 -0.0536 1.0669, -0.5055 -0.0638 1.0669, -0.516 -0.0619 1.0669, -0.507 -0.0713 1.0669, -0.5178 -0.0713 1.0669, -0.5072 -0.0758 1.0669, -0.5181 -0.0761 1.0669, -0.506 -0.0859 1.0669, -0.5169 -0.0867 1.0669, -0.5037 -0.0918 1.0669, -0.514 -0.0944 1.0669, -0.5006 -0.0962 1.0669, -0.5091 -0.1015 1.0669, -0.4984 -0.0984 1.0669, -0.506 -0.1045 1.0669, -0.4923 -0.1024 1.0669, -0.4978 -0.1102 1.0669, -0.4852 -0.1049 1.0669, -0.4882 -0.1137 1.0669, -0.4753 -0.1059 1.0669, -0.4757 -0.1151 1.0669, -0.4632 -0.1059 1.0669, -0.4529 -0.1151 1.0669, -0.4632 -0.0442 1.0669, -0.4529 -0.0351 1.0669, -0.4748 -0.0442 1.0669, -0.4749 -0.0351 1.0669, -0.4855 -0.0454 1.0669, -0.4867 -0.0363 1.0669, -0.4922 -0.0479 1.0669, -0.4962 -0.0396 1.0669, -0.4749 -0.0351 1.063, -0.4529 -0.0351 1.063, -0.4867 -0.0363 1.063, -0.4962 -0.0396 1.063, -0.5041 -0.0446 1.063, -0.506 -0.0463 1.063, -0.5121 -0.0536 1.063, -0.516 -0.0619 1.063, -0.5178 -0.0713 1.063, -0.5181 -0.0761 1.063, -0.5169 -0.0867 1.063, -0.514 -0.0944 1.063, -0.5091 -0.1015 1.063, -0.506 -0.1045 1.063, -0.4978 -0.1102 1.063, -0.4882 -0.1137 1.063, -0.4757 -0.1151 1.063, -0.4529 -0.1151 1.063, -0.4753 -0.1059 1.063, -0.4632 -0.1059 1.063, -0.4632 -0.0442 1.063, -0.4748 -0.0442 1.063, -0.4986 -0.0526 1.063, -0.4974 -0.0514 1.063, -0.4922 -0.0479 1.063, -0.4855 -0.0454 1.063, -0.5072 -0.0758 1.063, -0.507 -0.0713 1.063, -0.5055 -0.0638 1.063, -0.5028 -0.0578 1.063, -0.4984 -0.0984 1.063, -0.5006 -0.0962 1.063, -0.5037 -0.0918 1.063, -0.506 -0.0859 1.063, -0.4852 -0.1049 1.063, -0.4923 -0.1024 1.063]} coordIndex [0,1,2,-1,3,4,2,-1,2,4,5,-1,2,5,0,-1,3,6,4,-1,4,6,7,-1,4,7,8,-1,9,8,10,-1,10,8,7,-1,9,10,11,-1,11,10,12,-1,13,14,15,-1,15,14,11,-1,15,11,16,-1,16,11,12,-1,14,13,17,-1,17,13,18,-1,18,19,17,-1,17,19,20,-1,17,20,21,-1,21,20,22,-1,21,22,23,-1,23,22,24,-1,23,24,25,-1,25,24,26,-1,25,26,27,-1,27,26,28,-1,27,28,29,-1,29,28,30,-1,29,30,31,-1,31,30,32,-1,31,32,33,-1,33,32,34,-1,33,34,35,-1,35,34,36,-1,35,36,37,-1,37,36,38,-1,37,38,39,-1,39,38,40,-1,39,40,41,-1,41,40,42,-1,41,42,43,-1,43,42,44,-1,43,44,45,-1,45,44,46,-1,45,46,47,-1,47,46,48,-1,47,48,49,-1,49,48,50,-1,49,50,51,-1,51,50,52,-1,51,52,53,-1,53,52,54,-1,53,54,55,-1,55,54,56,-1,55,56,57,-1,57,56,58,-1,57,58,59,-1,59,58,60,-1,59,60,61,-1,61,60,62,-1,61,62,63,-1,63,62,64,-1,63,64,65,-1,65,64,66,-1,65,66,67,-1,67,66,68,-1,67,68,69,-1,69,68,70,-1,69,70,71,-1,71,70,72,-1,71,72,73,-1,73,72,74,-1,73,74,75,-1,76,75,77,-1,77,75,74,-1,76,77,78,-1,76,78,79,-1,79,78,80,-1,79,80,81,-1,81,80,82,-1,81,82,83,-1,83,82,84,-1,83,84,85,-1,85,84,86,-1,85,86,87,-1,87,86,88,-1,88,86,89,-1,89,90,88,-1,88,90,91,-1,88,91,92,-1,92,91,93,-1,92,93,94,-1,94,93,95,-1,94,95,96,-1,96,95,97,-1,96,97,98,-1,98,97,99,-1,98,99,100,-1,100,99,101,-1,100,101,102,-1,103,104,105,-1,102,101,106,-1,102,106,107,-1,107,106,108,-1,107,108,105,-1,105,108,109,-1,105,109,103,-1,104,103,110,-1,104,110,111,-1,111,110,112,-1,111,112,113,-1,113,112,114,-1,113,114,115,-1,115,114,116,-1,115,116,117,-1,117,116,118,-1,117,118,119,-1,119,118,120,-1,119,120,121,-1,121,120,122,-1,121,122,123,-1,123,122,124,-1,123,124,125,-1,125,124,126,-1,125,126,127,-1,127,126,128,-1,127,128,129,-1,129,128,130,-1,129,130,131,-1,131,130,132,-1,131,132,133,-1,133,132,134,-1,133,134,135,-1,135,134,1,-1,135,1,0,-1,61,63,85,-1,85,63,83,-1,111,43,104,-1,104,43,45,-1,21,23,127,-1,127,23,25,-1,127,25,125,-1,125,25,27,-1,125,27,123,-1,123,27,29,-1,123,29,121,-1,121,29,31,-1,121,31,119,-1,119,31,33,-1,119,33,117,-1,117,33,35,-1,117,35,115,-1,115,35,37,-1,115,37,113,-1,113,37,39,-1,113,39,111,-1,111,39,41,-1,111,41,43,-1,14,0,11,-1,11,0,5,-1,11,5,9,-1,9,5,4,-1,9,4,8,-1,63,65,83,-1,83,65,67,-1,83,67,81,-1,81,67,69,-1,81,69,79,-1,79,69,71,-1,79,71,76,-1,76,71,73,-1,76,73,75,-1,127,129,21,-1,21,129,131,-1,21,131,17,-1,17,131,133,-1,17,133,14,-1,14,133,135,-1,14,135,0,-1,85,87,61,-1,61,87,88,-1,61,88,59,-1,59,88,92,-1,59,92,57,-1,57,92,94,-1,57,94,55,-1,55,94,96,-1,55,96,53,-1,53,96,98,-1,53,98,51,-1,51,98,100,-1,51,100,49,-1,49,100,102,-1,49,102,47,-1,47,102,107,-1,47,107,45,-1,45,107,105,-1,45,105,104,-1,136,137,138,-1,138,137,139,-1,140,136,141,-1,141,136,138,-1,140,141,142,-1,140,142,143,-1,143,142,144,-1,143,144,145,-1,146,145,147,-1,147,145,144,-1,148,146,149,-1,149,146,147,-1,150,151,152,-1,152,151,148,-1,152,148,149,-1,153,151,154,-1,154,151,150,-1,155,156,157,-1,157,156,153,-1,157,153,154,-1,158,159,160,-1,160,159,156,-1,160,156,155,-1,159,158,161,-1,159,161,162,-1,162,161,163,-1,162,163,164,-1,163,165,164,-1,164,165,166,-1,164,166,167,-1,167,166,168,-1,167,168,169,-1,169,168,170,-1,169,170,171,-1,171,170,172,-1,171,172,173,-1,173,172,174,-1,173,174,175,-1,176,175,177,-1,177,175,174,-1,176,177,178,-1,176,178,179,-1,179,178,180,-1,179,180,181,-1,181,180,182,-1,183,184,182,-1,182,184,185,-1,182,185,181,-1,183,186,184,-1,184,186,187,-1,184,187,188,-1,188,187,189,-1,188,189,190,-1,190,189,191,-1,190,191,192,-1,192,191,193,-1,192,193,194,-1,139,137,195,-1,195,137,194,-1,195,194,193,-1,143,145,194,-1,137,136,194,-1,194,136,140,-1,194,140,143,-1,151,153,148,-1,148,153,156,-1,148,156,146,-1,192,162,190,-1,190,162,164,-1,175,176,173,-1,173,176,179,-1,173,179,171,-1,171,179,181,-1,171,181,169,-1,169,181,185,-1,169,185,167,-1,167,185,184,-1,167,184,164,-1,164,184,188,-1,164,188,190,-1,145,146,194,-1,194,146,156,-1,194,156,192,-1,192,156,159,-1,192,159,162,-1,196,197,198,-1,198,197,199,-1,200,201,202,-1,202,201,196,-1,202,196,198,-1,203,201,204,-1,204,201,200,-1,205,206,207,-1,207,206,203,-1,207,203,204,-1,208,206,209,-1,209,206,205,-1,210,211,212,-1,212,211,208,-1,212,208,209,-1,213,211,214,-1,214,211,210,-1,215,216,217,-1,217,216,213,-1,217,213,214,-1,218,216,219,-1,219,216,215,-1,220,221,222,-1,222,221,218,-1,222,218,219,-1,223,221,224,-1,224,221,220,-1,199,197,225,-1,225,197,223,-1,225,223,224,-1,223,197,196,-1,196,201,223,-1,223,201,203,-1,223,203,221,-1,216,218,213,-1,213,218,221,-1,213,221,211,-1,211,221,203,-1,211,203,208,-1,208,203,206,-1,226,227,228,-1,228,227,229,-1,228,229,230,-1,230,229,231,-1,230,231,232,-1,232,231,233,-1,232,233,234,-1,234,233,235,-1,234,235,236,-1,236,235,237,-1,236,237,238,-1,238,237,239,-1,238,239,240,-1,240,239,241,-1,240,241,242,-1,242,241,243,-1,242,243,244,-1,244,243,245,-1,244,245,246,-1,246,245,247,-1,246,247,248,-1,248,247,249,-1,248,249,250,-1,250,249,251,-1,250,251,252,-1,252,251,253,-1,252,253,254,-1,254,253,255,-1,254,255,256,-1,256,255,257,-1,256,257,258,-1,258,257,259,-1,258,259,260,-1,260,259,261,-1,260,261,226,-1,226,261,227,-1,257,255,262,-1,262,255,263,-1,257,262,264,-1,257,264,259,-1,259,264,265,-1,259,265,261,-1,261,265,266,-1,261,266,227,-1,227,266,267,-1,227,267,229,-1,229,267,268,-1,229,268,231,-1,231,268,269,-1,231,269,233,-1,233,269,270,-1,233,270,235,-1,235,270,271,-1,235,271,237,-1,237,271,272,-1,237,272,239,-1,239,272,273,-1,239,273,241,-1,241,273,274,-1,241,274,243,-1,243,274,275,-1,243,275,245,-1,245,275,276,-1,245,276,247,-1,247,276,277,-1,247,277,249,-1,249,277,278,-1,249,278,251,-1,253,251,279,-1,279,251,278,-1,255,253,263,-1,263,253,279,-1,250,252,280,-1,280,252,281,-1,252,254,281,-1,281,254,282,-1,254,256,282,-1,282,256,283,-1,228,284,285,-1,228,285,226,-1,226,285,286,-1,226,286,260,-1,260,286,287,-1,260,287,258,-1,258,287,283,-1,258,283,256,-1,236,288,289,-1,236,289,234,-1,234,289,290,-1,234,290,232,-1,232,290,291,-1,232,291,230,-1,230,291,284,-1,230,284,228,-1,244,292,293,-1,244,293,242,-1,242,293,294,-1,242,294,240,-1,240,294,295,-1,240,295,238,-1,238,295,288,-1,238,288,236,-1,250,280,296,-1,250,296,248,-1,248,296,297,-1,248,297,246,-1,246,297,292,-1,246,292,244,-1]}}
Shape{appearance Appearance{material Material{diffuseColor 0.48627450980392156 0.23529411764705882 0.01568627450980392 transparency 0.0}}geometry IndexedFaceSet{ccw TRUE solid FALSE coord Coordinate{point [-0.4632 -0.1059 1.063, -0.4632 -0.0442 1.063, -0.4753 -0.1059 1.063, -0.4748 -0.0442 1.063, -0.4974 -0.0514 1.063, -0.4986 -0.0526 1.063, -0.4855 -0.0454 1.063, -0.4922 -0.0479 1.063, -0.5028 -0.0578 1.063, -0.5055 -0.0638 1.063, -0.507 -0.0713 1.063, -0.5072 -0.0758 1.063, -0.506 -0.0859 1.063, -0.5037 -0.0918 1.063, -0.5006 -0.0962 1.063, -0.4984 -0.0984 1.063, -0.4852 -0.1049 1.063, -0.4923 -0.1024 1.063]} coordIndex [0,1,2,-1,2,1,3,-1,2,4,5,-1,3,6,2,-1,2,6,7,-1,2,7,4,-1,5,8,2,-1,2,8,9,-1,2,9,10,-1,10,11,2,-1,2,11,12,-1,2,12,13,-1,13,14,2,-1,2,14,15,-1,2,15,16,-1,16,15,17,-1]}}
Shape{appearance Appearance{material Material{diffuseColor 1.0 1.0 1.0 transparency 0.0}}geometry IndexedFaceSet{ccw TRUE solid FALSE coord Coordinate{point [-0.5449 -0.066 1.0669, -0.5416 -0.057 1.0669, -0.5718 -0.066 1.0669, -0.575 -0.057 1.0669, -0.5569 -0.0993 1.0669, -0.553 -0.1151 1.0669, -0.5225 -0.0351 1.0669, -0.5339 -0.0351 1.0669, -0.5576 -0.1017 1.0669, -0.5582 -0.1049 1.0669, -0.5641 -0.1151 1.0669, -0.5584 -0.1049 1.0669, -0.5591 -0.1015 1.0669, -0.5597 -0.0993 1.0669, -0.5946 -0.0351 1.0669, -0.5831 -0.0351 1.0669, -0.5641 -0.1151 1.063, -0.5946 -0.0351 1.063, -0.553 -0.1151 1.063, -0.5225 -0.0351 1.063, -0.5339 -0.0351 1.063, -0.5416 -0.057 1.063, -0.575 -0.057 1.063, -0.5831 -0.0351 1.063, -0.5449 -0.066 1.063, -0.5718 -0.066 1.063, -0.5597 -0.0993 1.063, -0.5584 -0.1049 1.063, -0.5591 -0.1015 1.063, -0.5582 -0.1049 1.063, -0.5569 -0.0993 1.063, -0.5576 -0.1017 1.063]} coordIndex [0,1,2,-1,2,1,3,-1,4,5,0,-1,0,5,6,-1,0,6,1,-1,1,6,7,-1,4,8,5,-1,5,8,9,-1,5,9,10,-1,10,9,11,-1,10,11,12,-1,12,13,10,-1,10,13,2,-1,10,2,14,-1,14,2,3,-1,14,3,15,-1,10,14,16,-1,16,14,17,-1,5,10,18,-1,18,10,16,-1,6,5,19,-1,19,5,18,-1,7,6,20,-1,20,6,19,-1,1,7,21,-1,21,7,20,-1,3,1,22,-1,22,1,21,-1,15,3,23,-1,23,3,22,-1,14,15,17,-1,17,15,23,-1,0,2,24,-1,24,2,25,-1,2,13,25,-1,25,13,26,-1,11,27,28,-1,11,28,12,-1,12,28,26,-1,12,26,13,-1,11,9,27,-1,27,9,29,-1,4,30,31,-1,4,31,8,-1,8,31,29,-1,8,29,9,-1,4,0,30,-1,30,0,24,-1]}}
Shape{appearance Appearance{material Material{diffuseColor 0.48627450980392156 0.23529411764705882 0.01568627450980392 transparency 0.0}}geometry IndexedFaceSet{ccw TRUE solid FALSE coord Coordinate{point [-0.5584 -0.1049 1.063, -0.5582 -0.1049 1.063, -0.5591 -0.1015 1.063, -0.5576 -0.1017 1.063, -0.5597 -0.0993 1.063, -0.5569 -0.0993 1.063, -0.5718 -0.066 1.063, -0.5449 -0.066 1.063]} coordIndex [0,1,2,-1,2,1,3,-1,2,3,4,-1,4,3,5,-1,4,5,6,-1,6,5,7,-1]}}
Shape{appearance Appearance{material Material{diffuseColor 1.0 1.0 1.0 transparency 0.0}}geometry IndexedFaceSet{ccw TRUE solid FALSE coord Coordinate{point [0.1959 -0.1729 1.0669, 0.1832 -0.1797 1.0669, 0.1861 -0.2148 1.0669, 0.0859 -0.0213 1.0669, 0.0791 -0.034 1.0669, 0.0757 -0.048 1.0669, 0.1636 -0.2175 1.0669, 0.139 -0.0322 1.0669, 0.1441 -0.0344 1.0669, 0.1864 -0.0359 1.0669, 0.1485 -0.0378 1.0669, -0.0043 -0.102 1.0669, 0.0133 -0.1321 1.0669, 0.0754 -0.0598 1.0669, 0.0896 -0.0923 1.0669, 0.0754 -0.0542 1.0669, 0.1058 -0.0038 1.0669, 0.0944 -0.0117 1.0669, 0.1517 -0.0418 1.0669, 0.154 -0.0466 1.0669, 0.1936 -0.0381 1.0669, 0.155 -0.0519 1.0669, 0.2142 -0.0481 1.0669, 0.1692 -0.1831 1.0669, 0.163 -0.1834 1.0669, 0.1571 -0.2172 1.0669, 0.1495 -0.1817 1.0669, 0.1505 -0.2164 1.0669, 0.1367 -0.177 1.0669, -0.0477 -0.1535 1.0669, -0.0566 -0.1475 1.0669, -0.0861 -0.1667 1.0669, -0.064 -0.1394 1.0669, -0.0978 -0.1505 1.0669, -0.0693 -0.1295 1.0669, -0.1047 -0.1332 1.0669, -0.1074 -0.1145 1.0669, 0.1329 -0.1748 1.0669, 0.1242 -0.1929 1.0669, 0.1389 -0.23 1.0669, 0.1114 -0.2081 1.0669, 0.1255 -0.2414 1.0669, 0.0962 -0.2192 1.0669, 0.1116 -0.2501 1.0669, 0.1148 -0.0407 1.0669, 0.1179 -0.0372 1.0669, 0.1222 -0.0341 1.0669, 0.1185 0.0011 1.0669, 0.1272 -0.0321 1.0669, 0.1323 0.0028 1.0669, 0.1329 -0.0314 1.0669, 0.1344 0.0027 1.0669, 0.1338 -0.0314 1.0669, -0.0231 -0.1583 1.0669, -0.0277 -0.1583 1.0669, -0.051 -0.1891 1.0669, -0.0377 -0.1572 1.0669, -0.0537 -0.1882 1.0669, -0.0707 -0.1798 1.0669, -0.0863 -0.0604 1.0669, -0.0578 -0.0811 1.0669, -0.0708 -0.0473 1.0669, -0.049 -0.0747 1.0669, -0.0535 -0.0388 1.0669, -0.0386 -0.0707 1.0669, -0.0345 -0.0348 1.0669, -0.0311 -0.0695 1.0669, -0.0009 -0.0348 1.0669, -0.0055 -0.0695 1.0669, 0.0023 -0.0353 1.0669, 0.1858 -0.0741 1.0669, 0.1983 -0.0818 1.0669, 0.2319 -0.0633 1.0669, 0.2085 -0.0923 1.0669, 0.2449 -0.0818 1.0669, 0.2151 -0.1036 1.0669, 0.2531 -0.1029 1.0669, 0.2193 -0.1175 1.0669, 0.2558 -0.1253 1.0669, 0.22 -0.1265 1.0669, 0.2557 -0.1307 1.0669, 0.2183 -0.1403 1.0669, 0.2072 -0.2066 1.0669, 0.2253 -0.1938 1.0669, 0.2055 -0.1643 1.0669, 0.2291 -0.1902 1.0669, 0.2134 -0.153 1.0669, 0.2428 -0.1726 1.0669, 0.2519 -0.1521 1.0669, 0.1121 -0.0615 1.0669, 0.1108 -0.0562 1.0669, 0.1108 -0.051 1.0669, 0.1122 -0.0456 1.0669, -0.0718 -0.1185 1.0669, -0.0721 -0.1139 1.0669, -0.1048 -0.0942 1.0669, -0.0709 -0.1037 1.0669, -0.0976 -0.0762 1.0669, -0.0672 -0.0935 1.0669, -0.0611 -0.0845 1.0669, -0.0203 -0.234 1.0669, 0.0022 -0.208 1.0669, -0.0391 -0.2123 1.0669, -0.0107 -0.1927 1.0669, -0.0196 -0.1744 1.0669, 0.1547 -0.0575 1.0669, 0.1531 -0.0629 1.0669, 0.1796 -0.0863 1.0669, 0.1501 -0.0676 1.0669, 0.1702 -0.097 1.0669, 0.1479 -0.0699 1.0669, 0.1585 -0.1051 1.0669, 0.1434 -0.0731 1.0669, 0.146 -0.11 1.0669, 0.1384 -0.0751 1.0669, 0.1323 -0.1117 1.0669, 0.1329 -0.0758 1.0669, 0.1232 -0.1109 1.0669, 0.1281 -0.0753 1.0669, 0.1097 -0.107 1.0669, 0.1229 -0.0734 1.0669, 0.0979 -0.1001 1.0669, 0.1183 -0.0703 1.0669, 0.1146 -0.0662 1.0669, 0.1806 -0.0237 1.0669, 0.1722 -0.0132 1.0669, 0.161 -0.0048 1.0669, 0.1479 0.0007 1.0669, 0.0853 -0.2602 1.0669, 0.0776 -0.2268 1.0669, 0.0572 -0.2637 1.0669, 0.0566 -0.2295 1.0669, 0.0337 -0.2612 1.0669, 0.0372 -0.2271 1.0669, 0.0051 -0.2511 1.0669, 0.0194 -0.2202 1.0669, 0.0034 -0.2091 1.0669, -0.0026 -0.0701 1.0669, 0.0111 -0.0408 1.0669, 0.0098 -0.0394 1.0669, -0.0043 -0.0697 1.0669, 0.0061 -0.0368 1.0669, 0.0156 -0.0524 1.0669, 0.0151 -0.0482 1.0669, 0.0136 -0.0443 1.0669, 0.0024 -0.0695 1.0669, 0.0063 -0.068 1.0669, 0.0155 -0.0547 1.0669, 0.0098 -0.0655 1.0669, 0.0121 -0.0629 1.0669, 0.0143 -0.059 1.0669, -0.002 -0.0701 1.0669, -0.1074 -0.1145 1.063, -0.1047 -0.1332 1.063, -0.1028 -0.1379 1.063, -0.0978 -0.1505 1.063, -0.0861 -0.1667 1.063, -0.0707 -0.1798 1.063, -0.0537 -0.1882 1.063, -0.051 -0.1891 1.063, -0.0391 -0.2123 1.063, -0.0203 -0.234 1.063, -0.0072 -0.2428 1.063, 0.0051 -0.2511 1.063, 0.0337 -0.2612 1.063, 0.0572 -0.2637 1.063, 0.0853 -0.2602 1.063, 0.1116 -0.2501 1.063, 0.1232 -0.2428 1.063, 0.1255 -0.2414 1.063, 0.1389 -0.23 1.063, 0.1505 -0.2164 1.063, 0.1571 -0.2172 1.063, 0.1636 -0.2175 1.063, 0.1861 -0.2148 1.063, 0.2072 -0.2066 1.063, 0.2253 -0.1938 1.063, 0.2291 -0.1902 1.063, 0.2519 -0.1521 1.063, 0.2428 -0.1726 1.063, 0.2544 -0.1379 1.063, 0.2557 -0.1307 1.063, 0.2558 -0.1253 1.063, 0.2531 -0.1029 1.063, 0.2449 -0.0818 1.063, 0.2319 -0.0633 1.063, 0.2142 -0.0481 1.063, 0.1936 -0.0381 1.063, 0.1864 -0.0359 1.063, 0.1857 -0.0344 1.063, 0.1806 -0.0237 1.063, 0.1722 -0.0132 1.063, 0.161 -0.0048 1.063, 0.1559 -0.0027 1.063, 0.1479 0.0007 1.063, 0.1344 0.0027 1.063, 0.1323 0.0028 1.063, 0.0754 -0.0542 1.063, 0.1185 0.0011 1.063, 0.1087 -0.0027 1.063, 0.1058 -0.0038 1.063, 0.0944 -0.0117 1.063, 0.0859 -0.0213 1.063, 0.0791 -0.034 1.063, 0.079 -0.0344 1.063, 0.0757 -0.048 1.063, 0.0754 -0.0598 1.063, -0.0043 -0.102 1.063, 0.0133 -0.1321 1.063, 0.0896 -0.0923 1.063, 0.0979 -0.1001 1.063, 0.1097 -0.107 1.063, 0.1232 -0.1109 1.063, 0.1323 -0.1117 1.063, 0.146 -0.11 1.063, 0.1585 -0.1051 1.063, 0.1702 -0.097 1.063, 0.1796 -0.0863 1.063, 0.1858 -0.0741 1.063, 0.1983 -0.0818 1.063, 0.2085 -0.0923 1.063, 0.2151 -0.1036 1.063, 0.2193 -0.1175 1.063, 0.22 -0.1265 1.063, 0.2186 -0.1379 1.063, 0.2183 -0.1403 1.063, 0.2134 -0.153 1.063, 0.2055 -0.1643 1.063, 0.1959 -0.1729 1.063, 0.1832 -0.1797 1.063, 0.1692 -0.1831 1.063, 0.163 -0.1834 1.063, 0.1495 -0.1817 1.063, 0.1367 -0.177 1.063, 0.1329 -0.1748 1.063, 0.1242 -0.1929 1.063, 0.1114 -0.2081 1.063, 0.0962 -0.2192 1.063, 0.0776 -0.2268 1.063, 0.0566 -0.2295 1.063, 0.0372 -0.2271 1.063, 0.0194 -0.2202 1.063, 0.0034 -0.2091 1.063, 0.0022 -0.208 1.063, -0.0107 -0.1927 1.063, -0.0196 -0.1744 1.063, -0.0231 -0.1583 1.063, -0.0277 -0.1583 1.063, -0.0377 -0.1572 1.063, -0.0477 -0.1535 1.063, -0.0566 -0.1475 1.063, -0.064 -0.1394 1.063, -0.0648 -0.1379 1.063, -0.0693 -0.1295 1.063, -0.0718 -0.1185 1.063, -0.0721 -0.1139 1.063, -0.0709 -0.1037 1.063, -0.0672 -0.0935 1.063, -0.0611 -0.0845 1.063, -0.0578 -0.0811 1.063, -0.049 -0.0747 1.063, -0.0386 -0.0707 1.063, -0.0311 -0.0695 1.063, -0.0055 -0.0695 1.063, -0.0043 -0.0697 1.063, -0.0026 -0.0701 1.063, -0.002 -0.0701 1.063, 0.0024 -0.0695 1.063, 0.0063 -0.068 1.063, 0.0098 -0.0655 1.063, 0.0121 -0.0629 1.063, 0.0143 -0.059 1.063, 0.0155 -0.0547 1.063, 0.0156 -0.0524 1.063, 0.0151 -0.0482 1.063, 0.0136 -0.0443 1.063, 0.0111 -0.0408 1.063, 0.0098 -0.0394 1.063, 0.0061 -0.0368 1.063, 0.0023 -0.0353 1.063, -0.0009 -0.0348 1.063, -0.0345 -0.0348 1.063, -0.0535 -0.0388 1.063, -0.0708 -0.0473 1.063, -0.0863 -0.0604 1.063, -0.0976 -0.0762 1.063, -0.1048 -0.0942 1.063, 0.1329 -0.0758 1.063, 0.1281 -0.0753 1.063, 0.1229 -0.0734 1.063, 0.1183 -0.0703 1.063, 0.1146 -0.0662 1.063, 0.1121 -0.0615 1.063, 0.1108 -0.0562 1.063, 0.1108 -0.051 1.063, 0.1122 -0.0456 1.063, 0.1148 -0.0407 1.063, 0.1179 -0.0372 1.063, 0.1222 -0.0341 1.063, 0.1272 -0.0321 1.063, 0.1329 -0.0314 1.063, 0.1338 -0.0314 1.063, 0.139 -0.0322 1.063, 0.1441 -0.0344 1.063, 0.1485 -0.0378 1.063, 0.1517 -0.0418 1.063, 0.154 -0.0466 1.063, 0.155 -0.0519 1.063, 0.1547 -0.0575 1.063, 0.1531 -0.0629 1.063, 0.1501 -0.0676 1.063, 0.1479 -0.0699 1.063, 0.1434 -0.0731 1.063, 0.1384 -0.0751 1.063]} coordIndex [0,1,2,-1,3,4,5,-1,2,1,6,-1,7,8,9,-1,9,8,10,-1,11,12,13,-1,13,12,14,-1,13,14,15,-1,15,14,16,-1,15,16,5,-1,5,16,17,-1,5,17,3,-1,10,18,9,-1,9,18,19,-1,9,19,20,-1,20,19,21,-1,20,21,22,-1,1,23,6,-1,6,23,24,-1,6,24,25,-1,25,24,26,-1,25,26,27,-1,27,26,28,-1,29,30,31,-1,31,30,32,-1,31,32,33,-1,33,32,34,-1,33,34,35,-1,35,34,36,-1,28,37,27,-1,27,37,38,-1,27,38,39,-1,39,38,40,-1,39,40,41,-1,41,40,42,-1,41,42,43,-1,44,45,16,-1,16,45,46,-1,16,46,47,-1,47,46,48,-1,47,48,49,-1,49,48,50,-1,49,50,51,-1,51,50,52,-1,53,54,55,-1,55,54,56,-1,55,56,57,-1,57,56,29,-1,57,29,58,-1,58,29,31,-1,59,60,61,-1,61,60,62,-1,61,62,63,-1,63,62,64,-1,63,64,65,-1,65,64,66,-1,65,66,67,-1,67,66,68,-1,67,68,69,-1,21,70,22,-1,22,70,71,-1,22,71,72,-1,72,71,73,-1,72,73,74,-1,74,73,75,-1,74,75,76,-1,76,75,77,-1,76,77,78,-1,78,77,79,-1,78,79,80,-1,80,79,81,-1,2,82,0,-1,0,82,83,-1,0,83,84,-1,84,83,85,-1,84,85,86,-1,86,85,87,-1,86,87,81,-1,81,87,88,-1,81,88,80,-1,89,90,14,-1,14,90,91,-1,14,91,16,-1,16,91,92,-1,16,92,44,-1,34,93,36,-1,36,93,94,-1,36,94,95,-1,95,94,96,-1,95,96,97,-1,97,96,98,-1,97,98,59,-1,59,98,99,-1,59,99,60,-1,100,101,102,-1,102,101,103,-1,102,103,55,-1,55,103,104,-1,55,104,53,-1,21,105,70,-1,70,105,106,-1,70,106,107,-1,107,106,108,-1,107,108,109,-1,109,108,110,-1,109,110,111,-1,111,110,112,-1,111,112,113,-1,113,112,114,-1,113,114,115,-1,115,114,116,-1,115,116,117,-1,117,116,118,-1,117,118,119,-1,119,118,120,-1,119,120,121,-1,121,120,122,-1,121,122,14,-1,14,122,123,-1,14,123,89,-1,7,9,52,-1,52,9,124,-1,52,124,125,-1,125,126,52,-1,52,126,127,-1,52,127,51,-1,43,42,128,-1,128,42,129,-1,128,129,130,-1,130,129,131,-1,130,131,132,-1,132,131,133,-1,132,133,134,-1,134,133,135,-1,134,135,100,-1,100,135,136,-1,100,136,101,-1,137,138,139,-1,68,140,69,-1,69,140,137,-1,69,137,141,-1,141,137,139,-1,142,143,137,-1,137,143,144,-1,137,144,138,-1,145,146,147,-1,146,148,147,-1,147,148,149,-1,147,149,150,-1,142,137,147,-1,147,137,151,-1,147,151,145,-1,36,152,153,-1,36,153,35,-1,35,153,154,-1,35,154,33,-1,154,155,33,-1,33,155,156,-1,33,156,31,-1,31,156,157,-1,31,157,58,-1,58,157,158,-1,58,158,57,-1,57,158,159,-1,57,159,55,-1,55,159,160,-1,55,160,102,-1,102,160,161,-1,102,161,100,-1,134,100,162,-1,162,100,161,-1,162,163,134,-1,134,163,164,-1,134,164,132,-1,132,164,165,-1,132,165,130,-1,130,165,166,-1,130,166,128,-1,128,166,167,-1,128,167,43,-1,43,167,41,-1,41,167,168,-1,41,168,169,-1,41,169,170,-1,41,170,39,-1,39,170,171,-1,39,171,27,-1,27,171,172,-1,27,172,25,-1,25,172,173,-1,25,173,6,-1,6,173,174,-1,6,174,2,-1,2,174,175,-1,2,175,82,-1,82,175,176,-1,82,176,83,-1,83,176,177,-1,83,177,85,-1,178,87,179,-1,179,87,85,-1,179,85,177,-1,180,80,178,-1,178,80,88,-1,178,88,87,-1,180,181,80,-1,80,181,182,-1,80,182,78,-1,78,182,183,-1,78,183,76,-1,76,183,184,-1,76,184,74,-1,74,184,185,-1,74,185,72,-1,72,185,186,-1,72,186,22,-1,22,186,187,-1,22,187,20,-1,20,187,188,-1,20,188,9,-1,9,188,189,-1,9,189,124,-1,189,190,124,-1,124,190,191,-1,124,191,125,-1,125,191,192,-1,125,192,126,-1,126,192,193,-1,126,193,127,-1,193,194,127,-1,127,194,195,-1,127,195,51,-1,51,195,196,-1,51,196,49,-1,197,15,5,-1,49,196,198,-1,199,16,198,-1,198,16,47,-1,198,47,49,-1,199,200,16,-1,16,200,201,-1,16,201,17,-1,17,201,202,-1,17,202,3,-1,3,202,203,-1,3,203,4,-1,4,203,204,-1,4,204,5,-1,5,204,205,-1,5,205,197,-1,13,15,206,-1,206,15,197,-1,11,13,207,-1,207,13,206,-1,12,11,208,-1,208,11,207,-1,14,12,209,-1,209,12,208,-1,14,209,210,-1,14,210,121,-1,121,210,211,-1,121,211,119,-1,119,211,212,-1,119,212,117,-1,117,212,213,-1,117,213,115,-1,115,213,214,-1,115,214,113,-1,113,214,215,-1,113,215,111,-1,111,215,216,-1,111,216,109,-1,109,216,217,-1,109,217,107,-1,107,217,218,-1,107,218,70,-1,70,218,219,-1,70,219,71,-1,71,219,220,-1,71,220,73,-1,73,220,221,-1,73,221,75,-1,75,221,222,-1,75,222,77,-1,77,222,223,-1,77,223,79,-1,79,223,81,-1,81,223,224,-1,224,225,81,-1,81,225,226,-1,81,226,86,-1,86,226,227,-1,86,227,84,-1,84,227,228,-1,84,228,0,-1,0,228,229,-1,0,229,1,-1,1,229,230,-1,1,230,23,-1,23,230,231,-1,23,231,24,-1,24,231,232,-1,24,232,26,-1,26,232,233,-1,26,233,28,-1,28,233,234,-1,28,234,37,-1,37,234,235,-1,37,235,38,-1,38,235,236,-1,38,236,40,-1,40,236,237,-1,40,237,42,-1,42,237,238,-1,42,238,129,-1,129,238,239,-1,129,239,131,-1,131,239,240,-1,131,240,133,-1,133,240,241,-1,133,241,135,-1,135,241,242,-1,135,242,136,-1,136,242,243,-1,136,243,101,-1,101,243,244,-1,101,244,103,-1,103,244,245,-1,103,245,104,-1,104,245,246,-1,104,246,53,-1,54,53,247,-1,247,53,246,-1,54,247,248,-1,54,248,56,-1,56,248,249,-1,56,249,29,-1,29,249,250,-1,29,250,30,-1,30,250,251,-1,30,251,32,-1,32,251,252,-1,32,252,34,-1,252,253,34,-1,34,253,254,-1,34,254,93,-1,93,254,255,-1,93,255,94,-1,94,255,256,-1,94,256,96,-1,96,256,257,-1,96,257,98,-1,98,257,258,-1,98,258,99,-1,99,258,259,-1,99,259,60,-1,60,259,260,-1,60,260,62,-1,62,260,261,-1,62,261,64,-1,64,261,262,-1,64,262,66,-1,68,66,263,-1,263,66,262,-1,68,263,264,-1,68,264,140,-1,140,264,265,-1,140,265,137,-1,137,265,266,-1,137,266,151,-1,151,266,267,-1,151,267,145,-1,145,267,268,-1,145,268,146,-1,146,268,269,-1,146,269,148,-1,148,269,270,-1,148,270,149,-1,149,270,271,-1,149,271,150,-1,150,271,272,-1,150,272,147,-1,147,272,273,-1,147,273,142,-1,142,273,274,-1,142,274,143,-1,143,274,275,-1,143,275,144,-1,144,275,276,-1,144,276,138,-1,138,276,277,-1,138,277,139,-1,139,277,278,-1,139,278,141,-1,141,278,279,-1,141,279,69,-1,69,279,280,-1,69,280,67,-1,65,67,281,-1,281,67,280,-1,65,281,282,-1,65,282,63,-1,63,282,283,-1,63,283,61,-1,61,283,284,-1,61,284,59,-1,59,284,285,-1,59,285,97,-1,97,285,286,-1,97,286,95,-1,95,286,152,-1,95,152,36,-1,116,287,288,-1,116,288,118,-1,118,288,289,-1,118,289,120,-1,120,289,290,-1,120,290,122,-1,122,290,291,-1,122,291,123,-1,123,291,292,-1,123,292,89,-1,89,292,293,-1,89,293,90,-1,90,293,294,-1,90,294,91,-1,91,294,295,-1,91,295,92,-1,92,295,296,-1,92,296,44,-1,44,296,297,-1,44,297,45,-1,45,297,298,-1,45,298,46,-1,46,298,299,-1,46,299,48,-1,48,299,300,-1,48,300,50,-1,50,300,301,-1,50,301,52,-1,52,301,302,-1,52,302,7,-1,7,302,303,-1,7,303,8,-1,8,303,304,-1,8,304,10,-1,10,304,305,-1,10,305,18,-1,18,305,306,-1,18,306,19,-1,19,306,307,-1,19,307,21,-1,21,307,308,-1,21,308,105,-1,105,308,309,-1,105,309,106,-1,106,309,310,-1,106,310,108,-1,108,310,311,-1,108,311,110,-1,110,311,312,-1,110,312,112,-1,112,312,313,-1,112,313,114,-1,114,313,287,-1,114,287,116,-1]}}
Shape{appearance Appearance{material Material{diffuseColor 0.48627450980392156 0.23529411764705882 0.01568627450980392 transparency 0.0}}geometry IndexedFaceSet{ccw TRUE solid FALSE coord Coordinate{point [0.1338 -0.0314 1.063, 0.1479 -0.0699 1.063, 0.1501 -0.0676 1.063, 0.1272 -0.0321 1.063, 0.1222 -0.0341 1.063, 0.1281 -0.0753 1.063, 0.1329 -0.0758 1.063, 0.1384 -0.0751 1.063, 0.1434 -0.0731 1.063, 0.154 -0.0466 1.063, 0.1517 -0.0418 1.063, 0.1485 -0.0378 1.063, 0.1329 -0.0314 1.063, 0.1531 -0.0629 1.063, 0.1547 -0.0575 1.063, 0.155 -0.0519 1.063, 0.1441 -0.0344 1.063, 0.139 -0.0322 1.063, 0.1179 -0.0372 1.063, 0.1148 -0.0407 1.063, 0.1122 -0.0456 1.063, 0.1108 -0.051 1.063, 0.1108 -0.0562 1.063, 0.1121 -0.0615 1.063, 0.1146 -0.0662 1.063, 0.1183 -0.0703 1.063, 0.1229 -0.0734 1.063]} coordIndex [0,1,2,-1,3,4,5,-1,6,7,0,-1,0,7,8,-1,0,8,1,-1,9,10,2,-1,2,10,11,-1,6,0,5,-1,5,0,12,-1,5,12,3,-1,13,14,2,-1,2,14,15,-1,2,15,9,-1,11,16,2,-1,2,16,17,-1,2,17,0,-1,4,18,5,-1,5,18,19,-1,5,19,20,-1,20,21,5,-1,5,21,22,-1,5,22,23,-1,23,24,5,-1,5,24,25,-1,5,25,26,-1]}}